**********Page content extracted**********

Title: Ian McKellen is still ‘on the mend’ after fall but will not return to the stage for ‘Player Kings’
URL: https://edition.cnn.com/2024/07/02/entertainment/ian-mckellen-on-the-mend-player-kings/index.html
Content: # Ian McKellen is still ‘on the mend’ after fall but will not return to the stage for ‘Player Kings’

—

Ian McKellen is focused on making a full recovery after an accident sidelined him from the stage two weeks ago, but says he will not return to the fea

**********Extracted claims**********

Ian McKellen is focused on making a full recovery.
An accident sidelined Ian McKellen from the stage.
Ian McKellen will not return to the featured role of the "Player Kings" production's tour.
Ian McKellen had initially planned to return to the featured role of the "Player Kings" production's tour.
Ian McKellen is 85 years old.
Ian McKellen posted an update regarding his health on X.
Ian McKellen sustained injuries to his wrist.
Ian McKellen sustained injuries to his neck.
Ian McKellen's wrist and neck injuries are "on the mend."
Ian McKellen's doctors promised him a complete recovery.
A complete recovery for Ian McKellen is contingent on him avoiding work over the next few weeks.
David Semark is Ian McKellen's understudy.
David Semark will assume Ian McKellen's role in "Player Kings."
"Player Kings" is a reworked version of Shakespeare’s "Henry IV" parts I and II.
"Player Kings" was adapted and directed by Robert Icke.
The "Player Kings" tour is scheduled to run through July 27.
Ian McKellen fell while performing "Player Kings" on stage.
Ian McKellen's fall occurred at the Noël Coward Theatre in London.
Ian McKellen's fall occurred as the "Player Kings" production was nearing the end of its three-month run.
The "Player Kings" production was going on tour in the UK.
Ian McKellen stated immediately following his accident that his recovery would be "speedy."
Ian McKellen stated immediately following his accident that he was "looking forward to returning to work."
Ian McKellen stated that missing a performance feels somewhat shameful for an actor.
Ian McKellen stated that actors never want to let down their audience.
Robert Icke’s production of "Player Kings" remains intact.
"Player Kings" is set to premiere at Bristol Hippodrome.
"Player Kings" will run for four days at Bristol Hippodrome.
"Player Kings" will move on to Birmingham after its run at Bristol Hippodrome.
Richard Coyle stars in "Player Kings."
Toheeb Jimoh stars in "Player Kings."
Toheeb Jimoh is an actor from "Ted Lasso."

**********Claims for hard query**********

The "Player Kings" tour is scheduled to run through July 27.
Toheeb Jimoh stars in "Player Kings."
Toheeb Jimoh is an actor from "Ted Lasso."

**********Formulated hard query**********

Someone is focused on making a full recovery after an accident sidelined him from the stage two weeks ago, but says he will not return to the featured role of a production’s tour as he’d initially planned.
The “X-Men” star, 85, posted an update regarding his health on X on Tuesday, writing, “I want to assure my many well-wishers that the injuries (to something) are on the mend.
McKellen’s understudy someone will assume McKellen’s role in “Player Kings” – a reworked version of Shakespeare’s “Henry IV” parts I and II, adapted and directed by Robert Icke – for the upcoming tour, scheduled to run through July 27.
Last month, McKellen fell while performing “Player Kings” on stage at a certain location as the production was nearing the end of its three-month run before going on tour in the UK.
McKellen said in a statement immediately following his accident that his recovery would be in a certain state and that he was “looking forward to returning to work.”
“Any actor will say that missing a performance feels somewhat shameful, even when he is not to blame. None of us ever wants to let down our audience,” McKellen added in his statement this week. “But something remains intact.”
“ Player Kings” is set to premiere at a certain place on Wednesday, where it will run for four days before moving on to Birmingham.
The show also stars someone and “Ted Lasso” actor Toheeb Jimoh.
The "Player Kings" tour is scheduled to run through a certain date.
Someone stars in "Player Kings."
Toheeb Jimoh is an actor from something.

**********Claims for medium query**********

Ian McKellen's fall occurred at the Noël Coward Theatre in London.
Ian McKellen sustained injuries to his neck.
Ian McKellen stated that missing a performance feels somewhat shameful for an actor.

**********Formulated medium query**********

Ian McKellen's fall occurred at something in London.
Ian McKellen sustained injuries to something.
Ian McKellen stated that missing a performance feels in a certain state for an actor.

**********Claims for easy query**********

An accident sidelined Ian McKellen from the stage.
Ian McKellen is focused on making a full recovery.
A complete recovery for Ian McKellen is contingent on him avoiding work over the next few weeks.

**********Formulated easy query**********

An accident sidelined someone from the stage.
Ian McKellen is focused on making something.
A complete recovery for Ian McKellen is contingent on him acting in a certain way.

**********Page content extracted**********

Title: Dozens of Russian mercenaries killed in rebel ambush in Mali, in their worst known loss in Africa
URL: https://edition.cnn.com/2024/07/29/africa/russian-mercenaries-wagner-killed-mali-intl-latam
Content: # Dozens of Russian mercenaries killed in rebel ambush in Mali, in their worst known loss in Africa

—

The video is as triumphant as it is gruesome. Rebel fighters, rifles slung over their shoulders, step among more than a dozen bodies strewn across the 

**********Extracted claims**********

Rebel fighters are shown stepping among more than a dozen bodies in a video.
The sound of gunshots can be heard off camera in the video.
The victims of a battle in northern Mali were Russians.
A video depicts a bearded white man on the ground.
Another video shows several white men kneeling amid vehicle wreckage, encircled by guerrilla fighters.
A pickup truck with militants approaches the men in the video.
Militants are shown kicking men in the head in the video.
Russian mercenaries were attacked while accompanying Malian government troops on patrol.
The attack occurred near the Algerian border in Mali.
Jihadi and Tuareg groups have been active in the region near the Algerian border.
A Tuareg rebel group and JNIM claimed responsibility for the attack.
JNIM is an al Qaeda affiliate in the Sahel.
JNIM stands for Jama’at Nusrat al-Islam wal-Muslimin.
The Tuareg rebel group and JNIM collaborated to trap the Russian convoy.
JNIM claimed that a "complex ambush" destroyed the convoy.
JNIM claimed that 50 Russians and a number of Malian soldiers were killed in the ambush.
JNIM published videos showing several vehicles ablaze and dozens of bodies in the area.
A Tuareg militant group spokesman stated that some Malian troops and Russian fighters were captured during the battle.
Some unofficial Russian Telegram channels reported that up to 80 Russians were killed.
The reported loss of Russian personnel in the ambush would represent the worst for Russian paramilitaries in Africa in several years.
The Kremlin has used proxy forces to challenge Western influence across the Sahel and central Africa.
The Kremlin has used proxy forces to support unstable regimes.
A Ukrainian official claimed that Kyiv provided intelligence to the militants.
Andriy Yusov is a representative of Ukraine’s Security Service (SBU).
Andriy Yusov stated that the rebels received information enabling a successful military operation against Russian war criminals.
Channels associated with the Wagner group stated that their fighters initially inflicted heavy losses on the militants.
The Wagner group is a private military contractor active in Africa.
The Wagner group is now part of what the Russian Defense Ministry calls the African Corps.
Channels associated with the Wagner group stated that militants regrouped.
Channels associated with the Wagner group stated that Wagner command decided to transfer additional forces to the combat area.
According to a Wagner-associated Telegram account, jihadis increased massive attacks during the battle.
The Wagner-associated Telegram account stated that the jihadis used heavy weapons, UAVs, and suicide vehicles.
A Wagner-associated Telegram channel reported the Russian contingent's last radio message stated: "There are three of us left, we continue to fight."
A second Wagner channel reported that commander Sergei Shevchenko was killed in battle.
Several Russian Telegram channels reported that military blogger Nikita Fedyanin was among the dead.
Nikita Fedyanin is one of Russia’s most popular military bloggers.
Nikita Fedyanin's Grey Zone channel has over half a million subscribers.
Nikita Fedyanin’s death cannot be independently verified.
A photograph from the scene closely resembled Nikita Fedyanin.
Denis Korotkov, a Wagner analyst, stated that the Grey Zone channel has stopped being updated.
A former commander of the ambushed contingent stated on Telegram that more than 80 men were killed.
A former commander of the ambushed contingent stated on Telegram that more than 15 men were captured.
The former commander of the ambushed contingent uses the call-sign Rusich.
Rusich stated on Telegram that he was trying to convey a message to the Russian Defense Ministry.
Another Wagner-linked social media account described a heavy unequal battle.
The Wagner-linked account stated that its fighters and Malian military personnel died in the battle.
The exact number of Russian casualties cannot be verified.
The number of Malian troops killed cannot be verified.
Some Russian channels stated the death toll was not as high as 80.
The Malian armed forces reported that only two soldiers died.
The Malian armed forces stated that clashes were occurring in a region that remains a bastion for terrorists and smugglers.
Denis Korotkov works with the London-based Dossier Center.
Denis Korotkov noted that no official body of the Russian Federation has commented on the issue.
The Russian Ministry of Defense has not commented on the deaths of Russian citizens in clashes in Africa.
The Russian Ministry of Foreign Affairs has not commented on the deaths of Russian citizens in clashes in Africa.
The Kremlin has not commented on the deaths of Russian citizens in clashes in Africa.
The deaths of Russian citizens occurred in clashes on the African continent.
The clashes occurred outside the special military operation zone.
Wagner and other Russian mercenary groups have suffered losses in Syria, the Central African Republic, Mozambique, and Mali.
The Wagner PMC lost hundreds of men in taking the Ukrainian town of Bakhmut.
An attack by Russian mercenaries on an oil refinery in Syria led to dozens of casualties.
Russian mercenaries have rarely experienced a setback of this scale outside of eastern Ukraine.
Russian elements, supported by the Kremlin, have sought to usurp traditional French influence in Mali, the Central African Republic, Niger, and Burkina Faso.
Russian efforts to usurp French influence began in the Central African Republic in 2018.
The military regime in Mali sought assistance from Wagner after seizing power in 2021.
Wagner boss Yevgeny Prigozhin died in a plane crash near Moscow.
Many of Yevgeny Prigozhin's fighters were integrated into a Russian African Corps.
The Russian African Corps is directed by Deputy Defense Minister Yunus-Bek Yevkurov.
Yunus-Bek Yevkurov has visited Mali on occasion.
The African Corps stated on its Telegram channel that it planned to increase its strength in Mali from 100 to 300 men.
JNIM has previously claimed to have attacked Wagner contingents in Mali.
JNIM claimed five attacks in Mali, Niger, and Burkina Faso.
SITE Intelligence Group tracks jihadist groups.
SITE Intelligence Group is the source for JNIM's claimed attacks.
One of JNIM's claimed attacks was an IED attack on a Russian vehicle in the same region of Mali as the ambush.
JNIM carried out an attack on a military base in northern Togo.

**********Claims for hard query**********

Denis Korotkov works with the London-based Dossier Center.
The sound of gunshots can be heard off camera in the video.
Andriy Yusov is a representative of Ukraine’s Security Service (SBU).

**********Formulated hard query**********

Denis Korotkov works with **something**.
The sound of **something** can be heard off camera in the video.
Andriy Yusov is a representative of **something**.

**********Claims for medium query**********

The Kremlin has not commented on the deaths of Russian citizens in clashes in Africa.
The Russian Ministry of Defense has not commented on the deaths of Russian citizens in clashes in Africa.
A pickup truck with militants approaches the men in the video.

**********Formulated medium query**********

Someone has not commented on the deaths of Russian citizens in clashes in Africa.
Someone else has not commented on the deaths of Russian citizens in clashes in Africa.
A pickup truck with militants acts in a certain way in the video.

**********Claims for easy query**********

Wagner and other Russian mercenary groups have suffered losses in Syria, the Central African Republic, Mozambique, and Mali.
The Wagner-linked account stated that its fighters and Malian military personnel died in the battle.
JNIM claimed that 50 Russians and a number of Malian soldiers were killed in the ambush.

**********Formulated easy query**********

Wagner and other Russian mercenary groups have suffered losses in **certain locations**.
The Wagner-linked account stated that **certain people** died in the battle.
JNIM claimed that **a certain number of individuals** were killed in the ambush.

**********Page content extracted**********

Title: US urges Venezuela to free opposition figures as Maduro says he must win reelection to avoid a ‘bloodbath’
URL: https://edition.cnn.com/2024/07/17/americas/venezuela-election-maduro-bloodbath-speech-intl-latam/index.html
Content: # US urges Venezuela to free opposition figures as Maduro says he must win reelection to avoid a ‘bloodbath’

—

The United States has raised concerns about the recent arrests of Venezuelan democratic opposition figures ahead of the country’s elections th

**********Extracted claims**********

The United States has expressed concerns regarding recent arrests of Venezuelan democratic opposition figures.
President Nicolas Maduro has told his supporters that he must win the elections to avoid a possible "bloodbath."
Nicolas Maduro stated that the ruling party must win the presidential elections on July 28 to prevent Venezuela from falling into a "bloodbath" or a "fratricidal civil war."
Nicolas Maduro made statements at a campaign event in Caracas.
Nicolas Maduro stated that only a win for his party would ensure "peace" in Venezuela.
Nicolas Maduro expects "irreversible results" in his favor.
Nicolas Maduro's government is attempting to remain in power for an additional six years.
Opposition candidate Edmundo González Urrutia poses a credible challenge to Nicolas Maduro.
Many experts believe the Venezuelan opposition has a real chance of pushing Nicolas Maduro out of office.
The US State Department states that Venezuela has "unjustly detained" democratic opposition figures, civil society members, and journalists.
The US State Department has called for the release of "unjustly detained" individuals in Venezuela.
Nicolas Maduro has been in power for more than a decade.
Nicolas Maduro assumed the presidency following the death of Hugo Chavez in 2013.
Nicolas Maduro's government has often been accused of rigging votes.
Nicolas Maduro's government has often been accused of silencing the opposition.
The opposition largely boycotted the 2018 election that returned Nicolas Maduro to office.
An alliance of 14 Latin American nations, Canada, and the United States described the 2018 Venezuelan election as illegitimate.
The Organization of American States described the 2018 Venezuelan election as a "farce."
Nicolas Maduro promised Washington that he would hold free and fair elections in exchange for sanctions relief.
The promise of free and fair elections was part of a historic agreement.
The Venezuelan opposition has accused Nicolas Maduro of reneging on his pledge.
Opposition candidates Maria Corina Machado and Corina Yoris have been barred from running in the election.
A report by a human rights group suggested a spate of "arbitrary detentions" since the campaign season began on July 4.
Human rights NGO Laboratorio de Paz reported 71 arbitrary detentions in the first 10 days of campaigning.
The majority of the detentions reported by Laboratorio de Paz involved individuals who provided services to the campaign command of opposition candidate González.
Opposition candidate González is associated with the Democratic Unitary Platform.
Barred opposition leader Maria Corina Machado stated on X that her security chief was arrested.
Maria Corina Machado stated that her security chief, Milciades Ávila, was "kidnapped" by the Maduro regime.
Maria Corina Machado stated that Milciades Ávila was accused of gender violence against some women.
Maria Corina Machado stated that the women accusing Milciades Ávila of gender violence tried to "attack" her and González Urrutia in a restaurant.
Maria Corina Machado claimed that dozens of witnesses and videos demonstrate that the incident was a planned provocation to leave her and González Urrutia without protection.
The United States expressed concern about Milciades Ávila’s arrest.
A State Department spokesperson called for Milciades Ávila’s immediate release.
The United States urged Venezuela to release all individuals "unjustly detained" during the presidential election campaign.
Costa Rica, Ecuador, the Dominican Republic, and Panama called on Venezuelan authorities to guarantee that elections are "free, fair, and transparent."
The call for guaranteed elections was made in a joint statement by the Alliance for Development in Democracy.
Nicolas Maduro is one of 10 candidates vying for the presidency.
Several of the other presidential candidates have minimal support.
Several of the other presidential candidates are viewed by the main opposition as government allies.

**********Claims for hard query**********

Maria Corina Machado claimed that dozens of witnesses and videos demonstrate that the incident was a planned provocation to leave her and González Urrutia without protection.
Maria Corina Machado stated that the women accusing Milciades Ávila of gender violence tried to "attack" her and González Urrutia in a restaurant.
Maria Corina Machado stated that Milciades Ávila was accused of gender violence against some women.

**********Formulated hard query**********

Maria Corina Machado claimed that something demonstrate that the incident was a planned provocation to leave her and González Urrutia without protection.
Maria Corina Machado stated that the women accusing Milciades Ávila of gender violence tried to "attack" her and González Urrutia in a certain place.
Maria Corina Machado stated that Milciades Ávila was accused of something against some women.

**********Claims for medium query**********

Nicolas Maduro's government has often been accused of silencing the opposition.
An alliance of 14 Latin American nations, Canada, and the United States described the 2018 Venezuelan election as illegitimate.
The Organization of American States described the 2018 Venezuelan election as a "farce."

**********Formulated medium query**********

Nicolas Maduro's government has often been accused of doing something.
An alliance of 14 Latin American nations, Canada, and the United States described the 2018 Venezuelan election as in a certain state.
The Organization of American States described the 2018 Venezuelan election as something.

**********Claims for easy query**********

President Nicolas Maduro has told his supporters that he must win the elections to avoid a possible "bloodbath."
Nicolas Maduro stated that the ruling party must win the presidential elections on July 28 to prevent Venezuela from falling into a "bloodbath" or a "fratricidal civil war."
The United States urged Venezuela to release all individuals "unjustly detained" during the presidential election campaign.

**********Formulated easy query**********

President Nicolas Maduro has told his supporters that he must win the elections to avoid something.
Nicolas Maduro stated that the ruling party must win the presidential elections on a certain date to prevent Venezuela from falling into a "bloodbath" or a "fratricidal civil war."
The United States urged Venezuela to release all individuals in a certain state during the presidential election campaign.

**********Page content extracted**********

Title: Judge partially terminates agreement governing conditions for migrant children in US custody
URL: https://edition.cnn.com/2024/07/02/politics/judge-terminates-agreement-migrant-children
Content: # Judge partially terminates agreement governing conditions for migrant children in US custody

—

A federal judge has partially terminated a decades-old agreement that oversees conditions for migrant children in federal government custody, according to a

**********Extracted claims**********

A federal judge has partially terminated a long-standing agreement governing conditions for migrant children in federal government custody.
A court order outlining the partial termination became effective.
US District Judge Dolly M. Gee's ruling terminates, with exceptions, the 1997 Flores Settlement agreement at the Department of Health and Human Services.
The 1997 Flores Settlement agreement has established national standards for the humane treatment of children in US custody.
Judge Gee's ruling allows the Flores Settlement agreement to remain fully effective at US Customs and Border Protection and US Immigration Customs Enforcement.
The court agreed with the Biden administration, with some exceptions, that a new Department of Health and Human Services (HHS) regulation provides appropriate oversight and multiple safeguards.
The new HHS regulation accounts for the lack of state licensing in locations such as Texas and Florida.
The new HHS regulation became effective.
Unaccompanied migrant children undergo immigration processing while in US Customs and Border Protection (CBP) custody.
After CBP custody, unaccompanied migrant children are transferred to the care of HHS.
Unaccompanied migrant children remain in HHS care until reunification with a sponsor.
A sponsor can be a parent or relative in the US.
The new HHS regulation is known as the “Unaccompanied Children Program Foundational Rule.”
The Biden administration argued the new HHS regulation provides additional protections and responds to unforeseen changes.
Judge Gee stated in the ruling that the new HHS rule requires unlicensed facilities to meet their state's licensing requirements.
Attorneys for the plaintiffs argued that the federal regulation did not provide some migrant children, specifically those in medium-secure facilities, with the protections of the Flores Settlement.
Attorneys for the plaintiffs argued that the federal regulation did not address the lack of state licensing for unaccompanied migrant shelters in locations such as Texas and Florida.
The court order details the arguments made by the plaintiffs' attorneys.
ORR refers to the Office of Refugee Resettlement.
The Office of Refugee Resettlement is an agency within HHS.
The Biden administration argued that the new federal regulations require shelters housing unaccompanied migrant children to be state-licensed or to adhere to state’s licensing requirements if state licensing is not available.
Court documents state the Biden administration's arguments regarding the new federal regulations.
Judge Gee's ruling grants attorneys representing the plaintiffs access to HHS facilities and to information about children in HHS custody.
The Trump administration attempted and failed to terminate the Flores Settlement in 2019.
Court documents provide information on the Trump administration's attempt to terminate the Flores Settlement in 2019.
Judge Gee's ruling grants the court the power to modify the order if circumstances change.
The order may be modified if the new federal regulation is rescinded or if it is modified to be inconsistent with the Flores Settlement.

**********Claims for hard query**********

The court order details the arguments made by the plaintiffs' attorneys.
ORR refers to the Office of Refugee Resettlement.
A sponsor can be a parent or relative in the US.

**********Formulated hard query**********

A federal judge partially terminated `something`.
US District Judge Dolly M. Gee’s ruling terminated something at the Department of Health and Human Services.
The court agreed with `a certain administration` that a new HHS regulation provided appropriate oversight and multiple safeguards.
Unaccompanied migrant children go through immigration processing while in `a certain custody` before they are transferred to the care of HHS.
`Someone`, counsel for the plaintiffs and deputy legal director at Children’s Rights, expressed deep disappointment.
The Biden administration argued that the new HHS regulation provided `certain protections`.
Gee said in the ruling that the Rule `in a certain way`.
Attorneys for the plaintiffs argued that the federal regulation `in a certain state`.
ORR refers to `something`, an agency within HHS.
`Someone` said the new federal regulation underscores HHS’ unwavering commitment to the health, safety, and welfare of unaccompanied children in their care.
Gee’s ruling allows attorneys representing the plaintiffs to have `in a certain way`.
Welch said their team will hold the government accountable to their promises to keep children in `certain facilities` safe.
`A certain administration` tried but failed to terminate the Flores Settlement in 2019.
Under Gee’s ruling, the court has the power to `in a certain way` if the circumstances change.
Welch said that the order retains `certain authority` and maintains their ability to hear directly from children.
Some immigration advocates and attorneys are still concerned that the ruling could mean some migrant children in government detention could end up `in a certain state`.
`Someone`, senior director of immigration at the National Center for Youth Law, stated that the premature termination of Flores creates a situation in which unaccompanied children in immigration custody may end up in dangerous conditions that go unnoticed and unaddressed for years to come.
`Someone` can be a parent or relative in the US.

**********Claims for medium query**********

The new HHS regulation is known as the “Unaccompanied Children Program Foundational Rule.”
The order may be modified if the new federal regulation is rescinded or if it is modified to be inconsistent with the Flores Settlement.
The Biden administration argued that the new federal regulations require shelters housing unaccompanied migrant children to be state-licensed or to adhere to state’s licensing requirements if state licensing is not available.

**********Formulated medium query**********

The new HHS regulation is known as `a certain name`.
The order may be modified `in a certain way`.
`Someone` argued that the new federal regulations require shelters housing unaccompanied migrant children to be state-licensed or to adhere to state’s licensing requirements if state licensing is not available.

**********Claims for easy query**********

A federal judge has partially terminated a long-standing agreement governing conditions for migrant children in federal government custody.
Attorneys for the plaintiffs argued that the federal regulation did not provide some migrant children, specifically those in medium-secure facilities, with the protections of the Flores Settlement.
US District Judge Dolly M. Gee's ruling terminates, with exceptions, the 1997 Flores Settlement agreement at the Department of Health and Human Services.

**********Formulated easy query**********

A federal judge has partially terminated a long-standing agreement governing conditions for migrant children in federal government custody.
Attorneys for the plaintiffs argued that the federal regulation did not provide some migrant children, specifically those in **in some place**, with the protections of the Flores Settlement.
US District Judge Dolly M. Gee's ruling terminates, with exceptions, **something** at the Department of Health and Human Services.

**********Page content extracted**********

Title: EU moves high-level meetings out of Budapest to protest Orbán’s Ukraine war stance
URL: https://edition.cnn.com/2024/07/22/europe/eu-protests-orban-ukraine-war-stance-intl-latam
Content: # EU moves high-level meetings out of Budapest to protest Orbán’s Ukraine war stance

—

The European Union’s next meetings of foreign and defense ministers scheduled in August will be moved from Budapest to Brussels, the bloc’s top diplomat announced Mon

**********Extracted claims**********

The European Union’s next meetings of foreign and defense ministers will be moved from Budapest to Brussels.
These meetings are scheduled for August.
Borrell, the European Union’s top diplomat, announced this decision.
The move is an escalation in a dispute between the European Union and Hungary.
The dispute concerns Hungary's Prime Minister's position on the war in Ukraine.
Hungary's Prime Minister is Viktor Orbán.
Viktor Orbán is a far-right Prime Minister.
Viktor Orbán has claimed that the European Union has a "pro-war policy."
Borrell responded to Viktor Orbán's comment during a press conference in Brussels.
Borrell stated that being against the foreign policy of the European Union and labeling it as "the 'party of war'" should have consequences.
Borrell indicated that a signal needed to be sent, even if symbolic.
The European Union's chief diplomat stated that statements and actions by the Hungarian prime minister and foreign minister were analyzed.
All European Union member states, except one, were critical of Hungary's behavior.
Borrell stated that European Union policy is not a pro-war policy.
Borrell stated that only Putin is pro-war.
The informal EU Council meetings of foreign and defense ministers were originally scheduled for August 28 to 30 in Budapest.
Hungary currently holds the rotating European Union presidency.
Borrell's decision followed European Council President Charles Michel's response to Viktor Orbán's claim.
Charles Michel responded to Viktor Orbán's claim in a letter.
Charles Michel stated that Russia is the aggressor and Ukraine is the victim exercising its right to self-defense.
Charles Michel stated that Russia is leading a war of aggression in violation of international law, Ukraine's territorial integrity, and sovereignty, according to the UN Charter.
Viktor Orbán conducted so-called "peace missions."
During these missions, Viktor Orbán met Russian President Vladimir Putin in Moscow.
During these missions, Viktor Orbán met Chinese leader Xi Jinping in Beijing.
During these missions, Viktor Orbán met former US President Donald Trump at his Mar-a-Lago residence in Florida.
Viktor Orbán has presented himself as a peacemaker in the Ukraine conflict.
Viktor Orbán's stance on the Ukraine conflict differs from that of most European Union leaders.
Most European Union leaders have pledged unequivocal support for Ukraine.
Ukraine is attempting to repel Russia's military effort.
In a letter to European Union leaders, Viktor Orbán stated that a general observation from his meetings was that the intensity of the military conflict in Ukraine would escalate radically.
Over 63 European lawmakers signed a letter stating that Viktor Orbán had caused significant damage through his meetings.
This letter was addressed to the three European Union chiefs.
The lawmakers called for the suspension of Hungary's voting rights in the European Council.
The lawmakers argued that verbal condemnation of Hungary has no effect.
European Commission President Ursula von der Leyen criticized the Hungarian prime minister’s visit to Moscow.
Ursula von der Leyen described the visit as an “appeasement mission.”
Viktor Orbán told CNN that he visited Putin to fulfill his “Christian duty.”
Viktor Orbán told CNN that if a person has a position and can impact bad things to improve them, that person should do so.

**********Claims for hard query**********

Ukraine is attempting to repel Russia's military effort.
Borrell indicated that a signal needed to be sent, even if symbolic.
These meetings are scheduled for August.

**********Formulated hard query**********

Ukraine is attempting to repel something.
Someone indicated that a signal needed to be sent, even if symbolic.
These meetings are scheduled for a certain time.

**********Claims for medium query**********

During these missions, Viktor Orbán met Russian President Vladimir Putin in Moscow.
The informal EU Council meetings of foreign and defense ministers were originally scheduled for August 28 to 30 in Budapest.
During these missions, Viktor Orbán met Chinese leader Xi Jinping in Beijing.

**********Formulated medium query**********

During these missions, Viktor Orbán met someone in Moscow.
The informal EU Council meetings of foreign and defense ministers were originally scheduled at a certain time in Budapest.
During these missions, Viktor Orbán met someone in Beijing.

**********Claims for easy query**********

In a letter to European Union leaders, Viktor Orbán stated that a general observation from his meetings was that the intensity of the military conflict in Ukraine would escalate radically.
Viktor Orbán has claimed that the European Union has a "pro-war policy."
Viktor Orbán's stance on the Ukraine conflict differs from that of most European Union leaders.

**********Formulated easy query**********

In a letter to European Union leaders, Viktor Orbán stated that a general observation from his meetings was that the intensity of the military conflict in Ukraine would escalate in a certain way.
Viktor Orbán has claimed that the European Union has something.
Viktor Orbán's stance on the Ukraine conflict differs from that of someone.

**********Page content extracted**********

Title: ‘I’m really proud of our team’: Lewis Hamilton praises England’s Euros resilience ahead of his final British GP with Mercedes
URL: https://edition.cnn.com/2024/07/05/sport/lewis-hamilton-british-gp-england-euros-spt-intl
Content: # ‘I’m really proud of our team’: Lewis Hamilton praises England’s Euros resilience ahead of his final British GP with Mercedes

Video 
\- Source:
—

Lewis Hamilton and the England men’s soccer team share a thing or two in common.

Both are bursting with 

**********Extracted claims**********

Lewis Hamilton arrived onto the global motorsport scene in Melbourne in 2007.
Niki Lauda, a three-time world champion, called Lewis Hamilton the best rookie driver he had ever seen.
In 2008, Lewis Hamilton became the sport’s youngest-ever champion at 23 years of age.
Lewis Hamilton has won seven drivers' titles, equaling Michael Schumacher’s record.
Gareth Southgate and the England men’s soccer team are pursuing their first trophy in nearly six decades at Euro 2024 in Germany.
The England squad includes Jude Bellingham, who is described as Real Madrid’s player of the year.
The England squad includes Harry Kane, who is described as European football’s top goalscorer.
The England squad includes Phil Foden, who is described as the Premier League player of the season.
Gareth Southgate and the England squad have received heavy criticism from former players, pundits, and fans for their displays.
England achieved a win against Slovakia in the Round of 16.
Lewis Hamilton holds records for the most career wins in Formula 1.
Lewis Hamilton holds records for the most pole positions in Formula 1.
Lewis Hamilton holds records for the most podium finishes in Formula 1.
Lewis Hamilton holds records for the most career points in Formula 1.
The 2024 class of British drivers includes Lewis Hamilton, George Russell, Lando Norris, and Ollie Bearman.
George Russell is Lewis Hamilton's teammate.
Lando Norris drives for McLaren.
Ollie Bearman is a Ferrari junior driver.
Ollie Bearman will join the US-based Haas team.
Lewis Hamilton is the sport’s first and only Black world champion.
Lewis Hamilton uses his charity, Mission 44, to address challenges concerning diversity, representation, and inclusion in motorsport.
Mission 44 delivered outreach programs in Austin, Silverstone, and Sao Paulo.
Mission 44's outreach programs positively impacted more than 150 young people.
Lewis Hamilton is set to race at the British Grand Prix for the final time with Mercedes.
Lewis Hamilton will leave Mercedes to join Ferrari for the 2025 campaign.
Mercedes dominated the sport through the turbo-hybrid era.
Mercedes won eight Constructors’ titles in a row from 2014 to 2021.
Mercedes has slid down the pecking order behind Red Bull and Ferrari since the 2022 season.
Mercedes' decline is attributed to its failure to adapt to new technical regulations since the 2022 season.
In 2023, Mercedes had a winless season for the first time since 2011.
Lewis Hamilton has won a record eight times at the Silverstone circuit.
George Russell achieved a third-placed finish in Montreal.
Lewis Hamilton secured his first podium finish of the season in Spain.
George Russell claimed his second career race win at the Austrian Grand Prix.
Lewis Hamilton has not achieved a race victory since the penultimate race of the 2021 campaign in Jeddah, Saudi Arabia.
Lewis Hamilton’s bid for a record-breaking eighth Drivers’ Championship ended in controversial circumstances in Abu Dhabi in 2021.

**********Claims for hard query**********

England achieved a win against Slovakia in the Round of 16.
Mission 44 delivered outreach programs in Austin, Silverstone, and Sao Paulo.
Mission 44's outreach programs positively impacted more than 150 young people.

**********Formulated hard query**********

England achieved a win against a certain team in a certain stage.
Mission 44 delivered outreach programs in certain places.
Mission 44's outreach programs positively impacted a certain number of people.

**********Claims for medium query**********

Niki Lauda, a three-time world champion, called Lewis Hamilton the best rookie driver he had ever seen.
The 2024 class of British drivers includes Lewis Hamilton, George Russell, Lando Norris, and Ollie Bearman.
George Russell is Lewis Hamilton's teammate.

**********Formulated medium query**********

Someone, a three-time world champion, called Lewis Hamilton the best rookie driver he had ever seen.
The `something` of British drivers includes Lewis Hamilton, George Russell, Lando Norris, and Ollie Bearman.
George Russell is Lewis Hamilton's `in a certain state`.

**********Claims for easy query**********

Lewis Hamilton is set to race at the British Grand Prix for the final time with Mercedes.
Lewis Hamilton’s bid for a record-breaking eighth Drivers’ Championship ended in controversial circumstances in Abu Dhabi in 2021.
Lewis Hamilton will leave Mercedes to join Ferrari for the 2025 campaign.

**********Formulated easy query**********

Lewis Hamilton is set to race at a certain race for the final time with Mercedes.
Lewis Hamilton’s bid for a record-breaking eighth Drivers’ Championship ended in controversial circumstances in a certain place in 2021.
Lewis Hamilton will leave Mercedes to join a certain team for the 2025 campaign.

**********Page content extracted**********

Title: Violence against women and girls at ‘epidemic’ levels, UK police say
URL: https://edition.cnn.com/2024/07/23/uk/uk-police-violence-women-girls-epidemic-intl
Content: # Violence against women and girls at ‘epidemic’ levels, UK police say

—

Violence against women and girls in England and Wales has reached “epidemic levels,” UK police have warned, saying forces should prioritize their response to the issue in the same 

**********Extracted claims**********

UK police have warned that violence against women and girls in England and Wales has reached epidemic levels.
UK police stated that forces should prioritize their response to violence against women and girls in the same way they prioritize terrorism and organized crime.
A major police report estimates that at least one in every 12 women in England and Wales will be a victim of violence against women and girls annually.
A major police report estimates that violence against women and girls affects 2 million victims annually in England and Wales.
At least one in every 20 adults will be a perpetrator of violence against women and girls.
A report found that crimes including rape, domestic abuse, stalking, and harassment increased by 37% over a five-year period.
The UK Home Office has classified violence against women and girls as a national threat to public safety.
The figures regarding violence against women and girls were revealed in a 70-page report.
The report is the first national analysis of the scale of violence against women and girls conducted by the National Police Chiefs’ Council (NPCC).
Maggie Blyth, the National Police Chiefs’ Council’s lead for Violence Against Women and Girls, stated that the situation has become a national emergency.
Maggie Blyth stated that violence against women and girls has reached epidemic levels in terms of its scale, complexity, and impact on victims.
Keir Starmer announced that his government will bring forward plans to halve violence against women and girls.
The report identified five critical threats to women and girls.
These identified threats constitute an estimated 3,000 violence against women and girls-related crimes recorded across England and Wales daily.
In the year ending March 2023, police in England and Wales recorded more than 100,000 rape and serious sexual offenses.
In the year ending March 2023, police in England and Wales recorded more than 400,000 domestic abuse-related crimes.
In the year ending March 2023, police in England and Wales recorded approximately 436,000 stalking and harassment offenses.
In the year ending March 2023, police in England and Wales recorded more than 40,000 child sexual abuse and exploitation offenses committed against girls aged between 10 and 17.
According to the report, 1.4 million of the 2 million women and girls who experience violence each year are subjected to domestic abuse.
In the year ending March 2023, one in every six homicides was domestic abuse-related.
In cases of rape and serious sexual offenses, 38% of suspects are an ex- or current partner.
In cases of rape and serious sexual offenses, 29% of suspects are individuals known to the victim.
In cases of rape and serious sexual offenses, 26% of suspects are strangers.
The average suspect age in reported instances of rape and serious sexual offense in England and Wales is 37.
The recorded age range of suspects for rape and serious sexual offenses in England and Wales is from 10 years old to 100.
There was a 435% increase in child sexual abuse and exploitation in England and Wales between 2013 and 2022.
93% of child sexual abuse and exploitation crimes involve contact sexual offenses and sexual grooming.
The average age of victims in child sexual abuse and exploitation cases is 13 years old.
The average age of suspects in child sexual abuse and exploitation cases is 15 years old.
More than half of child sexual abuse and exploitation cases reported between January and July 2023 were committed by children.
The police report indicates that perpetrators of crimes against women and girls are often not punished for their actions.
As of March 2023, only 4.4% of domestic abuse cases recorded by police resulted in the perpetrator being convicted.
Reasons for low conviction rates in domestic abuse cases include limited prison capacities and huge backlogs in courts.
UK’s Minister for Safeguarding Jess Phillips stated that the report’s findings show that violence against women and girls is a national emergency.
UK’s Minister for Safeguarding Jess Phillips stated that violence against women and girls is a threat to Britain’s security and prosperity.

**********Claims for hard query**********

In cases of rape and serious sexual offenses, 26% of suspects are strangers.
The average age of victims in child sexual abuse and exploitation cases is 13 years old.
The average age of suspects in child sexual abuse and exploitation cases is 15 years old.

**********Formulated hard query**********

In cases of rape and serious sexual offenses, a certain percentage of suspects are strangers.
The average age of victims in child sexual abuse and exploitation cases is a certain age.
The average age of suspects in child sexual abuse and exploitation cases is a certain age.

**********Claims for medium query**********

In the year ending March 2023, police in England and Wales recorded more than 40,000 child sexual abuse and exploitation offenses committed against girls aged between 10 and 17.
The police report indicates that perpetrators of crimes against women and girls are often not punished for their actions.
A report found that crimes including rape, domestic abuse, stalking, and harassment increased by 37% over a five-year period.

**********Formulated medium query**********

In the year ending March 2023, police in England and Wales recorded a certain number of child sexual abuse and exploitation offenses committed against girls aged between 10 and 17.
The police report indicates that perpetrators of crimes against women and girls are handled in a certain way regarding punishment.
A report found that crimes including rape, domestic abuse, stalking, and harassment increased by a certain percentage over a five-year period.

**********Claims for easy query**********

Maggie Blyth, the National Police Chiefs’ Council’s lead for Violence Against Women and Girls, stated that the situation has become a national emergency.
UK police have warned that violence against women and girls in England and Wales has reached epidemic levels.
UK’s Minister for Safeguarding Jess Phillips stated that the report’s findings show that violence against women and girls is a national emergency.

**********Formulated easy query**********

Someone, the National Police Chiefs’ Council’s lead for Violence Against Women and Girls, stated that the situation has become a national emergency.
UK police have warned that violence against women and girls in England and Wales has reached in a certain state.
UK’s Minister for Safeguarding someone stated that the report’s findings show that violence against women and girls is a national emergency.

**********Page content extracted**********

Title: Top UN court says Israeli occupation of West Bank and East Jerusalem is illegal
URL: https://edition.cnn.com/2024/07/19/middleeast/israel-west-bank-jerusalem-occupation-icj-opinion-intl
Content: # Top UN court says Israeli occupation of West Bank and East Jerusalem is illegal

—

The United Nations’ top court said Friday that Israel’s presence in the West Bank and East Jerusalem is illegal, in an unprecedented opinion that called on Israel to end

**********Extracted claims**********

The United Nations' top court stated that Israel's presence in the West Bank and East Jerusalem is illegal.
The United Nations' top court's opinion called on Israel to end its occupation of territories claimed by Palestinians.
Palestinians claim the territories for a future state.
The advisory opinion from the International Court of Justice (ICJ) is non-binding.
The advisory opinion was the first instance of the ICJ expressing its view on the legality of Israel’s presence in territories captured in the 1967 war.
An advisory opinion is not legally binding.
An advisory opinion carries moral authority.
An advisory opinion can shape international law.
The International Court of Justice (ICJ) states that an advisory opinion carries moral authority and can shape international law.
The International Court of Justice's opinion prompted condemnation from Israeli leaders.
The International Court of Justice's opinion prompted praise from Palestinian officials.
The International Court of Justice (ICJ) listed Israeli practices that it stated violated international law.
The listed Israeli practices include confiscating land.
The listed Israeli practices include building Israeli settlements in the territories.
The listed Israeli practices include depriving Palestinians of natural resources.
The listed Israeli practices include depriving Palestinians of the right to self-determination.
The court called on Israel to cease new settlement activity.
The court called on Israel to evacuate settlers.
The court called on Israel to make reparations for damage caused.
The International Court of Justice (ICJ) opinion states that Israel's sustained abuse of its position as an occupying power violates fundamental principles of international law.
The International Court of Justice (ICJ) opinion states that Israel's sustained abuse of its position as an occupying power renders Israel’s presence in the Occupied Palestinian Territory unlawful.
The International Court of Justice (ICJ) opinion specifies that the abuse occurs through annexation and an assertion of permanent control over the Occupied Palestinian Territory.
The International Court of Justice (ICJ) opinion specifies that the abuse occurs through continued frustration of the right of the Palestinian people to self-determination.
Judge Nawaf Salam is the president of the International Court of Justice (ICJ).
The International Court of Justice (ICJ) is based in The Hague in the Netherlands.
The court observed that large-scale confiscation of land divests the local population of their basic means of subsistence.
The court observed that the degradation of access to natural resources divests the local population of their basic means of subsistence.
The court observed that these actions induce the departure of the local population.
The court found that Israel’s declaration of Jerusalem as its capital helped to entrench Israel’s control of the occupied Palestinian territory.
The court stated that Israeli settlements in the West Bank and East Jerusalem violate international law.
Israel captured the West Bank, East Jerusalem, the Gaza Strip, and the Golan Heights during the 1967 war.
Israel captured these territories from neighboring Arab states.
Israel began establishing Jewish settlements in the captured territories soon after the 1967 war.
Palestinians desire the West Bank and Gaza for a future state.
Palestinians want East Jerusalem to be the capital of their future state.
Israel considers all of Jerusalem to be its eternal capital.
The court concluded that all states are obligated not to recognize as legal the situation arising from Israel's unlawful presence in the Occupied Palestinian Territory.
The court concluded that all international organizations are obligated not to recognize as legal the situation arising from Israel's unlawful presence in the Occupied Palestinian Territory.
The United Nations is included among the international organizations under this obligation.
The case before the International Court of Justice (ICJ) predates the current Israel-Hamas war.
The case originated from a 2022 request for an advisory opinion by the UN General Assembly.
Fifteen judges are on the International Court of Justice.
The judges were asked to consider the legal consequences arising from Israel's ongoing violation of the Palestinian people's right to self-determination.
The judges were asked to consider the legal consequences arising from Israel's prolonged occupation, settlement, and annexation of Palestinian territory occupied since 1967.
The current International Court of Justice (ICJ) advisory opinion is separate from ICJ proceedings held in January.
The January proceedings concerned an accusation from South Africa that Israel was committing genocide in its war against Hamas.
The war against Hamas followed the October 7 attacks.
Israel has vehemently denied the genocide claim.
Israeli Prime Minister Benjamin Netanyahu rejected the International Court of Justice (ICJ) opinion.
Other Israeli politicians rejected the International Court of Justice (ICJ) opinion.
Benjamin Netanyahu stated that the Jewish people are not conquerors in their own land.
Benjamin Netanyahu stated that no false decision in The Hague will distort historical truth.
Benjamin Netanyahu stated that the legality of Israeli settlement in all the territories of their homeland cannot be contested.
Foreign Minister Israel Katz condemned the International Court of Justice (ICJ) opinion.
Israel Katz called the International Court of Justice (ICJ) opinion fundamentally warped, one-sided, and wrong.
Bezalel Smotrich is the far-right Israeli Finance Minister.
Bezalel Smotrich is a settler.
Bezalel Smotrich spoke out against the court.
Bezalel Smotrich stated "The answer to The Hague – sovereignty now" on X.
Smotrich's statement is a call for Israel to annex the West Bank.
The Palestinian Authority (PA) welcomed the International Court of Justice (ICJ) opinion.
The Palestinian Authority called the International Court of Justice (ICJ) opinion a watershed moment for Palestine, for justice, and for international law.
The Palestinian Authority stated that the opinion is timely and sorely needed.
The Palestinian Authority stated that the opinion is a vindication of their steadfastness and perseverance.
The Palestinian Authority urged all states not to recognize the legality of the settlements.
The Palestinian Authority urged the United Nations not to recognize the legality of the settlements.
The Palestinian Authority urged all states to do nothing to assist Israel in maintaining the illegal situation.
The Palestinian Authority urged the United Nations to do nothing to assist Israel in maintaining the illegal situation.
The International Court of Justice (ICJ) has previously given advisory opinions about Israel’s presence in the West Bank.
Some experts stated that the recent announcement is a step further than previous opinions.
The International Court of Justice (ICJ) delivered an advisory opinion in 2004 on the Israeli separation barrier.
The Israeli separation barrier is located around the majority of the West Bank.
The 2004 opinion urged Israel to remove the barrier from occupied land.
The 2004 International Court of Justice (ICJ) opinion was nonbinding.
The 2004 opinion found that Israel was obligated to return confiscated land.
The 2004 opinion found that Israel was obligated to make reparations for destruction or damage to homes, businesses, and farms caused by the barrier’s construction.
Eliav Lieblich is a professor of international law at Tel Aviv University.
Eliav Lieblich stated that the 2004 opinion held that Israel had to dismantle parts of the wall that encroach onto the West Bank.
Eliav Lieblich stated that the recent International Court of Justice (ICJ) opinion holds that Israel has to withdraw as rapidly as possible from the occupied territories.
Eliav Lieblich stated that the major difference lies in the implications of the settlements and surrounding practices, not just the legality of the settlements themselves.
International Court of Justice (ICJ) opinions are not binding.
International Court of Justice (ICJ) opinions are perceived as very authoritative statements of international law.
International Court of Justice (ICJ) opinions may impact international organizations taking the opinion to domestic courts.
This impact could include demands for individual countries to refrain from exporting weapons that may be used in the occupied territories.

**********Claims for hard query**********

The United Nations is included among the international organizations under this obligation.
The war against Hamas followed the October 7 attacks.
Bezalel Smotrich is the far-right Israeli Finance Minister.

**********Formulated hard query**********

An organization is included among the international organizations under this obligation.
The war against a certain group followed the October 7 attacks.
Someone is the far-right Israeli Finance Minister.

**********Claims for medium query**********

The Palestinian Authority stated that the opinion is timely and sorely needed.
The Palestinian Authority stated that the opinion is a vindication of their steadfastness and perseverance.
Benjamin Netanyahu stated that no false decision in The Hague will distort historical truth.

**********Formulated medium query**********

The Palestinian Authority stated that the opinion is in a certain state.
The Palestinian Authority stated that the opinion serves in a certain way.
Someone stated that no false decision in The Hague will distort historical truth.

**********Claims for easy query**********

The International Court of Justice (ICJ) has previously given advisory opinions about Israel’s presence in the West Bank.
The advisory opinion was the first instance of the ICJ expressing its view on the legality of Israel’s presence in territories captured in the 1967 war.
The International Court of Justice (ICJ) opinion states that Israel's sustained abuse of its position as an occupying power renders Israel’s presence in the Occupied Palestinian Territory unlawful.

**********Formulated easy query**********

The International Court of Justice (ICJ) has previously given advisory opinions about something.
The advisory opinion was the first instance of the ICJ expressing its view on a certain situation.
The International Court of Justice (ICJ) opinion states a certain legal conclusion.

**********Page content extracted**********

Title: ‘Skibidi Toilet:’ If you don’t know what it is, you will
URL: https://edition.cnn.com/2024/07/25/entertainment/skibidi-toilet-explainer/index.html
Content: # ‘Skibidi Toilet:’ If you don’t know what it is, you will

—

“Skibidi Toilet” is already an internet sensation and now its about to get even more exposure.

The YouTube series, created by animator Alexey Gerasimov, is an unusual worldwide hit with more 

**********Extracted claims**********

"Skibidi Toilet" is an internet sensation.
"Skibidi Toilet" is expected to gain more exposure.
"Skibidi Toilet" is a YouTube series.
Animator Alexey Gerasimov created "Skibidi Toilet".
"Skibidi Toilet" is a worldwide hit.
"Skibidi Toilet" has accumulated over 17 billion views.
"Skibidi Toilet" features human-headed toilets engaged in a war with humanoids.
The series "Skibidi Toilet" uses a cinema style known as machinima.
"Skibidi Toilet" is controversial.
Some parents are concerned that the potty humor, horror, and violence in "Skibidi Toilet" are not appropriate for children.
Children have become diehard fans of the "Skibidi Toilet" series.
"Skibidi Toilet" is being developed for television treatment.
"Skibidi Toilet" is being developed for film treatment.
Director Michael Bay is involved in developing "Skibidi Toilet" for TV and film.
Former Paramount Pictures president Adam Goodman is involved in developing "Skibidi Toilet" for TV and film.
Variety reported on the development of "Skibidi Toilet" for TV and film.
Adam Goodman confirmed that talks are underway for "Skibidi Toilet" television and film adaptations.
The "Skibidi Toilet" series began as shorts.
Alexey Gerasimov uploaded the first "Skibidi Toilet" video in February 2023.
Alexey Gerasimov was 23 years old when he uploaded the first video.
Alexey Gerasimov is a native of the former Soviet republic of Georgia.
Alexey Gerasimov is working with Invisible Narratives.
Invisible Narratives is an independent studio.
Invisible Narratives is associated with Michael Bay and Adam Goodman.
Michael Bay is a filmmaker.
Michael Bay is known for his action work.
Michael Bay's action work includes the "Transformers" film franchise.
Michael Bay discussed working with Alexey Gerasimov in an interview with The Washington Post.
Michael Bay believes in taking risks as a director.
Michael Bay stated that audiences desire fresh, new ideas.
Michael Bay considers "Skibidi Toilet" to represent a new world of what the younger generation watches.
Michael Bay is taking "Skibidi Toilet" seriously.
"Skibidi Toilet" has quickly become ubiquitous among young people.
"Skibidi" is used as a slang filler word.
Fanfiction based on "Skibidi Toilet" exists.
Unofficial merchandise related to "Skibidi Toilet" exists.
"Skibidi Toilet"-inspired games are hosted on Roblox.
Adam Goodman's resume includes the "Teenage Mutant Ninja Turtles" reboot.
Adam Goodman's resume includes "Mission: Impossible – Ghost Protocol".
Adam Goodman's resume includes the "SpongeBob SquarePants" series.
Adam Goodman stated that he has not been involved with anything that parallels the growth of "Skibidi Toilet".

**********Claims for hard query**********

Alexey Gerasimov was 23 years old when he uploaded the first video.
Adam Goodman's resume includes "Mission: Impossible – Ghost Protocol".
Alexey Gerasimov is a native of the former Soviet republic of Georgia.

**********Formulated hard query**********

Alexey Gerasimov was in a certain state when he uploaded the first video.
Adam Goodman's resume includes something.
Alexey Gerasimov is from somewhere.

**********Validation Result**********

subquestion 'Alexey Gerasimov was in a certain state when he uploaded the first video.' is NOT supported by the context.
<reject> The content mentions Alexey Gerasimov's age (23) when he uploaded the first video, and his origin, but it does not describe his emotional, mental, or physical "state" at that time. </reject>

**********Claims for medium query**********

"Skibidi Toilet" is a worldwide hit.
"Skibidi Toilet" is controversial.
Fanfiction based on "Skibidi Toilet" exists.

**********Formulated medium query**********

Something is a worldwide hit.
Skibidi Toilet is in a certain state.
Something based on "Skibidi Toilet" exists.

**********Validation Result**********

subquestion 'Skibidi Toilet is in a certain state.' is NOT supported by the context.
<reject> The information "Skibidi Toilet is in a certain state" is too vague. While the article describes "Skibidi Toilet" as being an "internet sensation," "controversial," "ubiquitous," and "being developed for TV and film," it does not specify a singular "certain state" for the entity itself, especially not in the geographical sense. </reject>

**********Claims for easy query**********

Michael Bay considers "Skibidi Toilet" to represent a new world of what the younger generation watches.
Director Michael Bay is involved in developing "Skibidi Toilet" for TV and film.
Children have become diehard fans of the "Skibidi Toilet" series.

**********Formulated easy query**********

Someone considers "Skibidi Toilet" to represent a new world of what the younger generation watches.
Director Michael Bay is involved in a certain way.
Children have become in a certain state of the "Skibidi Toilet" series.

**********Page content extracted**********

Title: The woman behind Venezuela’s upstart opposition movement
URL: https://edition.cnn.com/2024/07/25/americas/maria-corina-machado-interview-intl-latam
Content: # The woman behind Venezuela’s upstart opposition movement

—

As Venezuela girds for what could be a historic presidential election this weekend, one of the most important names in the race isn’t on the ballot: María Corina Machado – the woman who galvan

**********Extracted claims**********

A presidential election will be held in Venezuela.
María Corina Machado is an important figure in the Venezuelan presidential race.
María Corina Machado is not on the ballot for the Venezuelan presidential election.
María Corina Machado galvanized Venezuela’s opposition movement.
Many Venezuelan voters consider María Corina Machado the real challenger to Nicolás Maduro.
Nicolás Maduro is the socialist incumbent president of Venezuela.
María Corina Machado introduced herself to Venezuela’s political scene by confronting late President Hugo Chávez in Congress.
Hugo Chávez was the President of Venezuela.
Hugo Chávez was delivering his annual state of the nation address when María Corina Machado confronted him.
María Corina Machado was a fringe opposition politician at the time she confronted Hugo Chávez.
María Corina Machado lost her primary race to challenge Hugo Chávez for the presidency.
María Corina Machado stood up and shouted back at President Hugo Chávez on the podium.
Hugo Chávez dismissed María Corina Machado as an an irritation.
Hugo Chávez told María Corina Machado, "An eagle doesn’t hunt a fly."
María Corina Machado will not be on the ballot for the election on Sunday.
María Corina Machado is an avowed capitalist.
María Corina Machado has promised privatization of several state industries.
María Corina Machado won over 90% of the opposition primary vote.
María Corina Machado has been barred from running for office.
The reason for barring María Corina Machado from office involves allegations that she did not include some food vouchers on her assets declaration.
María Corina Machado described the decision to bar her as illegitimate, unjustified, and unconstitutional.
Venezuela’s Supreme Court upheld the decision to bar María Corina Machado.
Edmundo González is the current opposition candidate for president.
Edmundo González is backed by María Corina Machado.
María Corina Machado has campaigned on behalf of Edmundo González to mobilize voters.
Experts believe the efforts of María Corina Machado and Edmundo González may pose the most significant threat to Maduro’s power in years.
Nicolás Maduro is seeking a third presidential term.
María Corina Machado stated that her movement will win.
María Corina Machado stated that her plan is to bring back everyone who has been forced to leave.
María Corina Machado stated that she is committed to providing every Venezuelan with the education needed for independence and to control their future.
María Corina Machado stated that she believes in public education.
María Corina Machado stated that she believes incentives are needed for public education to be as competitive and excellent as private education.
María Corina Machado stated that market rules should apply to the education system.
María Corina Machado stated that market rules work for the health system.
María Corina Machado stated that she is convinced education is a right.
María Corina Machado stated that society and the state have a duty to ensure every Venezuelan has access to education.
María Corina Machado stated that she promotes giving education coupons directly to parents.
María Corina Machado stated that she believes education coupons would allow parents to choose public or private education for their children.
María Corina Machado stated that she believes this education approach would be a true revolution in Venezuela.
María Corina Machado stated that Venezuela's energy sector and other industries have huge potential.
María Corina Machado stated that realizing this potential requires enormous investments.
María Corina Machado stated that Venezuela lacks the resources for these investments.
María Corina Machado stated that Venezuela was "sacked."
María Corina Machado stated that Venezuela needs to open markets.
María Corina Machado stated that competitive and attractive conditions need to be created to attract international investment.
María Corina Machado stated that Venezuela needs to completely transform its judiciary system.
María Corina Machado stated that Venezuela is currently last globally in terms of rule of law.
María Corina Machado stated that her goal is for Venezuela to become one of the most respected countries in terms of rule of law.
María Corina Machado stated that tens or hundreds of billions of dollars are needed for investment in Venezuela's energy sector, including oil, gas, and renewable resources.
María Corina Machado stated that the Venezuelan government lacks the resources for energy investments.
María Corina Machado stated that Venezuela needs resources for infrastructure, health, and education.
María Corina Machado stated that Venezuela needs to open markets to utilize its energy potential.
María Corina Machado stated that her goal is to turn Venezuela into the energy hub of the Americas.
María Corina Machado stated that the country will benefit from fiscal flows and taxes through which the state will get resources.
María Corina Machado stated that direct state ownership of companies is not necessary for the country to benefit.
María Corina Machado stated that the window of opportunity for oil and gas will soon close if her proposed actions are not taken.
María Corina Machado predicts that the regime will attempt to steal the election.
María Corina Machado stated that a platform has been built to defend votes.
María Corina Machado stated that this vote defense platform is unprecedented.
María Corina Machado stated that Venezuelans now realize defending their vote is a personal responsibility.
María Corina Machado stated that Venezuelans are not expecting others to defend their vote.
María Corina Machado predicts that people will come out with their families and stay as long as it takes to defend their vote.

**********Claims for hard query**********

María Corina Machado stated that she promotes giving education coupons directly to parents.
The reason for barring María Corina Machado from office involves allegations that she did not include some food vouchers on her assets declaration.
María Corina Machado stated that she believes education coupons would allow parents to choose public or private education for their children.

**********Formulated hard query**********

María Corina Machado stated that she promotes giving education coupons in a certain way.
The reason for barring María Corina Machado from office involves allegations that she did not include some something on her assets declaration.
María Corina Machado stated that she believes education coupons would allow parents to choose something for their children.

**********Claims for medium query**********

María Corina Machado stated that tens or hundreds of billions of dollars are needed for investment in Venezuela's energy sector, including oil, gas, and renewable resources.
Edmundo González is the current opposition candidate for president.
Nicolás Maduro is the socialist incumbent president of Venezuela.

**********Formulated medium query**********

María Corina Machado stated that a certain amount of money is needed for investment in Venezuela's energy sector, including oil, gas, and renewable resources.
Someone is the current opposition candidate for president.
Someone is the socialist incumbent president of Venezuela.

**********Claims for easy query**********

Many Venezuelan voters consider María Corina Machado the real challenger to Nicolás Maduro.
Experts believe the efforts of María Corina Machado and Edmundo González may pose the most significant threat to Maduro’s power in years.
María Corina Machado galvanized Venezuela’s opposition movement.

**********Formulated easy query**********

Many Venezuelan voters consider `someone` the real challenger to Nicolás Maduro.
Experts believe the efforts of María Corina Machado and `someone else` may pose the most significant threat to Maduro’s power in years.
María Corina Machado `in a certain way` Venezuela’s opposition movement.

**********Page content extracted**********

Title: Donald Trump falsely suggests Kamala Harris ‘happened to turn Black’
URL: https://edition.cnn.com/2024/07/31/politics/donald-trump-kamala-harris-black-nabj
Content: # Donald Trump falsely suggests Kamala Harris ‘happened to turn Black’

Video 
Trump on Harris: 'I didn’t know she was Black until a number of years ago’

\- Source:

Video 

\- Source:

Video 

\- Source:

Video 

\- Source:

Video 

\- Source:

Video 
T

**********Extracted claims**********

Donald Trump claimed on Wednesday that Kamala Harris “happened to turn Black” a few years ago.
Donald Trump stated that Kamala Harris “all of a sudden, she made a turn” in her identity.
Donald Trump made these comments at a gathering of Black journalists in Chicago.
An interviewer asked Donald Trump whether he agreed with Republicans on Capitol Hill who characterized Kamala Harris as a “DEI hire.”
Donald Trump questioned Kamala Harris’ heritage in response to the question.
Donald Trump stated that Kamala Harris was always of Indian heritage.
Donald Trump stated that Kamala Harris was only promoting Indian heritage.
Donald Trump stated he did not know Kamala Harris was Black until a number of years ago.
Donald Trump stated that Kamala Harris now wants to be known as Black.
Donald Trump questioned if Kamala Harris is Indian or Black.
Donald Trump stated he respects either Indian or Black identity.
Donald Trump stated that Kamala Harris obviously does not respect either identity because she was Indian all the way.
Donald Trump stated that Kamala Harris all of a sudden made a turn and became a Black person.
Donald Trump suggested that somebody should look into Kamala Harris's identity.
Donald Trump made these statements at the National Association of Black Journalists convention.
Kamala Harris described Donald Trump’s comments as “the same old show, the divisiveness and the disrespect.”
Kamala Harris stated that the American people deserve better.
Kamala Harris made these statements in Houston at a gathering of the Sigma Gamma Rho sorority.
Donald Trump’s comments are described as reminiscent of his past attacks on Black political rivals.
Donald Trump pushed the false, racist “birther” conspiracy theory that former President Barack Obama was not born in the United States for years.
Kamala Harris’ mother was Indian.
Kamala Harris’ father is Jamaican.
Both of Kamala Harris’s parents immigrated to the United States.
Kamala Harris was born in Oakland, California.
Kamala Harris attended Howard University in Washington.
Howard University is a historically Black university.
Kamala Harris is the first female vice president.
Kamala Harris is the first Black vice president.
Kamala Harris is the first Asian American vice president.
Donald Trump was interviewed by a panel on Wednesday.
The interview panel included ABC News’ Rachel Scott, Semafor’s Kadia Goba, and Fox News’ Harris Faulkner.
Rachel Scott asked Donald Trump why Black voters should trust him.
Rachel Scott mentioned that Donald Trump pushed false claims about rivals, including Nikki Haley and Barack Obama, regarding their birthplaces.
Rachel Scott mentioned that Donald Trump told four congresswomen of color, who were American citizens, to go back to where they came from.
Rachel Scott mentioned that Donald Trump used words like ‘animal’ and ‘rabid’ to describe Black district attorneys.
Rachel Scott mentioned that Donald Trump attacked Black journalists, calling them a ‘loser’ and their questions ‘stupid’ and ‘racist.’
Rachel Scott mentioned that Donald Trump had dinner with a White supremacist at his Mar-a-Lago resort.
Donald Trump stated he did not think he had ever been asked a question in such a horrible manner.
Donald Trump stated Rachel Scott did not even say, ‘Hello. How are you?’
Donald Trump asked Rachel Scott if she was with ABC.
Donald Trump stated ABC was a fake news network.
Donald Trump stated ABC was a terrible network.
Donald Trump stated it was disgraceful that he came to the event in good spirit.
Donald Trump stated he loves the Black population of this country.
Donald Trump stated he has done much for the Black population of this country.
Donald Trump cited employment and opportunity zones with Senator Tim Scott of South Carolina as examples of his work for the Black population.
Donald Trump stated that Historically Black colleges and universities were out of money and stone cold broke.
Donald Trump stated he saved Historically Black colleges and universities.
Donald Trump stated he gave Historically Black colleges and universities long-term financing.
Donald Trump stated nobody else was doing it.
Donald Trump stated Rachel Scott's introduction was very rude.
Rachel Scott asked if Donald Trump found it acceptable that some Republicans on Capitol Hill have referred to Kamala Harris as a “DEI hire.”
The acronym DEI stands for diversity, equity and inclusion.
Donald Trump stated he really did not know if Kamala Harris was a DEI hire.
Donald Trump stated it could be that Kamala Harris was a DEI hire.
Kamala Harris’s husband, Second Gentleman Doug Emhoff, said on Wednesday that Donald Trump’s remarks in Chicago reflected “a worse version of an already horrible person.”
Doug Emhoff stated that the insults and B.S. were horrible and terrible.
Doug Emhoff stated Donald Trump's remarks showed a lack of character.
Doug Emhoff stated that Donald Trump's remarks were a distraction.
Doug Emhoff stated that the election is about what is at stake.
Doug Emhoff made these statements at a campaign fundraiser in Maine.
White House press secretary Karine Jean-Pierre issued a fiery rejoinder to Donald Trump.
Karine Jean-Pierre called Donald Trump’s remarks “repulsive” and “insulting.”
Karine Jean-Pierre stated that no one has any right to tell someone who they are or how they identify.
Karine Jean-Pierre stated it is someone’s own decision.
Karine Jean-Pierre made these statements during a news briefing on Wednesday.
Kamala Harris’s campaign did not specifically respond to Donald Trump’s comment about her racial identity.
Kamala Harris’s campaign stated that Donald Trump lobbed personal attacks and insults at Black journalists.
Donald Trump lobbed personal attacks and insults at Black journalists throughout his presidency.
Michael Tyler is Kamala Harris's campaign spokesman.
Michael Tyler stated that Donald Trump has already proven he cannot unite America.
Michael Tyler stated that Donald Trump attempts to divide Americans.
Donald Trump repeatedly criticized the NABJ for the event’s set-up in Chicago on Wednesday.
Donald Trump stated the set-up made it difficult to hear other panelists.
Donald Trump stated the set-up delayed the start of the event.
A spokesperson for NABJ told CNN that technology issues had delayed the start of the panel discussion.
Donald Trump called himself “the best president for the Black population since Abraham Lincoln.”
Donald Trump’s comment drew audible groans from the journalists in attendance.
Donald Trump ignored a follow-up question about whether he was better than Lyndon B. Johnson.
Lyndon B. Johnson signed the Civil Rights Act of 1964 into law.
Lyndon B. Johnson signed the Voting Rights Act of 1965 into law.
Donald Trump stated that it was a disgrace for Rachel Scott to start a question-and-answer period in a certain manner.
Donald Trump stated Rachel Scott's network was 35 minutes late because they could not get their equipment to work.
Donald Trump stated he would absolutely pardon January 6 rioters who violently attacked police officers at the US Capitol in 2021.
Donald Trump stated he would pardon January 6 rioters if they are innocent.
Rachel Scott responded that the January 6 rioters had been convicted.
Donald Trump stated that the January 6 rioters were convicted by a very tough system.
Donald Trump criticized Capitol police officers for shooting and killing rioter Ashli Babbitt.
Ashli Babbitt was attempting to crawl through a broken window leading to the Speaker’s Lobby outside the US House chamber.
Donald Trump complained that nothing happened to those who caused property damage during Black Lives Matter protests in the summer of 2020.
Donald Trump stated that the J6 people were pursued with a vengeance.
Donald Trump did not directly answer when asked by Fox News’ Harris Faulkner whether his running mate, Ohio Senator JD Vance, would be ready on Day One to be president.
Donald Trump stated that historically, the vice president, in terms of the election, does not have any impact.
Donald Trump stated the vice president has virtually no impact.
Donald Trump stated there are two or three days where there is a lot of commotion regarding a running mate.
Donald Trump stated that the commotion dies down.
Donald Trump stated that the election is all about the presidential pick.
Donald Trump stated that a vice president pick virtually never has mattered.
Donald Trump stated that a vice president can be outstanding in every way.
Donald Trump stated he believes JD Vance is outstanding.
Donald Trump stated that voters are not voting for the vice president.
Donald Trump stated that voters are voting for the president.

**********Claims for hard query**********

Karine Jean-Pierre stated it is someone’s own decision.
The acronym DEI stands for diversity, equity and inclusion.
Karine Jean-Pierre stated that no one has any right to tell someone who they are or how they identify.

**********Formulated hard query**********

Someone stated it is someone’s own decision.
The acronym DEI stands for something.
Karine Jean-Pierre stated in a certain way.

**********Claims for medium query**********

Donald Trump asked Rachel Scott if she was with ABC.
Kamala Harris is the first Black vice president.
Donald Trump stated that it was a disgrace for Rachel Scott to start a question-and-answer period in a certain manner.

**********Formulated medium query**********

Donald Trump asked Rachel Scott if she was with something.
Someone is the first Black vice president.
Donald Trump stated that it was in a certain state for Rachel Scott to start a question-and-answer period in a certain manner.

**********Claims for easy query**********

Kamala Harris’s campaign stated that Donald Trump lobbed personal attacks and insults at Black journalists.
Donald Trump claimed on Wednesday that Kamala Harris “happened to turn Black” a few years ago.
Donald Trump made these statements at the National Association of Black Journalists convention.

**********Formulated easy query**********

`Someone` stated that Donald Trump lobbed personal attacks and insults at Black journalists.
Donald Trump claimed `at a certain time` that Kamala Harris “happened to turn Black” a few years ago.
Donald Trump made these statements `at a certain event`.

**********Page content extracted**********

Title: George Clooney says Democrats need a new nominee just weeks after he headlined a major fundraiser for Biden
URL: https://edition.cnn.com/2024/07/10/politics/george-clooney-joe-biden/index.html
Content: # George Clooney says Democrats need a new nominee just weeks after he headlined a major fundraiser for Biden

Video 
\- Source:

Video 

\- Source:

Video 

\- Source:

Video 

\- Source:

Video 

\- Source:

Video 

\- Source:

Video 

\- Source:

Video

**********Extracted claims**********

George Clooney called on President Joe Biden to withdraw from the presidential race on Wednesday.
George Clooney had been among President Joe Biden's biggest supporters in Hollywood.
George Clooney had been among President Joe Biden's biggest donors in Hollywood.
George Clooney headlined a major fundraiser for Joe Biden's reelection campaign weeks before calling for his withdrawal.
George Clooney expressed his love for Joe Biden in a New York Times opinion piece.
George Clooney considers Joe Biden a friend.
George Clooney believes in Joe Biden.
George Clooney's statements were published in a New York Times opinion piece.
George Clooney stated that the Joe Biden he observed at the June 15 fundraiser was different from the Joe Biden of 2010.
George Clooney stated that the Joe Biden he observed at the June 15 fundraiser was different from the Joe Biden of 2020.
Former President Barack Obama was present at the June 15 fundraiser.
George Clooney stated that the Joe Biden he observed at the fundraiser was the same man witnessed at the June 27 presidential debate.
Joe Biden had a faltering performance at the June 27 presidential debate on CNN.
Joe Biden had a disastrous performance at the June 27 presidential debate on CNN.
George Clooney has interacted with President Joe Biden privately.
The White House has attributed Joe Biden's debate performance to a cold.
The White House has attributed Joe Biden's debate performance to a tiring travel schedule.
The Biden campaign has attributed Joe Biden's debate performance to a cold.
The Biden campaign has attributed Joe Biden's debate performance to a tiring travel schedule.
George Clooney is a movie star.
George Clooney is a prominent donor.
George Clooney has spent time with Joe Biden over the years.
George Clooney has consistently been a big fan of Joe Biden.
George Clooney visited Joe Biden at the White House during Biden's early days as vice president.
George Clooney had an extended visit with Joe Biden to discuss helping Darfur.
George Clooney is friendly with Barack Obama.
George Clooney and Joe Biden have maintained contact over the years.
Joe Biden criticized the International Criminal Court’s May decision to issue an arrest warrant for Israeli Prime Minister Benjamin Netanyahu.
Amal Clooney, George Clooney's wife, is an international human rights lawyer.
Amal Clooney was a key part of crafting the International Criminal Court’s May decision regarding Benjamin Netanyahu.
George Clooney contacted a top White House adviser to express a complaint regarding the ICC's decision.
George Clooney did not withdraw his support for Joe Biden after the ICC decision.
George Clooney did not withdraw his participation in the June fundraiser after the ICC decision.
Joe Biden strongly criticized the International Criminal Court’s efforts.
Many Democratic supporters in Hollywood view George Clooney as a guiding figure due to his involvement and advocacy.
George Clooney's past standing with Joe Biden helped gather support from a broader range of donors.
George Clooney's past standing with Joe Biden helped gather support from a broader range of celebrities.
Joe Biden's campaign referred to a letter President Biden wrote to members of Congress when asked for comment on Wednesday.
Joe Biden's letter to members of Congress on Monday indicated his intention to remain in the presidential race.
George Clooney's opinion piece is the most significant defection against Joe Biden in Hollywood.
The Democratic Party has historically depended on Hollywood for high-profile support.
The Democratic Party has historically depended on Hollywood for financial contributions.
Several Democrats in Congress have publicly requested Joe Biden to withdraw.
Concerns about Joe Biden's age have been cited as a reason for calls for his withdrawal.
Concerns about Joe Biden's mental acuity have been cited as a reason for calls for his withdrawal.
The fundraiser headlined by George Clooney collected $28 million for Joe Biden's reelection campaign.
The $28 million raised was the largest amount ever collected for the Democratic Party from a single event in history.
The Los Angeles fundraiser occurred on June 15.
The June 15 fundraiser took place immediately after Joe Biden's travel to the G7 summit in Italy.
George Clooney's availability dictated the date of the Los Angeles fundraiser.
Joe Biden has attributed his poor performance at the June 27 presidential debate to intense travel prior to the debate.
In his opinion piece, George Clooney urged specific Democrats to ask Joe Biden to voluntarily withdraw.
The Democrats named by George Clooney include Senate Majority Leader Chuck Schumer.
The Democrats named by George Clooney include House Minority Leader Hakeem Jeffries.
The Democrats named by George Clooney include former House Speaker Nancy Pelosi.
George Clooney warned that Joe Biden would not win the November election as president.
Lawmakers George Clooney spoke with privately share his view that Joe Biden would not win in November.
George Clooney stated that the country should hear from other politicians considered potential replacements for Joe Biden.
Potential replacements for Joe Biden mentioned by George Clooney include Maryland Gov. Wes Moore.
Potential replacements for Joe Biden mentioned by George Clooney include Vice President Kamala Harris.
Potential replacements for Joe Biden mentioned by George Clooney include Michigan Gov. Gretchen Whitmer.
Potential replacements for Joe Biden mentioned by George Clooney include California Gov. Gavin Newsom.
Potential replacements for Joe Biden mentioned by George Clooney include Kentucky Gov. Andy Beshear.
Potential replacements for Joe Biden mentioned by George Clooney include Illinois Gov. J.B. Pritzker.
George Clooney wrote that "the dam has broken" regarding Joe Biden's campaign.
The US is hosting a NATO conference this week.
The NATO conference is taking place near the White House.
George Clooney's opinion piece appeared during a crucial week for Joe Biden's reelection campaign.
Divisions are increasing within the Democratic support for Joe Biden.
At least ten members of Congress from the Democratic Party have publicly asked Joe Biden to step down from the ticket.
Organizers for at least one Chicago fundraiser scheduled during the Democratic National Convention decided not to proceed with a mid-August event.
The decision not to proceed with the fundraiser was reported by CNN on Wednesday.
Organizers for the Chicago fundraiser paused planning discussions until after the July 4 holiday.
The host committee for the Chicago fundraiser decided not to proceed with the event this week, citing a disagreement over how to proceed due to eroding support for Joe Biden’s candidacy.
The canceled Chicago fundraiser was intended as a lunch for wealthy residents.
The canceled event was one of many fundraising events planned alongside the Democratic National Convention.
A spokesperson for the Joe Biden campaign stated that the canceled event was not part of their official fundraising schedule.
Rob Reiner, another prominent Hollywood Democrat, has also called for President Joe Biden to withdraw.
Rob Reiner is a surrogate for Joe Biden.
Rob Reiner attended a fundraiser with Kamala Harris after Joe Biden's debate.
Rob Reiner stated that democracy faces an existential threat.
Rob Reiner posted his statement on social media platform X on Wednesday.
Rob Reiner's post linked to George Clooney's op-ed.
Rob Reiner began calling for Joe Biden to step down earlier in the week.
Rob Reiner wrote a statement on Sunday.
Rob Reiner stated that Joe Biden has served the United States effectively with honor, decency, and dignity.
Actor Michael Douglas stated on Wednesday that George Clooney made a valid point.
Michael Douglas and his wife, Catherine Zeta Jones, hosted a fundraiser for Joe Biden in New York in April.
Michael Douglas expressed deep concern regarding the situation.
Michael Douglas made his comments on ABC’s “The View”.
Joe Biden is participating in high-stakes meetings with NATO allies on Wednesday.
Joe Biden will hold a solo news conference on Thursday.
The news conference on Thursday will be Joe Biden's first solo news conference since the June 27 presidential debate.

**********Claims for hard query**********

The Los Angeles fundraiser occurred on June 15.
The canceled Chicago fundraiser was intended as a lunch for wealthy residents.
The US is hosting a NATO conference this week.

**********Formulated hard query**********

The Los Angeles fundraiser occurred on something.
The canceled Chicago fundraiser was intended as something for wealthy residents.
Something is hosting a NATO conference this week.

**********Claims for medium query**********

George Clooney is a prominent donor.
George Clooney visited Joe Biden at the White House during Biden's early days as vice president.
Joe Biden had a faltering performance at the June 27 presidential debate on CNN.

**********Formulated medium query**********

George Clooney is **in a certain state** donor.
George Clooney visited **someone** at the White House during Biden's early days as vice president.
Joe Biden had a **in a certain way** performance at the June 27 presidential debate on CNN.

**********Claims for easy query**********

In his opinion piece, George Clooney urged specific Democrats to ask Joe Biden to voluntarily withdraw.
George Clooney called on President Joe Biden to withdraw from the presidential race on Wednesday.
George Clooney's opinion piece appeared during a crucial week for Joe Biden's reelection campaign.

**********Formulated easy query**********

In his opinion piece, George Clooney urged someone to ask Joe Biden to voluntarily withdraw.
George Clooney called on President Joe Biden to act in a certain way on Wednesday.
George Clooney's opinion piece appeared during a crucial week for something.

**********Page content extracted**********

Title: South Korea to mass produce lasers that can take out drones at $1.50 a hit
URL: https://edition.cnn.com/2024/07/11/asia/south-korea-antidrone-lasers-intl-hnk-ml
Content: # South Korea to mass produce lasers that can take out drones at $1.50 a hit

—

South Korea is beginning the mass production of a low-cost laser weapon that has successfully shot down small drones during testing, the country’s key arms agency said Thursd

**********Extracted claims**********

South Korea is beginning the mass production of a low-cost laser weapon.
The low-cost laser weapon has successfully shot down small drones during testing.
The laser weapon is named Block-I.
Block-I can precisely strike small unmanned aerial vehicles and multicopters at close range.
Each shot fired by the Block-I weapon will cost approximately $1.50.
The Block-I unit measures 9 meters by 3 meters by 3 meters (29.5 feet by 9.8 feet by 9.8 feet).
The Block-I weapon fires laser rays that are difficult or impossible to detect before impact.
The Block-I weapon is invisible.
The Block-I weapon is noiseless.
The Block-I weapon does not require separate ammunition.
The Block-I weapon can be operated only when electricity is supplied.
South Korea’s Defense Acquisition Program Administration (DAPA) will develop a laser anti-aircraft weapon system called Block-II.
The Block-II system will have improved output and range compared to the Block-I system.
Small drones have demonstrated the ability to disable or destroy multimillion-dollar military hardware, including tanks.
Militaries have typically responded to low-cost drones with defensive systems costing tens of thousands of dollars per strike.
The Block-I weapon has been in development for five years.
More than $63 million has been invested in the development of the Block-I weapon.
The Korea Institute for Defense Analyses led the development of the Block-I system.
Hanwha Aerospace participated in the development of the Block-I system.
The Block-I system was evaluated as suitable for combat in April 2023.
The Block-I system achieved 100% success in shooting down targets during live-fire tests.
South Korea is the first country to publicly acknowledge it will deploy a mass-produced laser weapon.
Britain has showcased a new laser weapon.
Britain's military claims its new laser weapon could provide lethal missile or aircraft defense.
The cost per shot for Britain's new laser weapon is approximately $13.
No possible deployment date has been announced for Britain's new laser weapon.
The US Navy successfully tested a high-energy laser system in 2022.
The US Navy's 2022 test involved targeting a cruise missile with the laser system.
The US Navy has no plan to deploy its tested high-energy laser system to warfighters.

**********Claims for hard query**********

The Block-I weapon does not require separate ammunition.
The Block-I weapon can be operated only when electricity is supplied.
The Block-I unit measures 9 meters by 3 meters by 3 meters (29.5 feet by 9.8 feet by 9.8 feet).

**********Formulated hard query**********

The Block-I weapon does not require something.
The Block-I weapon can be operated only in a certain way.
The Block-I unit measures something.

**********Claims for medium query**********

The US Navy's 2022 test involved targeting a cruise missile with the laser system.
Each shot fired by the Block-I weapon will cost approximately $1.50.
The Block-I weapon fires laser rays that are difficult or impossible to detect before impact.

**********Formulated medium query**********

The US Navy's 2022 test involved targeting **something** with the laser system.
Each shot fired by the Block-I weapon will cost approximately **a certain amount**.
The Block-I weapon fires laser rays that are **in a certain way** before impact.

**********Claims for easy query**********

South Korea is beginning the mass production of a low-cost laser weapon.
The low-cost laser weapon has successfully shot down small drones during testing.
South Korea is the first country to publicly acknowledge it will deploy a mass-produced laser weapon.

**********Formulated easy query**********

Someone is beginning the mass production of a low-cost laser weapon.
The low-cost laser weapon has successfully shot down something during testing.
South Korea is the first country to publicly acknowledge it will deploy a weapon in a certain state.

**********Page content extracted**********

Title: Israeli strike targeting a top Hezbollah military leader takes region to the brink of all-out war
URL: https://edition.cnn.com/2024/07/30/middleeast/fuad-shukr-israel-strike-hezbollah-analysis-intl-latam
Content: # Israeli strike targeting a top Hezbollah military leader takes region to the brink of all-out war

Video 
\- Source:
—

Israel says it has killed Hezbollah’s most senior military official, Fu’ad Shukr, in a drone strike in the southern suburbs of Beirut

**********Extracted claims**********

Israel states it killed Fu’ad Shukr.
Fu’ad Shukr was identified by Israel as Hezbollah’s most senior military official.
The drone strike targeting Fu’ad Shukr occurred in the southern suburbs of Beirut.
The southern suburbs of Beirut are a populous neighborhood.
The southern suburbs of Beirut are a stronghold for Hezbollah.
Hezbollah is an Iran-backed group.
Mustafa Badreddine was Hezbollah’s top commander in 2016.
Mustafa Badreddine was killed in Syria in 2016.
Hezbollah has not confirmed Fu’ad Shukr’s death.
Fu’ad Shukr was a senior military adviser to Hezbollah’s Secretary General Hassan Nasrallah.
Fu’ad Shukr was considered Hassan Nasrallah’s right-hand man.
Fu’ad Shukr was a member of the jihad council.
The US government offered a $5 million reward for information about Fu’ad Shukr and his whereabouts.
The strike described as targeting Fu’ad Shukr represents the most serious Israeli escalation since confrontations between Hezbollah and Israel began.
Confrontations between Hezbollah and Israel began on October 8.
Israel states the strike targeting Fu’ad Shukr was retaliation for a deadly strike in Majdal Shams.
Majdal Shams is an Israeli-occupied town in the Golan Heights.
Israel blamed Hezbollah for the strike in Majdal Shams.
Hezbollah denied Israel’s claim regarding responsibility for the Majdal Shams strike.
Hassan Nasrallah has repeatedly threatened to strike Tel Aviv.
Nasrallah’s threats are in response to any Israeli strike on Beirut.
Hezbollah possesses an arsenal of precision-guided rockets and bombs.
Hezbollah’s rockets and bombs have payloads of up to 500 kg.
Hezbollah is supported by a region-wide axis of Iran-backed fighters.
The Houthis in Yemen are Iran-backed fighters.
The Popular Mobilization Units in Iraq are Iran-backed fighters.
Tehran considers Hezbollah the "crown jewel" of its network of non-state fighters.
Tehran has warned of "severe consequences" in case of an Israeli escalation in Lebanon.
Lebanon’s Foreign Minister Abdullah Bou Habib stated his belief that any attack on the southern suburb of Beirut would lead to war.
Neither Hezbollah nor Israel desires an all-out war.
The US is attempting to prevent an escalation of conflict.
The US is attempting to secure a diplomatic solution.
Hezbollah has vowed to continue fighting in confrontations.
Hezbollah’s vow to fight continues until a ceasefire in Gaza.

**********Claims for hard query**********

Mustafa Badreddine was killed in Syria in 2016.
Fu’ad Shukr was a member of the jihad council.
The Popular Mobilization Units in Iraq are Iran-backed fighters.

**********Formulated hard query**********

Someone was killed in Syria in 2016.
Fu’ad Shukr was a member of something.
The Popular Mobilization Units in Iraq are in a certain state.

**********Validation Result**********

subquestion 'The Popular Mobilization Units in Iraq are in a certain state.' is NOT supported by the context.
<reject> The content mentions the Popular Mobilization Units in Iraq as part of a "region-wide axis of Iran-backed fighters" that support Hezbollah. However, it does not describe their current "state" (e.g., active, on alert, disbanded, strengthening, etc.). </reject>

**********Claims for medium query**********

The southern suburbs of Beirut are a stronghold for Hezbollah.
Israel states it killed Fu’ad Shukr.
Hezbollah possesses an arsenal of precision-guided rockets and bombs.

**********Formulated medium query**********

The southern suburbs of Beirut are in a certain state.
Israel states it killed someone.
Hezbollah possesses something.

**********Claims for easy query**********

The strike described as targeting Fu’ad Shukr represents the most serious Israeli escalation since confrontations between Hezbollah and Israel began.
Nasrallah’s threats are in response to any Israeli strike on Beirut.
Neither Hezbollah nor Israel desires an all-out war.

**********Formulated easy query**********

The strike described as targeting `someone` represents the most serious Israeli escalation since confrontations between Hezbollah and Israel began.
Nasrallah’s threats are `in a certain way` any Israeli strike on Beirut.
Neither Hezbollah nor Israel desires `something`.

**********Page content extracted**********

Title: Latinos represent nearly a third of new HIV diagnoses in the US, CDC data shows
URL: https://edition.cnn.com/2024/07/02/health/latino-new-hiv-diagnosis-rates-reaj
Content: # Latinos represent nearly a third of new HIV diagnoses in the US, CDC data shows

—

When Félix Hernandez learned that he had HIV, he had no one to lean on. In the years since his diagnosis, he found a way to support other people who may be feeling alone

**********Extracted claims**********

Latinos or Hispanic people represent less than 20% of the United States population.
Latinos or Hispanic people accounted for nearly one-third of new HIV diagnoses in the US in 2022.
The latest figures on new HIV diagnoses in 2022 were released by the US Centers for Disease Control and Prevention (CDC).
Hispanic people have the second highest rate of new HIV diagnoses among all racial and ethnic groups.
There were approximately 19 new HIV diagnoses for every 100,000 Hispanic people.
The rate of new HIV diagnoses for Hispanic people is nearly double the national rate.
New HIV diagnoses among Hispanic people are rising quickly.
New HIV diagnoses overall across the US remained relatively steady between 2018 and 2022.
New HIV diagnoses among Latinos or Hispanic people increased by 19% between 2018 and 2022.
Black people had the highest share of HIV diagnoses in 2022.
New HIV cases among Black people have fallen in recent years.
New HIV cases among Black people decreased by nearly 6% since 2018.
The uninsured rate among Hispanic or Latino people was nearly 18% in 2021.
The uninsured rate among Hispanic or Latino people was among the highest in the nation in 2021 compared to other racial and ethnic groups.
An estimated 8.6% of the overall US population was uninsured in 2021.
The US Census Bureau conducted a survey regarding uninsured rates in 2021.
In 2022, Latino men who have sex with men accounted for more new HIV diagnoses than any other race or ethnicity.
CDC data supports the claim regarding new HIV diagnoses among Latino men who have sex with men in 2022.
Entre Hermanos reports an uptick of HIV cases in the Seattle area in recent years, parallel to the growth of the Latino population there.
A decade ago, medical case managers at Entre Hermanos supported an average of 10 individuals.
The number of clients supported by Entre Hermanos's medical case managers has grown to nearly 200.
Entre Hermanos provides services including HIV testing, HIV medical case management, support groups, and access to pre-exposure prophylaxis (PrEP).
PrEP is a medication.
PrEP, when used as prescribed, decreases a person’s risk of getting HIV from sex or injection drug use by approximately 99%.
The US Centers for Disease Control and Prevention (CDC) states the efficacy of PrEP.
A 2021 CDC report stated that awareness of PrEP and referrals to PrEP providers among Latinos tested for HIV at CDC-funded sites in 2019 was low.
Awareness of PrEP and referrals to PrEP providers among Latinos tested for HIV in 2019 was low compared to their White counterparts.
Leandro Ariel Guilamo-Ramos stated that ending the HIV epidemic requires an increased focus on the Latino community.
Guilamo-Ramos presented nine actions to address the HIV epidemic.
The actions proposed by Guilamo-Ramos include the equitable distribution of resources to the Latino community, the elimination of barriers to care, and the building of a "Latino HIV workforce."

**********Claims for hard query**********

The US Census Bureau conducted a survey regarding uninsured rates in 2021.
PrEP is a medication.
An estimated 8.6% of the overall US population was uninsured in 2021.

**********Formulated hard query**********

Someone conducted a survey regarding uninsured rates in 2021.
Something is a medication.
An estimated a certain percentage of the overall US population was uninsured in 2021.

**********Claims for medium query**********

The latest figures on new HIV diagnoses in 2022 were released by the US Centers for Disease Control and Prevention (CDC).
Black people had the highest share of HIV diagnoses in 2022.
New HIV cases among Black people have fallen in recent years.

**********Formulated medium query**********

The latest figures on new HIV diagnoses in 2022 were released by a certain organization.
A certain group had the highest share of HIV diagnoses in 2022.
New HIV cases among Black people have changed in a certain way.

**********Claims for easy query**********

Latinos or Hispanic people accounted for nearly one-third of new HIV diagnoses in the US in 2022.
New HIV diagnoses among Latinos or Hispanic people increased by 19% between 2018 and 2022.
In 2022, Latino men who have sex with men accounted for more new HIV diagnoses than any other race or ethnicity.

**********Formulated easy query**********

Latinos or Hispanic people accounted for something.
New HIV diagnoses among Latinos or Hispanic people increased by a certain percentage between 2018 and 2022.
In 2022, a certain group accounted for more new HIV diagnoses than any other race or ethnicity.

**********Page content extracted**********

Title: Beryl strengthens into the earliest Category 5 Atlantic hurricane on record after devastating Windward Islands
URL: https://edition.cnn.com/2024/07/01/weather/hurricane-beryl-caribbean-landfall-monday
Content: # Beryl strengthens into the earliest Category 5 Atlantic hurricane on record after devastating Windward Islands

Video 
\- Source:

Video 

\- Source:

Video 

\- Source:

Video 

\- Source:

Video 

\- Source:

Video 

\- Source:

Video 

\- Source:

Vi

**********Extracted claims**********

Hurricane Beryl has strengthened into a Category 5 Atlantic hurricane.
Hurricane Beryl is the earliest Category 5 Atlantic hurricane on record.
Hurricane Beryl is currently powering across the Caribbean.
Hurricane Beryl brought devastation to the Windward Islands.
At least one person is dead in the Windward Islands due to Hurricane Beryl.
Hurricane Beryl's intensity marks the second time an Atlantic hurricane reached Category 5 status in July.
Hurricane Emily reached Category 5 status on July 17, 2005.
The National Hurricane Center (NHC) provided information on Beryl's intensity and previous Category 5 storms in July.
Hurricane Beryl's maximum sustained winds are near 160 mph.
Hurricane Beryl has gusts higher than 160 mph.
The NHC expects Beryl to remain near major hurricane intensity as it moves into the central Caribbean.
The NHC expects Beryl to pass near Jamaica on Wednesday.
Hurricane Beryl made landfall on Grenada’s Carriacou Island in the Caribbean Sea.
Hurricane Beryl's landfall occurred shortly after 11:00 a.m. EDT.
Hurricane Beryl had maximum winds of 150 mph at landfall.
Hurricane Beryl is the strongest known hurricane to pass through the Grenadines.
Data from NOAA, dating back to 1851, supports Beryl's status as the strongest known hurricane to pass through the Grenadines.
Grenada Prime Minister Dickon Mitchell reported widespread destruction and devastation in Carriacou and Petite Martinique.
Carriacou was flattened in half an hour.
There were no immediate reports of death or injury in Grenada.
At least one death was reported in St. Vincent and the Grenadines.
Hundreds of homes and buildings have been damaged in St. Vincent and the Grenadines.
Prime Minister Ralph Gonsalves announced the damages and fatalities in St. Vincent and the Grenadines.
Parts of St. Vincent and the Grenadines had no water or electricity as of Monday night.
Hurricane Beryl left immense destruction, pain, and suffering across St. Vincent and the Grenadines.
Union Island was devastated.
Reports indicate that 90% of houses on Union Island have been severely damaged or destroyed.
Approximately 95% of Grenada has lost power due to Hurricane Beryl.
Telecommunications across Grenada are down.
Some individuals in Grenada have lost internet service.
All schools and businesses in Grenada are closed.
Grenada's airport is closed.
Only hospitals and the national police force in Grenada are operational.
Grenada's airport reported a sustained wind speed of 92 mph.
Grenada's airport reported a wind gust of 121 mph.
Hurricane Beryl's arrival marks an exceptionally early start to the Atlantic hurricane season.
Hurricane Beryl became the earliest Category 4 hurricane on record in the Atlantic Ocean.
Hurricane Beryl is the only Category 4 hurricane to form in the month of June.
Abnormally warm ocean waters facilitated Hurricane Beryl’s strengthening.
The ocean is currently as warm as it would normally be at the peak of hurricane season.
Hurricane Beryl was located 510 miles east-southeast of Isla Beata in the Dominican Republic as of Monday evening.
Hurricane Beryl had sustained winds of 160 mph as of Monday evening.
Hurricane Beryl was moving to the west-northwest at 22 mph as of Monday evening.
Hurricane Beryl's hurricane-force winds extend 40 miles from its center.
Hurricane Beryl's tropical-storm-force winds extend about 125 miles.
The NHC forecasts Hurricane Beryl’s center to move away from the southern Windward Islands Monday night.
The NHC forecasts Hurricane Beryl’s center to move across the southeastern and central Caribbean Sea through Tuesday.
The NHC forecasts Hurricane Beryl to pass near Jamaica on Wednesday.
The NHC expects hurricane conditions to reach the coast of Jamaica by Wednesday.
Tropical storm warnings are in effect for the south coast of the Dominican Republic from Punta Palenque westward to the border with Haiti.
Tropical storm warnings are in effect for the south coast of Haiti from the border with the Dominican Republic to Anse-d’Hainault.
Over 400 people were housed in hurricane shelters across Barbados on Sunday night.
A state of emergency was declared in Grenada by Governor General Cécile La Grenade on Sunday night.
The state of emergency in Grenada will remain in effect until Tuesday morning.
All businesses in Grenada have closed, with the exception of the police force, hospitals, prisons, waste disposal, and ports.
Airports in Barbados, Grenada, and Saint Lucia were closed on Sunday night.
The Grantley Adams International Airport in Barbados has halted operations.
St. Lucia’s Hewanorra International Airport has halted operations.
St. Lucia’s George Charles Airport has halted operations.
Barbados is hosting cricket fans who traveled for the T20 World Cup.
The hurricane center stated that storm surge could raise water levels by 3 to 5 feet above normal tide levels along the immediate coast of Jamaica in areas of onshore winds.
The hurricane center noted that large swells from Hurricane Beryl will continue in the Windward and southern Leeward Islands for the next couple of days.
The hurricane center expects swells to reach the southern coasts of Puerto Rico and Hispaniola late tonight into Tuesday.
The hurricane center expects these swells to cause life-threatening surf and rip current conditions.
Tropical Storm Chris made landfall near Tuxpan, Mexico.
The landfall of Tropical Storm Chris occurred early Monday.
Hurricane Beryl is the earliest major hurricane in the Atlantic in 58 years.
A major hurricane is defined as Category 3 or higher.
Hurricane Beryl’s rapid intensification is very atypical this early into hurricane season.
National Hurricane Center Director Mike Brennan stated that Beryl's rapid intensification is very atypical this early into hurricane season.
It is rare for tropical systems to form in the central Atlantic east of the Lesser Antilles in June.
Only a handful of tropical systems have formed in the central Atlantic east of the Lesser Antilles in June.
NOAA records support the rarity of such formations.
Hurricane Beryl is the Atlantic Ocean’s third-earliest major hurricane.
Hurricane Alma was the earliest major hurricane in the Atlantic, forming on June 8, 1966.
Hurricane Audrey reached major hurricane status on June 27, 1957.
Hurricane Beryl has set the record for the easternmost hurricane to form in the Tropical Atlantic in June.
A previous record for the easternmost hurricane in the Tropical Atlantic in June was set in 1933.
The central and eastern Atlantic traditionally become more active in August.
Ocean temperatures in the central and eastern Atlantic typically warm by August, fueling developing systems.
The Atlantic basin has seen above-normal water temperatures this year.
The Atlantic basin has seen a lack of wind shear this year.
The lack of wind shear and above-normal water temperatures in the Atlantic basin are due to the transition from El Niño season to La Niña season.
Above-normal water temperatures and a lack of wind shear are fuel for tropical development.
Hurricane Beryl has found an environment with very warm ocean waters for this time of year.
Research from Phil Klotzbach indicates that systems forming early in the summer in this part of the Atlantic are a sign of a hyperactive hurricane season to come.
Ocean temperatures are normally not warm enough in June and July for tropical systems to thrive.
National Weather Service forecasters predict 17 to 25 named storms this hurricane season.
National Weather Service forecasters predict that as many as 13 named storms will become hurricanes this season.
National Weather Service forecaster predictions are well above average, according to Mike Brennan.

**********Claims for hard query**********

Only hospitals and the national police force in Grenada are operational.
Union Island was devastated.
All businesses in Grenada have closed, with the exception of the police force, hospitals, prisons, waste disposal, and ports.

**********Formulated hard query**********

Only certain entities in Grenada are operational.
A certain place was devastated.
All businesses in Grenada have closed, with the exception of certain entities.

**********Claims for medium query**********

The ocean is currently as warm as it would normally be at the peak of hurricane season.
The hurricane center expects swells to reach the southern coasts of Puerto Rico and Hispaniola late tonight into Tuesday.
Only a handful of tropical systems have formed in the central Atlantic east of the Lesser Antilles in June.

**********Formulated medium query**********

The ocean is currently in a certain state.
The hurricane center expects swells to reach a certain place late tonight into Tuesday.
Only a handful of tropical systems have formed in a certain region in June.

**********Claims for easy query**********

Hurricane Beryl's arrival marks an exceptionally early start to the Atlantic hurricane season.
Hurricane Beryl is the Atlantic Ocean’s third-earliest major hurricane.
Hurricane Beryl’s rapid intensification is very atypical this early into hurricane season.

**********Formulated easy query**********

Hurricane Beryl's arrival marks an Atlantic hurricane season beginning in a certain way.
Hurricane Beryl is the Atlantic Ocean’s something.
Hurricane Beryl’s something is very atypical this early into hurricane season.

**********Page content extracted**********

Title: Vermont’s Peter Welch becomes first Democratic senator to call for Biden to step aside
URL: https://edition.cnn.com/2024/07/10/politics/peter-welch-democratic-senators-biden
Content: # Vermont’s Peter Welch becomes first Democratic senator to call for Biden to step aside

—

Vermont Sen. Peter Welch on Wednesday became the first Democratic senator to call on President Joe Biden to step aside as the party’s presidential nominee.

“The 

**********Extracted claims**********

Senator Peter Welch, a Democrat from Vermont, became the first Democratic senator to call on President Joe Biden to step aside as the party’s presidential nominee.
Senator Welch's call was published in a Washington Post op-ed.
Senator Welch expressed great respect for President Joe Biden in his op-ed.
Senator Welch stated that President Joe Biden's debate performance was disastrous.
Senator Welch stated that President Joe Biden needs to reassess whether he is the best candidate for the presidency.
Senator Welch expressed his view that President Joe Biden is not the best candidate.
Senator Welch called on President Joe Biden to withdraw from the race for the good of the country.
Senator Welch described Vice President Kamala Harris as a capable and proven leader.
Senator Welch stated that the Democratic party has other electable, young, and energizing Democratic governors and senators in swing states.
Senator Welch's comments make him the 10th congressional Democrat to call on President Joe Biden to step aside.
The other nine congressional Democrats who called on President Joe Biden to step aside were former colleagues of Senator Welch in the House.
Senator Michael Bennet, a Democrat from Colorado, became the first Democratic senator to publicly state he does not believe President Joe Biden is capable of winning reelection.
Senator Michael Bennet did not call for President Joe Biden to withdraw.
Senator Michael Bennet stated that Donald Trump is on track to win the election.
Senator Michael Bennet stated that Donald Trump might win the election by a landslide.
Senator Michael Bennet stated that Donald Trump might take the Senate and the House with him if he wins.
Senator Michael Bennet made these statements to CNN’s Kaitlan Collins.
Senator Jon Tester, a Democrat from Montana, raised concerns about President Joe Biden’s ability to win.
Senator Sherrod Brown, a Democrat from Ohio, raised concerns about President Joe Biden’s ability to win.
Senators Jon Tester and Sherrod Brown are identified as the two most vulnerable incumbent senators facing reelection.
Senators Tester and Brown raised their concerns during a Senate Democratic lunch.
CNN previously reported about the concerns raised by Senators Tester and Brown.
Vermont is considered a deep blue state.
Senator Welch alluded to Vermont being a deep blue state in his op-ed.
Senator Welch stated in his op-ed that Vermont loves Joe Biden.
President Joe Biden and Vice President Kamala Harris received a larger vote percentage in Vermont than in any other state.
Senator Welch stated that regular Vermonters are worried that President Joe Biden cannot win this time.
Senator Welch stated that regular Vermonters are terrified of another Trump presidency.

**********Claims for hard query**********

Senators Tester and Brown raised their concerns during a Senate Democratic lunch.
Senators Jon Tester and Sherrod Brown are identified as the two most vulnerable incumbent senators facing reelection.
CNN previously reported about the concerns raised by Senators Tester and Brown.

**********Formulated hard query**********

Senators Tester and Brown raised their concerns in a certain place.
Senators Jon Tester and Sherrod Brown are identified in a certain state.
Someone previously reported about the concerns raised by Senators Tester and Brown.

**********Claims for medium query**********

Senator Welch stated that the Democratic party has other electable, young, and energizing Democratic governors and senators in swing states.
Senator Jon Tester, a Democrat from Montana, raised concerns about President Joe Biden’s ability to win.
Senator Welch's call was published in a Washington Post op-ed.

**********Formulated medium query**********

Senator Welch stated that the Democratic party has other electable, young, and energizing Democratic governors and senators in something.
Someone, a Democrat from Montana, raised concerns about President Joe Biden’s ability to win.
Senator Welch's call was published in something.

**********Claims for easy query**********

Senator Peter Welch, a Democrat from Vermont, became the first Democratic senator to call on President Joe Biden to step aside as the party’s presidential nominee.
Senator Welch called on President Joe Biden to withdraw from the race for the good of the country.
Senator Welch's comments make him the 10th congressional Democrat to call on President Joe Biden to step aside.

**********Formulated easy query**********

Senator Peter Welch, a Democrat from Vermont, became `a certain political figure` to call on President Joe Biden to step aside as the party’s presidential nominee.
Senator Welch called on `someone` to withdraw from the race for the good of the country.
Senator Welch's comments make him `a certain number of people` to call on President Joe Biden to step aside.

**********Page content extracted**********

Title: Ethiopia landslide death toll reaches 257 as UN warns it could surpass 500
URL: https://edition.cnn.com/2024/07/25/africa/ethiopia-landslide-deaths-reach-257-intl
Content: # Ethiopia landslide death toll reaches 257 as UN warns it could surpass 500

—

The death toll from devastating landslides in southern Ethiopia has climbed to more than 250 and could rise as high as 500, the UN warned, citing local authorities.

The land

**********Extracted claims**********

The death toll from landslides in southern Ethiopia has climbed to more than 250.
The death toll from the landslides in southern Ethiopia could potentially rise as high as 500.
The United Nations warned about the potential death toll, citing local authorities.
Landslides impacted thousands of people in Ethiopia's Gofa Zone.
The landslides in Gofa Zone occurred on a Sunday and a Monday.
The landslides are the deadliest ever reported in Ethiopia.
Ethiopia is Africa’s second most populous country.
Individuals affected by the landslides are at high risk of further landslides.
Affected individuals require immediate evacuation to safe zones.
At least 1,320 children under 5 years of age are among the affected population.
At least 5,293 pregnant and lactating women are among the affected population.
The UN’s humanitarian agency OCHA stated that affected individuals are at high risk and require evacuation.
The Ethiopian government is finalizing an evacuation plan.
Residents and volunteers are digging through mud in search of survivors.
Ethiopia is prone to landslides during its rainy season.
Geological surveys indicate Ethiopia's susceptibility to landslides during the rainy season.
Floods triggered by heavy rains have displaced thousands of people in various parts of Ethiopia, including the southern region.
The UN Office for the Coordination of Humanitarian Affairs (OCHA) reported on the displacement caused by floods.
At least 43 people died from floods and landslides in the previous year.
OCHA reported these fatalities in November of the previous year.

**********Claims for hard query**********

At least 1,320 children under 5 years of age are among the affected population.
Residents and volunteers are digging through mud in search of survivors.
Affected individuals require immediate evacuation to safe zones.

**********Formulated hard query**********

At least some number of children under 5 years of age are among the affected population.
Residents and volunteers are acting in a certain way in search of survivors.
Affected individuals require immediate evacuation to a certain place.

**********Claims for medium query**********

The landslides in Gofa Zone occurred on a Sunday and a Monday.
The United Nations warned about the potential death toll, citing local authorities.
The UN’s humanitarian agency OCHA stated that affected individuals are at high risk and require evacuation.

**********Formulated medium query**********

The landslides in something occurred on a Sunday and a Monday.
The United Nations warned about the potential death toll, citing someone.
The UN’s humanitarian agency something stated that affected individuals are at high risk and require evacuation.

**********Claims for easy query**********

The death toll from landslides in southern Ethiopia has climbed to more than 250.
The death toll from the landslides in southern Ethiopia could potentially rise as high as 500.
The landslides are the deadliest ever reported in Ethiopia.

**********Formulated easy query**********

The death toll from landslides in southern Ethiopia has climbed to a certain amount.
The death toll from the landslides in southern Ethiopia could potentially rise to a certain extent.
The landslides are in a certain state in Ethiopia.

**********Page content extracted**********

Title: The US held off sanctioning this Israeli army unit despite evidence of abuses. Now its forces are shaping the fight in Gaza
URL: https://edition.cnn.com/2024/07/13/middleeast/israel-gaza-netzah-yehuda-human-rights-abuses-investigation-intl
Content: # The US held off sanctioning this Israeli army unit despite evidence of abuses. Now its forces are shaping the fight in Gaza

—

Former commanders of the Netzah Yehuda battalion, an Israeli military unit that has been accused by the United States of gros

**********Extracted claims**********

A CNN investigation found that former commanders of the Netzah Yehuda battalion have been promoted to senior positions in the Israel Defense Forces (IDF).
Former commanders of the Netzah Yehuda battalion are active in training Israeli ground troops.
Former commanders of the Netzah Yehuda battalion are running operations in Gaza.
A CNN investigation included whistleblower testimony from a former soldier of the Netzah Yehuda unit.
The whistleblower described a command within the Netzah Yehuda unit that encouraged a culture of violence.
US State Department investigations identified a culture of violence within the Netzah Yehuda unit.
In April, the US State Department determined that five Israeli security units committed gross violations of human rights prior to the outbreak of the war with Hamas in Gaza.
The US State Department stated that four of these five units had "effectively remediated" or reformed themselves.
The US State Department was still deciding whether to restrict US military assistance to the Netzah Yehuda battalion.
The Netzah Yehuda battalion was originally created to accommodate ultra-Orthodox Jews in the military.
News of potential US assistance withholding from an Israeli military unit triggered a furious response from top Israeli officials, including Prime Minister Benjamin Netanyahu.
US Secretary of State Antony Blinken told House Speaker Mike Johnson that the US was working with Israel to identify a path to effective remediation for the Netzah Yehuda battalion.
The letter from US Secretary of State Antony Blinken did not name the unit.
Current and former US officials confirmed that Blinken was referring to Netzah Yehuda.
Netzah Yehuda has been accused of a string of abuses in the Israeli-occupied West Bank over the last 10 years.
Accusations against Netzah Yehuda include involvement in the death of a 78-year-old Palestinian-American man in 2022.
CNN found that three former commanders of the Netzah Yehuda battalion have risen through the ranks of the IDF.
These three former commanders were in charge of Netzah Yehuda at the time of alleged abuses in the West Bank.
A former member of the Netzah Yehuda unit detailed instances of cruel and excessively violent treatment of Palestinians in the Israeli-occupied West Bank.
The whistleblower stated that commanders actively supported vigilante violence.
The whistleblower stated that the Netzah Yehuda unit was well known for carrying out "collective punishment of Palestinians."
The former soldier stated that the battalion’s commanders played a key role in perpetuating a culture of violence by standing by as it happened and promoting it.
The IDF stated that the Netzah Yehuda battalion "operates in a professional and ethical manner."
The IDF stated that its soldiers and commanders "act according to the orders and protocols expected of soldiers in the IDF."
The IDF stated that it investigates "every exceptional incident" and takes command and disciplinary measures against those involved when appropriate.
Current and former US officials revealed intense frustrations within the Biden administration regarding perceived special treatment that Israel receives from the US concerning human rights violations by its security forces.
The US determined that four of the five Israeli units under scrutiny were remediated based on Israel taking steps to bring responsible service members to justice.
Israeli military veterans from Breaking the Silence stated that the IDF often scapegoats junior soldiers or officers.
A US State Department spokesperson stated that experts concluded several Israeli security force units were credibly implicated in gross violations of human rights (GVHRs).
For four of the implicated Israeli security force units, the Israeli government had taken effective steps to bring those responsible to justice.
All US security assistance to Israel is provided consistent with domestic and international law.
The five Israeli units were not the only ones the State Department had been examining.
A special State Department panel reached unanimous consensus that three additional units were guilty of abuses prior to October 7.
Incidents involving the three additional units include the alleged killing of Ahmad Jamil Fahd by the Israeli police counterterrorism unit Yamam near Ramallah in May 2021.
Incidents involving the three additional units include the alleged killing of Bedouin man Sanad Salaam al-Harbad by the Israel Border Police in Rahat in March 2022.
Incidents involving the three additional units include the alleged rape of a 15-year-old boy by an interrogator from the Israeli Internal Security Forces in Jerusalem in January 2021.
Josh Paul stated there was no basis to suggest that the Yamam, the Israel Border Police, and Internal Security Forces connected to the Moscobiyya detention center had reformed.
The Moscobiyya rape allegation was believed to be credible and was raised with Israel’s government.
Two of the units, Yamam and Israel Border Police, have been linked to deadly incidents after October 7.
The Yamam unit was involved in Israel’s hostage rescue operation in Nuseirat refugee camp in northern Gaza on June 8.
The Nuseirat operation freed four Israelis.
Local health authorities state that the Nuseirat operation killed more than 270 Palestinians and injured over 700.
The IDF disputes the casualty numbers from the Nuseirat operation, claiming casualties were "under 100."
The Israel Border Police shot and killed a 3-year-old Palestinian girl in the occupied West Bank in January.
The Israel Border Police shot and killed a 12-year-old Palestinian boy in occupied East Jerusalem in March.
The US is the largest supplier of weapons to Israel.
US military assistance has helped shape Israel’s operations in Gaza.
Hamas militants killed approximately 1,200 Israelis and kidnapped more than 250 people in October 2023.
Israel’s assault on Gaza has killed more than 38,000 Palestinians, according to local health authorities.
US President Joe Biden has called for the war to end.
The Biden administration has continued to supply Israel with billions of dollars’ worth of weapons.
The Leahy law, authored by former Sen. Patrick Leahy, was enacted in 1997.
The Leahy law prohibits the US from providing assistance to any foreign security units credibly implicated in human rights violations.
Under the Leahy law, the State Department vets both the unit and its commander when assistance is designated for an entire unit.
The Netzah Yehuda battalion was created by the Israeli military in 1999 for ultra-Orthodox Jews.
The Netzah Yehuda battalion was created to accommodate stringent religious practices like the separation of men and women.
The Netzah Yehuda battalion has attracted religious nationalists from the West Bank settler movement.
The Netzah Yehuda battalion forms part of the Kfir Brigade.
The Kfir Brigade is the largest infantry brigade in the IDF.
A widely reported incident involving the Netzah Yehuda battalion was the death of 78-year-old Palestinian-American man Omar Assad in January 2022.
Omar Assad was detained in his home village of Jiljilya in the occupied West Bank.
Omar Assad was held gagged and with his hands tied by Netzah Yehuda soldiers.
Netzah Yehuda soldiers left Omar Assad unresponsive before his death.
An autopsy report determined that Omar Assad died from a heart attack after he was detained.
An IDF investigation concluded that Omar Assad's death resulted from "a moral failure and poor decision-making on the part of the soldiers."
The IDF reprimanded Netzah Yehuda commander Lt. Col. Mati Shevach after the Assad incident.
The IDF removed the platoon commander and company commander from their positions for two years after the Assad incident.
No criminal charges were brought against the soldiers involved in the Assad incident.
The military stated there was no causal link found between Assad’s death and the soldiers' conduct.
Current and former US officials stated that the Assad case reflects a broader trend of cases examined by the US.
Charles Blaha stated that the State Department has never made an independent determination of a gross violation of human rights by an Israeli unit.
Lt. Col. Mati Shevach was promoted to deputy commander of the Kfir Brigade after his command of Netzah Yehuda ended in August 2022.
Lt. Col. Mati Shevach is training soldiers who are about to enter combat.
Lt. Col. Mati Shevach is running drills for Israeli forces at the military’s Urban Warfare Training Center in Tze’elim military base.
Two other commanders who oversaw Netzah Yehuda during alleged abuses in the occupied West Bank were also promoted.
Lt. Col. Nitai Okashi oversaw the Netzah Yehuda battalion from 2018 to 2020.
In January 2019, Netzah Yehuda soldiers were captured on video beating and taunting a Palestinian father and son after their arrest in the occupied West Bank.
Four Netzah Yehuda soldiers were later convicted of aggravated abuse for the January 2019 incident.
In October 2019, 14 Netzah Yehuda soldiers were arrested for assaulting Bedouin men at a gas station in the West Bank.
Lt. Col. Nitai Okashi has been promoted into a number of commanding roles in the IDF since leaving the battalion.
Lt. Col. Nitai Okashi has operated in Gaza as the commander of the Jerusalem Brigade since the beginning of the war.
The IDF announced a further promotion for Lt. Col. Nitai Okashi in March.
Lt. Col. Uri Levy was in charge of Netzah Yehuda from 2014 to 2016.
In October 2015, a Netzah Yehuda soldier was indicted for allegedly administering electric shocks to Palestinian suspects in two separate incidents.
Lt. Col. Uri Levy was promoted to work in the Kfir Brigade after leaving Netzah Yehuda.
Lt. Col. Uri Levy retired from the military in 2023.
Lt. Col. Uri Levy regularly appears on Israeli talk shows as a pundit.
The IDF stated that soldiers involved in the 2015 and 2019 events had been indicted, and military courts had imposed prison sentences along with additional punishments.
Netzah Yehuda had been stationed in the occupied West Bank since its inception.
In late 2022, Netzah Yehuda was reassigned to the Israeli-controlled Golan Heights.
The IDF stated the reassignment was an extended operational deployment.
US Secretary of State Antony Blinken wrote that the reassignment was an acknowledgment that the battalion had "engaged in conduct inconsistent with IDF rules."
Netzah Yehuda soldiers have been fighting in Gaza since the start of the war.
On April 16, under the leadership of Lt. Col. Shlomo Shiran, Netzah Yehuda was involved in an operation at the Mahdiyya Al-Shawwa school in Beit Hanoun, northern Gaza.
Thousands of displaced Palestinians were sheltering at the Mahdiyya Al-Shawwa school.
Eyewitnesses stated that soldiers surrounded the school and "fired excessively" on the complex.
Eyewitnesses stated that soldiers forced men to strip naked before detaining them at the school.
The IDF stated that intelligence indicated Hamas fighters were in the area of the Mahdiyya Al-Shawwa school.
A voice note allegedly recorded by Palestinians inside the school captured panic and gunshots as the attack unfolded.
A video posted on social media showed a Palestinian man forced to strip naked in front of an IDF tank.
A former Netzah Yehuda soldier stated that he heard about soldiers being rewarded with two weeks off for killing a terrorist.
The IDF stated that the claim of soldiers being rewarded with early leave for killing terrorists was "false and baseless."

**********Claims for hard query**********

US President Joe Biden has called for the war to end.
Thousands of displaced Palestinians were sheltering at the Mahdiyya Al-Shawwa school.
The Leahy law, authored by former Sen. Patrick Leahy, was enacted in 1997.

**********Formulated hard query**********

*   The US held off sanctioning `a certain unit` despite evidence of abuses.
*   Former commanders of `a certain battalion` have been promoted to senior positions in the Israel Defense Forces (IDF).
*   Among `certain findings` was rare whistleblower testimony from a former soldier of the unit.
*   In April, `a certain department` said that it had determined five Israeli security units had committed gross violations of human rights prior to the outbreak of the war with Hamas in Gaza.
*   The department said that four of the units had `in a particular manner`, or reformed themselves, in the wake of those violations.
*   The Netzah Yehuda battalion was originally created to accommodate `certain people` in the military.
*   The news that the US might withhold assistance from the Israeli military unit triggered a furious response at the time from top Israeli officials, including `someone`.
*   In a letter obtained by CNN, `a certain official` told House Speaker Mike Johnson that the US was working with Israel “on identifying a path to effective remediation” for the Netzah Yehuda battalion.
*   Using `a certain technology` and other open-source techniques, CNN has found that three former commanders of the Netzah Yehuda battalion – who were in charge of the unit at the time of alleged abuses in the West Bank – have risen through the ranks of the IDF.
*   CNN has spoken with a former member of the unit, who detailed instances of `in a certain state` of Palestinians in the occupied West Bank.
*   The whistleblower said that commanders actively supported `a certain action` and that promoting them into senior IDF positions risked bringing the same culture to other parts of the military.
*   The former soldier, who asked not to be named due to fears about his security, told CNN that the unit was well known for carrying out what he described as `a certain process`.
*   Responding to CNN’s request for comment on the allegations of abuse by Netzah Yehuda, the IDF said that the battalion “operates `in a certain way`.”
*   In the course of its month-long investigation, CNN spoke with several current and former US officials, who revealed the intense frustrations within `a certain administration` at the perceived special treatment that Israel receives from the US when it comes to addressing human rights violations by its security forces.
*   The US determined that four of the five Israeli units under scrutiny were remediated on the basis that Israel had taken steps to `in a certain manner` responsible service members.
*   Israeli military veterans from `a certain group`, an anti-occupation advocacy group, told CNN that the IDF often scapegoats junior soldiers or officers.
*   `a certain spokesperson` told CNN that they do not discuss the circumstances of individual cases, but its experts had “concluded that several Israeli security force units were credibly implicated in gross violations of human rights (GVHRs).”
*   Only Blinken or `another official` can make a final determination on whether units remain eligible to receive US military assistance and it is unclear if the matter has come before them.
*   The incidents include the killing of `a person`, who was allegedly shot by forces from the Israeli police counterterrorism unit, the Yamam, near Ramallah, in the occupied West Bank, in May 2021.
*   The killing of a Bedouin man identified as `an individual`, who was allegedly shot by the Israel Border Police in the southern Israeli city of Rahat in March 2022.
*   The alleged rape of a 15-year-old boy by an interrogator from `a security force` at the Russian Compound (Moscobiyya detention center) in Jerusalem in January 2021.
*   `a former director`, who as a former director in the State Department’s political-military affairs bureau spent more than 11 years working on US defense diplomacy, security and weapons assistance before resigning in October 2023 over the transfer of arms to Israel.
*   Paul had previously referenced the Moscobiyya rape allegation in an interview with CNN’s `a certain journalist`.
*   The Yamam was involved in Israel’s hostage rescue operation in `a certain location`, in northern Gaza, on June 8.
*   `a police force` shot and killed a 3-year-old Palestinian girl in the occupied West Bank in January and a 12-year-old Palestinian boy in occupied east Jerusalem in March.
*   The US is by far `a certain supplier` to Israel, and its military assistance has helped shape Israel’s operations in Gaza.
*   Nine months since `a certain group of people` killed around 1,200 Israelis and kidnapped more than 250 people, Israel’s assault on Gaza has killed more than 38,000 Palestinians.
*   Paul told CNN that Israel’s prosecution of the war in Gaza would look far different if the US had enforced legislation known as `a certain legislation`.
*   The 1997 law, named for `a former senator` who authored the legislation, prohibits the US from providing assistance to any foreign security units that are credibly implicated in human rights violations.
*   Under the Leahy law, in cases where an entire unit is designated to receive assistance, `a government department` vets not only the unit but also its commander.
*   `a former director of an office`, the former director of the State Department’s Office of Security and Human Rights, and also a former member of the Israel Leahy Vetting Forum, said that the panel pays “special attention” to commanders.
*   The Netzah Yehuda battalion was created by the Israeli military in `a certain year` for ultra-Orthodox Jews.
*   Since it was established, the battalion has also attracted `some groups of people` from the West Bank settler movement.
*   One of the most shocking and widely reported incidents involving the Netzah Yehuda battalion was the death of `an elderly man`.
*   `another person` was held gagged and with his hands tied for a period before being freed and left unresponsive by soldiers from the unit.
*   An autopsy report determined that Assad had died from `a certain condition` after he was detained.
*   The IDF investigation concluded that the incident resulted from `a certain failure` and poor decision-making on the part of the soldiers.
*   Following the initial probe, the IDF said that it would reprimand the commander of Netzah Yehuda – `a specific commander` – and remove the platoon commander and company commander from their positions.
*   To date, the only incidents in which the US has implicated Israeli units in `certain violations` were cases in which Israeli courts had already ruled.
*   Shevach, Netzah Yehuda’s commander at the time of Assad’s death, was promoted to the role of deputy commander of `a certain brigade`.
*   Shevach has been running drills for Israeli forces at the military’s Urban Warfare Training Center, a mock city in Tze’elim military base in `a certain desert`.
*   In an October interview with `a certain broadcaster` at the center, Shevach explained how he was readying soldiers to fight Hamas.
*   CNN found that `some commanders` who oversaw Netzah Yehuda – also known as the 97th Battalion of the Kfir Infantry Brigade – at the time of alleged abuses in the occupied West Bank were also promoted.
*   `a military officer` oversaw the Netzah Yehuda battalion from 2018 to 2020.
*   In January 2019, soldiers from his unit were captured on video beating and taunting `a family unit` after their arrest in the occupied West Bank.
*   Okashi, according to `certain reports`, asked the judge for mercy, saying the soldiers had learned their lesson.
*   In another incident, in October 2019, 14 soldiers from his unit were arrested, according to the Israeli military, after they were caught on video assaulting `some men` at a gas station in the West Bank.
*   Since leaving the battalion, Okashi has been promoted into `certain roles` in the IDF.
*   He has operated in Gaza since the beginning of the war as the commander of `a certain military unit`.
*   `another military officer` was in charge of Netzah Yehuda from 2014 to 2016.
*   During that time, a Netzah Yehuda soldier was indicted for abuse under aggravated circumstances by `a certain court` in Israel.
*   After leaving `a specific military unit`, Levy was promoted to work in the Kfir Brigade.
*   Levy retired from the military in 2023 and now regularly appears on `certain media` as a pundit.
*   In April, when news broke that the US could be poised to sanction Netzah Yehuda, he told `a certain channel`: “Anyone looking to find some kind of flaw in an IDF unit like this can find it, and I suggest looking at the glass half full.”
*   The IDF said in a statement to CNN that the claim soldiers are rewarded with early leave for `a violent act` was “false and baseless.”
*   In late 2022, Netzah Yehuda, which had been stationed in the occupied West Bank since its inception, was reassigned to the Israeli-controlled `a certain area`.
*   On April 16, under the leadership of then-commander `a former commander`, Netzah Yehuda was involved in an operation at the Mahdiyya Al-Shawwa school in Beit Hanoun, in northern Gaza.
*   Eyewitnesses said that the soldiers surrounded the school, “fired excessively” on the complex and forced men to `an action` before detaining them.
*   A `a certain recording` allegedly recorded by Palestinians inside the school as the attack unfolded, obtained by CNN, captured panic as the civilians remained trapped inside and gunshots rang out.
*   A video posted on social media showed `a man` forced to strip naked in front of an IDF tank.
*   That Netzah Yehuda has been allowed to fight in Gaza after having been pulled from the occupied West Bank in the wake of `certain incidents` is “ironic” and concerning.
*   In the rare interview, he told CNN that he has felt compelled to speak out about the `certain treatment` by the force after reflecting on his time as a soldier.
*   After he joined the unit at age 19, he recalled, he heard about soldiers being rewarded for `violent acts`.
*   `a contributor` and Jennifer Hansler contributed to this report.
*   `the President` has called for the war to end.
*   Thousands of displaced Palestinians were sheltering at `a certain school`.
*   The Leahy law, authored by former Sen. Patrick Leahy, was enacted in `a specific year`.

**********Validation Result**********

subquestion '*   The former soldier, who asked not to be named due to fears about his security, told CNN that the unit was well known for carrying out what he described as `a certain process`.' is NOT supported by the context.
<reject> The provided content states that the former soldier told CNN the unit was well known for carrying out what he described as "the collective punishment of Palestinians," not "a certain process." </reject>

**********Validation Result**********

subquestion '*   Responding to CNN’s request for comment on the allegations of abuse by Netzah Yehuda, the IDF said that the battalion “operates `in a certain way`.”' is NOT supported by the context.
<reject> The content states that the IDF said the battalion “operates in a professional and ethical manner,” not that it “operates `in a certain way`.” </reject>

**********Validation Result**********

subquestion '*   The IDF investigation concluded that the incident resulted from `a certain failure` and poor decision-making on the part of the soldiers.' is NOT supported by the context.
<reject> The provided text states that "The IDF investigation concluded that the incident resulted from “a moral failure and poor decision-making on the part of the soldiers.”" The information provided states "a certain failure," which is not the same phrase as "a moral failure." </reject>

**********Claims for medium query**********

In late 2022, Netzah Yehuda was reassigned to the Israeli-controlled Golan Heights.
The Netzah Yehuda battalion has attracted religious nationalists from the West Bank settler movement.
Lt. Col. Uri Levy was in charge of Netzah Yehuda from 2014 to 2016.

**********Formulated medium query**********

Something was reassigned to the Israeli-controlled Golan Heights in late 2022.
The Netzah Yehuda battalion has attracted religious nationalists from a certain place.
Someone was in charge of Netzah Yehuda from 2014 to 2016.

**********Claims for easy query**********

A CNN investigation included whistleblower testimony from a former soldier of the Netzah Yehuda unit.
A former member of the Netzah Yehuda unit detailed instances of cruel and excessively violent treatment of Palestinians in the Israeli-occupied West Bank.
A CNN investigation found that former commanders of the Netzah Yehuda battalion have been promoted to senior positions in the Israel Defense Forces (IDF).

**********Formulated easy query**********

A CNN investigation included something from a former soldier of the Netzah Yehuda unit.
A former member of the Netzah Yehuda unit detailed instances of treatment of Palestinians in the Israeli-occupied West Bank in a certain way.
A CNN investigation found that former commanders of the Netzah Yehuda battalion have been promoted to a certain role.

**********Page content extracted**********

Title: They used to work for China’s biggest companies. Now they’re doing manual labor
URL: https://edition.cnn.com/2024/07/20/economy/china-economy-employment-blue-collar-work-intl-hnk
Content: # They used to work for China’s biggest companies. Now they’re doing manual labor

Editor’s Note: Sign up for CNN’s Meanwhile in China newsletter which explores what you need to know about the country’s rise and how it impacts the world.
—

Leon Li used t

**********Extracted claims**********

Leon Li previously worked as an administrative officer at a large Chinese tech company.
As an administrative officer, Leon Li scheduled meetings, prepared documents, and provided support to her bosses.
Leon Li is currently cleaning homes.
Leon Li, aged 27, is part of a growing number of Chinese workers transitioning from high-pressure office jobs to flexible blue-collar work.
Many Chinese workers who are transitioning to blue-collar jobs previously worked for some of the largest companies in China.
Large Chinese companies are experiencing a decline in appeal to workers.
China's economy is facing challenges, including a property crisis, declining foreign investment, and slumping consumption.
China’s economy grew 4.7% year-on-year in the second quarter of 2024.
China's Q2 2024 economic growth did not meet economists’ expectations.
The 4.7% growth in China’s economy in Q2 2024 represents the weakest growth since the first quarter of 2023.
The National Bureau of Statistics (NBS) released data on China's Q2 2024 economic growth on a Monday.
Gruelingly long hours and shrinking resources have prompted employees to reconsider trading their time and health for higher pay.
Leon Li resides in Wuhan, a central Chinese metropolis.
The demand for housekeeping services is increasing due to improving living standards across China.
The market for housekeeping services is expanding.
Alice Wang, aged 30, previously worked for a leading Chinese live-streaming e-commerce platform.
Alice Wang earned 700,000 yuan ($96,310) annually in her previous job.
Alice Wang resigned from her job in April.
Alice Wang moved from Hangzhou to Chengdu.
Hangzhou is described as a picturesque tech hub.
Chengdu is described as a more laidback city.
Rent is cheaper in Chengdu than in Hangzhou.
Alice Wang is currently engaged in pet grooming.
China's "996" work culture involves working from 9 a.m. to 9 p.m. six days a week.
The "996" work culture is common among China's tech companies, startups, and other private businesses.
The "996" work culture has been a factor in many employees' decisions to resign.
There is a surging demand for blue-collar workers in China.
The Chinese recruitment platform Zhaopin reported the surging demand for blue-collar workers.
The trend of individuals moving from professional to manual jobs occurs alongside the surging demand for blue-collar workers.
Demand for blue-collar jobs, including food delivery workers, truck drivers, waiters, and technicians, increased 3.8 times in the first quarter of 2024 compared to the first quarter of 2019.
Demand for delivery workers grew by 800%.
The growth in demand for delivery workers followed three years of Covid-related lockdowns.
Covid-related lockdowns contributed to the rise of a takeout food culture.
Blue-collar workers' pay has increased.
Increased pay for blue-collar workers is attracting more people to these jobs.
The average monthly salary for a delivery worker has increased by 45.3% since 2019.
The average monthly salary for a delivery worker increased from 5,581 yuan ($768) to 8,109 yuan ($1,116).
A survey reported the increase in the average monthly salary for a delivery worker.
The growth in online shopping has influenced the salary surge for delivery workers.
As the economy slows, corporate job positions for recent graduates have become more difficult to obtain.
The corporate job market is increasingly competitive.
The number of individuals under 25 who applied for blue-collar jobs in the first quarter of 2024 increased by 165% compared to the first quarter of 2019.
A survey found this increase in blue-collar job applications from individuals under 25.
China’s unemployment rate for individuals aged 16 to 24 was 21.3% in June 2023.
The National Bureau of Statistics (NBS) reported the 21.3% unemployment rate for 16-24 year olds in June 2023.
The NBS suspended the release of the 16-24 age group unemployment figure for several months.
The NBS adjusted its methodology for calculating the unemployment rate.
Chinese authorities resumed releasing youth unemployment data in January 2024.
The adjusted youth unemployment data excludes approximately 62 million students.
Authorities stated that students' main task should be studying rather than job seeking.
The jobless rate for prospective workers aged 16 to 24 years old, as reported by the NBS, has fluctuated between 14.2% and 15.3%.
Economists Larry Hu and Zhang Yuxiao of Macquarie authored a research report in 2023.
The 2023 report by Larry Hu and Zhang Yuxiao stated that China's services sector, private companies, and small and medium-sized enterprises were previously major sources of employment for young workers.
China's services sector, private companies, and small and medium-sized enterprises have been significantly affected by sluggish consumer demand.
There has been a mismatch between the types of graduates produced by universities and the actual needs of the job market.
China’s economy is transitioning towards advanced technology, green technology, and service industries.
University education in China largely continues to focus on manufacturing and public service.
Manufacturing and public service sectors are considered outdated or saturated.
University education has not adjusted to meet rapid changes in the structure of the economy.
A video showing a cafe drama circulated widely on Chinese social media.
The video clip showed a barista in Shanghai becoming angry at a customer who threatened to complain about him.
The barista threw coffee powder at the customer.
The barista incident initiated an online debate about the challenges faced by service industry workers.
Complaints or negative online reviews can be detrimental to businesses in China.
Many consumers in China closely follow recommendations on social media platforms like Xiaohongshu and Douyin.
Douyin is China’s version of TikTok.
Some internet users criticized the barista's behavior.
Many more internet users expressed sympathy for the barista.
Leon Li works six hours a day cleaning houses.
Leon Li works on a freelance basis.
Leon Li's experience in her cleaning work has been positive.

**********Claims for hard query**********

The NBS suspended the release of the 16-24 age group unemployment figure for several months.
The barista threw coffee powder at the customer.
The NBS adjusted its methodology for calculating the unemployment rate.

**********Formulated hard query**********

The NBS suspended the release of the 16-24 age group unemployment figure for a certain period.
The barista threw something at the customer.
The NBS adjusted its calculation in a certain way for the unemployment rate.

**********Claims for medium query**********

The number of individuals under 25 who applied for blue-collar jobs in the first quarter of 2024 increased by 165% compared to the first quarter of 2019.
Many more internet users expressed sympathy for the barista.
Many consumers in China closely follow recommendations on social media platforms like Xiaohongshu and Douyin.

**********Formulated medium query**********

The number of individuals under 25 who applied for blue-collar jobs in the first quarter of 2024 increased in a certain way compared to the first quarter of 2019.
Many more internet users expressed sympathy for someone.
Many consumers in China closely follow recommendations on certain platforms.

**********Claims for easy query**********

Leon Li, aged 27, is part of a growing number of Chinese workers transitioning from high-pressure office jobs to flexible blue-collar work.
The Chinese recruitment platform Zhaopin reported the surging demand for blue-collar workers.
There is a surging demand for blue-collar workers in China.

**********Formulated easy query**********

Someone is part of a growing number of Chinese workers transitioning from high-pressure office jobs to flexible blue-collar work.
Something reported the surging demand for blue-collar workers.
There is a surging demand for blue-collar workers in a certain place.

**********Page content extracted**********

Title: US-made munitions used in deadly Israeli strike on school complex near Khan Younis, CNN analysis finds
URL: https://edition.cnn.com/2024/07/10/middleeast/israel-us-munitions-school-strike-khan-younis-intl-latam
Content: # US-made munitions used in deadly Israeli strike on school complex near Khan Younis, CNN analysis finds

—

Israeli forces used US-made munitions in a deadly strike on a school complex that was housing displaced people near Khan Younis in southern Gaza, 

**********Extracted claims**********

Israeli forces used US-made munitions in a strike on a school complex near Khan Younis.
The school complex near Khan Younis was housing displaced people.
The strike occurred in southern Gaza.
A CNN analysis of video from the scene confirmed the use of US-made munitions.
At least 27 people were killed in the strike.
At least 53 people were injured in the strike.
The strike hit the gate of the Al-Mutanabbi school complex.
The Al-Mutanabbi school complex is also known locally as the Al-Awda Schools.
The Palestinian Ministry of Health in Gaza provided the casualty figures for the strike.
A remnant of a US-made GBU-39 small-diameter bomb (SDB) was visible in a video filmed at the scene.
Three explosive weapons experts reviewed the video and identified the remnant as the tail section of the munition.
Patrick Senft, a research coordinator at Armament Research Services (ARES), stated the remnant is consistent with a GBU-39-series tail actuation system.
Trevor Ball, a former US Army explosive ordnance disposal technician, stated the remnants were from a tail actuation section of an SDB/GBU-39.
Trevor Ball noted that part of the section was missing, showing a cutaway of the internals.
Israel stated it was targeting a Hamas operative in the strike.
The Israeli military stated it struck a terrorist from Hamas’ military wing using precise munition.
The Israeli military stated the targeted individual took part in the October 7 massacre.
CNN identified remnants of GBU-39 small-diameter bombs in two other Israeli strikes in recent months.
The GBU-39 is manufactured by Boeing.
Explosive weapons expert Chris Cobb-Smith stated that the GBU-39 is a high-precision munition.
Chris Cobb-Smith stated that the GBU-39 is designed to attack strategically important point targets.
Chris Cobb-Smith stated that the GBU-39 is designed to result in low collateral damage.

**********Claims for hard query**********

At least 53 people were injured in the strike.
The Al-Mutanabbi school complex is also known locally as the Al-Awda Schools.
Trevor Ball noted that part of the section was missing, showing a cutaway of the internals.

**********Formulated hard query**********

Something is also known locally as the Al-Awda Schools.
Someone noted that part of the section was missing, showing a cutaway of the internals.
At least 53 people were injured in something.

**********Claims for medium query**********

Chris Cobb-Smith stated that the GBU-39 is designed to attack strategically important point targets.
Three explosive weapons experts reviewed the video and identified the remnant as the tail section of the munition.
The strike occurred in southern Gaza.

**********Formulated medium query**********

Someone stated that the GBU-39 is designed to attack strategically important point targets.
Three explosive weapons experts reviewed the video and identified the remnant as a certain part of something.
The strike occurred in a certain place.

**********Claims for easy query**********

Israeli forces used US-made munitions in a strike on a school complex near Khan Younis.
CNN identified remnants of GBU-39 small-diameter bombs in two other Israeli strikes in recent months.
A CNN analysis of video from the scene confirmed the use of US-made munitions.

**********Formulated easy query**********

Someone used US-made munitions in a strike on a school complex near Khan Younis.
CNN identified something in two other Israeli strikes in recent months.
A CNN analysis of video from the scene indicated in a certain way the use of US-made munitions.

**********Page content extracted**********

Title: Dow closes more than 500 points lower and tech rout continues
URL: https://edition.cnn.com/2024/07/18/investing/markets-selloff-rate-cut-tech-stocks/index.html
Content: # Dow closes more than 500 points lower and tech rout continues

—

US stocks sold off broadly Thursday as Wall Street continued to shed tech stocks.

The Dow ended the day lower by 533 points, or 1.3%, retreating from a record high reached a day ago. The

**********Extracted claims**********

US stocks broadly sold off on Thursday.
Wall Street continued to shed tech stocks on Thursday.
The Dow closed 533 points lower on Thursday.
The Dow closed 1.3% lower on Thursday.
The Dow retreated from a record high reached on Wednesday.
The S&P 500 fell 0.8% on Thursday.
The Nasdaq Composite fell 0.7% on Thursday.
The Nasdaq Composite extended its losses on Thursday.
The Nasdaq Composite logged its worst day since 2022 on Wednesday.
Investors moved out of the Magnificent Seven tech stocks during the week of the article's publication.
The Magnificent Seven tech stocks powered the market to repeated record highs in the current year.
Cooling inflation data bolstered expectations for the Federal Reserve to begin cutting interest rates.
Stronger-than-expected retail sales data bolstered expectations for the Federal Reserve to begin cutting interest rates.
Shares of smaller companies began rallying the week prior to the article's publication.
Shares of smaller companies tend to do well in a lower-rate environment.
The rally in small company shares helped the Dow reach fresh highs.
Small-cap stocks pared back their gains in recent sessions.
The Russell 2000 fell 1.8% on Thursday.
The Russell 2000 tracks the performance of US small caps.
Shares of Nvidia are on pace to close the week lower.
Shares of Microsoft are on pace to close the week lower.
Shares of Meta Platforms are on pace to close the week lower.
Shares of Amazon are on pace to close the week lower.
Shares of Apple are on pace to close the week lower.
Shares of Alphabet are on pace to close the week lower.
Tesla shares are on track to end the week slightly higher.
Tech stocks took a hit during the week of the article's publication.
Bloomberg reported on Tuesday that the Biden administration is mulling plans to impose more sanctions on Chinese tech firms.
Bloomberg reported on Tuesday that the Biden administration is mulling plans to heighten semiconductor trade restrictions between the US and China.

**********Claims for hard query**********

Stronger-than-expected retail sales data bolstered expectations for the Federal Reserve to begin cutting interest rates.
The Russell 2000 tracks the performance of US small caps.
Cooling inflation data bolstered expectations for the Federal Reserve to begin cutting interest rates.

**********Formulated hard query**********

Stronger-than-expected retail sales data bolstered expectations for the Federal Reserve to begin **doing something**.
The Russell 2000 tracks the performance of **something**.
**Something** bolstered expectations for the Federal Reserve to begin cutting interest rates.

**********Claims for medium query**********

The Nasdaq Composite fell 0.7% on Thursday.
The S&P 500 fell 0.8% on Thursday.
Tesla shares are on track to end the week slightly higher.

**********Formulated medium query**********

The Nasdaq Composite fell by a certain amount on Thursday.
The S&P 500 fell by a certain amount on Thursday.
Tesla shares are on track to end the week in a certain state.

**********Claims for easy query**********

Wall Street continued to shed tech stocks on Thursday.
The Dow closed 533 points lower on Thursday.
The Dow closed 1.3% lower on Thursday.

**********Formulated easy query**********

Something continued to shed tech stocks on Thursday.
The Dow closed in a certain state on Thursday.
The Dow closed in a certain state on Thursday.

**********Page content extracted**********

Title: ‘It was magical:’ Remembering Greece’s miracle triumph at Euro 2004
URL: https://edition.cnn.com/2024/07/12/sport/greece-euro-2004-title-miracle-anniversary-spt-intl
Content: # ‘It was magical:’ Remembering Greece’s miracle triumph at Euro 2004

—

It’s been 20 years since Greece shocked the world by winning Euro 2004. It’s remains one of the most unlikely stories in sport.

The players, then, who delivered the miracle on that

**********Extracted claims**********

Greece won Euro 2004.
Greece's victory at Euro 2004 is considered one of the most unlikely stories in sport.
The players who won Euro 2004 for Greece are considered heroes.
Stelios Giannakopoulos was a star player and midfielder for Greece at Euro 2004.
Euro 2004 was Greece's first international soccer title.
Portugal was the host nation of Euro 2004.
Greece was considered an outsider at the start of Euro 2004.
Greece had previously defeated Portugal during Euro 2004.
The Euro 2004 final took place on July 4, 2004.
Greece beat Portugal in its opening group game at Euro 2004.
Greece achieved a draw against Spain at Euro 2004.
Greece won against Poland, France, and the Czech Republic at Euro 2004.
Greece lost only one game throughout the Euro 2004 tournament.
Greece's only loss at Euro 2004 was to Russia in its final group game.
The country of Greece came to a standstill to watch the Euro 2004 final.
The Greek team at Euro 2004 touched the hearts of the Greek population.
The love for the Greek team at Euro 2004 spread across the Greek diaspora.
George Tsitsonis is a Greek-American writer.
George Tsitsonis penned a book about the Greek team’s performances at Euro 2004.
Portugal's team at Euro 2004 included some of the greatest players at the time.
Luís Figo was in his prime at Euro 2004.
Deco was regarded as one of the best midfielders in the world at Euro 2004.
Cristiano Ronaldo was a young player starting to make his mark on the international stage at Euro 2004.
Stelios Giannakopoulos was a former English Premier League star.
The Greek players at Euro 2004 relied heavily on teamwork.
The Greek team at Euro 2004 formed a formidable defense.
The Greek team conceded just four goals during the Euro 2004 tournament.
The Greek team at Euro 2004 mastered the art of set-pieces.
The Greek team at Euro 2004 proved a constant threat from corners.
Greece scored the only goal of the Euro 2004 final.
Angelos Charisteas scored the goal for Greece in the Euro 2004 final.
Angelos Charisteas's goal was a header from a corner.
Angelos Charisteas's goal was scored in the 57th minute.
The celebrations following Greece's Euro 2004 victory are etched into folklore.
Fireworks lit up the Athens sky after Greece's Euro 2004 victory.
Thousands of fans flooded the streets of Athens to celebrate Greece's Euro 2004 victory.
A state of euphoria was felt by fans in the stadium, in Greece, and across the Greek diaspora after the Euro 2004 victory.
Prior to 2004, the Greek national team setup had been disjointed.
Prior to 2004, the Greek national squad had been considered serial underachievers.
Otto Rehhagel was the German coach of the Greek national team at Euro 2004.
The Euro 2004 victory was a cathartic moment for the Greek people.
Greece hosted the summer Olympic Games shortly after the Euro 2004 triumph.
The summer Olympic Games further united the Greek population.
Greece was plunged into economic chaos following the financial crisis in 2008.
The financial crisis of 2008 resulted in rampant unemployment across Greece.
The current Greek national team failed to qualify for this year’s European Championship.
The current Greek national team lost to Georgia in a penalty shootout in the play-off final for this year's European Championship.
Greece has not come close to matching its Euro 2004 heroics since then.

**********Claims for hard query**********

Angelos Charisteas's goal was a header from a corner.
George Tsitsonis is a Greek-American writer.
The financial crisis of 2008 resulted in rampant unemployment across Greece.

**********Formulated hard query**********

Someone's goal was in a certain way.
Someone is a Greek-American writer.
Something resulted in rampant unemployment across Greece.

**********Claims for medium query**********

Prior to 2004, the Greek national squad had been considered serial underachievers.
The Greek team conceded just four goals during the Euro 2004 tournament.
Greece was considered an outsider at the start of Euro 2004.

**********Formulated medium query**********

Greece's victory at Euro 2004 is considered one of the most in a certain state stories in sport.
The players delivered the miracle on a balmy night in something.
Someone was one of the stars who walked out for the Euro 2004 final.
The Greece midfielder says his team was confident it could defy all logic by winning the nation’s first international soccer title, with something standing in its way.
Greece was very much in a certain state at the start of the tournament.
Stelios Giannakopoulos tells something that he was so confident of victory before the final.
Greece had ripped up the rulebook on its miraculous run to the final on a certain date.
The love for the team had spread across a certain group of people.
Someone is a Greek-American writer who has penned a book about the team’s incredible performances at Euro 2004.
He was living in a certain place when Greece reached the final.
George Tsitsonis remembers watching the final in a certain way.
Portugal possessed something of the greatest players on the planet.
Someone was still in his prime during Euro 2004.
Someone was regarded as arguably the best midfielder in the world.
Someone was starting to make his mark on the international stage.
Giannakopoulos was facing the in a certain state Figo.
The Greek players formed a formidable defense which leaked something during the tournament.
Offensively the team also mastered the art of something.
Someone sparked jubilant scenes as his header rippled the back of the net in the 57th minute.
The celebrations that followed are now etched into folklore, with a sea of certain fans falling over themselves in the stands.
Tsitsonis and his wife were in a certain way to celebrate.
Fireworks lit up a certain city sky as thousands of fans flooded out onto streets.
Everybody was just in such a state of in a certain state.
Giannakopoulos believes that it was probably something that they were living.
Everyone included in that squad was in a certain state.
Prior to 2004, the national team setup had been in a certain state.
Under someone, everyone seemed to be pulling in the same direction.
The Euro 2004 triumph came shortly before the country hosted something.
The memories of that “magical Greek summer” were clung to during the difficult years that followed for the nation, as it was plunged into something.
The team’s Euro 2004 victory was further something of what the Greek people can do when they come together.
“If we stick together, we can make something happen. We can make wonders,” he says.
The current Greek national team failed to qualify for this year’s European Championship after losing to something in an agonising penalty shootout.
Greece has never come close to matching those heroics from 2004, perhaps in a certain way given the depth of quality throughout world soccer currently.
Spain and England will have the chance to produce a magical moment for their countries in the final of something.
The Greek national squad had been considered serial underachievers in a certain period.
A certain team conceded just four goals during the Euro 2004 tournament.
Greece was considered an outsider at a certain time.

**********Validation Result**********

subquestion 'The players delivered the miracle on a balmy night in something.' is NOT supported by the context.
<reject> The information states "The players delivered the miracle on a balmy night in something", implying an unspecified location. However, the content explicitly states the location: "The players, then, who delivered the miracle on that balmy night in Lisbon, Portugal, are still considered heroes to this day." </reject>

**********Validation Result**********

subquestion 'Everybody was just in such a state of in a certain state.' is NOT supported by the context.
<reject> The provided information states "Everybody was just in such a state of in a certain state," but the content of the webpage explicitly mentions "Everybody was just in such a state of euphoria, no matter whether you were in the stadium, in Greece, or across the Greek diaspora." The phrasing is similar, but the specific words "in a certain state" are not present. </reject>

**********Validation Result**********

subquestion 'Giannakopoulos believes that it was probably something that they were living.' is NOT supported by the context.
<reject> The information states that Giannakopoulos believes it was probably something they were living. The text attributes a similar quote, "I think even we knew at that time that this was probably a once in a lifetime thing that we were living," to George Tsitsonis, not Giannakopoulos. Giannakopoulos's beliefs are mentioned in other contexts, but not this specific one. </reject>

**********Validation Result**********

subquestion '“If we stick together, we can make something happen. We can make wonders,” he says.' is NOT supported by the context.
<reject> The information provided states: “If we stick together, we can make something happen. We can make wonders,” he says. The text, however, explicitly states: “If we stick together, we can make miracles happen. We can make wonders,” he says. The phrase "make something happen" is different from "make miracles happen". </reject>

**********Claims for easy query**********

The celebrations following Greece's Euro 2004 victory are etched into folklore.
The Euro 2004 victory was a cathartic moment for the Greek people.
The players who won Euro 2004 for Greece are considered heroes.

**********Formulated easy query**********

The celebrations following Greece's **something** are etched into folklore.
The Euro 2004 victory was **in a certain state** moment for the Greek people.
The players who won Euro 2004 for Greece are considered **in a certain way**.

**********Page content extracted**********

Title: ‘It is our new reality’: Kyiv welcomes its first fashion week since war began
URL: https://edition.cnn.com/2024/07/26/style/ukrainian-fashion-week-returns-war
Content: # ‘It is our new reality’: Kyiv welcomes its first fashion week since war began

—

The organizers of Ukrainian Fashion Week have announced the event’s 55th season in September will take place in Kyiv — the first time since Russia invaded the country on F

**********Extracted claims**********

Ukrainian Fashion Week's 55th season is scheduled for September.
The 55th season of Ukrainian Fashion Week will take place in Kyiv.
The upcoming 55th season marks the first time Ukrainian Fashion Week has been held in Kyiv since Russia's invasion began on February 24, 2022.
Approximately 50 brands are scheduled to participate in Ukrainian Fashion Week.
Participating brands will showcase their work through various mediums, including traditional runway shows, installations, presentations, and performances.
Most Ukrainian Fashion Week events will be held at the Mystetskyi Arsenal.
Mystetskyi Arsenal is Ukraine’s National Art and Culture Museum Complex.
A parade of designers and models will walk through Kyiv.
A press release states that the parade through Kyiv is a symbolic demonstration of unity.
Russian President Vladimir Putin ordered the invasion of Ukraine.
More than 30,000 Ukrainian soldiers have died in the conflict.
The UK Defense Ministry stated that over 70,000 Russian soldiers were likely killed or wounded in May and June 2024.
Authorities in Moscow are offering signing-on bonuses of approximately $22,000 to attract new recruits to fight in the conflict.
These bonuses are described as record-setting.
Protective measures will be implemented for all eventualities during Ukrainian Fashion Week.
Mystetskyi Arsenal is equipped with bomb shelters.
Guests attending Ukrainian Fashion Week will be asked to proceed to the bomb shelter if an air raid siren is heard.
A spokesperson for the event's public relations team expects local media, industry talent, and influencers to attend.
The UK’s Foreign, Commonwealth and Development Office advises against all travel to most of Ukraine, including Kyiv.
The US Department of State lists Ukraine as a “Level 4” travel advisory.
“Level 4” is the highest level on the US Department of State’s travel advisory scale.
The US Department of State warns citizens not to visit Ukraine due to armed conflict.
Organizers have been discussing the possibility of Ukrainian Fashion Week returning to Kyiv for six months.
Ivan Frolov is a Kyiv-born fashion designer.
Ivan Frolov is scheduled to exhibit in September's showcase.
Ukrainian designers will show their collections on home soil for the first time since the war began during this event.
Berlin, London, and Copenhagen have offered runways for Ukrainian designers at their respective fashion weeks for the past three seasons.
Ivan Frolov presented his Fall-Winter 2023 collection in London in February 2023.
This presentation was part of a group show.
Ksenia Schnaider and Paskal were other labels in this group show.
Each participating brand has agreed to make a donation to support a new palliative care unit in Kyiv.
The donated money will be used to purchase specific medical equipment.
The medical equipment is intended to help individuals with severe and incurable injuries.
Guests will have the opportunity to donate during the event.
Ivan Frolov was born in Kyiv.
Ivan Frolov travels and visits other countries with the support of the Minister of Culture and the Minister of Economy.
Ivan Frolov cannot leave the country for more than one month.

**********Claims for hard query**********

The medical equipment is intended to help individuals with severe and incurable injuries.
The donated money will be used to purchase specific medical equipment.
These bonuses are described as record-setting.

**********Formulated hard query**********

The organizers of Ukrainian Fashion Week have announced the event’s 55th season in September will take place in Kyiv — the first time since Russia invaded the country on `a certain date`.
Around `a certain number of brands` are scheduled to show via a variety of mediums, from traditional runway shows to installations, presentations and performances.
Most events will take place at `a certain place` — Ukraine’s National Art and Culture Museum Complex — while a parade of designers and models will walk through the city in “a symbolic demonstration of unity,” according to a press release.
Since Russian President Vladimir Putin ordered the invasion of neighboring country Ukraine almost three years ago, `a certain number of people` have died.
Lisa Ushcheka, head of international communications for Ukrainian Fashion Week, told `a certain organization` in a video call.
The Mystetskyi Arsenal, for example, where most shows will take place, is equipped with `something`.
`Someone`, a Kyiv-born fashion designer scheduled to exhibit in September’s showcase, added that the Ukrainian spirit has become evermore adaptable in the face of adversity.
For the past three seasons, `certain cities` have offered up runways at their respective fashion weeks specifically for Ukrainian designers who fled the country.
Each participating brand has agreed to make a donation in support of `a certain type of unit` in the city, monies that will be used to buy specific medical equipment to help those with severe and incurable injuries.
These bonuses are described `in a certain state`.

**********Claims for medium query**********

The US Department of State warns citizens not to visit Ukraine due to armed conflict.
Ivan Frolov is scheduled to exhibit in September's showcase.
Ivan Frolov was born in Kyiv.

**********Formulated medium query**********

The US Department of State warns citizens not to visit something due to armed conflict.
Someone is scheduled to exhibit in September's showcase.
Ivan Frolov was born in something.

**********Claims for easy query**********

The upcoming 55th season marks the first time Ukrainian Fashion Week has been held in Kyiv since Russia's invasion began on February 24, 2022.
Ukrainian designers will show their collections on home soil for the first time since the war began during this event.
Organizers have been discussing the possibility of Ukrainian Fashion Week returning to Kyiv for six months.

**********Formulated easy query**********

Something marks the first time Ukrainian Fashion Week has been held in Kyiv since Russia's invasion began on February 24, 2022.
Ukrainian designers will show their collections in a certain way for the first time since the war began during this event.
Organizers have been discussing the possibility of Ukrainian Fashion Week returning to Kyiv for something.

**********Page content extracted**********

Title: Toyota will put new engines into 100,000 Tundra trucks and Lexus SUVs
URL: https://edition.cnn.com/2024/07/26/business/toyota-recall-engine-replacement-tundra-trucks-lexus-suv
Content: # Toyota will put new engines into 100,000 Tundra trucks and Lexus SUVs

—

In early June, Toyota announced the recall of nearly 100,000 Tundra pickups and about 3,500 Lexus luxury SUVs to fix a problem that could cause their engines to lose power while d

**********Extracted claims**********

Toyota announced the recall of nearly 100,000 Tundra pickups.
Toyota announced the recall of about 3,500 Lexus luxury SUVs.
The recall addresses a problem that could cause vehicle engines to lose power while driving.
Toyota's solution for the issue is to replace the entire engine in the affected vehicles.
A total of 103,500 Toyota Tundra trucks and Lexus SUVs are subject to engine replacement.
The affected vehicles include 2022 model year Toyota Tundras.
The affected vehicles include 2023 model year Toyota Tundras.
The affected vehicles include 2022 model year Lexus LX 600s.
The affected vehicles include 2023 model year Lexus LX 600s.
Only regular gasoline-powered versions of the recalled Toyota Tundras and Lexus LX 600s are involved in the recall.
Hybrid versions of the recalled vehicles are not involved in the recall.
The Toyota Tundra is available in both gas-only and "iForce Max" hybrid versions.
In some of the recalled vehicles, debris from the manufacturing process may have been left inside the engine.
The debris inside the engine can lead to banging or popping noises.
The debris inside the engine can cause the engine to not run smoothly.
The debris inside the engine can cause the engine to stall altogether while driving.
Toyota dealers will perform the engine replacement.
Engine replacement will be performed at no cost to the vehicle owners.
It is unusual for an auto manufacturer to replace engines in a recall.
It is not unheard of for an auto manufacturer to replace engines in a recall.
In 2015, Hyundai recalled 470,000 Sonata models.
The 2015 Hyundai recall was for a problem similar to the Toyota recall issue.
During the 2015 recall, Hyundai stated that engines might need to be replaced in some of those Sonata cars.

**********Claims for hard query**********

The debris inside the engine can cause the engine to stall altogether while driving.
The debris inside the engine can cause the engine to not run smoothly.
The debris inside the engine can lead to banging or popping noises.

**********Formulated hard query**********

Something will put new engines into 100,000 Tundra trucks and Lexus SUVs.
In early June, Toyota announced the recall of nearly something and about 3,500 Lexus luxury SUVs to fix a problem that could cause their engines to lose power while driving.
The solution, it now says, is simply to replace the entire engine on each one of the something.
The vehicles involved are 2022 and 2023 model year Toyota Tundras and something.
Only regular gasoline-powered versions, not hybrids, are involved in something, according to Toyota.
In some of these vehicles, debris from the manufacturing process may have been left inside the engine where it can lead to banging or popping noises, the engine not running smoothly and even in a certain way while driving.
Toyota dealers will perform the engine replacement at in a certain way to the vehicles’ owners.
For instance, in 2015, Hyundai recalled something for a similar problem and, in that case, said that engines could have to be replaced in some of those cars.
Last year, Honda recalled something for a problem that could, in some cases, result in engines having to be replaced.
The debris inside the engine can cause the engine to stall altogether while in a certain way.
The debris inside the engine can cause the engine to be in a certain state.
The debris inside the engine can lead to something.

**********Validation Result**********

subquestion 'Toyota dealers will perform the engine replacement at in a certain way to the vehicles’ owners.' is NOT supported by the context.
<reject> The content explicitly states that "Toyota dealers will perform the engine replacement at no cost to the vehicles’ owners." However, it does not provide any information about *how* or "in a certain way" the engine replacement will be performed by the dealers. It only mentions who will do it and that there will be no cost to the owners. </reject>

**********Claims for medium query**********

The recall addresses a problem that could cause vehicle engines to lose power while driving.
During the 2015 recall, Hyundai stated that engines might need to be replaced in some of those Sonata cars.
It is unusual for an auto manufacturer to replace engines in a recall.

**********Formulated medium query**********

The recall addresses a problem that could cause vehicle engines to behave in a certain way while driving.
During the 2015 recall, someone stated that engines might need to be replaced in some of those Sonata cars.
It is in a certain state for an auto manufacturer to replace engines in a recall.

**********Claims for easy query**********

A total of 103,500 Toyota Tundra trucks and Lexus SUVs are subject to engine replacement.
Toyota announced the recall of nearly 100,000 Tundra pickups.
Only regular gasoline-powered versions of the recalled Toyota Tundras and Lexus LX 600s are involved in the recall.

**********Formulated easy query**********

A certain number of Toyota Tundra trucks and Lexus SUVs are subject to engine replacement.
Toyota announced the recall of a certain amount of Tundra pickups.
Only something of the recalled Toyota Tundras and Lexus LX 600s are involved in the recall.

**********Page content extracted**********

Title: How Japan’s newest yen note came from the Nepali mountains
URL: https://edition.cnn.com/2024/07/02/business/japan-yen-note-nepal-paperbush-intl-hnk
Content: # How Japan’s newest yen note came from the Nepali mountains

Video 
\- Source:

Video 

\- Source:

Video 

\- Source:

Video 

\- Source:

Video 

\- Source:

Video 

\- Source:

Video 

\- Source:

Video 

\- Source:

Video 

\- Source:

Video 

\- Sou

**********Extracted claims**********

New yen notes were stocked in ATMs across Japan.
The new yen notes are sourced from vibrant yellow flowering paperbush shrubs.
These shrubs grow on craggy Himalayan mountains in Nepal.
The yen notes underwent a long and complex journey before reaching Japanese consumers.
This journey involved months of labor.
This journey involved transport by land and air across thousands of kilometers.
The process of sourcing paperbush for yen notes offers a potential new source of income to communities in Nepal.
Nepal is described as one of the world's poorest countries.
Japan is described as one of the world's richest countries.
Japan has promoted increased digital payments in recent years.
Cash remains the primary payment method in Japan.
Japan lags behind other Asian countries, such as China, in cashless transactions.
China has become almost completely cashless.
Tadashi Matsubara, president of Kanpou, believes Nepal contributed to Japan’s economy.
Tadashi Matsubara, president of Kanpou, believes cash is fundamental to the Japanese economy.
Kanpou is the company that produces paper for the Japanese government.
Tadashi Matsubara believes Japan would not function without Nepal.
The process of producing yen notes from shrubs begins in Nepal at the foot of the Himalayas.
These areas in Nepal are near towns known as gateways to Mount Everest.
These towns have historically been known for reasons other than agriculture.
Mitsumata plants, also known as argeli or paperbush, flower in yellow on hillsides every spring in Nepal.
Mitsumata plants are native to the Himalayan range.
The bark of the mitsumata plant has long, strong fibers.
These fibers are suitable for making thin yet durable paper, according to the Kanpou website.
Mitsumata was previously grown domestically in Japan.
Domestic production of mitsumata in Japan has been slowly decreasing for years.
Producing mitsumata is considered hard work associated with the countryside.
People in Japan are increasingly relocating from rural areas to large cities like Tokyo to find employment.
This rural-to-urban migration results in shrinking villages and declining industries in Japan.
Tadashi Matsubara stated that the number of farmers producing paperbush is decreasing.
The diminishing rural population in Japan is exacerbated by Japan’s demographic crisis.
Japan's demographic crisis includes plummeting birth rates.
Tadashi Matsubara stated that there are no inheritors for paperbush farms due to the demographic situation.
Kanpou first visited Nepal in the 1990s as part of a charity program to assist farmers with well-digging.
During their visit, Kanpou discovered paperbush growing extensively on Nepali mountains.
Kanpou started instructing Nepali farmers on how to cultivate paperbush.
Initially, paperbush from Nepal was produced and exported in small amounts.
A shortage of Japanese paperbush became apparent in subsequent years.
Kanpou and Nepali farmers increased paperbush production.
Kanpou and Nepali farmers became the primary source for the yen bill's paper.
Tadashi Matsubara described the paperbush production process as protracted.
Farmers plant paperbush seedlings in early summer.
Farmers harvest paperbush branches in the fall.
Farmers spend several months processing the bark by steaming, peeling, washing, and drying it.
Raw paperbush material is ready in the winter.
The raw paper is sent to Kathmandu, Nepal.
The raw paper is driven from Kathmandu to Kolkata, India.
The raw paper is transported by ship from Kolkata to Yokohama, Japan.
After inspection, the paper is further processed by the National Printing Bureau.
The paper is printed by the National Printing Bureau.
The paper is cut into cash by the National Printing Bureau.
The National Printing Bureau is located in Odawara city, Japan.
The new yen bills have several new features, according to the Bank of Japan.
These new features include hologram portraits.
The hologram portraits depict prominent historical figures.
The purpose of the hologram portraits is to prevent counterfeiting.
The portrait heads in the holograms appear to turn when the bill is moved.
Other countries have used holograms on currency previously.
The use of hologram portraits on the new yen bills is a first, according to the central bank.
Other features of the new yen bills include parts printed in pearl ink.
Other features of the new yen bills include parts printed in luminescent ink.
Other features of the new yen bills include tactile marks for the visually impaired.
Demand for paperbush is increasing as new yen bills circulate.
Tadashi Matsubara stated that the new notes seem to use more raw material than the older notes.
In 2022, paper articles and paper scraps constituted over 9% of Nepal’s exports to Japan.
The value of these exports was $1.2 million in 2022.
This data is according to the Observatory of Economic Complexity (OEC).
The OEC visualizes and distributes international trade data.
The paper articles and paper scraps exported include products other than the paperbush used for currency.
Over 60% of transactions in Japan were conducted using cash.
The remaining transactions were done via digital payments and other methods.
This information is according to Japan's national Ministry of Economy, Trade and Industry.
Tadashi Matsubara stated that profits from paperbush sales have created a new revenue source for Nepali communities.
Tadashi Matsubara claimed the growing paperbush industry has aided in constructing new facilities and infrastructure in Kanpou’s partner villages.
Tadashi Matsubara claimed the growing paperbush industry has provided newfound financial stability to vulnerable families.
Kanpou has received aid funding from Japan’s government’s Japan International Cooperation Agency since 2016.
This funding has enabled Kanpou to expand its operations, according to Tadashi Matsubara.
Kanpou lacks data on the average incomes for its partner villages.
Tadashi Matsubara estimated that each household in these villages earns less than 10,000 yen (approximately $62).
This estimation is based on the absence of other prominent agricultural products at that altitude.
In 2015, the average monthly income for rural Nepali households was 27,511 Nepalese rupees (approximately $205).
This data is according to the global economic database CEIC.
The most recent paperbush crop from Nepal’s Ilam district was sold to Japan for over 180,000 yen (approximately $1,114).
This sale resulted in a revenue of about 30,000 yen ($185) for each of the six farmer groups participating within the Ilam district, according to Tadashi Matsubara.
CNN could not independently verify Tadashi Matsubara’s claims.
Tadashi Matsubara stated that the new yen bill could not have been produced without Nepal’s mitsumata (paperbush).

**********Claims for hard query**********

This journey involved transport by land and air across thousands of kilometers.
The hologram portraits depict prominent historical figures.
The OEC visualizes and distributes international trade data.

**********Formulated hard query**********

This journey involved transport by land and air across something.
The hologram portraits depict someone.
The OEC visualizes and distributes something.

**********Claims for medium query**********

Japan is described as one of the world's richest countries.
Domestic production of mitsumata in Japan has been slowly decreasing for years.
China has become almost completely cashless.

**********Formulated medium query**********

Japan is described as being in a certain state.
Domestic production of mitsumata in Japan has been decreasing in a certain way for years.
Something has become almost completely cashless.

**********Claims for easy query**********

The process of sourcing paperbush for yen notes offers a potential new source of income to communities in Nepal.
Tadashi Matsubara stated that the new yen bill could not have been produced without Nepal’s mitsumata (paperbush).
The process of producing yen notes from shrubs begins in Nepal at the foot of the Himalayas.

**********Formulated easy query**********

Something offers a potential new source of income to communities in Nepal.
Someone stated that the new yen bill could not have been produced without Nepal’s mitsumata (paperbush).
The process of producing yen notes from shrubs begins in a certain place.

**********Page content extracted**********

Title: What happened in France’s shock election, and what comes next?
URL: https://edition.cnn.com/2024/07/08/europe/france-election-what-next-explainer-intl
Content: # What happened in France’s shock election, and what comes next?

Video 
\- Source:
—

On Sunday night, joy: French voters had, once again, kept the far right out of power. On Monday morning, uncertainty: A hung parliament, shaky alliances and the threat 

**********Extracted claims**********

French voters prevented the far right from gaining power on Sunday night.
A hung parliament, shaky alliances, and the threat of turbulent years emerged in France on Monday morning.
President Emmanuel Macron called France’s snap parliamentary election to clarify the political situation.
After the shock second-round results, French politics became more muddied than it had been in decades.
A surge in support for the left-wing New Popular Front (NFP) coalition foiled Marine Le Pen’s far-right National Rally (RN) party.
French politics is more disordered after the vote than it was before.
The RN led the first round of voting.
The RN was close to forming France’s first far-right government since the collaborationist Vichy regime of World War II.
More than 200 left-wing and centrist candidates withdrew from the second round of the French election.
The withdrawal of candidates aimed to avoid splitting the vote.
The NFP emerged with the most seats in the decisive second round.
The NFP is a coalition of several parties ranging from the extreme left to the more moderate.
The NFP won 182 seats in the National Assembly.
The National Assembly is a 577-seat parliament.
The NFP is the largest group in the 577-seat parliament.
Macron’s centrist Ensemble alliance won 163 seats.
The RN and its allies won 143 seats.
The NFP coalition has the most seats in parliament.
The NFP fell short of the 289 seats required for an absolute majority.
France now has a hung parliament.
The "cordon sanitaire" is a principle stating that mainstream parties must unite to prevent the extreme right from taking office.
Jordan Bardella is the 28-year-old leader of the RN.
Marine Le Pen handpicked Jordan Bardella to refresh the RN's image and purge it of its racist and antisemitic roots.
Jordan Bardella criticized electoral deals made between the NFP and Ensemble.
Jordan Bardella stated that Emmanuel Macron has pushed France towards uncertainty and instability.
Jordan Bardella dismissed the NFP as an "alliance of dishonor."
The RN won eight seats in the 2017 elections.
The RN won 89 seats in 2022.
The RN won 125 seats in Sunday’s vote.
The RN is the largest individual party in the French parliament.
The NFP did not exist a month prior to the election.
The NFP is now the largest bloc in the French parliament.
The NFP chose its name to resurrect the original Popular Front.
The original Popular Front blocked the far right from gaining power in 1936.
The NFP achieved its founding purpose of blocking the far right.
The NFP bloc comprises the far-left France Unbowed party, the Socialists, the green Ecologists, and the center-left Place Publique, among others.
Each party within the NFP celebrated results at their own campaign events.
Jean-Luc Mélenchon is the populist leader of France Unbowed.
Raphael Glucksmann is the more moderate leader of Place Publique.
Jean-Luc Mélenchon and Raphael Glucksmann are barely on speaking terms.
The NFP’s spending plans include raising the minimum wage.
The NFP’s spending plans include capping the price of certain foods and energy.
The NFP’s spending plans include scrapping Macron’s pension reforms.
The European Union has restrictive fiscal rules.
France needs to control its ballooning deficit.
Emmanuel Macron called a snap election three years earlier than necessary.
Macron’s party was significantly behind in the polls when he called the snap election.
Macron’s decision to call the election surprised his closest allies.
Macron called the vote shortly after his party was defeated by the RN in the previous month’s European Parliament elections.
Macron stated he could not ignore the message sent by voters.
Macron stated he wanted to clarify the political situation.
Éduoard Philippe is France’s former prime minister and an ally of Macron.
Éduoard Philippe stated that what was intended as a clarification instead led to great vagueness.
Macron’s party recovered from the first round.
Macron’s party lost around 100 seats compared to the 2022 election.
Macron’s first decision is to appoint a new prime minister.
Macron has delayed the process of appointing a new prime minister.
Macron declined Gabriel Attal’s resignation.
Macron asked Gabriel Attal to remain in office.
The French president typically appoints a prime minister from the largest bloc in parliament.
Mélenchon’s party won the most seats within the NFP.
Macron’s allies have repeatedly refused to work with France Unbowed.
Macron’s allies state France Unbowed is as extreme as the RN.
Macron’s allies state France Unbowed is unfit to govern.
The NFP will likely need to enter into alliances with Ensemble to achieve the majority required to pass laws.
Without a clear majority, a minority government risks no-confidence votes as early as this month.
A lack of clear majority could lead to multiple governments succeeding each other.
A "technocratic" government involves the president appointing ministers with no party affiliation to manage day-to-day matters.
Mario Draghi’s premiership in Italy was a technocratic government.
After Mario Draghi's premiership, Italy elected its most far-right government since Benito Mussolini.
France avoided a far-right government for the time being.
The RN threat is likely to remain strong.

**********Claims for hard query**********

The European Union has restrictive fiscal rules.
The withdrawal of candidates aimed to avoid splitting the vote.
The NFP’s spending plans include raising the minimum wage.

**********Formulated hard query**********

The European Union has rules in a certain state.
The withdrawal of candidates was done in a certain way.
Something’s spending plans include raising the minimum wage.

**********Claims for medium query**********

After Mario Draghi's premiership, Italy elected its most far-right government since Benito Mussolini.
Marine Le Pen handpicked Jordan Bardella to refresh the RN's image and purge it of its racist and antisemitic roots.
A lack of clear majority could lead to multiple governments succeeding each other.

**********Formulated medium query**********

After someone's premiership, Italy elected its most far-right government since Benito Mussolini.
Someone handpicked Jordan Bardella to refresh the RN's image and purge it of its racist and antisemitic roots.
A lack of clear majority could lead to multiple governments in a certain way.

**********Claims for easy query**********

A hung parliament, shaky alliances, and the threat of turbulent years emerged in France on Monday morning.
After the shock second-round results, French politics became more muddied than it had been in decades.
President Emmanuel Macron called France’s snap parliamentary election to clarify the political situation.

**********Formulated easy query**********

A hung parliament, shaky alliances, and the threat of turbulent years emerged in France at a certain time.
After the shock second-round results, French politics became in a certain state.
Someone called France’s snap parliamentary election to clarify the political situation.

**********Page content extracted**********

Title: A trucker found a 1-year-old boy alive on a Louisiana roadside after the child was abandoned amid storm Beryl, police say
URL: https://edition.cnn.com/2024/07/12/us/louisiana-truck-driver-baby-rescue-beryl
Content: # A trucker found a 1-year-old boy alive on a Louisiana roadside after the child was abandoned amid storm Beryl, police say

—

A truck driver found a 1-year-old alive in a ditch off an interstate highway in Louisiana this week, a day after the boy’s 4-ye

**********Extracted claims**********

A 1-year-old child was found alive in a ditch off an interstate highway in Louisiana.
A truck driver discovered the 1-year-old child.
The discovery of the 1-year-old child occurred a day after his 4-year-old brother was found dead near the same freeway.
Investigators believe the children were abandoned around the time tropical storm conditions affected the area.
The mother of the two boys has been arrested in Mississippi.
The mother faces charges including murder.
The mother is accused of abandoning her children in Louisiana.
A Louisiana sheriff stated his belief that the 1-year-old child spent two days along Interstate 10.
The sheriff is commending the truck driver for noticing the child and stopping to assist.
Hurricane Beryl or its weaker iterations battered the western Gulf Coast region with rain and strong wind.
An investigation into the incident began on Monday afternoon.
The body of the 4-year-old boy was discovered floating in water.
The 4-year-old boy's body was found behind a rest stop off I-10 in western Louisiana’s Calcasieu Parish.
The location where the 4-year-old's body was found is just across the Texas state line.
The cause of death for the 4-year-old boy was not immediately announced.
Beryl made landfall in Texas as a hurricane.
Beryl weakened to a tropical storm and tropical depression as it impacted Louisiana.
Beryl dropped rain and delivered wind gusts of up to 60 mph to Calcasieu Parish.
Detectives learned the 4-year-old boy was last seen on Saturday.
The 4-year-old boy was last seen with his mother and his 1-year-old brother.
The mother is 25 years old.
The mother is from Lake Charles.
Police in Meridian, Mississippi, located the mother without the 1-year-old child.
The mother was arrested in Meridian, Mississippi.
The mother was initially arrested on suspicion of failing to report a missing child.
The 1-year-old child was found alive along I-10 in Louisiana on Tuesday morning.
Truck driver Reginald Walton was driving on I-10.
Reginald Walton observed something in the embankment to the right of the road.
Reginald Walton initially believed the object was a doll.
Reginald Walton saw the object move as he passed by it.
Reginald Walton concluded the object looked like a baby.
Reginald Walton is from Texas.
Reginald Walton was traveling between 60-75 mph.
It took Reginald Walton approximately a quarter of a mile to stop his truck.
Reginald Walton called 911.
Reginald Walton stopped his truck.
Reginald Walton returned to the location where he saw the child.
A little boy was sitting down the embankment.
The boy smiled at Reginald Walton as he approached.
The boy stood up, began crying, and walked towards Reginald Walton.
The 1-year-old child was found near mile marker 10 on I-10.
The location where the 1-year-old was found is approximately 9 miles from the rest stop where his brother's body was discovered.
Deputies identified the 1-year-old boy as the mother's son.
The 1-year-old boy was transported to a hospital.
The 1-year-old boy was subsequently released to the state Department of Children and Family Services.
The mother was charged in Louisiana on Thursday.
The charges against the mother include second-degree murder, cruelty to a juvenile, and two counts of failure to report a missing child.
The mother remains in custody in Mississippi.
The sheriff's office has not stated whether investigators know the precise time the siblings were left.
Conswella Jack is the mother of the accused woman.
Conswella Jack is the grandmother to the children.
Conswella Jack last saw the children on Saturday.
Conswella Jack last saw the children at her mother’s funeral.
The accused woman took the children after the funeral.
Conswella Jack and her daughter had an agreement for the grandmother to generally care for the boys.
The mother was allowed to see the children whenever she wished under the agreement.
Conswella Jack learned of her 4-year-old grandson’s death on Tuesday.
The paternal grandmother of the 4-year-old boy informed Conswella Jack of his death.
A detective later called Conswella Jack to confirm the death.
Conswella Jack was residing in Houston when she learned the news.
Conswella Jack has since moved to Lake Charles.
Conswella Jack has been contacting child protective services daily.
Conswella Jack is seeking updates on her surviving grandson.
The grandmother had not yet spoken with her daughter to learn what happened.

**********Claims for hard query**********

Reginald Walton was traveling between 60-75 mph.
Reginald Walton initially believed the object was a doll.
Reginald Walton saw the object move as he passed by it.

**********Formulated hard query**********

Reginald Walton was traveling at a certain speed.
Reginald Walton initially believed the object was something.
Reginald Walton saw the object behave in a certain way as he passed by it.

**********Claims for medium query**********

The mother faces charges including murder.
The mother remains in custody in Mississippi.
Conswella Jack has been contacting child protective services daily.

**********Formulated medium query**********

The mother faces charges including `something`.
The mother remains in custody `somewhere`.
`Someone` has been contacting child protective services daily.

**********Claims for easy query**********

A 1-year-old child was found alive in a ditch off an interstate highway in Louisiana.
The 1-year-old child was found alive along I-10 in Louisiana on Tuesday morning.
A truck driver discovered the 1-year-old child.

**********Formulated easy query**********

A 1-year-old child was found alive in a certain place off an interstate highway in Louisiana.
The 1-year-old child was found alive along I-10 in Louisiana at a certain time.
Someone discovered the 1-year-old child.

**********Page content extracted**********

Title: Huma Abedin is engaged to George Soros’ son Alex
URL: https://edition.cnn.com/2024/07/11/business/huma-abedin-alex-soros-engagement
Content: # Huma Abedin is engaged to George Soros’ son Alex

—

Huma Abedin, former aide to former Secretary of State Hillary Clinton, is engaged to Alex Soros, son of billionaire liberal donor George Soros.

The duo revealed the news Wednesday on Instagram, writi

**********Extracted claims**********

Huma Abedin is a former aide to former Secretary of State Hillary Clinton.
Alex Soros is the son of billionaire liberal donor George Soros.
Huma Abedin is engaged to Alex Soros.
Huma Abedin and Alex Soros announced their engagement on Instagram.
Alex Soros proposed to Huma Abedin.
Alex Soros proposed to Huma Abedin after less than a year of dating.
Vogue reported details about the proposal between Alex Soros and Huma Abedin.
Huma Abedin is 47 years old.
Alex Soros is 38 years old.
Huma Abedin worked with Hillary Clinton at the White House.
Huma Abedin worked with Hillary Clinton in the Senate.
Huma Abedin worked with Hillary Clinton at the State Department.
Huma Abedin worked with Hillary Clinton in her private life for several years.
Huma Abedin was previously married to Anthony Weiner.
Anthony Weiner is a former Democratic congressman.
Anthony Weiner went to prison for sexting with a minor.
Anthony Weiner went to prison in 2017.
Huma Abedin filed for divorce from Anthony Weiner in 2017.
Alex Soros leads the Open Society Foundations.
Alex Soros leads a political action committee.
The Open Society Foundations is a charitable organization.
The Open Society Foundations donates to liberal causes.
George Soros has an estimated net worth of $6.7 billion.
Forbes reported George Soros' estimated net worth.
George Soros has given more than $30 billion to his foundation.
Huma Abedin and Alex Soros met at a mutual friend’s birthday party.
Huma Abedin and Alex Soros share mutual interests in politics.
Huma Abedin and Alex Soros share mutual interests in public service.
Vogue reported that Huma Abedin and Alex Soros met and discovered mutual interests.
Huma Abedin and Alex Soros have made several public appearances.
Huma Abedin and Alex Soros attended the Met Gala.
Huma Abedin and Alex Soros attended a White House state dinner.
Alex Soros will be stepfather to Huma Abedin’s son.
Huma Abedin has a son from her marriage to Anthony Weiner.
Vogue noted that Alex Soros will be stepfather to Huma Abedin’s son.
A wedding date for Huma Abedin and Alex Soros was not announced.

**********Claims for hard query**********

Anthony Weiner went to prison for sexting with a minor.
The Open Society Foundations is a charitable organization.
Anthony Weiner went to prison in 2017.

**********Formulated hard query**********

Anthony Weiner went to prison in a certain way.
The Open Society Foundations is something.
Anthony Weiner went to prison at a certain time.

**********Claims for medium query**********

Huma Abedin was previously married to Anthony Weiner.
Huma Abedin is a former aide to former Secretary of State Hillary Clinton.
Huma Abedin worked with Hillary Clinton in her private life for several years.

**********Formulated medium query**********

Huma Abedin was previously married to someone.
Huma Abedin is a former aide to someone.
Huma Abedin worked with Hillary Clinton in a certain way for several years.

**********Claims for easy query**********

Huma Abedin is engaged to Alex Soros.
Huma Abedin and Alex Soros announced their engagement on Instagram.
Vogue noted that Alex Soros will be stepfather to Huma Abedin’s son.

**********Formulated easy query**********

Huma Abedin is engaged to someone.
Huma Abedin and Alex Soros announced their engagement on something.
Something noted that Alex Soros will be stepfather to Huma Abedin’s son.

**********Page content extracted**********

Title: House Oversight subpoenas three White House aides for depositions about Biden’s health
URL: https://edition.cnn.com/2024/07/10/politics/house-oversight-subpoenas-biden-health
Content: # House Oversight subpoenas three White House aides for depositions about Biden’s health

—

The GOP-led House Oversight Committee has subpoenaed three White House aides for depositions later this month to discuss President Joe Biden’s health, according t

**********Extracted claims**********

The GOP-led House Oversight Committee has subpoenaed three White House aides.
The subpoenas request depositions regarding President Joe Biden’s health.
The depositions are scheduled for later in the current month.
The House Oversight Committee provided the information about the subpoenas.
The subpoenas were sent to Anthony Bernal.
The subpoenas were sent to Annie Tomasini.
The subpoenas were sent to Ashley Williams.
A committee news release confirmed the individuals who received subpoenas.
The subpoenas are part of an ongoing effort by Republicans to examine the President’s mental acuity.
Ian Sams is the White House spokesman for investigations.
Ian Sams responded to the subpoenas.
Ian Sams criticized House Oversight Committee chairman Rep. Jim Comer.
Rep. Jim Comer is from Kentucky.
Ian Sams stated that the subpoenas are a baseless political stunt.
Ian Sams stated that the subpoenas are intended for Representative Comer to get media attention.
Ian Sams stated that Congressman Comer's partisan attacks on the President have been discredited.
Ian Sams stated that Congressman Comer is debasing the House by weaponizing subpoenas to get headlines.
Republicans have requested an interview with President Biden’s doctor.
Kevin O’Connor is President Biden’s doctor.
Republicans are attempting to obtain audio tapes of the President’s interviews.
Former special counsel Robert Hur conducted interviews with the President.

**********Claims for hard query**********

Ian Sams responded to the subpoenas.
Ian Sams is the White House spokesman for investigations.
Rep. Jim Comer is from Kentucky.

**********Formulated hard query**********

Ian Sams responded to something.
Ian Sams is in a certain role.
Someone is from Kentucky.

**********Claims for medium query**********

A committee news release confirmed the individuals who received subpoenas.
Ian Sams stated that the subpoenas are a baseless political stunt.
The subpoenas were sent to Anthony Bernal.

**********Formulated medium query**********

Something confirmed the individuals who received subpoenas.
Someone stated that the subpoenas are a baseless political stunt.
The subpoenas were sent to someone.

**********Claims for easy query**********

The subpoenas request depositions regarding President Joe Biden’s health.
The subpoenas are part of an ongoing effort by Republicans to examine the President’s mental acuity.
The GOP-led House Oversight Committee has subpoenaed three White House aides.

**********Formulated easy query**********

A certain official request depositions regarding President Joe Biden’s health.
The subpoenas are part of an ongoing effort by a certain political group to examine the President’s mental acuity.
A particular legislative body has subpoenaed three White House aides.

**********Page content extracted**********

Title: Delta is finally emerging from chaos. Did it not learn anything from Southwest’s meltdown?
URL: https://edition.cnn.com/2024/07/24/business/delta-lessons-from-southwest-meltdown
Content: # Delta is finally emerging from chaos. Did it not learn anything from Southwest’s meltdown?

_A version of this story appeared in CNN Business’ Nightcap newsletter. To get it in your inbox, sign up for free,_ _here_.
—

It’s a familiartale in the aviatio

**********Extracted claims**********

A black swan event causes massive flight cancellations in the aviation industry.
One airline often struggles to recover after a black swan event, to the detriment of its customers and employees.
Southwest experienced a major operational disruption in December 2022.
Severe winter storms forced airlines to cancel many flights in December 2022.
The Southwest disruption occurred during peak holiday travel time in December 2022.
Thousands of Southwest planes remained grounded for 10 days after the weather improved in December 2022.
Most other airlines operated without major disruptions as weather improved in December 2022.
Southwest's 2022 disruption was caused by antiquated scheduling technology.
Southwest's antiquated scheduling technology made it difficult for the airline to adjust its flight schedule and provide crews.
Southwest's 2022 disruption cost the company nearly $1 billion.
A CrowdStrike outage began affecting major airlines on a specific Friday.
Many airlines globally recovered and resumed normal operations by the end of a specific weekend following the CrowdStrike outage.
Delta Air Lines did not recover and resume normal operations by the end of a specific weekend following the CrowdStrike outage.
Delta Air Lines is based in Atlanta.
Delta Air Lines and its regional carrier (Delta Connection) collectively canceled over 7,000 flights over four days.
Delta's flight situation appeared to be returning to normal on a specific Wednesday.
Delta canceled 51 flights on a specific Wednesday.
51 canceled flights represented approximately 1% of Delta's schedule on a specific Wednesday.
FlightAware is a tracking service.
FlightAware reported Delta's cancellation numbers for a specific Wednesday.
It could take several days to get all Delta passengers affected by the cancellations to their destinations.
The Department of Transportation is investigating Delta's service meltdown.
Computer problems on a specific Friday caused Delta's service meltdown.
The Department of Transportation estimated that over 500,000 passengers were affected by Delta's service meltdown.
Ed Bastian is the CEO of Delta.
Ed Bastian stated that Delta expected minimal cancellations on a specific Wednesday.
Ed Bastian stated that Delta expected full recovery and normal operations by a specific Thursday.
Delta will provide reimbursements for meals, hotel accommodations, and ground transportation to affected passengers.
Delta will provide frequent flyer miles and travel vouchers to affected passengers.
The specific amount of frequent flyer miles and travel vouchers to be given to affected passengers was not specified.
Delta's slow recovery is due to internal scheduling system issues.
Internal scheduling system issues are impacting Delta's ability to communicate with crew members about their whereabouts.
A system reboot for airlines to coordinate new flights is not simple.
Kathleen Bangs is a spokesperson for FlightAware.
A greater number of flight disruptions makes the system reset harder for airlines.
More crew members access an airline's internal system simultaneously during periods of high disruption.
A recent weekend was the busiest travel weekend of the summer.
Delta CEO Ed Bastian stated that a recent weekend was the busiest travel weekend of the summer.
Southwest's 2022 meltdown occurred during a peak travel period.
Southwest's 2022 meltdown occurred days before Christmas.
Southwest was at a unique disadvantage in 2022 due to outdated technology.
Southwest crew members raised concerns about its outdated technology before the 2022 meltdown.
The concerns of Southwest crew members regarding technology were largely ignored.
Southwest's operations were virtually unaffected during a recent weekend.
Southwest has consistently invested in modernizing its core operation technology.
Southwest's technology modernization efforts include redundancies.
Redundancies in Southwest's technology helped it navigate temporary vendor issues.
Chris Perry is a spokesperson for Southwest.
The reason for Delta's system performing worse than its competitors remains unknown.
Delta declined to respond to CNN's inquiry.
Delta directed CNN to its recent company statements.

**********Claims for hard query**********

A recent weekend was the busiest travel weekend of the summer.
Delta declined to respond to CNN's inquiry.
FlightAware is a tracking service.

**********Formulated hard query**********

Something is a tracking service.
Delta declined to respond to something.
A recent weekend was in a certain state.

**********Validation Result**********

subquestion 'A recent weekend was in a certain state.' is NOT supported by the context.
<reject> The content mentions "the past weekend was the busiest travel weekend of the summer" and describes events affecting airlines "across the globe" and the "Atlanta-based airline" (Delta). It does not state that "a recent weekend was in a certain state." While a location (Nashville, Tennessee) is mentioned in an image caption, it refers to a past event involving Southwest, not the recent weekend itself. </reject>

**********Claims for medium query**********

Southwest experienced a major operational disruption in December 2022.
A CrowdStrike outage began affecting major airlines on a specific Friday.
Delta CEO Ed Bastian stated that a recent weekend was the busiest travel weekend of the summer.

**********Formulated medium query**********

Southwest experienced a major operational disruption in a certain period.
Something began affecting major airlines on a specific Friday.
Someone stated that a recent weekend was the busiest travel weekend of the summer.

**********Claims for easy query**********

One airline often struggles to recover after a black swan event, to the detriment of its customers and employees.
The Department of Transportation is investigating Delta's service meltdown.
Delta Air Lines did not recover and resume normal operations by the end of a specific weekend following the CrowdStrike outage.

**********Formulated easy query**********

An airline often struggles to recover after a certain event, to the detriment of its customers and employees.
A certain entity is investigating Delta's service meltdown.
Delta Air Lines did not recover and resume normal operations by the end of a certain time following the CrowdStrike outage.

**********Page content extracted**********

Title: Uncontacted tribe sighted in Peruvian Amazon where loggers are active
URL: https://edition.cnn.com/2024/07/17/americas/peru-mashco-piro-uncontacted-tribe-scli-intl
Content: # Uncontacted tribe sighted in Peruvian Amazon where loggers are active

—

Rare images of the Mashco Piro, an uncontacted indigenous tribe in the remote Peruvian Amazon, were published on Tuesday by Survival International, showing dozens of the people on

**********Extracted claims**********

Rare images of the Mashco Piro, an uncontacted indigenous tribe, were published by Survival International.
The Mashco Piro tribe inhabits the remote Peruvian Amazon.
The published images depict dozens of Mashco Piro people on a riverbank.
The riverbank where the Mashco Piro were photographed is located near logging company concessions.
The Mashco Piro tribe has been sighted emerging from the rainforest with increased frequency.
The Mashco Piro tribe is sighted emerging from the rainforest in search of food.
FENAMAD is a local indigenous rights group.
FENAMAD stated that the Mashco Piro are apparently moving away from the growing presence of loggers.
The Mashco Piro were photographed on a riverbank in the Madre de Dios region.
The Madre de Dios region is located in southeast Peru.
The Madre de Dios region is near the border with Brazil.
Survival International stated the location where the Mashco Piro were photographed.
Caroline Pearce is the director of Survival International.
Caroline Pearce stated that a large number of isolated Mashco Piro live a few kilometers from where logging operations are about to commence.
More than 50 Mashco Piro people appeared near the village of Monte Salvado.
Monte Salvado is a village of the Yine people.
A group of 17 Mashco Piro people appeared by the village of Puerto Nuevo.
An unnamed NGO that defends indigenous rights reported the appearances of Mashco Piro near Monte Salvado and Puerto Nuevo.
The Mashco Piro inhabit an area situated between two natural reserves in Madre de Dios.
The Mashco Piro have seldom appeared as a general rule.
The Mashco Piro do not communicate extensively with the Yine people or anyone else.
Survival International provided information about the Mashco Piro's communication habits.
Several logging companies hold timber concessions within the territory inhabited by the Mashco Piro.
Canales Tahuamanu is a logging company.
Canales Tahuamanu has constructed over 200 kilometers (124 miles) of roads.
The roads built by Canales Tahuamanu are for its logging trucks to extract timber.
Survival International reported on Canales Tahuamanu's road construction.
Canales Tahuamanu is certified by the Forest Stewardship Council.
The Forest Stewardship Council states that Canales Tahuamanu possesses 53,000 hectares (131,000 acres) of forests in Madre de Dios.
Canales Tahuamanu extracts cedar and mahogany from its forests.
The Peruvian government reported sightings of Mashco Piro on the Las Piedras river.
Local residents reported seeing Mashco Piro on the Las Piedras river.
The Las Piedras river is located 150 kilometers (93 miles) from the city of Puerto Maldonado.
Puerto Maldonado is the capital of Madre de Dios.
The Mashco Piro have been sighted across the border in Brazil.
Rosa Padilha is affiliated with the Brazilian Catholic bishops’ Indigenous Missionary Council in the state of Acre.
Rosa Padilha stated that the Mashco Piro flee from loggers on the Peruvian side.
Rosa Padilha stated that the Mashco Piro appear on beaches to collect tracajá (Amazon turtle) eggs.
Rosa Padilha stated that Mashco Piro footprints are found on the sand.
Rosa Padilha stated that the Mashco Piro leave behind many turtle shells.
Rosa Padilha described the Mashco Piro as always being on the run.

**********Claims for hard query**********

Canales Tahuamanu has constructed over 200 kilometers (124 miles) of roads.
Caroline Pearce is the director of Survival International.
Monte Salvado is a village of the Yine people.

**********Formulated hard query**********

`Someone` has constructed over 200 kilometers (124 miles) of roads.
Caroline Pearce is the director of `something`.
`Something` is a village of the Yine people.

**********Claims for medium query**********

A group of 17 Mashco Piro people appeared by the village of Puerto Nuevo.
More than 50 Mashco Piro people appeared near the village of Monte Salvado.
The Mashco Piro do not communicate extensively with the Yine people or anyone else.

**********Formulated medium query**********

A group of 17 Mashco Piro people appeared by a certain place.
A certain number of Mashco Piro people appeared near the village of Monte Salvado.
The Mashco Piro do not communicate extensively with a certain group of people or anyone else.

**********Claims for easy query**********

The Mashco Piro tribe inhabits the remote Peruvian Amazon.
Rare images of the Mashco Piro, an uncontacted indigenous tribe, were published by Survival International.
The Peruvian government reported sightings of Mashco Piro on the Las Piedras river.

**********Formulated easy query**********

Something inhabits the remote Peruvian Amazon.
Rare images of the Mashco Piro, an uncontacted indigenous tribe, were published by something.
The Peruvian government reported sightings of Mashco Piro on something.

**********Page content extracted**********

Title: Facing difficult frontline reality and the prospect of Trump in the White House, Zelensky hints at negotiations with Russia
URL: https://edition.cnn.com/2024/07/20/europe/ukraine-zelensky-uncertainty-russia-negotiations-intl/index.html
Content: # Facing difficult frontline reality and the prospect of Trump in the White House, Zelensky hints at negotiations with Russia

Video 
\- Source:
—

Ukrainian President Volodymyr Zelensky struck an unusually subdued tone as he addressed his nation this wee

**********Extracted claims**********

Ukrainian President Volodymyr Zelensky has hinted at a willingness to negotiate with Russia.
Volodymyr Zelensky suggested that Moscow should send a delegation to a future peace summit he hopes to organize in November.
Russia was not invited to the previous peace conference held in Switzerland last month.
Volodymyr Zelensky previously stated that any talks with Russia could only happen after a Russian withdrawal from Ukraine.
Kyiv is facing a difficult frontline situation.
Kyiv is facing political uncertainty regarding the level of future support from Ukraine’s allies.
The progress of Russian troops in eastern Ukraine has slowed significantly since US weapons began arriving in May.
The progress of Russian troops in eastern Ukraine has not stopped entirely.
Russia is still gaining territory in Ukraine.
Russia is gaining territory at a slower pace.
Questions exist regarding the willingness of some of Ukraine's allies, including the United States and Germany, to continue providing resources for the conflict.
Volodymyr Zelensky stated that Ukraine is not receiving enough Western assistance to win the war.
Volodymyr Zelensky stated that the outcome of the war will be determined beyond Ukraine’s borders.
Volodymyr Zelensky stated that the war's outcome depends on finance, weapons, political support, and unity in the EU, NATO, and the world.
Former US Ambassador to Ukraine John Herbst stated it was plausible that Volodymyr Zelensky's shift in tone was a reaction to events in the United States.
Former President Donald Trump announced JD Vance as his running mate.
JD Vance is a staunch critic of sending support to Ukraine.
John Herbst stated that it is possible Volodymyr Zelensky is trying to reach out to a potential future Trump administration.
John Herbst stated that Volodymyr Zelensky might be stressing his willingness to negotiate under the condition of a just deal.
John Herbst stated that a reasonable peace deal should not allow Russian occupiers to continue torturing, repressing, and murdering occupied Ukrainian people.
Russia has repeatedly denied accusations of torture and human rights abuses in Ukraine.
There is overwhelming evidence contrary to Russia's denials regarding torture and human rights abuses in Ukraine.
Donald Trump and Volodymyr Zelensky had a phone call.
Donald Trump described the phone call as "very good."
Donald Trump stated he would "bring peace to the world and end the war that has cost so many lives."
Volodymyr Zelensky stated that he and Donald Trump discussed steps to make peace fair and lasting.
Russian President Vladimir Putin has stated multiple times that he is willing to negotiate with Ukraine.
Vladimir Putin's proposed terms for negotiation are unacceptable to Ukraine and its Western allies.
Vladimir Putin stated that Russia would end its war in Ukraine if Kyiv surrendered the entirety of four regions: Donetsk, Luhansk, Kherson, and Zaporizhzhia.
Moscow claims these four regions.
Large parts of Donetsk, Luhansk, Kherson, and Zaporizhzhia remain under Ukrainian control.
Vladimir Putin stated that any peace deal would require Ukraine to abandon its bid to join NATO.
Kyiv called Putin's proposal "offensive to common sense."
Orysia Lutsevych is the deputy director of the Russia and Eurasia Programme at Chatham House.
Orysia Lutsevych stated that Volodymyr Zelensky’s words were likely meant as a message to the rest of the world.
Orysia Lutsevych stated that Ukraine is willing to sit at the negotiating table.
Orysia Lutsevych stated that any negotiations cannot be entirely on Russian terms.
Orysia Lutsevych stated that negotiations cannot lead to Ukraine's capitulation to Russia.
Orysia Lutsevych stated that Vladimir Putin is demanding control of regions he cannot conquer militarily.
Orysia Lutsevych believes Vladimir Putin has increased his calls for negotiations.
Orysia Lutsevych believes Vladimir Putin knows his window of opportunity may be closing.
Russia is considerably bigger and stronger than Ukraine.
Russia has not managed to fulfill its territorial goals in Ukraine.
Moscow’s initial attempt to take Kyiv ended in a defeat.
The front lines in Ukraine have not moved considerably in over a year.
New US military assistance began reaching the front lines in Ukraine in May.
Months of delays in US military assistance were caused by political deadlock in the US Congress.
Ukraine received permission from some Western nations to use their weapons to strike targets inside Russia.
This permission is limited to specific circumstances and areas near the Ukrainian border.
The new US military assistance and permission for strikes inside Russia have helped slow Russian progress.
These developments have averted a possible reoccupation of the Kharkiv region.
Ukraine is currently defending territory.
Ukraine is not currently pushing forward to reclaim areas under Russian occupation.
Riley Bailey is a Russia analyst at the US-based Institute for the Study of War.
Riley Bailey stated that Ukrainian forces will need to accumulate equipment, material, and manpower for a future counteroffensive operation.
Riley Bailey stated that the Russian military command appears to be pursuing a strategy of consistent, grinding offensive operations along the entire front line.
The front line in Ukraine is more than 600 miles (1,000 kilometers) long.
Russia is making gradual, creeping advances along the front line.
Riley Bailey stated that Russia's advances are forcing Ukraine to commit to defensive operations.
Riley Bailey stated that Russia's advances are preventing Ukraine from gearing up for a counteroffensive.
Riley Bailey stated that Ukrainian forces will need to degrade Russian forces and capabilities involved in offensive operations.
Riley Bailey stated that degrading Russian forces would provide Ukraine with more flexibility and ease pressure.
Riley Bailey stated that Ukraine could then make operational choices it has not been able to make recently.
The success of any future Ukrainian counteroffensive will primarily depend on the level of support from its Western allies.
Volodymyr Zelensky stated that the current level of support is sufficient to hold off further Russian advances.
Volodymyr Zelensky stated that the current level of support is not sufficient to win the war.
Donald Trump announced JD Vance as his vice-presidential nominee.
JD Vance has previously suggested Ukraine should negotiate with Russia because the US and other allies lack the capacity to support Ukraine.
Donald Trump has claimed he would "end the war in one day."
Donald Trump has stated that the US should not send money to Ukraine with no strings attached.
Germany plans to halve its military aid to Ukraine next year.
Germany is among Ukraine's biggest supporters.
Germany suggested Ukraine should be able to meet most of its military needs with $50 billion in loans from frozen Russian assets.
The G7 approved $50 billion in loans from the proceeds of frozen Russian assets last month.
If the US stopped providing aid, Europe did not increase assistance, and Ukraine could not access frozen Russian assets, Russia would likely make much bigger gains.
John Herbst stated that if the Democrats win the US presidential election in November, the current US policy of supporting Ukraine is likely to continue.
John Herbst stated that if the Democrats win, more aid is likely to flow to Ukraine.
John Herbst stated that serious people on Donald Trump's national security team would understand that Vladimir Putin is a direct threat to American interests.
John Herbst stated that serious people on Donald Trump's national security team would understand that it is important or critical for the US that Vladimir Putin loses in Ukraine.
John Herbst stated that another factor could convince a possible Trump administration to continue helping Ukraine.
John Herbst stated that if a Trump team cuts off aid and Ukraine collapses, it would be a major defeat for the United States caused by the Trump team.
John Herbst stated that such a defeat would overshadow the embarrassment and damage from Biden's withdrawal from Afghanistan.
John Herbst stated that people on a Trump team would understand this consequence.
Analysts expect the Ukraine aid package, which is more than $60 billion, to last Kyiv about a year to 18 months.
The US Congress approved this aid package earlier this year.
Analysts believe this timeframe could be enough for Ukraine to regroup and launch a new counteroffensive.
Orysia Lutsevych stated that Ukraine desperately needs to make battlefield gains.
Orysia Lutsevych stated that Russia's desire to negotiate does not currently appear genuine.
Orysia Lutsevych stated that Vladimir Putin is putting Russia on a total war footing.
Orysia Lutsevych stated that the war will likely end only if Moscow begins to feel threatened.
Orysia Lutsevych believes the war will end when Vladimir Putin begins to feel that Russian control over Crimea is threatened.
Ukraine has increased its attacks against the Crimean peninsula.
Russia illegally annexed Crimea in 2014.
Crimea is home to Moscow’s Black Sea fleet.
Kyiv claims its military has struck and sunk or severely damaged several Russian warships in Crimea.
Kyiv claims these actions have disabled at least a third of Russia’s Black Sea fleet.
Ukraine has managed to hit and temporarily shut down the Kerch Strait bridge on several occasions.
The Kerch Strait bridge connects Crimea with Russia.
The southern front stretches from the Donbas in eastern Ukraine across the Kherson and Zaporizhzhia regions.
Russian-occupied territory on the southern front creates a land bridge between Russia and Crimea.
The southern front will be a key target.
Volodymyr Zelensky's public position on what a peace deal should look like has not shifted.
The majority of Ukrainians do not want the government to relinquish any territory.
John Herbst stated that it is currently politically difficult, or impossible, to state that peace can be achieved without the full return of all Ukrainian territories.
John Herbst believes Kyiv could justify a Ukrainian victory even if Ukraine does not reclaim all of its pre-war territory.
John Herbst believes this is possible as long as Ukraine reclaims enough territory to be an economically viable and secure state.
John Herbst believes that for Ukraine to be a secure state under those circumstances, it must be a member of NATO.
John Herbst believes that NATO membership, with the full support of the United States, could theoretically lead to a stable peace.
John Herbst stated that such a peace would not be just because it would consign millions of Ukrainians to the Kremlin's regime.
John Herbst stated that the Kremlin's regime has shown it has no love for Ukrainians who identify as Ukrainians.

**********Claims for hard query**********

The southern front will be a key target.
The US Congress approved this aid package earlier this year.
Moscow claims these four regions.

**********Formulated hard query**********

Something will be a key target.
Someone approved this aid package earlier this year.
Someone claims these four regions.

**********Claims for medium query**********

Riley Bailey stated that Russia's advances are preventing Ukraine from gearing up for a counteroffensive.
Analysts expect the Ukraine aid package, which is more than $60 billion, to last Kyiv about a year to 18 months.
Orysia Lutsevych stated that Vladimir Putin is putting Russia on a total war footing.

**********Formulated medium query**********

Someone stated that Russia's advances are preventing Ukraine from gearing up for a counteroffensive.
Analysts expect the Ukraine aid package, which is a certain amount, to last Kyiv about a year to 18 months.
Orysia Lutsevych stated that Vladimir Putin is operating in a certain way.

**********Claims for easy query**********

Ukrainian President Volodymyr Zelensky has hinted at a willingness to negotiate with Russia.
Volodymyr Zelensky stated that he and Donald Trump discussed steps to make peace fair and lasting.
Volodymyr Zelensky stated that the war's outcome depends on finance, weapons, political support, and unity in the EU, NATO, and the world.

**********Formulated easy query**********

Someone has hinted at a willingness to negotiate with Russia.
Volodymyr Zelensky stated that he and someone discussed steps to make peace fair and lasting.
Volodymyr Zelensky stated that the war's outcome depends on something.

**********Page content extracted**********

Title: Keanu Reeves gets emotional over how much ‘The Matrix’ ‘changed’ his life over the last 25 years
URL: https://edition.cnn.com/2024/07/24/entertainment/keanu-reeves-matrix-changed-my-life/index.html
Content: # Keanu Reeves gets emotional over how much ‘The Matrix’ ‘changed’ his life over the last 25 years

—

There is no shortage of iconic movies that actor Keanu Reeves has blessed the world with throughout his illustrious career, but the beloved sci-fi class

**********Extracted claims**********

Actor Keanu Reeves appeared on a Monday episode of “The Late Show.”
Host Stephen Colbert mentioned anniversaries of Keanu Reeves’ most popular films.
Stephen Colbert informed Keanu Reeves that “The Matrix” turns 25 years old.
Stephen Colbert asked Keanu Reeves to share his fondest memory from “The Matrix.”
Keanu Reeves stated that “The Matrix” changed his life.
Keanu Reeves stated that “The Matrix” changed many other people’s lives in positive ways.
Keanu Reeves has appeared in a total of four “Matrix” films.
The most recent “Matrix” film featuring Keanu Reeves was “The Matrix Resurrections,” released in 2021.
The first “Matrix” film stars Keanu Reeves, Laurence Fishburne, Hugo Weaving, and Carrie-Anne Moss.
The first “Matrix” film is a dystopian sci-fi epic.
The first “Matrix” film follows Neo, a computer hacker.
Neo is summoned to join a cyber-intelligence rebellion in the first “Matrix” film.
Humanity is trapped inside a simulated reality in the first “Matrix” film.
The first “Matrix” film grossed over $467 million.
The first “Matrix” film became one of the most profitable theatrical releases of its year.
The first “Matrix” film won four Academy Awards.
The first “Matrix” film has earned just under $2 billion globally over its 25-year lifespan.
Warner Bros. Motion Picture Group is the studio for “The Matrix” film.
Warner Bros. Motion Picture Group announced in April that a fifth installment of the “Matrix” franchise is in production.
It has not yet been confirmed whether Keanu Reeves will be part of the fifth “Matrix” installment.

**********Claims for hard query**********

The first “Matrix” film follows Neo, a computer hacker.
Warner Bros. Motion Picture Group is the studio for “The Matrix” film.
Humanity is trapped inside a simulated reality in the first “Matrix” film.

**********Formulated hard query**********

The first “Matrix” film follows someone, a computer hacker.
Something is the studio for “The Matrix” film.
Humanity is trapped inside something in the first “Matrix” film.

**********Claims for medium query**********

It has not yet been confirmed whether Keanu Reeves will be part of the fifth “Matrix” installment.
The first “Matrix” film became one of the most profitable theatrical releases of its year.
The first “Matrix” film grossed over $467 million.

**********Formulated medium query**********

It has not yet been confirmed whether someone will be part of the fifth “Matrix” installment.
The first “Matrix” film became one of the releases of its year in a certain state.
The first “Matrix” film grossed over a certain amount.

**********Validation Result**********

subquestion 'The first “Matrix” film became one of the releases of its year in a certain state.' is NOT supported by the context.
<reject> The content states that "The film raked in over $467 million at the time and became one of the year’s most profitable theatrical releases" and "earned just under $2 billion globally", but it does not specify that it became one of the releases of its year in a "certain state". </reject>

**********Claims for easy query**********

Stephen Colbert informed Keanu Reeves that “The Matrix” turns 25 years old.
Keanu Reeves stated that “The Matrix” changed many other people’s lives in positive ways.
Keanu Reeves stated that “The Matrix” changed his life.

**********Formulated easy query**********

Someone informed Keanu Reeves that “The Matrix” turns 25 years old.
Keanu Reeves stated that “The Matrix” changed many other people’s lives in a certain way.
Keanu Reeves stated that “The Matrix” changed something.

