**********Page content extracted**********

Title: dijon-baby
URL: https://pitchfork.com/reviews/albums/dijon-baby/
Content: When he released his debut solo album, 2021’s _Absolutely_, Dijon Duenas put out an accompanying live video of him performing in what appears to be the room of a house. He and a small collective of musicians, including regular collaborator Michael Gordon,

**********Extracted claims**********

Dijon Duenas released his debut solo album, _Absolutely_, in 2021.
An accompanying live video was released with the album _Absolutely_.
The live video for _Absolutely_ was filmed on a set in a studio.
Michael Gordon is a regular collaborator with Dijon Duenas.
Michael Gordon performs as Mk.gee.
Dijon Duenas's album _Baby_ was surprise-released.
Dijon Duenas's album _Baby_ was released months after his contributions to Justin Bieber's record _SWAG_.
Dijon Duenas made high-profile contributions to Justin Bieber's record _SWAG_.
The lyrics on Dijon Duenas's album _Baby_ arrive in fragments too distorted to easily discern.
The discernible lyrics on _Baby_ describe domesticity in chaotic outbursts, including sex, having children, and experiencing enduring love.
Reverb is applied generously on Dijon Duenas's album _Baby_.
The rhythm on the song "HIGHER!" from _Baby_ feels like it constantly has seconds added and subtracted.
The acoustic guitar that holds _Baby_'s title track together is chopped up and blown out.
Overdriven frequencies ripple through the song "FIRE!" on _Baby_.
The hi-hats in the song "(Referee)" on _Baby_ make the rhythm sound like shattering glass.
Endless delay is applied to every drum hit in the song "(Freak It)" on _Baby_.
Dijon Duenas's music on _Baby_ is bold, irreverent, and exploratory.
Dijon Duenas’s contributions to the Justin Bieber record tended to smooth out Bieber’s sound.
Dijon Duenas’s contributions to the Justin Bieber record made Bieber palatable.
Dijon Duenas’s contributions to the Justin Bieber record anchored Bieber in human feelings and emotional melodies.
Dijon Duenas collaborated with Michael Gordon, Andrew Sarlo, and Henry Kwapis on the album _Baby_.
Andrew Sarlo is a producer and multi-instrumentalist.
Henry Kwapis is a producer and multi-instrumentalist.
Frank Ocean is an antecedent to Dijon Duenas's album _Baby_.
Frank Ocean’s work, as his career progressed, increasingly collapsed into abstracted versions of itself.
Frank Ocean’s songs eventually resembled art installations that prioritize space as much as songcraft.
Bilal’s boundary-pushing records are an influence on _Baby_.
D’Angelo and the Soulquarians are an influence on _Baby_.
D’Angelo and the Soulquarians explored inwardly bent dimensions on Common’s _Like Water for Chocolate_.
Bon Iver is audible in the vocal production throughout _Baby_.
Prince influences _Baby_.
Prince recorded “The Ballad of Dorothy Parker” to a faulty mixing console.
The faulty mixing console used for “The Ballad of Dorothy Parker” had no high-end.
“The Ballad of Dorothy Parker” sounds water-damaged.
R&B is often a genre of precision.
R&B has become less played and more programmed over decades of development.
The song “Yamaha” on _Baby_ gleams semi-normally.
No advance singles were released for _Baby_.
The song “Kindalove” is the final track on _Baby_.
“Kindalove” is the most accessible and straightforward track on _Baby_.
“Kindalove” on _Baby_ is gradually drowned in reverb.
Dijon Duenas's album _Baby_ emphasizes its making.

**********Claims for hard query**********

Andrew Sarlo is a producer and multi-instrumentalist.
Henry Kwapis is a producer and multi-instrumentalist.
Michael Gordon performs as Mk.gee.

**********Formulated hard query**********

Someone is a producer and multi-instrumentalist.
Someone is a producer and multi-instrumentalist.
Michael Gordon performs as something.

**********Claims for medium query**********

Frank Ocean’s songs eventually resembled art installations that prioritize space as much as songcraft.
Dijon Duenas released his debut solo album, _Absolutely_, in 2021.
Dijon Duenas’s contributions to the Justin Bieber record anchored Bieber in human feelings and emotional melodies.

**********Formulated medium query**********

Frank Ocean’s songs eventually resembled something.
Dijon Duenas released his debut solo album, something, in 2021.
Dijon Duenas’s contributions to the Justin Bieber record anchored Bieber in a certain state.

**********Validation Result**********

subquestion 'Dijon Duenas released his debut solo album, something, in 2021.' is NOT supported by the context.
<reject> The content states that Dijon Duenas released his debut solo album, _Absolutely_, in 2021, not an album titled _something_.</reject>

**********Claims for easy query**********

Dijon Duenas's music on _Baby_ is bold, irreverent, and exploratory.
Dijon Duenas's album _Baby_ emphasizes its making.
The lyrics on Dijon Duenas's album _Baby_ arrive in fragments too distorted to easily discern.

**********Formulated easy query**********

Dijon Duenas's music on _Baby_ is in a certain state.
Dijon Duenas's album _Baby_ is in a certain way.
The lyrics on Dijon Duenas's album _Baby_ arrive in a certain state.

**********Page content extracted**********

Title: pool-kid-easier-said-than-done
URL: https://pitchfork.com/reviews/albums/pool-kid-easier-said-than-done/
Content: On Pool Kids’ self-titled 2022 album, the Tallahassee quartet juxtaposed its love of math rock, ’00s pop-punk, and post-hardcore with genuinely funny musings about group chats and performative narcissists. The result was slick enough for an opening slot w

**********Extracted claims**********

Pool Kids' 2022 self-titled album originated from a Tallahassee quartet.
The 2022 self-titled album by Pool Kids juxtaposed math rock, '00s pop-punk, and post-hardcore elements.
The 2022 self-titled album by Pool Kids included musings about group chats and performative narcissists.
The self-titled album by Pool Kids led to an opening slot with the indie-pop trio Beach Bunny.
The self-titled album by Pool Kids led to a tour with the post-hardcore group La Dispute.
Pool Kids put pressure on themselves to recreate the exuberant, hooky energy of their breakthrough album for their next release.
Pool Kids reunited with producer Mike Vernon Davis for their new album.
Pool Kids spent five weeks recording and re-arranging songs for their new album.
_Easier Said Than Done_ is the new album by Pool Kids.
_Easier Said Than Done_ is Pool Kids' debut record for Epitaph.
_Easier Said Than Done_ is denser than Pool Kids' self-titled album.
_Easier Said Than Done_ is described as often overwhelming.
_Easier Said Than Done_ contains 11 tracks.
The lyrics on _Easier Said Than Done_ explore Goodwyne's navigation of touring grief and old friendships.
_Easier Said Than Done_ features heavily processed vocal overdubs and synths.
Pool Kids had experimented in the studio prior to the creation of _Easier Said Than Done_.
_Easier Said Than Done_ is the follow-up album to _Pool Kids_.
"Leona Street" is a song on _Easier Said Than Done_.
"Not Too Late" is a song on _Easier Said Than Done_.
"Leona Street" features spacey delay throws.
"Not Too Late" features reversed vocals.
"Swallow" is a song on the album _Pool Kids_.
The title track of _Easier Said Than Done_ includes the lyrics “I’m not gonna change, I’m never gonna change,” “Don’t tell me next time/It’s the right time,” “Let me down easily,” and “Hear! Me! Now!”
Caden Clinton is the drummer for Pool Kids.
Nicolette Alvarez is the bassist for Pool Kids.
Caden Clinton and Nicolette Alvarez frequently shift the groove on _Easier Said Than Done_.
Caden Clinton and Nicolette Alvarez carry on the band’s early math-rock spirit on _Easier Said Than Done_.
"Last Word" is a midtempo song on _Easier Said Than Done_.
Caden Clinton's drumming on _Easier Said Than Done_ includes rim clicks and cymbal washes.
The songs on _Easier Said Than Done_ are noticeably darker.
"Sorry Not Sorry" is a song on _Easier Said Than Done_.
Goodwyne draws out the word “dead” on “Sorry Not Sorry.”
Pool Kids explores thornier themes of disintegrating relationships, tour life, and adulthood on _Easier Said Than Done_.
"Tinted Windows" is a song on _Easier Said Than Done_.
"Tinted Windows" includes the lyric “For Christmas Eve, I’ll make a big plan/Then I’ll spend it in a black Dodge Caravan.”
Goodwyne received an OCD diagnosis just before recording _Easier Said Than Done_.
Goodwyne stated that the lyrics on _Easier Said Than Done_ draw from “fixations that her OCD latches on to.”
"Not Too Late" features a breathy vocal performance.
"Not Too Late" features a restrained groove from Caden Clinton.
"Not Too Late" captures the allure of an emotional affair.
"Dani" is a song on _Easier Said Than Done_.
"Dani" is described as Pool Kids’ most explosive song to date.
"Dani" verges on post-rock.
Andrew Ananya is the guitarist for Pool Kids.
Caden Clinton’s drumming on "Dani" is slower.
Goodwyne and Andrew Ananya use reverb pedals on "Dani."
Nicolette Alvarez’s playing on "Dani" is more understated until the song's halfway point.
The twinkling guitar lines on "Dani" are distorted.
"Dani" contains lyrics recalling an intense childhood friendship.
"Dani" includes the lyrics “Under the covers, you whisper like there’s somebody there/You’ll only tell me if I pinky swear” and “I trusted you.”
"Bad Bruise" is a song on _Easier Said Than Done_.
"Bad Bruise" includes the lyric “I wanna stay in my lane/Just don’t know how to.”

**********Claims for hard query**********

"Dani" contains lyrics recalling an intense childhood friendship.
"Tinted Windows" includes the lyric “For Christmas Eve, I’ll make a big plan/Then I’ll spend it in a black Dodge Caravan.”
"Tinted Windows" is a song on _Easier Said Than Done_.

**********Formulated hard query**********

Something contains lyrics recalling an intense childhood friendship.
"Tinted Windows" includes something.
"Tinted Windows" is a song on something.

**********Claims for medium query**********

"Dani" verges on post-rock.
The twinkling guitar lines on "Dani" are distorted.
"Not Too Late" features a restrained groove from Caden Clinton.

**********Formulated medium query**********

Something verges on post-rock.
The twinkling guitar lines on "Dani" are in a certain state.
"Not Too Late" features a restrained groove from someone.

**********Claims for easy query**********

The 2022 self-titled album by Pool Kids juxtaposed math rock, '00s pop-punk, and post-hardcore elements.
Pool Kids put pressure on themselves to recreate the exuberant, hooky energy of their breakthrough album for their next release.
The 2022 self-titled album by Pool Kids included musings about group chats and performative narcissists.

**********Formulated easy query**********

The 2022 something by Pool Kids juxtaposed math rock, ’00s pop-punk, and post-hardcore elements.
Pool Kids put pressure on themselves to recreate something of their breakthrough album for their next release.
The 2022 self-titled album by Pool Kids included musings about something and performative narcissists.

**********Page content extracted**********

Title: rio-da-yung-og-flint-feeling-like-im-not-through
URL: https://pitchfork.com/reviews/albums/rio-da-yung-og-flint-feeling-like-im-not-through/
Content: Rio Da Yung OG is a rapper who truly lives up to his name. The Michigan-born, self-proclaimed shit-talker has seen more in 31 years than most will in their entire life. To return from federal prison after nearly half a decade without snitching or having a

**********Extracted claims**********

The title of the album is "F.L.I.N.T. (Feeling Like I’m Not Through)".
The album "F.L.I.N.T." aims to bring positive attention to Flint, Michigan.
Flint, Michigan, is Rio Da Yung OG's hometown.
Flint, Michigan, is known by many outside its state for its water crisis.
The Flint water crisis occurred in 2014.
The U.S. Environmental Protection Agency lifted its emergency order on Flint's lead-laden drinking water in May 2025.
Rio Da Yung OG released a mixtape titled _City on My Back_ in 2020.
The mixtape _City on My Back_ was released before Rio Da Yung OG's incarceration.
_City on My Back_ implied Rio Da Yung OG's mission to support his hometown.
The album _F.L.I.N.T._ was released on Flint's annual 810 Day.
810 Day is named after Flint's area code.
Rio Da Yung OG is the first rapper from Flint to achieve a platinum record.
Rio Da Yung OG states the lyric "I’m just a little dirty kid from Flint, I never seen nothing" on the song "Different Music".
"Different Music" is the opening track on the album _F.L.I.N.T._.
Rio Da Yung OG released a project titled _Rio Free_.
The album _F.L.I.N.T._ includes a song titled "Another Story".
Rio Da Yung OG's lyrics include the phrase “butt-napkin”.
Rio Da Yung OG's lyrics include the line “Pulled up to my granny’s house and I just bust’ out crying, she said ‘you know how the streets go, old folks don’t be lying.’”
The album _F.L.I.N.T._ includes songs titled “Back Rubbed” and “Sneaky B”.
Wayne616, BEATSBYSAV, and Danny G Beats are longtime collaborators of Rio Da Yung OG.
Wayne616, BEATSBYSAV, and Danny G Beats contribute to Flint’s signature "tombstone-bell, looped-beats" sound.
The song "Great Day" includes the lyric “the first time I shot a gun, I was a sixth grader.”
The album _F.L.I.N.T._ includes a song titled “Big Ben.”
The song “Big Ben” includes the lyric “I miss my cousin, but I miss my brother more, crib so big it got 100 doors.”
The album _F.L.I.N.T._ includes a song titled “AGGRESSIVE FLOW”.
The song “AGGRESSIVE FLOW” is nearly 6 minutes long.
Rio Da Yung OG and RMC Mike released a mixtape series titled _Dum and Dumber_.
RMC Mike is featured on the song “Dumb N Dumber Flo.”
The song “Dumb N Dumber Flo” includes the lyric “$3,200 for some flip-flops,” attributed to RMC Mike.

**********Claims for hard query**********

The song “Big Ben” includes the lyric “I miss my cousin, but I miss my brother more, crib so big it got 100 doors.”
The U.S. Environmental Protection Agency lifted its emergency order on Flint's lead-laden drinking water in May 2025.
810 Day is named after Flint's area code.

**********Formulated hard query**********

The song `something` includes the lyric “I miss my cousin, but I miss my brother more, crib so big it got 100 doors.”
The U.S. Environmental Protection Agency lifted its emergency order on Flint's lead-laden drinking water `at a certain time`.
`Something` is named after Flint's area code.

**********Validation Result**********

subquestion 'The song `something` includes the lyric “I miss my cousin, but I miss my brother more, crib so big it got 100 doors.”' is NOT supported by the context.
<reject> The lyric “I miss my cousin, but I miss my brother more, crib so big it got 100 doors” is mentioned in the content, but it is attributed to the song “Big Ben,” not “something” as stated in the information. </reject>

**********Claims for medium query**********

"Different Music" is the opening track on the album _F.L.I.N.T._.
Rio Da Yung OG and RMC Mike released a mixtape series titled _Dum and Dumber_.
Rio Da Yung OG released a mixtape titled _City on My Back_ in 2020.

**********Formulated medium query**********

"Different Music" is the opening track on something.
Someone and RMC Mike released a mixtape series titled _Dum and Dumber_.
Rio Da Yung OG released something in 2020.

**********Claims for easy query**********

The album "F.L.I.N.T." aims to bring positive attention to Flint, Michigan.
Rio Da Yung OG released a project titled _Rio Free_.
The album _F.L.I.N.T._ was released on Flint's annual 810 Day.

**********Formulated easy query**********

The album "F.L.I.N.T." aims to bring positive attention to a certain place.
Rio Da Yung OG released a project titled something.
The album _F.L.I.N.T._ was released on a certain time.

**********Page content extracted**********

Title: various-artists-songs-in-the-key-of-z
URL: https://pitchfork.com/reviews/albums/various-artists-songs-in-the-key-of-z/
Content: Some musical discoveries function like a subway station: They become hubs for vibrant lines connecting clubs, lofts, and basement studios. Others are like stalls in a bustling marketplace, or a popped trunk in a parking lot, promising the best of the bloc

**********Extracted claims**********

Some types of music are difficult to connect to a scene or a label.
Some music is not easily categorized as a treasure to be shared.
For most people, certain types of art may prompt negative reactions.
For a select few, specific types of art represent the last frontier of musical expression.
Irwin Chusid is an author, producer, and archivist.
Irwin Chusid describes himself as a "connoisseur of marginalia."
Irwin Chusid has been a DJ on WFMU, a freeform radio station in New Jersey, since 1975.
In the early 1990s, Irwin Chusid worked as a freelance writer and album producer.
Irwin Chusid suggested reissuing experimental big-band producer Juan Garcia Esquivel to Bar/None Records.
Juan Garcia Esquivel's 1994 album, "Space-Age Bachelor Pad Music," sold 70,000 copies.
The phrase "Space-Age Bachelor Pad Music" was coined by animator and exotica collector Byron Werner in the 1970s.
Irwin Chusid's other work in the 1990s included reissues for Raymond Scott and liner notes for Rhino’s Golden Throats series.
Irwin Chusid also produced R. Stevie Moore.
A reissue of Lucia Pamela's 1969 album, "Into Outer Space with Lucia Pamela," was significant for Irwin Chusid.
Irwin Chusid first heard "Into Outer Space" in 1984.
It took Irwin Chusid four years to obtain an original copy of "Into Outer Space."
It took Irwin Chusid three more years for "Into Outer Space" to be released on Boston’s Arf! Arf! label.
Lucia Pamela was a bon vivant and lifelong entertainer.
Lucia Pamela was named Miss St. Louis in 1926.
In the 1930s and 1940s, Lucia Pamela led an all-women big band called Lucia Pamela and the Musical Pirates.
Lucia Pamela reportedly played accordion for Lionel Hampton and Paul Whiteman after her group disbanded.
Lucia Pamela performed at USO shows with her daughter Georgia as the Pamela Sisters.
Lucia Pamela recorded her only album at the age of 65.
Lucia Pamela insisted her album was recorded on the moon.
Lucia Pamela's daughter, Georgia Frontiere, owned the St. Louis Rams.
The St. Louis Rams won their first Super Bowl in January 2000.
The reissue of "Into Outer Space" did not achieve significant commercial success.
The "Into Outer Space" project deeply affected Irwin Chusid.
Irwin Chusid hosted a radio show called Atrocious Music for several years.
Irwin Chusid changed his radio show's name to Incorrect Music after meeting Lucia Pamela.
Irwin Chusid released "Songs in the Key of Z" as both a book and an album.
"Songs in the Key of Z" was the first major attempt to define and survey “outsider music.”
The "Songs in the Key of Z" album contains 20 songs from the late 1960s to the mid-1990s.
All artists on the "Songs in the Key of Z" album are from the musical fringe.
Some songs on "Songs in the Key of Z" were pulled from "vanity" records.
Previous compilations of "out-there" songs often focused on commercial novelties.
Examples of previous compilations include Arf! Arf!’s "Only in America" and RE/Search zine’s "Incredibly Strange Music."
The "MSR Madness" series by Carnage Press focused solely on song-poems.
Arf! Arf!’s 1996 release, "The Talent Show," documented an amateur night in 1981 at a Boston church.
Jack Mudurian was a resident of a nursing home who performed at the Boston church's amateur night.
Jack Mudurian could toggle between dozens of pre-WW2 pop songs.
Arf! Arf! released another of Jack Mudurian’s performances as "Downloading the Repertoire."
Jack Mudurian's "Downloading the Repertoire" features 129 songs in 47 minutes.
Irwin Chusid excerpted Jack Mudurian's work for "Songs in the Key of Z."
Irwin Chusid stated in his book's introduction that "outsider music is difficult to catalog."
Irwin Chusid suggested that outsider artists avoid convention.
Irwin Chusid suggested that outsider artists lack commercial or critical validation.
Irwin Chusid suggested that outsider artists have a compulsion to create.
Irwin Chusid prefers recordings that are exotic, offbeat, calamitous, and visionary, provided the artist is sincere.
"Songs in the Key of Z" includes song-poets, Living ECK Masters, Liberian legislators, and Swedish Elvis impersonators.
Artists on "Songs in the Key of Z" released music on private pressings and major labels.
Harry Partch and Captain Beefheart were selected for "Songs in the Key of Z" due to their "marquee value."
Jandek is a Texan avant-blues recluse.
Peter Grudzien was an out gay country musician since the 1960s.
Peter Grudzien’s 1974 self-produced album is called "The Unicorn."
"The Unicorn" was reissued in 1995 with six new recordings.
Irwin Chusid selected Peter Grudzien’s cover of “There’s a Star-Spangled Banner Waving Somewhere” for "Songs in the Key of Z."
William “Shooby” Taylor is known as the Human Horn.
William “Shooby” Taylor’s recordings were hand-delivered to WFMU.
William “Shooby” Taylor was a retired postal worker and aspiring jazz vocalist from Brooklyn.
William “Shooby” Taylor is represented on "Key of Z" by “Stout-Hearted Men,” a song from "The New Moon."
William “Shooby” Taylor was booed off the stage on "Amateur Night at the Apollo."
William “Shooby” Taylor performed by playing a phantom saxophone and scatting in his own grammar.
William “Shooby” Taylor preferred open vowels and "shraws" and "splaws" in his scatting.
Licensing issues delayed a legal Shooby Taylor retrospective until 2017.
Captain Beefheart is an intuitive but unschooled musician.
The Shaggs are considered the "godmothers of outsider music" by Irwin Chusid.
The Shaggs consisted of Betty, Dot, and Helen Wiggin.
The Shaggs were from a small town in Southeast New Hampshire.
In 1967, the Shaggs' father, Austin Wiggin, decided they needed to be a rock-and-roll act.
Austin Wiggin called himself the band’s “proprietor.”
In 1969, the Wiggins recorded an LP called "Philosophy of the World."
"Philosophy of the World" introduced a generation to the concept of outsider music.
Irwin Chusid first encountered "Philosophy of the World" in the late 1970s.
NRBQ’s Terry Adams worked with the Shaggs on a 1980 reissue for his Red Rooster label.
Lester Bangs wrote a rave review of The Shaggs in the "Village Voice."
Elva Miller was a nonprofessional singer from Claremont, California.
Elva Miller signed to Capital Records in the mid-1960s.
Elva Miller’s albums reportedly sold in the hundreds of thousands.
Mrs. Miller's success placed her in the lineage of Florence Foster Jenkins and the Cherry Sisters.
Florence Foster Jenkins was known as an infamously detuned diva.
The Cherry Sisters were a vaudeville-era act.
Florence Foster Jenkins and the Cherry Sisters are included in Irwin Chusid's book.
Tiny Tim was more famous and less conflicted about his fame than Mrs. Miller.
Tiny Tim was born Herbert Khaury in 1932.
Tiny Tim was obsessed with moony crooners of bygone days.
Tiny Tim performed a medley on the 1968 debut episode of "Rowan & Martin’s Laugh-In."
Tiny Tim became an immediate sensation after his television appearance.
Tiny Tim married 17-year-old Victoria Budinger on "The Tonight Show."
40 million people watched Tiny Tim's wedding on "The Tonight Show."
"Newsweek" ran a Tiny Tim profile titled “The Last Innocent” in May of the year of his marriage.
"Rolling Stone" featured Tiny Tim on its cover two months later.
Jerry Hopkins described Tiny Tim as “quite odd, but above all, gentle and beautiful.”
B.J. Snowden’s “In Canada” is an example of public-access pop.
B.J. Snowden graduated from Berklee in 1973.
Sri Darwin Gross, the 972nd Living ECK Master, performs on “At the Grass Roots.”
“Virgin Child of the Universe” is the only song-poem on "Key of Z."
In the visual arts, outsider art has been idealized for a long time.
The modernist collective Der Blaue Reiter held an exhibition in Berlin in 1911.
Der Blaue Reiter believed that the new century would be a “great spiritual epoch.”
Their exhibition featured "primitive" and folk art alongside contemporary abstract and expressionist paintings.
Their supplemental almanac reprinted works from children.
Wassily Kandinsky wrote that the most important thing in form is whether it has grown out of inner necessity.
Hans Prinzhorn, a German psychiatrist, published "Bildnerei der Geisteskranken (Artistry of the Mentally Ill)" in 1922.
Hans Prinzhorn's book profiled the work of 10 artists with schizophrenia who were in psychiatric care.
Western modernists were significantly impacted by Prinzhorn's book.
Daniel Johnston and Wesley Willis are examples of artists with prototypical outsider visual art portfolios.
Daniel Johnston’s visual art features a cartoon cosmology of spiritual combatants.
Wesley Willis’ visual art features beautifully hatched and gently geometric renderings of cityscapes.
Daniel Johnston poured wry pop songs into a cheap boombox.
Wesley Willis talked about bands and demons over preset keyboard arrangements, always with a commercial slogan.
Daniel Johnston and Wesley Willis built their reputations on self-released, self-illustrated albums.
Jello Biafra released his favorite Wesley Willis tracks as a best-of album.
Kurt Cobain frequently wore a Daniel Johnston “Hi, How Are You” shirt in 1992.
Daniel Johnston and Wesley Willis each secured a major-label deal.
Daniel Johnston and Wesley Willis were frequently self-aware, honest, and intentionally funny.
"COPS" was in the middle of its network run during the time of "Key of Z"'s release.
Jerry Springer’s tabloid talk show was battling its way to the top of the Nielsen ratings during that time.
The back cover of "Key of Z" includes closing commands.
In the year "Key of Z" was released, Brian Linds bought a 23-year-old album from a British Columbia thrift store.
The album Brian Linds bought was a collection of pop songs performed by Vancouver-area elementary schoolers.
Brian Linds alerted Irwin Chusid to the album.
Irwin Chusid tracked down the kids’ music teacher and found additional recordings.
Bar-None agreed to release the set of recordings.
The Langley Schools Music Project’s "Innocence and Despair" was released in 2001.
"Innocence and Despair" was hailed by David Bowie and Mike White.
Mike White’s "School of Rock" script was partly inspired by the Langley kids.
Nearly half of the artists from "Key of Z" were featured in documentaries after the album’s release.
Irwin Chusid oversaw three more volumes of "Key of Z."
Jandek played his first American show in a Masonic theater.
Jandek performed live with a bassist and two drummers recruited for that night.

**********Claims for hard query**********

Lucia Pamela's daughter, Georgia Frontiere, owned the St. Louis Rams.
Lucia Pamela was named Miss St. Louis in 1926.
The St. Louis Rams won their first Super Bowl in January 2000.

**********Formulated hard query**********

Lucia Pamela's daughter, `someone`, owned the St. Louis Rams.
Lucia Pamela was `in a certain way` Miss St. Louis in 1926.
The St. Louis Rams won their first Super Bowl `at a certain time`.

**********Claims for medium query**********

Jack Mudurian's "Downloading the Repertoire" features 129 songs in 47 minutes.
Licensing issues delayed a legal Shooby Taylor retrospective until 2017.
In 1969, the Wiggins recorded an LP called "Philosophy of the World."

**********Formulated medium query**********

`Someone`'s "Downloading the Repertoire" features 129 songs in 47 minutes.
Licensing issues delayed a legal Shooby Taylor retrospective until `a certain year`.
In 1969, the Wiggins recorded an LP called `something`.

**********Claims for easy query**********

Irwin Chusid released "Songs in the Key of Z" as both a book and an album.
"Songs in the Key of Z" was the first major attempt to define and survey “outsider music.”
Irwin Chusid prefers recordings that are exotic, offbeat, calamitous, and visionary, provided the artist is sincere.

**********Formulated easy query**********

Someone released 'Songs in the Key of Z' as both a book and an album.
Something was the first major attempt to define and survey “outsider music.”
Irwin Chusid prefers something of a certain kind, provided the artist is sincere.

**********Page content extracted**********

Title: cass-mccombs-interior-live-oak
URL: https://pitchfork.com/reviews/albums/cass-mccombs-interior-live-oak/
Content: Cass McCombs showed up late for the 20th century, like a party guest arriving as the host was finally slipping off her earrings. Then he wouldn’t leave. Over the 20-odd years since he emerged, a whispery Gen X folkie with a smart-assed streak and bowing b

**********Extracted claims**********

_Interior Live Oak_ is an album by Cass McCombs.
_Interior Live Oak_ contains 16 songs.
There are no throwaway songs on _Interior Live Oak_.
Songs on _Interior Live Oak_ feature gorgeous melodies.
Songs on _Interior Live Oak_ feature alert arrangements.
Songs on _Interior Live Oak_ feature brilliant rhetorical mechanisms.
_Interior Live Oak_ includes character songs.
_Interior Live Oak_ includes story songs.
_Interior Live Oak_ includes bardic American songs.
The songs on _Interior Live Oak_ array demotic talk on mythic patterns.
The songs on _Interior Live Oak_ imprint a lived texture that is both unique and universal.
Cass McCombs collaborated with Jason Quever of Papercuts on _Interior Live Oak_.
Cass McCombs devised a style for _Interior Live Oak_.
_Interior Live Oak_ features Croce-style rococo folk.
_Interior Live Oak_ features jangly fuzz rock.
_Interior Live Oak_ features sparkly soul.
_Interior Live Oak_ features big-desert country.
The production style of _Interior Live Oak_ emphasizes the haptic shapes of fingers pressing strings.
Brian Betancourt plays bass on _Interior Live Oak_.
Brian Betancourt's basslines on _Interior Live Oak_ are nomadic.
_Interior Live Oak_ features an astonishing outpouring of words.
Cass McCombs has packed literature into the songs on _Interior Live Oak_.
Songs on _Interior Live Oak_ start with scintillating verbal surfaces.
"Miss Mabee" is a song on _Interior Live Oak_.
"Miss Mabee" plays with an obvious homophone.
"Miss Mabee" is three minutes long.
"Miss Mabee" is buoyant power pop.
"Peace" is a song on _Interior Live Oak_.
"Who Removed the Cellar Door?" is a song on _Interior Live Oak_.
"Who Removed the Cellar Door?" demonstrates intuitive leaps that enlarge the album.
"Who Removed the Cellar Door?" superimposes the edge of a flooded basement and the top of Niagara Falls.
"A Girl Named Dogie" is a song on _Interior Live Oak_.
"A Girl Named Dogie" is about a young woman moving from a small town to the big city.
"Asphodel" is a song on _Interior Live Oak_.
A character from "A Girl Named Dogie" reemerges in "Asphodel."
Lola Montez dances the spider dance in a song on _Interior Live Oak_.
"I Never Dream About Trains" is a song on _Interior Live Oak_.
"I Never Dream About Trains" features untrustworthy denials holding a lie at its center.
The main character in many songs on _Interior Live Oak_ is an unnamed "you" or a series of "yous."
Many songs on _Interior Live Oak_ are in a mood of elegiac tribute.
"Priestess" is a song on _Interior Live Oak_.
Lines in "Priestess" include: "You saw that each one of us/Are opaque as woven air/Your dark humor no one could touch/From experience no one could bear."
"Juvenile" is a song on _Interior Live Oak_.
"Juvenile" is an everybody-sucks anthem.
_Interior Live Oak_ is a requiem for a dead century.

**********Claims for hard query**********

A character from "A Girl Named Dogie" reemerges in "Asphodel."
"A Girl Named Dogie" is about a young woman moving from a small town to the big city.
"Who Removed the Cellar Door?" superimposes the edge of a flooded basement and the top of Niagara Falls.

**********Formulated hard query**********

A character from "A Girl Named Dogie" appears in a certain way in "Asphodel."
"A Girl Named Dogie" is about someone moving from a small town to the big city.
"Who Removed the Cellar Door?" superimposes something.

**********Claims for medium query**********

"Who Removed the Cellar Door?" demonstrates intuitive leaps that enlarge the album.
"Priestess" is a song on _Interior Live Oak_.
"Miss Mabee" is a song on _Interior Live Oak_.

**********Formulated medium query**********

`Something` demonstrates intuitive leaps that enlarge the album.
`Something` is a song on _Interior Live Oak_.
"Miss Mabee" is a song on `something`.

**********Validation Result**********

subquestion '`Something` is a song on _Interior Live Oak_.' is NOT supported by the context.
<reject> The text mentions several songs that are on the album _Interior Live Oak_, such as "Priestess," "Miss Mabee," "Peace," "Who Removed the Cellar Door?," "A Girl Named Dogie," "Asphodel," and "Juvenile." However, the song titled "`Something`" is not explicitly mentioned as being on _Interior Live Oak_ in the provided content. </reject>

**********Claims for easy query**********

Cass McCombs has packed literature into the songs on _Interior Live Oak_.
Cass McCombs devised a style for _Interior Live Oak_.
Songs on _Interior Live Oak_ feature brilliant rhetorical mechanisms.

**********Formulated easy query**********

Cass McCombs has packed something into the songs on _Interior Live Oak_.
Cass McCombs devised something for _Interior Live Oak_.
Songs on _Interior Live Oak_ feature something.

**********Page content extracted**********

Title: radiohead-hail-to-the-thief-live-recordings-2003-2009
URL: https://pitchfork.com/reviews/albums/radiohead-hail-to-the-thief-live-recordings-2003-2009/
Content: I am possibly the only person alive who enjoys hearing about other people’s experiences doing drugs, so much so that I once spent a lot of time going on long walks and listening to a niche podcast in which two men regaled each other with various substance

**********Extracted claims**********

Radiohead's studio recordings are hermetic, intricate worlds.
Radiohead's live recordings bring those worlds to a listener's doorstep.
Certain Radiohead bootleg recordings create a sense of the band being present in a listener's living room.
_Hail to the Thief (Live Recordings 2003-2009)_ is Radiohead's second live album.
Radiohead's first live album was 2001's _I Might Be Wrong_.
_I Might Be Wrong_ features songs from Radiohead's albums _Kid A_ and _Amnesiac_.
_Hail to the Thief (Live Recordings 2003-2009)_ contains stadium versions of 12 out of 14 tracks from the 2003 album _Hail to the Thief_.
The live recordings for _Hail to the Thief (Live Recordings 2003-2009)_ were taken from performances in London, Amsterdam, Buenos Aires, and Dublin.
The songs for Radiohead's album _Hail to the Thief_ were developed in the shadow of a swelling wave of global fascism.
The songs for Radiohead's album _Hail to the Thief_ were developed amidst a burgeoning digital panopticon.
The songs for Radiohead's album _Hail to the Thief_ were developed amidst televised war, tabloid sleaze, hawkish warmongers, and mass hysteria.
_Hail to the Thief_ is considered a "transitional album" within Radiohead's discography.
_Hail to the Thief_ is also labeled a "political album."
_Hail to the Thief_ incorporates elements of snarling dissonance from _OK Computer_.
_Hail to the Thief_ incorporates elements of unorthodox electronic frenzy from _Kid A_.
_Hail to the Thief_ incorporates hints of the melodic experimentation seen in _In Rainbows_.
The lyrics of _Hail to the Thief_ are almost unrelentingly bleak.
The lyrics of _Hail to the Thief_ contain imagery such as Orwellian zombies and automatons.
Radiohead has compared fellow citizens to pigs in multiple songs.
Thom Yorke revisited these live recordings while preparing for _Hamlet Hail to the Thief_.
_Hamlet Hail to the Thief_ is a Royal Shakespeare Company production of the classic tragedy.
_Hamlet Hail to the Thief_ was staged in the spring of a recent year.
_Hamlet Hail to the Thief_ features a deconstructed score based on the album _Hail to the Thief_.
Thom Yorke stated that he was shocked by the energy of Radiohead's playing on the live recordings from the 2000s.
Thom Yorke stated that he barely recognized the band on those live recordings.
The audience on the live recordings performs intermittent handclaps on the song “We Suck Young Blood.”
The audience on the live recordings yells at full lung capacity during the song “There, There.”
George W. Bush is considered the "titular thief" of the album _Hail to the Thief_.
George W. Bush's post-presidential approval rating has nearly doubled.
An incident occurred at an Australian Thom Yorke solo show in October of a previous year where he exited the stage.
Thom Yorke's exit was in reaction to an audience member demanding he condemn the Israeli genocide of Gaza.
Thom Yorke returned to the stage to play “Karma Police” after the incident.
Thom Yorke made a Notes app statement on social media six months after the incident.
Thom Yorke referred to the situation in Palestine as a "humanitarian catastrophe" in his statement.
Thom Yorke condemned Hamas in his statement.
Approximately 80% of _Hail to the Thief_ was recorded in two weeks.
_OK Computer_ took nearly a year to record.
_Kid A_ and _Amnesiac_ took longer than _OK Computer_ to record.
Many elements of _Hail to the Thief_ were captured live in the studio.
In a 2003 interview with Yahoo! Music, Thom Yorke stated he was writing lyrics he normally wouldn't because he lacked time to think.
In a 2003 _Rolling Stone_ interview, Thom Yorke stated he did not know the origin of the opening lines of _Hail to the Thief_.
Thom Yorke wrote in the new live album's press release that he barely recognized the band on the live recordings.
_Hail to the Thief_ was billed as an Iraq War protest album.
_Hail to the Thief_ was written, recorded, and performed live months before the invasion of Baghdad began.
Thom Yorke recently stated that he believes it is a "death knell" for a work to be described as "political" and constantly contextualized.
Thom Yorke's discomfort with external definitions of his songwriting's abstraction is reflected in the lyrics of “Myxomatosis.”
Thom Yorke sings "Your alarm bells, they should be ringing" on the song “The Gloaming.”
The live version of "The Gloaming" features a diced-up sample of the lyrics "funny, ha ha, funny, how."
The sample in "The Gloaming" is triggered repeatedly by the end of the song.

**********Claims for hard query**********

The sample in "The Gloaming" is triggered repeatedly by the end of the song.
_OK Computer_ took nearly a year to record.
George W. Bush's post-presidential approval rating has nearly doubled.

**********Formulated hard query**********

The sample in "The Gloaming" is triggered in a certain way by the end of the song.
_OK Computer_ took something to record.
Someone's post-presidential approval rating has nearly doubled.

**********Claims for medium query**********

_I Might Be Wrong_ features songs from Radiohead's albums _Kid A_ and _Amnesiac_.
Thom Yorke stated that he barely recognized the band on those live recordings.
The lyrics of _Hail to the Thief_ contain imagery such as Orwellian zombies and automatons.

**********Formulated medium query**********

Something features songs from Radiohead's albums Kid A and Amnesiac.
Someone stated that he barely recognized the band on those live recordings.
The lyrics of Hail to the Thief contain imagery such as something.

**********Claims for easy query**********

The songs for Radiohead's album _Hail to the Thief_ were developed amidst televised war, tabloid sleaze, hawkish warmongers, and mass hysteria.
_Hail to the Thief (Live Recordings 2003-2009)_ is Radiohead's second live album.
Thom Yorke revisited these live recordings while preparing for _Hamlet Hail to the Thief_.

**********Formulated easy query**********

The songs for Radiohead's album _Hail to the Thief_ were developed amidst certain conditions.
_Hail to the Thief (Live Recordings 2003-2009)_ is Radiohead's a certain type of album.
Someone revisited these live recordings while preparing for _Hamlet Hail to the Thief_.

**********Page content extracted**********

Title: pile-sunshine-and-balance-beams
URL: https://pitchfork.com/reviews/albums/pile-sunshine-and-balance-beams/
Content: For a few years there, Pile seemed to be tired of being Pile. Who can blame them? Being Pile seems exhausting: playing like Shellac hopped up on caffeine, seeing out their 30s in sweaty punk clubs, having to think about Stephen Miller night after night.
A

**********Extracted claims**********

"Green and Gray" is a Pile album released in 2019.
"Green and Gray" is described as a "heady" and "ambitious" album.
Pile released a collection of improvisational pieces.
Pile released a collection of shakily recorded solo renditions of Pile songs.
Pile is a Boston DIY band.
"All Fiction" is a fully fledged album by Pile.
"All Fiction" was released in 2023.
"All Fiction" is described as "uncharacteristically muted."
Rick Maguire’s vocals on "All Fiction" sounded muffled and strange.
Synths and strings competed for space in the mix of "All Fiction."
"Sunshine and Balance Beams" is Pile's ninth album.
"Sunshine and Balance Beams" restores a pummeling post-hardcore roar.
"Sunshine and Balance Beams" integrates swooning strings.
"Sunshine and Balance Beams" includes pockets of tenderness.
"Sunshine and Balance Beams" features knotty, circuitous melodies.
The melodies on "Sunshine and Balance Beams" lead to thrashing finales.
Pile performed at Shea Stadium.
"Sunshine and Balance Beams" opens with an orchestral overture titled "Balance Beams."
"Sunshine and Balance Beams" carries a deeply mournful edge.
Rick Maguire says "Death comes in all shapes" in the song "Meanwhile Outside."
"Meanwhile Outside" is an eight-minute song.
"Meanwhile Outside" lingers on an elegiac melodic motif.
"Meanwhile Outside" has a dirgelike finality.
Candace Clement provides harmonic accompaniment as a backing vocalist for Pile.
"Sunshine and Balance Beams" retains atypical instrumentation from "All Fiction."
The instrumentation on "Sunshine and Balance Beams" is employed for fuller, more satisfying songs.
"Bouncing in Blue" is a Pile song.
"Bouncing in Blue" features a quiet duet between Rick Maguire and layered synths.
"Bouncing in Blue" builds to a cataclysmic climax.
In "Bouncing in Blue," guitars and drums are locked in communion with horror-score strings.
Kris Kuss is Pile's drummer.
Kris Kuss plays with Bonham-esque intensity.
Kris Kuss uses brushes on the song "Carrion Song."
"Carrion Song" is a subtly fatalistic ballad.
"Carrion Song" closes out the album "Sunshine and Balance Beams."
"Carrion Song" features pillowy strings.
The lyrics "Let them feed on me/My offering in death" appear in "Carrion Song."
Rick Maguire has written songs about the music industry.
Rick Maguire has written songs about the psychic stress of a creative career.
"My Employer" is a Pile song released in 2019.
Rick Maguire has wrestled with the disconnect between joy in music-making and making a career out of it in his songwriting.
"A Loosened Knot" is a song on "Sunshine and Balance Beams."
"A Loosened Knot" is described as the angriest song on "Sunshine and Balance Beams."
"A Loosened Knot" is a caustic math-rock song.
"A Loosened Knot" recounts an indignity involving reciting Satan’s prayer as a party trick to entertain con-men, curry favor, and gain trust.
"A Loosened Knot" references being bested by a grifter.
Sadie Dupuis is associated with Speedy Ortiz.
Sadie Dupuis describes "Sunshine and Balance Beams" as "a Sisyphean fable concerned with labor and living."
This description by Sadie Dupuis appears in a promotional bio for the album.
Songs on "Sunshine and Balance Beams" contain allegorical images of strenuous work, treacherous paths through the wilderness, and a yearning for peace.
Rick Maguire sings the lines "I built that house with only bones" and "Shelters those dreams for which I’ve atoned" in the song "Bouncing in Blue."
The narrator in the song "Bouncing in Blue" finds peace in surrendering to a flood and letting go of the illusion of control.
"Deep Clay" is a song on "Sunshine and Balance Beams."
"Deep Clay" is described as a palpably frustrated rocker.
"Deep Clay" addresses the perils of letting productivity define self-worth.
Rick Maguire screams the lines "It is my belief/I can write my way out of whatever this place is!" at the climax of "Deep Clay."

**********Claims for hard query**********

Kris Kuss uses brushes on the song "Carrion Song."
Sadie Dupuis is associated with Speedy Ortiz.
"A Loosened Knot" recounts an indignity involving reciting Satan’s prayer as a party trick to entertain con-men, curry favor, and gain trust.

**********Formulated hard query**********

Kris Kuss uses something on the song "Carrion Song."
Someone is associated with Speedy Ortiz.
"A Loosened Knot" recounts an indignity involving something in a certain way to entertain con-men, curry favor, and gain trust.

**********Claims for medium query**********

Kris Kuss is Pile's drummer.
"Deep Clay" is a song on "Sunshine and Balance Beams."
Rick Maguire sings the lines "I built that house with only bones" and "Shelters those dreams for which I’ve atoned" in the song "Bouncing in Blue."

**********Formulated medium query**********

Someone is Pile's drummer.
Something is a song on "Sunshine and Balance Beams."
Rick Maguire sings the lines "I built that house with only bones" and "Shelters those dreams for which I’ve atoned" in something.

**********Claims for easy query**********

"All Fiction" is a fully fledged album by Pile.
"Sunshine and Balance Beams" is Pile's ninth album.
Pile released a collection of shakily recorded solo renditions of Pile songs.

**********Formulated easy query**********

`something` is a fully fledged album by Pile.
"Sunshine and Balance Beams" is Pile's `in a certain way` album.
Pile released a collection of `something`.

**********Validation Result**********

subquestion '"Sunshine and Balance Beams" is Pile's `in a certain way` album.' is NOT supported by the context.
<reject> The information states that "Sunshine and Balance Beams" is Pile's 'in a certain way' album. While the text describes the album in detail, explaining how it combines old and new elements and is undoubtedly a Pile album but not the "same group," it does not use the specific phrase "'in a certain way' album." </reject>

**********Page content extracted**********

Title: mondo-lava-utero-dei
URL: https://pitchfork.com/reviews/albums/mondo-lava-utero-dei/
Content: Picture this: It’s been a long day at the beach, your skin is cooked, and it occurs to you that the edible you took must have been about 30 mg stronger than what it said on the package. An emergency is setting in—you need Cheetos. Stumbling sketchily into

**********Extracted claims**********

Mondo Lava is a duo composed of James Ketchum and Leon Hu.
Mondo Lava's base is split between Davis, California, and Pamplona, Spain.
Mondo Lava are torchbearers for a specific strain of DIY hypnagogia.
A specific strain of DIY hypnagogia became prominent in the early 2010s.
Sun Araw and Spencer Clark crystalized a specific strain of DIY hypnagogia.
The postmodern vision of psychedelia is located between classic dub and Jon Hassell's imagined tropics.
This postmodern vision of psychedelia incorporates blurry snippets and ideas from across the musical spectrum.
This postmodern vision of psychedelia involves collaging musical elements together.
This postmodern vision of psychedelia buries musical elements under tape hiss.
Mondo Lava has continued to produce illusory sonic flavors for approximately the last decade.
Mondo Lava incorporates a cheesy twist of Martin Denny-esque exotica into their music.
_Utero Dei_ is Mondo Lava's latest release.
_Utero Dei_ is Mondo Lava's most ambitious work.
_Utero Dei_ is 75 minutes long.
_Utero Dei_ features molten tape grooves.
_Utero Dei_ features spiraling drum circles.
_Utero Dei_ features eye-dilating samba trips.
_Utero Dei_ is one of the most fully realized documents to emerge from the new-agey corner of noise music in a while.
_Parrot Head Cartridge_ is an earlier work by Mondo Lava.
_Parrot Head Cartridge_ was released in 2014.
_Parrot Head Cartridge_ has a slinkier and more ghostly musical style.
_Utero Dei_ has a rollicking joyride musical style.
The title track of _Utero Dei_ features swooning keyboard spirals.
The song “Chickens in the Barn” features freeform bongo rumble.
The song “Chickens in the Barn” includes crunched-up layers of distortion.
Songs on _Utero Dei_ incorporate looping.
The song “Beco Feio Platano Macho” features a blown-out Casio riff.
The sequencing on _Utero Dei_ is cohesive.
The song “Lady in the Lake” features tabla.
The song “Melmoth’s Wandering Boogaloo” is described as Transylvanian hotel lobby music.
The song “Venus of Willendorf” features fretless bass.
The song “Village Idiot Walking Around With a Flower Balanced on His Nose” features MIDI choir.
Mondo Lava's music is most effective when listened to in the background.
Mondo Lava's music incorporates repetition.
Mondo Lava's music incorporates endlessly chewed-up shredding.
The song “Golem Boogie” appears in the back half of the album.
“Golem Boogie” features tape-degraded beats.
“Golem Boogie” features psych-rock noodling.
“Golem Boogie” features wah-wah effects.
Mondo Lava has mastered the vibe on _Utero Dei_.

**********Claims for hard query**********

The song “Lady in the Lake” features tabla.
Mondo Lava's base is split between Davis, California, and Pamplona, Spain.
_Parrot Head Cartridge_ was released in 2014.

**********Formulated hard query**********

The song “Lady in the Lake” features something.
Mondo Lava's base is split between somewhere and Pamplona, Spain.
Something was released in 2014.

**********Validation Result**********

subquestion 'Mondo Lava's base is split between somewhere and Pamplona, Spain.' is NOT supported by the context.
<reject> The content states that Mondo Lava's base is split between "Davis, California and Pamplona, Spain," not "somewhere and Pamplona, Spain." </reject>

**********Claims for medium query**********

This postmodern vision of psychedelia involves collaging musical elements together.
Sun Araw and Spencer Clark crystalized a specific strain of DIY hypnagogia.
“Golem Boogie” features tape-degraded beats.

**********Formulated medium query**********

This postmodern vision of psychedelia involves in a certain way.
Someone crystalized a specific strain of DIY hypnagogia.
“Golem Boogie” features something.

**********Validation Result**********

subquestion 'This postmodern vision of psychedelia involves in a certain way.' is NOT supported by the context.
<reject> The content states "this postmodern vision of psychedelia grabbed blurry snippets and ideas from across the musical spectrum", which describes what the vision did, but it does not say "involves in a certain way". </reject>

**********Claims for easy query**********

Mondo Lava has mastered the vibe on _Utero Dei_.
_Utero Dei_ is one of the most fully realized documents to emerge from the new-agey corner of noise music in a while.
Mondo Lava incorporates a cheesy twist of Martin Denny-esque exotica into their music.

**********Formulated easy query**********

Someone has mastered the vibe on _Utero Dei_.
_Utero Dei_ is one of the most fully realized documents to emerge from a certain kind of music in a while.
Mondo Lava incorporates something into their music.

**********Page content extracted**********

Title: mgk-lost-americana
URL: https://pitchfork.com/reviews/albums/mgk-lost-americana/
Content: _lost americana_ starts with mgk nodding to the keys from the Who’s “ Baba O’Riley,” and doesn’t let up from there. The lyrics of Guns N’ Roses, George Thorogood, Semisonic, the Black Crowes, and many more are invoked, sometimes obliquely but mostly just 

**********Extracted claims**********

mgk's real name is Colson Baker.
The album _lost americana_ begins with mgk referencing the keys from The Who's song “Baba O’Riley.”
Lyrics from Guns N’ Roses, George Thorogood, Semisonic, and the Black Crowes are referenced in _lost americana_.
The song “Semi-Charmed Life” is partially covered in _lost americana_.
Melodies from Goo Goo Dolls and Kate Bush songs are repurposed in _lost americana_.
The song “Sweet Coraline” by mgk references The Strokes’ “Last Nite.”
“Sweet Coraline” is titled to allow for two additional references.
The lead single from _lost americana_ is “cliché.”
“cliché” is a zillennial interpretation of Alanis Morissette’s “Ironic.”
“cliché” attempts to combine hyperpop with the sound of John Cougar Mellencamp.
Colson Baker details personal struggles in _lost americana_.
Colson Baker created _lost americana_ after a difficult period.
In November 2024, Colson Baker and Megan Fox announced they were expecting their first child.
Colson Baker and Megan Fox ended their relationship two weeks after their pregnancy announcement.
The breakup between Colson Baker and Megan Fox was allegedly due to Baker’s infidelity.
Colson Baker relapsed after over a year of sobriety.
Colson Baker went to rehab.
Colson Baker's preferred studio was destroyed by Los Angeles wildfires.
Colson Baker states that he self-produced _lost americana_ in his living room with his touring band.
The record _lost americana_ aims for the pop-rock canon.
The record _lost americana_ contains extensive self-criticism.
The album _lost americana_ was announced with a trailer.
Bob Dylan narrated the trailer for _lost americana_.
Bob Dylan posted an old video of mgk freestyling on his Instagram.
The collaboration between mgk and Bob Dylan resulted from Bob Dylan's Instagram post.
Prior to _lost americana_, mgk had a major hit with Jelly Roll titled “Lonely Road.”
“Lonely Road” is a rewrite of John Denver’s “Take Me Home, Country Roads.”
mgk's song “indigo” borrows the sound of “Running Up That Hill.”
The song “starman” on _lost americana_ is a flip of “Semi-Charmed Life.”
The song “dont wait run fast” is the official song of ESPN’s College GameDay.
The song “miss sunshine” attempts to evoke a vision of idyllic youth.
The song “vampire diaries” is written from the perspective of a vampire.
Travis Barker contributes pop-punk elements to “vampire diaries” on the album.
_lost americana_ consistently references cocaine use.
The song “Outlaw Overture” contains the lyrics, “I miss my drugs, they’ve been my friends since 21.”
“Outlaw Overture” contains the lyrics, “All of the pages are blank till my life goes to shit/I know I do that on purpose just to write again.”
The songs “goddamn” and “tell me whats up” are confessional in nature.
The song “goddamn” features the lyrics, “I’ve been drowning in something, I’m a downer on substances/I’m a functioning junkie turning my life around.”
“tell me whats up” features Colson Baker rapping about being robbed as a child.
“tell me whats up” features Colson Baker rapping about conspiracy theories.
“tell me whats up” features Colson Baker rapping about musical ADHD.
“tell me whats up” features Colson Baker rapping about the isolation of addiction.
The song “treading water” addresses Colson Baker's responsibility for his breakup with Megan Fox.
“treading water” discusses how Colson Baker's addiction has affected his family.
“treading water” includes the lyric, “While I pack up suitcases, I just ruined their holiday.”
“treading water” includes a verse from Colson Baker's perspective while in rehab.
The verse from rehab in “treading water” contains the lyric, “fixated on the gossip that I know is happening while I’m just being left out of the conversation.”
The verse from rehab in “treading water” includes Colson Baker's wish to tell the public, “for me, y’all can feel pure hatred, but just keep our baby out the situation.”
With _lost americana_, mgk aims to be the preferred artist for young listeners seeking a contemporary musician with a harder edge.
Through the curation of influence in _lost americana_, mgk argues about the nature of quintessentially American rock music.
mgk's self-crafted musical lineage in _lost americana_ includes British songs.

**********Claims for hard query**********

The song “dont wait run fast” is the official song of ESPN’s College GameDay.
In November 2024, Colson Baker and Megan Fox announced they were expecting their first child.
“Sweet Coraline” is titled to allow for two additional references.

**********Formulated hard query**********

The song “dont wait run fast” is the official song of something.
In November 2024, someone and Megan Fox announced they were expecting their first child.
“Sweet Coraline” is titled to allow for something in a certain way.

**********Claims for medium query**********

“tell me whats up” features Colson Baker rapping about the isolation of addiction.
“Outlaw Overture” contains the lyrics, “All of the pages are blank till my life goes to shit/I know I do that on purpose just to write again.”
The collaboration between mgk and Bob Dylan resulted from Bob Dylan's Instagram post.

**********Formulated medium query**********

“tell me whats up” features someone rapping about the isolation of addiction.
“Outlaw Overture” contains something.
The collaboration between mgk and Bob Dylan resulted from something.

**********Claims for easy query**********

With _lost americana_, mgk aims to be the preferred artist for young listeners seeking a contemporary musician with a harder edge.
mgk's self-crafted musical lineage in _lost americana_ includes British songs.
Through the curation of influence in _lost americana_, mgk argues about the nature of quintessentially American rock music.

**********Formulated easy query**********

With _lost americana_, mgk aims to be in a certain state for young listeners seeking a contemporary musician with a harder edge.
mgk's self-crafted musical lineage in _lost americana_ includes something.
Through the curation of influence in _lost americana_, mgk argues about something.

**********Page content extracted**********

Title: phil-elverum-arrington-de-dionyso-giant-opening-mouth-on-the-ground
URL: https://pitchfork.com/reviews/albums/phil-elverum-arrington-de-dionyso-giant-opening-mouth-on-the-ground/
Content: _GIANT OPENING MOUTH ON THE GROUND_ is a collaboration between a shaman and a man tentatively allowing magic to creep back into his work. The first is Arrington de Dionyso, frontman of the feral blues-punk band Old Time Relijun, whose artistic practice in

**********Extracted claims**********

_GIANT OPENING MOUTH ON THE GROUND_ is a collaborative musical work.
Arrington de Dionyso is the frontman of the band Old Time Relijun.
Arrington de Dionyso's artistic practice includes communicating with trees.
Arrington de Dionyso's artistic practice includes performing sacred mushroom songs.
Arrington de Dionyso's artistic practice includes emergency rituals to avert nuclear war.
Phil Elverum was formerly the drummer for Old Time Relijun.
Phil Elverum is the mastermind behind The Microphones.
Phil Elverum is the mastermind behind Mount Eerie.
The clicking of rocks and sticks forms a recurring motif on Mount Eerie’s album _Night Palace_.
The album _GIANT OPENING MOUTH ON THE GROUND_ features Phil Elverum operating a homemade gong-subwoofer contraption.
The album _GIANT OPENING MOUTH ON THE GROUND_ features Arrington de Dionyso playing various woodwind instruments.
The album _GIANT OPENING MOUTH ON THE GROUND_ opens with an onomatopoeic scream, “AAAWAAHAAAL.”
The scream “AAAWAAHAAAL” on _GIANT OPENING MOUTH ON THE GROUND_ almost certainly comes from Arrington de Dionyso.
Arrington de Dionyso and Phil Elverum are karaoke buddies.
Arrington de Dionyso recorded Phil Elverum singing “Got Money.”
The track “Ear Home” on _GIANT OPENING MOUTH ON THE GROUND_ features a choir of woodwinds.
A flute used in spirit possession rituals by the Kaili people of Sulawesi is featured in “Ear Home.”
A continuous sound element is present for 20 minutes within _GIANT OPENING MOUTH ON THE GROUND_.
The music of _GIANT OPENING MOUTH ON THE GROUND_ includes a low-end thrum.
The music in _GIANT OPENING MOUTH ON THE GROUND_ moves across the stereo field.
Arrington de Dionyso and Phil Elverum recorded the music for _GIANT OPENING MOUTH ON THE GROUND_ in 2014.
The music for _GIANT OPENING MOUTH ON THE GROUND_ was held for over a decade before its release.
Geneviève, Phil Elverum's wife, passed away in 2016.
_GIANT OPENING MOUTH ON THE GROUND_ is the first music released by Phil Elverum since 2016 that is not explicitly or implicitly informed by his wife’s death.
The passing of Geneviève led to a shattering of Phil Elverum's musical assumptions.
Mount Eerie’s album _Night Palace_ was influenced by _The Glow, Pt. 2_.
Mount Eerie’s album _Night Palace_ was influenced by _Clear Moon_.
_GIANT OPENING MOUTH ON THE GROUND_ explores spiritual themes that have appeared under various names in Phil Elverum's previous work.
_The Glow Pt. 2_ features an infamous foghorn sound.
Phil Elverum maintains a Substack.
Phil Elverum’s Substack mentions "the earth folds in on itself."
Phil Elverum released _GIANT OPENING MOUTH ON THE GROUND_ on his own label.
Phil Elverum has acknowledged that _GIANT OPENING MOUTH ON THE GROUND_ may not appeal to all listeners.
Phil Elverum described the creation of the music for _GIANT OPENING MOUTH ON THE GROUND_ as "just trying to blow each others’ minds" on _The Microphones in 2020_.

**********Claims for hard query**********

Arrington de Dionyso's artistic practice includes emergency rituals to avert nuclear war.
Arrington de Dionyso's artistic practice includes communicating with trees.
A flute used in spirit possession rituals by the Kaili people of Sulawesi is featured in “Ear Home.”

**********Formulated hard query**********

Arrington de Dionyso's artistic practice includes something.
Arrington de Dionyso's artistic practice includes in a certain way.
Something is featured in “Ear Home.”

**********Claims for medium query**********

_GIANT OPENING MOUTH ON THE GROUND_ is a collaborative musical work.
Mount Eerie’s album _Night Palace_ was influenced by _The Glow, Pt. 2_.
Mount Eerie’s album _Night Palace_ was influenced by _Clear Moon_.

**********Formulated medium query**********

Something is a collaborative musical work.
Mount Eerie’s album something was influenced by _The Glow, Pt. 2_.
Mount Eerie’s album _Night Palace_ was influenced by something.

**********Claims for easy query**********

Phil Elverum described the creation of the music for _GIANT OPENING MOUTH ON THE GROUND_ as "just trying to blow each others’ minds" on _The Microphones in 2020_.
Phil Elverum has acknowledged that _GIANT OPENING MOUTH ON THE GROUND_ may not appeal to all listeners.
The album _GIANT OPENING MOUTH ON THE GROUND_ features Phil Elverum operating a homemade gong-subwoofer contraption.

**********Formulated easy query**********

Phil Elverum described the creation of the music for _GIANT OPENING MOUTH ON THE GROUND_ as "just trying to blow each others’ minds" on `something`.
Phil Elverum has acknowledged that _GIANT OPENING MOUTH ON THE GROUND_ `in a certain state`.
The album _GIANT OPENING MOUTH ON THE GROUND_ features Phil Elverum operating `something`.

**********Page content extracted**********

Title: wolfacejoeyy-summersongs
URL: https://pitchfork.com/reviews/albums/wolfacejoeyy-summersongs/
Content: When Joseph Badejo was a teenager, he closely studied Tyler, the Creator, a paragon for confused kids with contrived exteriors. A decade later, Badejo’s stage name, wolfacejoeyy, pays tribute to Tyler—the “wolface” isn’t “Wolf Face,” but “Wolf Ace,” a nod

**********Extracted claims**********

Joseph Badejo studied Tyler, the Creator during his teenage years.
Tyler, the Creator is described as a paragon for confused young individuals with contrived exteriors.
Joseph Badejo's stage name, wolfacejoeyy, pays tribute to Tyler, the Creator.
The "wolface" in wolfacejoeyy's name signifies "Wolf Ace," not "Wolf Face."
Wolfacejoeyy and Tyler, the Creator currently appear to be vastly different artists.
In the early 2010s, the music collective Odd Future presented a guarded approach to romance.
Odd Future engaged in flirtatious behavior exclusively in ways that preserved their edgy image.
As wolfacejoeyy, Joseph Badejo offers a contrasting approach to Odd Future's romantic model.
Sexy drill music is presented as the dialectical opposite of the Los Angeles loiterers from the previous decade, both geographically and rhetorically.
Sexy drill artists are characterized as shameless New Yorkers who prioritize their libidos over their egos.
"KIKI" is identified as a standout song from wolfacejoeyy's album _SUMMERSONGS_.
Midway through "KIKI," wolfacejoeyy's character expresses extreme desperation and shamelessness, bordering on delusion.
In "KIKI," wolfacejoeyy's character states, "I know you like girls, boo," and "I like girls too!"
Joseph Badejo has mastered the performance of a relentless club rat character.
The club rat character is depicted as a slick-mouthed individual whose persistence is both annoying and endearing.
For a period, the effect of the club rat character was linked to Joseph Badejo's youth.
When wolfacejoeyy rapped about being too young for the club, it conveyed a bratty vibe.
The bratty vibe created the impression of a swaggering youth using a fake ID to flirt.
Some of the snark from wolfacejoeyy's earlier work remains on _SUMMERSONGS_.
_SUMMERSONGS_ is described as a low-stakes LP.
Joseph Badejo's latest record, _SUMMERSONGS_, is perceived as a more grown-up record.
The artist who released "Alexis Texas" at 21 years old is depicted as being "hornier" at 22 years old.
The artist who released "Alexis Texas" is also depicted as being somewhat easier to take seriously at 22 years old.
_SUMMERSONGS_ shifts from the overcrowded, strobe-lit nightclub feel of wolfacejoeyy's earlier work to the intimacy of a back-patio gathering.
_SUMMERSONGS_ incorporates musical elements such as congas, staccato rhythms, slower beats per minute (BPMs), and occasional guitar licks.
The looser musical style of _SUMMERSONGS_ provides wolfacejoeyy with more opportunity to refine his seductive artistic expression.
In _SUMMERSONGS_, wolfacejoeyy's persona shifts from an out-of-breath pickup artist to a self-assured charmer.
The self-assured charmer persona is depicted as "buzzing from a margarita and feeling invincible."
The sexy-drill slow-dance song "4 ME" presents wolfacejoeyy's flirtatious behavior as a business offer.
In "4 ME," wolfacejoeyy's character states, "Don’t play me like 2K," and "I might spend it on your sweater."
The laid-back cadence of "THE BIRTHDAY SONG" matches its premise of a hopeless romantic.
The character in "THE BIRTHDAY SONG" is depicted as lightly drunk and highly disciplined.
Drill music is fundamentally kinetic.
In Joseph Badejo's New York setting, drill music's energy is associated with tattered jeans, subway-surfing nihilists, mayoral public service announcements (PSAs), and vape smoke.
_SUMMERSONGS_ maintains the ethos of a contact sport.
_SUMMERSONGS_ portrays contact differently, emphasizing intimacy over physical impact.
_SUMMERSONGS_ achieves a balance between the chaos of desire and the vulnerability of acting on it.
For the first time in his career, wolfacejoeyy's music sounds more like that of a host than a guest who snuck in.

**********Claims for hard query**********

The character in "THE BIRTHDAY SONG" is depicted as lightly drunk and highly disciplined.
In "KIKI," wolfacejoeyy's character states, "I know you like girls, boo," and "I like girls too!"
For a period, the effect of the club rat character was linked to Joseph Badejo's youth.

**********Formulated hard query**********

The character in something is depicted as lightly drunk and highly disciplined.
In "KIKI," someone states, "I know you like girls, boo," and "I like girls too!"
For a period, the effect of the club rat character was linked to something.

**********Claims for medium query**********

Joseph Badejo studied Tyler, the Creator during his teenage years.
Tyler, the Creator is described as a paragon for confused young individuals with contrived exteriors.
Joseph Badejo has mastered the performance of a relentless club rat character.

**********Formulated medium query**********

Someone studied Tyler, the Creator during his teenage years.
Tyler, the Creator is described as a paragon for a certain type of person.
Joseph Badejo has mastered the performance of a certain type of character.

**********Claims for easy query**********

As wolfacejoeyy, Joseph Badejo offers a contrasting approach to Odd Future's romantic model.
The looser musical style of _SUMMERSONGS_ provides wolfacejoeyy with more opportunity to refine his seductive artistic expression.
In _SUMMERSONGS_, wolfacejoeyy's persona shifts from an out-of-breath pickup artist to a self-assured charmer.

**********Formulated easy query**********

As wolfacejoeyy, someone offers a contrasting approach to Odd Future's romantic model.
The looser musical style of something provides wolfacejoeyy with more opportunity to refine his seductive artistic expression.
In _SUMMERSONGS_, wolfacejoeyy's persona shifts from in a certain state to a self-assured charmer.

**********Page content extracted**********

Title: quadeca-vanisher-horizon-scraper
URL: https://pitchfork.com/reviews/albums/quadeca-vanisher-horizon-scraper/
Content: Benjamin Lasky leapt into fame as the lowest of the low: A YouTube rapper. He built his name, Quadeca, with abrasive diss track hi-jinks and even more clickbaity imitations of famous MCs. But in the last half-decade, the Los Angeles musician has reinvente

**********Extracted claims**********

Benjamin Lasky gained fame as a YouTube rapper.
Benjamin Lasky, known as Quadeca, built his name with abrasive diss track hi-jinks.
Benjamin Lasky, known as Quadeca, built his name with clickbaity imitations of famous MCs.
The Los Angeles musician has reinvented himself as an art-pop auteur.
The musician traveled to a small island in the Philippines to film a movie-length music video.
The movie-length music video is for the album _Vanisher, Horizon Scraper_.
_Vanisher, Horizon Scraper_ is Quadeca's new album.
Quadeca is obsessed with the open waters.
In the narrative of the album, Quadeca plays a sailor.
In the narrative of the movie, Quadeca plays a sailor.
The sailor character leaves the comforts of his past life in the narrative.
The sailor character embarks on a quest for freedom in the narrative.
The sailor character embarks on a quest for self-discovery in the narrative.
In the narrative, the sailor character finds a bottle.
In the narrative, the sailor character fights a beast.
In the narrative, the sailor character drowns.
The album's journey is also a metaphor for Quadeca’s mind.
The album's journey traverses Quadeca’s anxieties.
The album's journey traverses Quadeca’s existential fears.
The album addresses worries about AI threatening the magic of the world.
The album addresses worries about AI ushering in the apocalypse.
_Vanisher_ contains many metaphors.
_Vanisher_ contains many double-entendres.
_Vanisher_ contains many musical layers.
In the narrative, Quadeca departs from South America.
The song “No Questions Asked” samples the first three seconds of Chico Buarque’s 1971 album _Construção_.
Chico Buarque is a Brazilian artist.
_Construção_ was released in 1971.
The song “Waging War” combines flamenco dance sounds with Lex Luger snares.
The song “That’s Why” samples Alberto Baldan Bemo’s “Samoa.”
“Samoa” was originally composed for an erotic film in the 1970s.
“That’s Why” addresses existential themes.
In the narrative, the sailor's optimistic feelings turn into dread.
In the narrative, the sailor realizes he has gone too far to turn back.
In the narrative, the sailor confronts the mythological serpent-dragon Bakunawa.
Danny Brown plays the character of Bakunawa.
In the narrative, Bakunawa threatens to eat the moon.
In the narrative, Bakunawa can only be quelled by music.
In the narrative, the sailor accepts his imminent death.
In the narrative, the sailor is grateful for the voyage.
Quadeca incorporates baroque pop into his music.
Quadeca incorporates bossa nova into his music.
Quadeca's previous music was experimental.
Quadeca's previous music was streamlined.
Quadeca's previous music was restless.
Quadeca's previous music was mutating.
Quadeca's previous music allowed individual ideas to stand out without being buried in decorative textures.
The album _Vanisher, Horizon Scraper_ incorporates many musical elements simultaneously.
The album is comparable to brakence's style of neurotic intricacy.
The album's songs contain rich stacks of instruments.
_Vanisher_ is an apocalyptic tale.
The tale is about a man chasing the horizon.
The tale is about a man chasing himself.
The tale is channeled through many sound-fragments.
The song “Natural Causes” features contrasting musical sections.
In “Natural Causes,” Quadeca sings about trying to escape a psychic torment.
The song “Dancing Without Moving” expresses happiness.
“Dancing Without Moving” contains the lyric “get low with the setting sun.”
The instruments in “Dancing Without Moving” intertwine.
Quadeca sings from the perspective of a dirty bottle in some songs.
Quadeca sings from the perspective of the horizon in some songs.
The song “Thundrrr” is violent.
In “Thundrrr,” Quadeca's vocals threaten to knock down trees.
The song “The Great Bakunawa” is a serpent-fighting soundtrack.
“The Great Bakunawa” includes distorted resonances from a healing bowl.
“The Great Bakunawa” includes bongos.
“The Great Bakunawa” includes pitched-up piano.
“The Great Bakunawa” includes arpeggiated synths.
_Vanisher_ has a detuned quality.
_Vanisher_ is reminiscent of Mk.gee's sound.
_Vanisher_ has an evanescence similar to James Blake.
Quadeca's voice sounds phantasmic on the album.
Quadeca's voice features reverb.
Quadeca's voice trembles and splinters.
The vocal delivery reflects the fragmented lyrics.
The album's lyrics are fragmented.
Quadeca expresses the agony of depression in his music.
The song “At a Time Like This” contains the lyric “When the walls cave in on you/They become your skin.”
Quadeca captures a haunted feeling using vocals and instrumental flourishes.
The narrative of the album received careful attention.
Many verses in the album are hazy.
A section of “Waging War” portrays a character getting high and envisioning the ocean parting to reveal a hallway.
This hallucination disappears when the character sobers up.
This sequence is intended to foreshadow the sailor’s death.
The song "Waging War" includes the lyric "reverse the loop and I’m swimming forward."
Quadeca provided an explanation for the lyric connecting “loop” to “pool” and “swimming.”
The explanation for the lyric is puzzling, even with Genius annotations.
The album centers on a man trapped in his own mind.
The album addresses a character reliving past mistakes.
The album addresses a character fantasizing about death.
The album addresses a character learning to relinquish control.
The album's focus on the self can distract from its apocalyptic narrative.
The album exhibits a sprawling insularity.
The album can sound homogenous after a full listen.
Quadeca incorporates Japanese taiko drums into the album.
Quadeca incorporates Chinese cymbals into the album.
Quadeca incorporates mandolin into the album.
Quadeca incorporates marching band percussion into the album.
Quadeca incorporates trombones processed to sound like 808s into the album.
Quadeca incorporates a filtered recording of a table being smashed into the album.
These incorporated elements are buried and blurred together in the album.
The album creates a vaguely nautical atmosphere.
_Vanisher_ attempts to address unsolvable complexities of life and adulthood.
_Vanisher_ packages these complexities into an allegory about a man and an ocean.
The album contains moments of euphoria.
Olēka is featured on the song “Waging War.”
Quadeca's and Olēka's vocals intertwine on “Waging War.”
Quadeca's vocals shatter into pixelated pieces at a point.
Mutilated words are shadowed by cries in the vocals.
The album includes the lyric “I surrender to my heart.”
The instrumentation fades away at that point in the album.

**********Claims for hard query**********

This hallucination disappears when the character sobers up.
“Samoa” was originally composed for an erotic film in the 1970s.
_Construção_ was released in 1971.

**********Formulated hard query**********

This hallucination disappears in a certain way.
“Samoa” was originally composed for an erotic film at a certain time.
_Construção_ was released at a different time.

**********Claims for medium query**********

These incorporated elements are buried and blurred together in the album.
Quadeca incorporates Chinese cymbals into the album.
Mutilated words are shadowed by cries in the vocals.

**********Formulated medium query**********

Something are buried and blurred together in the album.
Quadeca incorporates something into the album.
Something are shadowed by cries in the vocals.

**********Claims for easy query**********

The album's journey traverses Quadeca’s existential fears.
_Vanisher, Horizon Scraper_ is Quadeca's new album.
The album's journey traverses Quadeca’s anxieties.

**********Formulated easy query**********

Something is Quadeca's new album.
The album's journey traverses Quadeca’s something.
The album's journey traverses Quadeca’s something.

**********Page content extracted**********

Title: coatshek-sound-bath
URL: https://pitchfork.com/reviews/albums/coatshek-sound-bath/
Content: For a young (or at least inexperienced) Western gay man, few places hold the combination of loaded history, excitement, and terror like the bathhouse. These hallowed public sex spaces have survived decades of on-and-off-again state targeting, and are ofte

**********Extracted claims**********

Bathhouses are public sex spaces.
Bathhouses have survived decades of on-and-off-again state targeting.
Bathhouses are often associated with a previous generation of gay men.
Bathhouses are fetishized by an underdog contingent of the next generation of gay men.
The bathhouse has become a focus of interest in gay culture.
Cruising is condoned and encouraged in bathhouses.
At least two albums of steamy electronic music have been inspired by the experience of lingering at the bathhouse.
_Sound Bath_ is the debut LP from San Francisco artist coatshek.
Coatshek is also known as Sheki Cicelsky.
_Sound Bath_ is a start-to-finish sex jam.
_Sound Bath_ is designed for active bathhouse sessions.
_Sound Bath_ is pitched at 107 BPM.
107 BPM is described as the optimal speed for sauna sex.
_Sound Bath_ was initially released as a continuous mix.
The continuous mix of _Sound Bath_ was for a series named _Soundbath_.
_Soundbath_ is a series of DJ sets.
The _Soundbath_ DJ sets are designed for sauna sex.
The _Soundbath_ DJ sets were courtesy of the dance music-adjacent poppers brand Double Scorpio.
Double Scorpio experienced a downfall.
Double Scorpio’s downfall was part of a clampdown on a grey-area drug.
_Sound Bath_ existed in limbo as a casualty of a culture war targeting queer people following Double Scorpio’s downfall.
Dark Entries is a Bay Area-based record label.
Dark Entries has highlighted the queer history of electronic music.
Josh Cheon founded Dark Entries.
Dark Entries unearths and reissues music from obscure corners of the electronic music world.
Dark Entries reissued Patrick Cowley’s gay porn soundtracks.
_Sound Bath_ received a vinyl pressing.
The vinyl pressing of _Sound Bath_ is split into individual tracks.
_Sound Bath_ was made with a guitar, a few synthesizers, and a drum machine.
_Sound Bath_ sounds like it could have been released in 1994 or now.
The album _Sound Bath_ begins with the track “Softest.”
_Sound Bath_ highlights a gentle and welcoming side of electronic music.
The drums on _Sound Bath_ circle around but rarely hammer out its beat.
_Sound Bath_ features reverb-soaked hi-hats.
_Sound Bath_ includes strange sounds that ring out into the darkness.
_Sound Bath_ contains muttering and whispering voices.
The mood on _Sound Bath_ changes to mirror the feeling of getting lost in darker corners.
The track “The Feelings” culminates a mood change on _Sound Bath_.
“The Feelings” features pitter-patter drums.
Sheki Cicelsky speaks directly into the listener’s ear on “The Feelings.”
After “The Feelings,” _Sound Bath_ takes a more expressive and euphoric turn.
“Labyrinth” is a dub techno track on _Sound Bath_.
Sheki Cicelsky’s guitar can be heard on “Labyrinth.”
“Eternal Lovers” is the closing track on _Sound Bath_.
“Eternal Lovers” features a skippy beat.
“Eternal Lovers” includes long, sustained notes.
_Sound Bath_ is a techno record.
_Sound Bath_ highlights the warmth and melody of the techno genre.
_Sound Bath_ sounds like someone made it with their own hands.
The music on _Sound Bath_ moves and evolves in real time.

**********Claims for hard query**********

Double Scorpio’s downfall was part of a clampdown on a grey-area drug.
Double Scorpio experienced a downfall.
Coatshek is also known as Sheki Cicelsky.

**********Formulated hard query**********

Double Scorpio’s downfall was part of a clampdown on something.
Double Scorpio experienced a certain state.
Someone is also known as Sheki Cicelsky.

**********Claims for medium query**********

The bathhouse has become a focus of interest in gay culture.
_Sound Bath_ includes strange sounds that ring out into the darkness.
_Sound Bath_ sounds like someone made it with their own hands.

**********Formulated medium query**********

Something has become a focus of interest in gay culture.
_Sound Bath_ includes something that ring out into the darkness.
_Sound Bath_ sounds like someone made it in a certain way.

**********Claims for easy query**********

At least two albums of steamy electronic music have been inspired by the experience of lingering at the bathhouse.
_Sound Bath_ highlights a gentle and welcoming side of electronic music.
_Sound Bath_ highlights the warmth and melody of the techno genre.

**********Formulated easy query**********

At least two albums of steamy electronic music have been inspired by a certain experience.
_Sound Bath_ highlights a certain characteristic of electronic music.
_Sound Bath_ highlights the warmth and melody of a certain genre.

**********Page content extracted**********

Title: field-mic-surrender-instead
URL: https://pitchfork.com/reviews/albums/field-mic-surrender-instead/
Content: On “the journey to the center of nothing,” the closer of Field Medic’s eighth studio album, _surrender instead_, Kevin Patrick Sullivan starts singing about me. Not literally me—but when he gets to the line about “some journalist in Flatbush/Who’ll write 

**********Extracted claims**********

_surrender instead_ is Field Medic’s eighth studio album.
Kevin Patrick Sullivan is the artist known as Field Medic.
The song “the journey to the center of nothing” is the closer track of Field Medic’s album _surrender instead_.
Kevin Patrick Sullivan released an album on Run for Cover records in 2023.
Kevin Patrick Sullivan self-released another record in 2023.
Kevin Patrick Sullivan released a collection of rarities and B-sides spanning over a decade in late 2023.
The song “tricks & illusions” is the opener track on _surrender instead_.
The song “tricks & illusions” traces Kevin Patrick Sullivan's relationship to music from his childhood to his adult years.
The song “tricks & illusions” describes Kevin Patrick Sullivan using music as a refuge from his parents’ tumultuous relationship during his childhood.
The song “tricks & illusions” indicates that Kevin Patrick Sullivan's adult years have involved touring and contract disputes.
The songs on _surrender instead_ portray success as including a glowing review, mutual recognition with an audience, and earning a living from writing songs for adverts and films.
The song “opposite fantasies” includes the chorus lines: “I’ve got these opposite fantasies/One where I live a long time, another one where I die soon.”
In the song “the journey to the center of nothing,” Kevin Patrick Sullivan slants his rhymes and emphasizes the last syllable of each line.
The song “the journey to the center of nothing” includes the lines: “Living paycheck to pay check/You’re a postmodern surviva list/Grief or spite lost in the mo ment/Till you recall the Everest of crippling debt.”
Kevin Patrick Sullivan has been releasing folk records for over a decade.
The bridge of the song “falling out” features Kevin Patrick Sullivan imagining a conversation with an estranged friend.
The song “simply obsessed” features a bouncy drum machine.
In the song “MELANCHOLY,” Kevin Patrick Sullivan sings “My heart will never mend!” over a lonesome cowboy’s waltz.
The song “MELANCHOLY” ends with a fade-out.
Towards the end of the song “MELANCHOLY,” a doo-wop progression slows, girl group backing vocals dim, and the drums momentarily stumble.
Kevin Patrick Sullivan has released eight albums.

**********Claims for hard query**********

The song “opposite fantasies” includes the chorus lines: “I’ve got these opposite fantasies/One where I live a long time, another one where I die soon.”
The song “MELANCHOLY” ends with a fade-out.
The song “simply obsessed” features a bouncy drum machine.

**********Formulated hard query**********

The song “opposite fantasies” includes something.
The song “MELANCHOLY” ends in a certain way.
The song “simply obsessed” features something.

**********Claims for medium query**********

The bridge of the song “falling out” features Kevin Patrick Sullivan imagining a conversation with an estranged friend.
The song “tricks & illusions” traces Kevin Patrick Sullivan's relationship to music from his childhood to his adult years.
The song “tricks & illusions” describes Kevin Patrick Sullivan using music as a refuge from his parents’ tumultuous relationship during his childhood.

**********Formulated medium query**********

The bridge of the song “falling out” features Kevin Patrick Sullivan in a certain way.
The song “tricks & illusions” traces Kevin Patrick Sullivan's relationship to music over a certain period.
The song “tricks & illusions” describes Kevin Patrick Sullivan using music as a refuge from something during his childhood.

**********Claims for easy query**********

The song “the journey to the center of nothing” is the closer track of Field Medic’s album _surrender instead_.
The songs on _surrender instead_ portray success as including a glowing review, mutual recognition with an audience, and earning a living from writing songs for adverts and films.
_surrender instead_ is Field Medic’s eighth studio album.

**********Formulated easy query**********

A certain song is the closer track of Field Medic’s album _surrender instead_.
The songs on _surrender instead_ portray success as including a certain kind of review, mutual recognition with an audience, and earning a living from writing songs for adverts and films.
_surrender instead_ is a certain artist’s eighth studio album.

**********Page content extracted**********

Title: osees-abomination-revealed-at-last
URL: https://pitchfork.com/reviews/albums/osees-abomination-revealed-at-last/
Content: For the sake of your own sanity, sometimes you have to mock your enemies—even the ones you’ll never actually meet. “I am insufferable, unbelievably satisfied/It’s my place to tell you what is wrong,” John Dwyer whines on Osees’ “Fight Simulator” with a sl

**********Extracted claims**********

Osees' song "Fight Simulator" features John Dwyer performing a monologue.
John Dwyer's performance on "Fight Simulator" includes a slightly aristocratic, pseudo-intellectual accent.
The tempo decelerates during the monologue on "Fight Simulator."
John Dwyer's voice changes during the monologue on "Fight Simulator."
John Dwyer repeats the phrase "For how long?" on "Fight Simulator."
The repetition of "For how long?" on "Fight Simulator" becomes slower and quieter.
The album _ABOMINATION REVEALED AT LAST_ is delivered in a rabid manner.
Osees recorded _ABOMINATION REVEALED AT LAST_ in a studio in Tornillo, Texas.
The recording studio used for _ABOMINATION REVEALED AT LAST_ is located next to a now-defunct "tent city."
Osees' band members include drummers Dan Rincon and Paul Quattrone, guitarist and keyboardist Tom Dolas, and bassist Tim Hellman.
Osees' music on _ABOMINATION REVEALED AT LAST_ addresses themes such as relentless genocides, kidnapped civilians, A.I. embracement, and tech billionaires.
John Dwyer announced Osees' album _ABOMINATION REVEALED AT LAST_ in June.
Osees' _ABOMINATION REVEALED AT LAST_ is sonically more fired up than _Sorcs 80_.
_Sorcs 80_ is described as a synth sampler diorama.
The song "Protection" on _ABOMINATION REVEALED AT LAST_ features proto-punk drumming and brassy synth notes.
John Dwyer howls lyrics that mention "Musk" and "Mark" on "Protection."
The song "Protection" targets social media villains.
The song "God's Guts" on _ABOMINATION REVEALED AT LAST_ addresses politicians' campaigns.
The lyrics "I know you’re a man of faith/Dipped in blood and ordained" appear in "God's Guts."
John Dwyer's vocals on "God's Guts" include screeches.
Osees' bandmates perform a sped-up disco-punk shuffle on "God's Guts."
"Ashes 1" on _ABOMINATION REVEALED AT LAST_ features a hardcore sound.
Dan Rincon and Paul Quattrone add a hiccup to their drum patterns on "Ashes 1."
Osees' _ABOMINATION REVEALED AT LAST_ is not a full sequel to their 2022 album _A Foul Form_.
_A Foul Form_, released in 2022, is described as caustic punk.
_ABOMINATION REVEALED AT LAST_ incorporates psych-rock jams.
"Glass Window" on _ABOMINATION REVEALED AT LAST_ is described as danceable.
"Glüe" on _ABOMINATION REVEALED AT LAST_ features a long guitar solo.
"Glitter-Shot" is the closing track on _ABOMINATION REVEALED AT LAST_.
"Glitter-Shot" exhibits a disaffected post-punk style.
"Glitter-Shot" contains deep monotone bellows.
"Glitter-Shot" mocks a tyrant associated with the Capitol.
"Sneaker" on _ABOMINATION REVEALED AT LAST_ features a krautrock groove.
The two drummers, bassist Tim Hellman, and keyboardist Tom Dolas interact musically on "Sneaker."
Chime Oblivion is John Dwyer's new side-project.
Chime Oblivion features a loose no-wave style.
_ABOMINATION REVEALED AT LAST_ is Osees' 29th album.
John Dwyer remains committed to Osees.
John Dwyer chases song ideas.
John Dwyer performs onstage with a guitar perched on his collarbone.
John Dwyer sometimes performs onstage with his tongue out.
_ABOMINATION REVEALED AT LAST_ marks a return to the garage-rock style of Osees' mid-2010s material.
_ABOMINATION REVEALED AT LAST_ features synth and wooden drumming.
_ABOMINATION REVEALED AT LAST_ does not sound like a full throwback to Osees' Thee Oh Sees era.
The title and art of _ABOMINATION REVEALED AT LAST_ mirror those of _Mutilator Defeated at Last_.
John Dwyer stated that Osees leaves much for their fans to interpret regarding parallels between albums.
John Dwyer and Osees incorporate multiple genres in their music.
Osees continues to express punk elements in their music.

**********Claims for hard query**********

The song "Protection" targets social media villains.
The repetition of "For how long?" on "Fight Simulator" becomes slower and quieter.
"Glitter-Shot" mocks a tyrant associated with the Capitol.

**********Formulated hard query**********

The song "Protection" targets **someone**.
The repetition of **something** on "Fight Simulator" becomes slower and quieter.
"Glitter-Shot" mocks **someone**.

**********Claims for medium query**********

John Dwyer remains committed to Osees.
"Glitter-Shot" is the closing track on _ABOMINATION REVEALED AT LAST_.
"Glass Window" on _ABOMINATION REVEALED AT LAST_ is described as danceable.

**********Formulated medium query**********

Someone remains committed to Osees.
"Glitter-Shot" is the closing track on something.
"Glass Window" on _ABOMINATION REVEALED AT LAST_ is described as in a certain state.

**********Claims for easy query**********

_ABOMINATION REVEALED AT LAST_ marks a return to the garage-rock style of Osees' mid-2010s material.
Osees' _ABOMINATION REVEALED AT LAST_ is sonically more fired up than _Sorcs 80_.
John Dwyer announced Osees' album _ABOMINATION REVEALED AT LAST_ in June.

**********Formulated easy query**********

Something marks a return to the garage-rock style of Osees' mid-2010s material.
Osees' _ABOMINATION REVEALED AT LAST_ is sonically in a certain state than _Sorcs 80_.
Someone announced Osees' album _ABOMINATION REVEALED AT LAST_ in June.

**********Page content extracted**********

Title: anamanaguchi-anyway
URL: https://pitchfork.com/reviews/albums/anamanaguchi-anyway/
Content: Anamanaguchi, perhaps the most popular chiptune band of all time, were welcomed as ComicCon royalty recently, celebrating two decades of soundtrack synergy with a free performance alongside frontman Peter Berkman’s appearance at a _Scott Pilgrim EX_ panel

**********Extracted claims**********

Anamanaguchi is a chiptune band.
Anamanaguchi is described as perhaps the most popular chiptune band of all time.
Anamanaguchi celebrated two decades of soundtrack synergy at ComicCon.
Anamanaguchi performed a free show at ComicCon.
Peter Berkman, Anamanaguchi's frontman, appeared at a Scott Pilgrim EX panel at ComicCon.
Anamanaguchi released an album titled *Endless Fantasy*.
*Endless Fantasy* is 76 minutes long.
Anamanaguchi released an album titled *[USA]*.
*[USA]* was released six years after *Endless Fantasy*.
The Anamanaguchi album *Anyway* features the *American Football* house on its cover.
The lead single from Anamanaguchi's album *Anyway* is titled "Darcie".
"Darcie" is an alt-rock tribute to the co-founder of Polyvinyl.
Polyvinyl offers the *American Football* house as an Airbnb for artistic retreats.
Anamanaguchi's album *Anyway* was recorded at Tarbox Studios.
Tarbox Studios belongs to Dave Fridmann.
Anamanaguchi's album *Anyway* includes a song titled "Sparkler".
Anamanaguchi's album *Anyway* includes a song titled "Sapphire".
Anamanaguchi's album *Anyway* includes a song titled "Valley of Silence".
Anamanaguchi's album *Anyway* includes a song titled "Rage (Kitchen Sink)".
Anamanaguchi's album *Anyway* includes a song titled "Nightlife".
Peter Berkman sings on the Anamanaguchi song "Come for Us".
The Anamanaguchi song "Come for Us" contains the lyric "You wave the bag like it’s a fortune, keep pretending that it’s worth the trade."
Anamanaguchi has covered Nirvana’s “Territorial Pissings”.
Anamanaguchi has licensed songs to Target.
Anamanaguchi has licensed songs to Taco Bell.
Anamanaguchi embraced nerd culture before it became mainstream.

**********Claims for hard query**********

Tarbox Studios belongs to Dave Fridmann.
*Endless Fantasy* is 76 minutes long.
Polyvinyl offers the *American Football* house as an Airbnb for artistic retreats.

**********Formulated hard query**********

Tarbox Studios belongs to someone.
Something is 76 minutes long.
Polyvinyl offers the *American Football* house as an Airbnb for a certain purpose.

**********Claims for medium query**********

Anamanaguchi is a chiptune band.
Anamanaguchi has covered Nirvana’s “Territorial Pissings”.
Peter Berkman sings on the Anamanaguchi song "Come for Us".

**********Formulated medium query**********

Anamanaguchi is a certain type of band.
Anamanaguchi has covered something.
Someone sings on the Anamanaguchi song "Come for Us".

**********Claims for easy query**********

Anamanaguchi released an album titled *[USA]*.
The Anamanaguchi album *Anyway* features the *American Football* house on its cover.
Anamanaguchi released an album titled *Endless Fantasy*.

**********Formulated easy query**********

Anamanaguchi released an album titled `something`.
The Anamanaguchi album *Anyway* features `something` on its cover.
Anamanaguchi released an album titled `a certain album`.

**********Validation Result**********

subquestion 'Anamanaguchi released an album titled `a certain album`.' is NOT supported by the context.
<reject> The text mentions Anamanaguchi's albums `Anyway`, `Endless Fantasy`, and `[_\USA\]_`, but it does not mention an album titled `a certain album`. </reject>

**********Page content extracted**********

Title: recoechi-flavaz
URL: https://pitchfork.com/reviews/albums/recoechi-flavaz/
Content: Even at his calmest, Recoechi sounds like he’s on the verge of collapse. His thick tenor and syrupy Chicago drawl strain under the weight of his words, which oscillate between clear-eyed notes on the struggles of American life—especially for Black people 

**********Extracted claims**********

Recoechi hails from Chicago’s East Side.
Recoechi has worked as a community organizer.
Recoechi has been involved with youth programs such as Healthy Hood and Hip-Hop DetoxX.
Recoechi recovered from a felony charge for selling weed and a period of heavy ecstasy abuse.
In interviews, Recoechi frequently references grace as his guiding principle.
A focus on sustainability influences various aspects of Recoechi’s life.
Recoechi's day job is as a solar installer.
Before the release of _FLAVAZ_, Recoechi's discography contained fewer than 10 songs.
Recoechi's talent has attracted attention from influential figures including Sway and Statik Selektah.
_FLAVAZ_ is Recoechi’s debut album.
_FLAVAZ_ attempts to document the reality of maintaining hope.
On the song “Pie,” Recoechi contemplates the social engineering of hatred.
Recoechi’s cousin has praised his efforts in “uniting the trenches.”
Recoechi believes that societal issues are fundamentally connected to money.
On the song “Concentration USA,” Recoechi states, “Enough about the hopes and dreams, this shit about that paper.”
The titular concept of _FLAVAZ_ serves as Recoechi’s explanation that individuals contain multitudes.
On the song “Da Godly,” Recoechi asserts that he perfectly walks the line between streets and conscious rap.
Belief in a higher power is a recurring theme in almost every song by Recoechi.
Recoechi utilizes his faith as a grounding mechanism.
The opening track of _FLAVAZ_ features a paranoid melody and a rumbling trap pattern.
The song “Da Godly” on _FLAVAZ_ exhibits a lush Soulquarians sound.
The song “Concentration USA” on _FLAVAZ_ incorporates gospel influences.
On “Flavaz Interruption,” Recoechi incorporates a B-boy groove in the first minute.
Renzell.Wav produced 11 of the 16 tracks on _FLAVAZ_.
Renzell.Wav has collaborated extensively with Chicago artists including Noname, Mick Jenkins, and femdot.
Renzell.Wav’s production on _FLAVAZ_ includes warm, rounded tones and hefty, filtered drums.
Recoechi and Renzell.Wav operate as a songwriting team.
Recoechi and Renzell.Wav enhance tracks with vocal harmonies, live horns, and funk keyboards.
_FLAVAZ_ includes a series of skits about a cake shop.
Recoechi demonstrates a notable level of poise and attention to detail on _FLAVAZ_ for a debut album.

**********Claims for hard query**********

Recoechi's day job is as a solar installer.
_FLAVAZ_ includes a series of skits about a cake shop.
Recoechi believes that societal issues are fundamentally connected to money.

**********Formulated hard query**********

Recoechi's day job is as something.
_FLAVAZ_ includes a series of skits about a certain kind of shop.
Recoechi believes that societal issues are fundamentally connected to a certain resource.

**********Claims for medium query**********

Belief in a higher power is a recurring theme in almost every song by Recoechi.
Recoechi's talent has attracted attention from influential figures including Sway and Statik Selektah.
Renzell.Wav has collaborated extensively with Chicago artists including Noname, Mick Jenkins, and femdot.

**********Formulated medium query**********

Something is a recurring theme in almost every song by Recoechi.
Recoechi's talent has attracted attention from certain influential figures.
Someone has collaborated extensively with Chicago artists including Noname, Mick Jenkins, and femdot.

**********Claims for easy query**********

Recoechi demonstrates a notable level of poise and attention to detail on _FLAVAZ_ for a debut album.
Before the release of _FLAVAZ_, Recoechi's discography contained fewer than 10 songs.
On “Flavaz Interruption,” Recoechi incorporates a B-boy groove in the first minute.

**********Formulated easy query**********

Recoechi demonstrates a notable level of poise and attention to detail on **something** for a debut album.
Before the release of _FLAVAZ_, Recoechi's discography contained **a certain quantity of songs**.
On **a certain song**, Recoechi incorporates a B-boy groove in the first minute.

**********Page content extracted**********

Title: no-joy-bugland
URL: https://pitchfork.com/reviews/albums/no-joy-bugland/
Content: Remember the days of the seven-string guitar? Even if you weren’t alive then, you surely have an image of what it felt like to be young in the years between 1995 and 9/11—between the death of Kurt Cobain and the supposed death of irony. Every popular rock

**********Extracted claims**********

_Bugland_ is Jasamine White-Gluz's first No Joy album since _Motherhood_, which was released in 2020.
No Joy's album _Motherhood_ features slap bass and early-’80s keyboards.
Tara McLeod, a guitarist from Kittie, contributed to No Joy's album _Motherhood_.
Jasamine White-Gluz collaborated with experimental musician Angel Marcloid on _Bugland_.
Angel Marcloid is also known as Fire-Toolz.
"Garbage Dream House" is an opener track on the album _Bugland_.
"Garbage Dream House" features synth, chewed-up digital mash, and Butch Vig guitars.
The title track of _Bugland_ includes riffs, liquid static, and a shuffling drum machine.
"Bather in the Bloodcells" is a song on the album _Bugland_.
Curve and Garbage invented the baggy indie-dance hybrid genre.
Angel Marcloid uses new-age synths, black-metal shrieks, and Weather Channel jazz in her own records.
"Jelly Meadow Bright" is the noisiest track on the album _Bugland_.
"Jelly Meadow Bright" incorporates smooth-jazz sax, cherubim and seraphim vocals, _Glassworks_-style sequencer overloads, and nü-metal guitar.

**********Claims for hard query**********

"Garbage Dream House" is an opener track on the album _Bugland_.
Curve and Garbage invented the baggy indie-dance hybrid genre.
Angel Marcloid is also known as Fire-Toolz.

**********Formulated hard query**********

Something is an opener track on the album _Bugland_.
Curve and Garbage invented something.
Someone is also known as Fire-Toolz.

**********Claims for medium query**********

Jasamine White-Gluz collaborated with experimental musician Angel Marcloid on _Bugland_.
Tara McLeod, a guitarist from Kittie, contributed to No Joy's album _Motherhood_.
Angel Marcloid uses new-age synths, black-metal shrieks, and Weather Channel jazz in her own records.

**********Formulated medium query**********

Someone collaborated with experimental musician Angel Marcloid on _Bugland_.
Someone, a guitarist from Kittie, contributed to No Joy's album _Motherhood_.
Angel Marcloid uses something in her own records.

**********Claims for easy query**********

No Joy's album _Motherhood_ features slap bass and early-’80s keyboards.
_Bugland_ is Jasamine White-Gluz's first No Joy album since _Motherhood_, which was released in 2020.
The title track of _Bugland_ includes riffs, liquid static, and a shuffling drum machine.

**********Formulated easy query**********

No Joy's album _Motherhood_ features something.
_Bugland_ is someone's first No Joy album since _Motherhood_, which was released in 2020.
The title track of _Bugland_ includes something.

**********Page content extracted**********

Title: big-freedia-pressing-onward
URL: https://pitchfork.com/reviews/albums/big-freedia-pressing-onward/
Content: Faith in an omniscient, benevolent God has always come packaged with a modicum of cognitive dissonance. If a God sees bad things and lets them happen, is it kind? If said God doesn’t, is it truly all-knowing? A similar dissonance accompanies the considera

**********Extracted claims**********

Big Freedia's latest album, *Pressing Onward*, combines Southern gospel music with bounce.
Bounce is an inherently irreverent and often hypersexual flavor of uptempo hip-hop originating from New Orleans’ housing projects.
Preachers and bounce MCs utilize similar call-and-response techniques.
Big Freedia has spent the last 25 years creating bounce and bounce-adjacent records.
Big Freedia's musical journey commenced in the church.
Big Freedia's mother placed her in the choir at Pressing Onward Baptist Church.
Big Freedia's album *Pressing Onward* derives its name from Pressing Onward Baptist Church.
Big Freedia was known as Freddie Ross Jr. during her early performances in church.
Big Freedia's initial church performances occurred before a congregation that condemned her true self.
Big Freedia stated to *Billboard* that many gay individuals are involved in the Black Baptist church in New Orleans.
Big Freedia employs multiple approaches for the bounce-gospel synthesis on *Pressing Onward*.
Some tracks on *Pressing Onward* resemble traditional contemporary gospel.
Other tracks on *Pressing Onward* feature bounce vocals incorporated into gospel songs.
Other tracks on *Pressing Onward* include choral harmonies and church organs added to bounce tracks.
The track "Pew" on *Pressing Onward* integrates elements from funk, disco, and gospel.
"Take My Hand" and "Let It Rain" are four-on-the-floor thumpers featured on *Pressing Onward*.
The track "Highway to Heaven" on *Pressing Onward* includes a bounce vocal style originating from the Melpomene Projects.
The early single "Church" from *Pressing Onward* musically draws from Kirk Franklin’s style of “urban” gospel.
The lyrics of "Church" serve as the thesis statement of *Pressing Onward*.
The lyrics of "Church" are "We don’t need a preacher to go to church/We don’t need a deacon to hear the word/The love that we been seeking/It’s higher than the ceiling."
The message found in the track "Church" is sourced from Matthew 18:20 of the Gospels.
Billy Porter is featured on the track "Holy Shuffle" on *Pressing Onward*.
Billy Porter's journey of self-actualization began in the church.
"All I Need" is a track on *Pressing Onward*.
"Celebration" is a track on *Pressing Onward*.
Big Freedia has contributed to some of Beyoncé’s mainstream musical moments within the past decade.
Big Freedia has assembled a team of musicians for *Pressing Onward*.
Danny Abel is a guitarist featured on *Pressing Onward*.
"Revival" is a track on *Pressing Onward*.

**********Claims for hard query**********

Danny Abel is a guitarist featured on *Pressing Onward*.
Billy Porter's journey of self-actualization began in the church.
The message found in the track "Church" is sourced from Matthew 18:20 of the Gospels.

**********Formulated hard query**********

Someone is a guitarist featured on *Pressing Onward*.
Someone's journey of self-actualization began in the church.
The message found in the track "Church" is sourced from something of the Gospels.

**********Claims for medium query**********

The early single "Church" from *Pressing Onward* musically draws from Kirk Franklin’s style of “urban” gospel.
Big Freedia has contributed to some of Beyoncé’s mainstream musical moments within the past decade.
The track "Highway to Heaven" on *Pressing Onward* includes a bounce vocal style originating from the Melpomene Projects.

**********Formulated medium query**********

The early single "Church" from *Pressing Onward* musically draws from someone’s style of “urban” gospel.
Big Freedia has contributed to some of someone’s mainstream musical moments within the past decade.
The track "Highway to Heaven" on *Pressing Onward* includes a bounce vocal style originating from somewhere.

**********Claims for easy query**********

Big Freedia employs multiple approaches for the bounce-gospel synthesis on *Pressing Onward*.
Big Freedia's latest album, *Pressing Onward*, combines Southern gospel music with bounce.
Big Freedia's album *Pressing Onward* derives its name from Pressing Onward Baptist Church.

**********Formulated easy query**********

Big Freedia employs multiple approaches for something on *Pressing Onward*.
Big Freedia's latest album, *Pressing Onward*, combines a certain type of music with bounce.
Big Freedia's album *Pressing Onward* derives its name from a certain place.

**********Page content extracted**********

Title: vylet-pony-love-and-ponystep
URL: https://pitchfork.com/reviews/albums/vylet-pony-love-and-ponystep/
Content: The gnarliest drop I’ve heard this year isn’t on the Skrillex tape or some new-gen dubstep demigod’s SoundCloud page. It’s midway through Vylet Pony’s “LiveLaughLove2,” after a cutesy voice entreats listeners to “live, laugh, love” in the style of inspira

**********Extracted claims**********

Midway through Vylet Pony’s “LiveLaughLove2,” a cutesy voice entreats listeners to “live, laugh, love.”
In "LiveLaughLove2," synths growl, an eerie guitar ripples, and a torrent of bass hits forcefully.
"LiveLaughLove2" is a highlight from Vylet Pony’s 21st album, *Love & Ponystep*.
Vylet Pony is an Oregon-based artist.
Vylet Pony’s album *Love & Ponystep* combines cute ponies and crazed wubs.
At the core of Zelda Trixie Lulamoon’s work is a love of subculture.
At the core of Zelda Trixie Lulamoon’s work is the winding route to self-acceptance.
*Love & Ponystep* is an ode to internet ephemera and cringe culture.
*Love & Ponystep* employs memeing as a defense mechanism.
*Love & Ponystep* uses fantasy as an allegory for uncomfortable subjects.
A 26-page lyric booklet accompanies *Love & Ponystep*.
Zelda Trixie Lulamoon credits a breakup as part of the inspiration for *Love & Ponystep*.
The narrative of the pony protagonist in *Love & Ponystep* mirrors Zelda Trixie Lulamoon's breakup experience.
Zelda Trixie Lulamoon responds to her experiences and the state of the internet by creating anything-goes experiments.
Zelda Trixie Lulamoon’s experiments urge listeners to be kind and live their truest lives.
The Vylet Ponyverse is inspired by *My Little Pony*.
The Vylet Ponyverse involves Zelda Trixie Lulamoon’s original characters (OCs).
The Vylet Ponyverse has extensive lore.
An encyclopedia exists that compiles details on pony characters from the Vylet Ponyverse, including their occupation, sexuality, pronouns, ethnicity, and past appearances.
*Love & Ponystep* follows a lesbian alicorn character named Top Five Videos, or “Vid.”
Top Five Videos is depicted as a YouTube host.
*Love & Ponystep* tracks Vid’s breakup and eventual reunion with Dubstep Growl.
Dubstep Growl is a nonverbal, purple alicorn who DJs.
Zelda Trixie Lulamoon once stated that her artistic goal was to land “pony music” on Monstercat.
*Love & Ponystep* combines trashy pop and bonkers brostep.
Zelda Trixie Lulamoon has described growing up in a household where her parents strictly controlled her media diet.
Zelda Trixie Lulamoon described feeling a profound impact upon first hearing *Scary Monsters & Nice Sprites*.
The song “Worst rave EVER” depicts a pony being "slizzard," popping bottles, and bragging.
“The Slow Dance” is an analog outlier on the album.
“The Slow Dance” describes two alicorns sharing a bittersweet moment during their first and last waltz at the “Ponyville Prom.”
Zelda Trixie Lulamoon’s music incorporates sky-high EDM drops and mainstream radio LARPing.
Zelda Trixie Lulamoon’s lyrics include themes such as a “crackship AMV” where Willy Wonka and Howl from *Howl’s Moving Castle* are gay lovers.
Zelda Trixie Lulamoon’s lyrics include screeds against corporate control of intellectual property.
The song “Webpunk” features the artist NekoSnicker.
“Webpunk” flips Katy Perry’s “California Gurls” into a piracy anthem.
The lyrics of “Webpunk” include the phrase: “We’re gonna party on the grave of a CEO, yeah!”
The lyrics of “Webpunk” include the phrases: “Kiss me over fat beats, download that/Revolution in a ZIP file, baby.”
In one song, Zelda Trixie Lulamoon sings about being in thrall to a “Corporate Illustration” spotted on an Uber ad.
Zelda Trixie Lulamoon’s music addresses how technocapitalism can affect people, listing ways it may steal privacy, reshape desires, and make people feel reliant.
Zelda Trixie Lulamoon calls on her audience to take back control.
Zelda Trixie Lulamoon sings: “Fall in love with a corpo bitch, so you can take everything from its corpse and split.”
*Love & Ponystep* is both a challenge to copyright legislation and a tribute to the screens of Zelda Trixie Lulamoon’s youth.
Zelda Trixie Lulamoon samples generously from video games, particularly the first-person shooter *Call of Duty*.
Zelda Trixie Lulamoon aims to queer the “masculine” pastimes of her childhood through her sampling.
Another inspiration for Zelda Trixie Lulamoon is the 2010s YouTube montage parody scene.
The song “My Love Is a Quickscope” satirizes homophobic *Call of Duty* obsessives.
“My Love Is a Quickscope” uses the quickscope as a metaphor for an out-of-control parasocial relationship.
The album *Love & Ponystep* has a runtime of 95 minutes.
The album enlists the narrator of the game *Disco Elysium* to provide cinematic voiceovers.
The album enlists chess YouTuber SadisticTushi to provide vocals.
The song “Walking Beside a Dragonfly” is an eight-minute collage.
“Walking Beside a Dragonfly” incorporates Discord calls and stream recordings.
The album *Love & Ponystep* pays tribute to community and friendship.
The album *Love & Ponystep* showcases how maligned forms of culture can be turned into meaningful art.
In 2021, Zelda Trixie Lulamoon released the album *CUTIEMARKS*.
*CUTIEMARKS* contains the song “ANTONYMPH.”
“ANTONYMPH” is Zelda Trixie Lulamoon's biggest song to date.
“ANTONYMPH” celebrates digital pastimes.
“ANTONYMPH” became an anthem for introverts who come alive online.
Zelda Trixie Lulamoon tells complex stories and creates addictive sounds.
Zelda Trixie Lulamoon operates outside the bounds of commercial taste.

**********Claims for hard query**********

The album enlists chess YouTuber SadisticTushi to provide vocals.
The song “Walking Beside a Dragonfly” is an eight-minute collage.
Top Five Videos is depicted as a YouTube host.

**********Formulated hard query**********

The album enlists chess YouTuber someone to provide vocals.
The song “Walking Beside a Dragonfly” is a something collage.
Top Five Videos is depicted as a something.

**********Validation Result**********

subquestion 'The album enlists chess YouTuber someone to provide vocals.' is NOT supported by the context.
<reject> The content states that a chess YouTuber named SadisticTushi is enlisted to howl (a form of vocal contribution), but it does not mention a chess YouTuber named "someone." </reject>

**********Claims for medium query**********

Zelda Trixie Lulamoon described feeling a profound impact upon first hearing *Scary Monsters & Nice Sprites*.
“ANTONYMPH” is Zelda Trixie Lulamoon's biggest song to date.
Zelda Trixie Lulamoon sings: “Fall in love with a corpo bitch, so you can take everything from its corpse and split.”

**********Formulated medium query**********

Zelda Trixie Lulamoon described feeling a profound impact upon first hearing something.
Something is Zelda Trixie Lulamoon's biggest song to date.
Zelda Trixie Lulamoon sings: something.

**********Claims for easy query**********

Vylet Pony’s album *Love & Ponystep* combines cute ponies and crazed wubs.
*Love & Ponystep* is an ode to internet ephemera and cringe culture.
*Love & Ponystep* is both a challenge to copyright legislation and a tribute to the screens of Zelda Trixie Lulamoon’s youth.

**********Formulated easy query**********

Someone’s album *Love & Ponystep* combines cute ponies and crazed wubs.
*Love & Ponystep* is an ode to something and cringe culture.
*Love & Ponystep* is both a challenge to something and a tribute to the screens of Zelda Trixie Lulamoon’s youth.

**********Page content extracted**********

Title: toni-braxton-secrets
URL: https://pitchfork.com/reviews/albums/toni-braxton-secrets/
Content: Toni Braxton was eager to move beyond her image as a perennial sad girl. But a song about masturbation initially felt like a bit of a stretch. “You’re Makin’ Me High,” with its snaking midtempo bassline and lustful lyrics, sounded different from her usual

**********Extracted claims**********

Toni Braxton desired to move beyond her image as a perennial sad girl.
A song about masturbation initially felt like a stretch to Toni Braxton.
"You’re Makin’ Me High" features a snaking midtempo bassline and lustful lyrics.
"You’re Makin’ Me High" differed from Toni Braxton’s usual heartbreak anthems.
Toni Braxton’s earlier hits, "Another Sad Love Song," "Breathe Again," and "Seven Whole Days," are yearning ballads.
Kenneth "Babyface" Edmonds co-wrote and produced songs on Toni Braxton’s debut album.
Toni Braxton initially hesitated about "You’re Makin’ Me High."
Toni Braxton questioned Kenneth "Babyface" Edmonds about the direction of "You’re Makin’ Me High."
Kenneth "Babyface" Edmonds and Bryce Wilson co-wrote and produced "You’re Makin’ Me High."
Bryce Wilson is half of the R&B duo Groove Theory.
Groove Theory’s song "Tell Me" has a pulsing, G-funk rhythm.
Toni Braxton viewed "You’re Makin’ Me High" as a necessary evolution for her image.
Toni Braxton stated in 1996 that she did not want people to perceive her as always depressed.
Toni Braxton’s second album, _Secrets_, was released in 1996.
Toni Braxton believed sad songs worked for her but wanted to avoid redundancy.
The music video for "You’re Makin’ Me High" features Toni Braxton in a white catsuit and a mullet.
The video for "You’re Makin’ Me High" depicts Toni Braxton ogling and ranking bachelors alongside Vivica A. Fox and Tisha Campbell.
The white catsuit outfit in the video marked a clear departure from the modesty of Toni Braxton’s earlier video outfits.
Toni Braxton had a quiet sensuality about her.
The sensuality in "You’re Makin’ Me High" is explicit.
LaFace Records promoted _Secrets_ as an expansion of Toni Braxton’s fanbase.
Public perception differed from LaFace Records’ framing of _Secrets_.
Writer Michael A. Gonzales noted in _Vibe_ in 1997 that Toni Braxton seemed to undergo an "image metamorphosis."
Michael A. Gonzales described Toni Braxton as emerging "more sexy supergirl than girl next door."
Toni Braxton posed naked for the cover of _Vibe_ in 1997.
Toni Braxton’s reinvention involved both strategic and personal growth aspects.
At 28 years old, Toni Braxton was developing her sexuality.
Toni Braxton is a preacher’s daughter from Severn, Maryland.
Toni Braxton described herself as a "late bloomer."
Toni Braxton grew up in a strict Apostolic and Methodist household.
Toni Braxton’s childhood household banned secular music.
Toni Braxton recalled secretly watching _Soul Train_ as a child.
Toni Braxton abstained from teenage indulgences such as partying and wearing jewelry.
Toni Braxton was part of a girl group called The Braxtons with her four sisters.
Toni Braxton was the first solo female act signed to LaFace Records.
LaFace Records was a fledgling label founded by Kenneth "Babyface" Edmonds and Antonio "L.A." Reid.
TLC was signed to LaFace Records.
_Secrets_ represented Toni Braxton’s legitimate break from a sheltered upbringing, religion, and expectations.
_Secrets_ focused on pleasure for Toni Braxton.
Toni Braxton stated in 1997 that she was learning about herself and asserting her independence.
Toni Braxton described _Secrets_ as her _Control_ moment.
_Secrets_ was a deliberate and provocative pivot toward a more sensual sound for Toni Braxton.
_Control_ was an artistic emancipation for Janet Jackson.
_Secrets_ represents a subtle transition for Toni Braxton.
_Secrets_ attempts to reconcile Toni Braxton’s traditional soul roots with a sexier, more youthful edge.
"You’re Makin’ Me High" became Toni Braxton’s first No. 1 hit.
"You’re Makin’ Me High" was paired as a double A-side single with "Let It Flow."
"Let It Flow" is a soft, guitar-driven self-love ballad.
"Let It Flow" is featured on _The Waiting to Exhale_ soundtrack.
"You’re Makin’ Me High" and "Let It Flow" presented Toni Braxton as an artist fluent in both desire and heartache.
Toni Braxton’s music sounded effortless and slick.
On _Secrets_, Toni Braxton explored a contemporary pop-R&B sound.
Toni Braxton’s third album, _Heat_, was released in 2000.
Toni Braxton fully embraced a contemporary pop-R&B sound on _Heat_.
Toni Braxton had won three Grammy Awards.
Toni Braxton’s 1993 self-titled debut album sold eight million copies in the U.S.
Toni Braxton was considered a diva.
Toni Braxton remained overshadowed by Whitney Houston, Mariah Carey, and Celine Dion.
Whitney Houston, Mariah Carey, and Celine Dion were experiencing career renaissances during this period.
Mariah Carey and Celine Dion dominated the first half of 1996 on the Hot 100 chart.
Mariah Carey and Celine Dion traded No. 1s consecutively on the Hot 100 in early 1996.
Bone Thugs-N-Harmony broke Mariah Carey and Celine Dion’s streak of No. 1s in May 1996.
R&B was in its hip-hop soul era.
Mariah Carey’s "Fantasy (Remix)" features Ol’ Dirty Bastard.
Mariah Carey’s "Fantasy (Remix)" infused rap features into mainstream pop.
Record labels were rebranding soul singers as crossover stars.
Kenneth "Babyface" Edmonds’ production style became integral to crafting pop-R&B hits.
Kenneth "Babyface" Edmonds’ production is described as gleaming and keyboard-forward.
With _Secrets_, LaFace Records aimed to position Toni Braxton as a full-spectrum pop diva.
LaFace Records intended to elevate Toni Braxton beyond solely being a classic torch singer.
Antonio "L.A." Reid stated in 1996 that R&B would remain Toni Braxton’s musical base.
Antonio "L.A." Reid was co-founder and co-president of LaFace Records.
Antonio "L.A." Reid stated that Toni Braxton’s new project aimed to move her beyond being solely a "sad-love-song artist."
Toni Braxton’s ballads convey loneliness, frustration, betrayal, resentment, and humiliation.
Toni Braxton’s music resonated with Black women.
Toni Braxton’s music articulated the experience of wanting and waiting for love.
The men depicted in Toni Braxton’s songs had ghosting habits.
Toni Braxton’s music carried the message that women deserved better treatment in relationships.
Kenneth "Babyface" Edmonds’ production style highlighted Toni Braxton’s smoky vocal tone.
Kenneth "Babyface" Edmonds’ production style is described as idyllic minimalism.
Toni Braxton was wary of being stereotyped as the Single Black Female archetype.
Toni Braxton stated in _Ebony_ in 1994 that she was not desperate to find a man or a husband, but rather sought casual companionship.
Toni Braxton co-wrote "Talking in His Sleep."
"Talking in His Sleep" is based on a personal experience of Toni Braxton.
"Talking in His Sleep" describes a partner admitting infidelity while sleeping.
Toni Braxton sings "Talking in His Sleep" in a clipped, operatic spoken-word style.
Kenneth "Babyface" Edmonds produced "How Could an Angel Break My Heart."
Kenny G’s saxophone is featured on "How Could an Angel Break My Heart."
"How Could an Angel Break My Heart" is characterized as adult contemporary.
Kenneth "Babyface" Edmonds produced "Why Should I Care."
"Why Should I Care" features electric guitar.
"Why Should I Care" addresses themes of grief and heartbreak.
Toni Braxton preferred love songs that addressed the "realistic side" of relationships.
On her debut album, Toni Braxton expressed a desire for her music to portray the realistic side of relationships.
Toni Braxton’s 1992 breakout hit was "Love Shoulda Brought You Home."
"Love Shoulda Brought You Home" is from _The Boomerang_ soundtrack.
The title of "Love Shoulda Brought You Home" echoes a line spoken by Halle Berry in the movie _Boomerang_.
Toni Braxton’s contralto vocals led to comparisons with Anita Baker.
Anita Baker recommended Toni Braxton for "Love Shoulda Brought You Home."
"Love Shoulda Brought You Home" was originally written for Anita Baker.
Toni Braxton and Anita Baker were suitable for quiet storm radio.
Quiet storm radio is a late-night format characterized by a sultry, grown, and slow mood.
Toni Braxton’s style was noted as cockier than Anita Baker’s.
Toni Braxton’s deep, undulating vocals distinguished her from other artists.
Toni Braxton is known for applying melisma to songs.
Toni Braxton’s vocal style has been repeatedly parodied.
Toni Braxton is among the R&B singers who have mastered gospel runs.
Toni Braxton transforms simple ballads into soulful novellas using gospel runs.
"Un-Break My Heart" is an iconic display of Toni Braxton’s vocal technique.
Clive Davis reportedly threatened to withhold the release of _Secrets_ if Toni Braxton did not record "Un-Break My Heart."
Clive Davis was the head of Arista Records.
"Un-Break My Heart" felt regressive to Toni Braxton.
Toni Braxton stated in 2016 that she wanted to change her image to be sexier.
Toni Braxton stated that being an adult contemporary artist was strategic due to her voice texture.
Toni Braxton stated she wanted to embody a younger image.
Toni Braxton believed "Un-Break My Heart" would categorize her as an adult contemporary artist.
"Un-Break My Heart" is an example of Diane Warren’s songwriting method.
Diane Warren’s method involves working backward from a song’s title.
Diane Warren first presented "Un-Break My Heart" to Clive Davis.
Clive Davis objected to the rhyme of "rain" and "pain" in "Un-Break My Heart."
David Foster produced "Un-Break My Heart."
David Foster added tense strings to "Un-Break My Heart."
Kenneth "Babyface" Edmonds suggested keeping "Un-Break My Heart" in a lower key for Toni Braxton.
Toni Braxton’s vocals on "Un-Break My Heart" convey a feeling of internal distress while trying to regain a past lover.
Diane Warren’s songwriting on "Un-Break My Heart" matches Kenneth "Babyface" Edmonds’ style in sweetness and formality.
Toni Braxton’s performance on "Un-Break My Heart" includes drifting in and out of pockets and harmonizing.
"Un-Break My Heart" features plucky Spanish guitars.
Toni Braxton conveys controlled anguish in her performance of "Un-Break My Heart."
"Un-Break My Heart" has spawned house remixes.
Notable remixes of "Un-Break My Heart" include the Soul-Hex Anthem version and Frankie Knuckles’ Franktidrama Club Mix.
Frankie Knuckles’ Franktidrama Club Mix blends Toni Braxton’s vocals with spacious, heartbeat synths.
"Un-Break My Heart" reached No. 1 in December.
Toni Braxton performed "Un-Break My Heart" at the Billboard Music Awards.
Toni Braxton’s performance at the Billboard Music Awards involved her wearing a sheer gown that she removed to reveal a lingerie catsuit.
Toni Braxton performed the house version of "Un-Break My Heart" at the Billboard Music Awards.
Chris Rock commented on Toni Braxton’s performance at the Billboard Music Awards.
Chris Rock was the host of the Billboard Music Awards.
Kenneth "Babyface" Edmonds wrote and produced most of the soundtrack for _Waiting to Exhale_.
_Waiting to Exhale_ was released in 1995.
_Waiting to Exhale_ is a film adaptation of Terry McMillan’s novel.
Terry McMillan’s novel is a best-seller.
Terry McMillan’s novel is about four friends in different stages of heartbreak.
"Let It Flow" is a core ballad on _The Waiting to Exhale_ soundtrack.
"Let It Flow" is an acoustic guitar track.
Toni Braxton’s vocals on "Let It Flow" demonstrate her smooth sound when leaning into softness.
"I Love Me Some Him" is a track from _Secrets_.
Soulshock & Karlin produced "I Love Me Some Him."
Soulshock & Karlin is a Danish duo.
Soulshock & Karlin produced CeCe Peniston’s "I’m in the Mood."
Soulshock & Karlin produced Monica’s "Before You Walk Out of My Life."
Toni Braxton’s vocals on "I Love Me Some Him" are laid-back and linen-smooth.
"I Love Me Some Him" is a stripped-down quiet storm number.
"Come on Over Here" is the midtempo opener of _Secrets_.
On "Come on Over Here," Toni Braxton promises devotion and admits she is hard to please.
Antonio "L.A." Reid and Tony Rich co-produced "Come on Over Here."
Tony Rich is a LaFace singer-songwriter.
Tony Rich is also known as The Tony Rich Project.
Tony Rich’s 1995 single "Nobody Knows" peaked at No. 2 on the Hot 100.
"Nobody Knows" is described as a defining bluesy ’90s cut.
Tony Rich’s production adds an atypical bounce and new-jack verve to Toni Braxton’s vocals on "Come on Over Here."
Toni Braxton uses trademark breezy mumbled ad-libs to fade out songs.
Toni Braxton is in pleading mode on "Find Me a Man."
"Find Me a Man" includes affirmations about not settling for less.
"There’s No Me Without You" is a Babyface ballad.
"There’s No Me Without You" is described as spare and dreamy.
A year after _Secrets_ was released, Toni Braxton filed a lawsuit against LaFace Records and Arista Records.
Toni Braxton’s lawsuit aimed to void her contract.
TLC filed for bankruptcy in 1995.
Toni Braxton filed for bankruptcy by 1998.
Prince called Toni Braxton to offer guidance.
Toni Braxton and Prince remained friends.
Toni Braxton appeared on Oprah Winfrey’s show.
Oprah Winfrey chastised Toni Braxton for overspending on Gucci flatware on her show.
Oprah Winfrey questioned Toni Braxton about being broke during her show appearance.
Toni Braxton stated that the Oprah Winfrey show appearance changed her career.
Toni Braxton stated that the Oprah Winfrey show appearance made people look down on her.
A 10-year gag order prevented Toni Braxton from speaking freely about her lawsuit.
Toni Braxton’s debut album and _Secrets_ both achieved eight-times platinum certification.
_The Heat_ sold a quarter of the amount of Toni Braxton’s debut or _Secrets_.
_The Heat_ was successful due to its Hot 100 No. 2 hit, "He Wasn’t Man Enough."
Toni Braxton released _Libra_ in 2005.
Toni Braxton released _Love, Marriage & Divorce_ in 2014.
_Love, Marriage & Divorce_ was a joint project with Kenneth "Babyface" Edmonds.
Toni Braxton’s albums after _Secrets_ did not achieve the same critical and commercial success as _Secrets_ or "Un-Break My Heart."
_Secrets_ is an early and significant example of an R&B woman redefining her sound and image.
It took Toni Braxton four years to release another album after her bankruptcy.
Toni Braxton filed for bankruptcy a second time in 2010.
Toni Braxton continued to reclaim her sexuality decades after _Secrets_.
In 2020, Toni Braxton expressed regret about not having more sex when she was younger.
Toni Braxton stated that her previous view on sex "was not a good look" at age 52.
Toni Braxton appeared on Sherri Shepherd’s talk show in 2023.
Sherri Shepherd hosts a talk show.
Toni Braxton performed a gleeful body roll in agreement on Sherri Shepherd’s talk show.
Toni Braxton is now allowing herself to be less demure.

**********Claims for hard query**********

"Let It Flow" is an acoustic guitar track.
Soulshock & Karlin is a Danish duo.
Chris Rock was the host of the Billboard Music Awards.

**********Formulated hard query**********

"Let It Flow" is something.
Soulshock & Karlin is in a certain state.
Someone was the host of the Billboard Music Awards.

**********Claims for medium query**********

Toni Braxton questioned Kenneth "Babyface" Edmonds about the direction of "You’re Makin’ Me High."
Toni Braxton is among the R&B singers who have mastered gospel runs.
Toni Braxton’s style was noted as cockier than Anita Baker’s.

**********Formulated medium query**********

Toni Braxton questioned Kenneth "Babyface" Edmonds about something.
Toni Braxton is among the R&B singers who have performed in a certain way.
Toni Braxton’s style was noted as cockier than someone else’s.

**********Claims for easy query**********

_Secrets_ attempts to reconcile Toni Braxton’s traditional soul roots with a sexier, more youthful edge.
_Secrets_ represented Toni Braxton’s legitimate break from a sheltered upbringing, religion, and expectations.
Toni Braxton’s albums after _Secrets_ did not achieve the same critical and commercial success as _Secrets_ or "Un-Break My Heart."

**********Formulated easy query**********

`Secrets` attempts to reconcile Toni Braxton’s traditional soul roots in a certain way.
`Secrets` represented Toni Braxton’s legitimate break from something.
Toni Braxton’s albums after `Secrets` did not achieve the same critical and commercial success as `Secrets` or something.

**********Page content extracted**********

Title: nick-drake-the-making-of-five-leaves-left
URL: https://pitchfork.com/reviews/albums/nick-drake-the-making-of-five-leaves-left/
Content: Nick Drake was beautiful. From a distance, perhaps when he was strolling down some seashore huddled beneath an oversized overcoat or leaning against a brick wall as the still witness to an endlessly busy world, his lithe body always seemed to curl slightl

**********Extracted claims**********

Nick Drake studied English at Cambridge in the late 1960s.
Nick Drake networked with producer Joe Boyd, Island Records founder Chris Blackwell, and string arranger Robert Kirby.
Joe Boyd was a producer.
Chris Blackwell founded Island Records.
Robert Kirby was a string arranger.
Nick Drake recorded the album _Five Leaves Left_.
_Five Leaves Left_ includes a string section with four violas.
_Five Leaves Left_ features a conga player.
Richard Thompson played electric lead on _Five Leaves Left_.
Rocky Dzidzornu played congas on _Five Leaves Left_.
Robert Kirby was involved in the string arrangements for _Five Leaves Left_.
_The Making of Five Leaves Left_ is a deluxe box set.
_The Making of Five Leaves Left_ contains uncluttered renditions of songs.
_The Making of Five Leaves Left_ resulted from a decade-long archival effort.
Universal Music was uncertain whether the archive for _The Making of Five Leaves Left_ still existed.
_The Making of Five Leaves Left_ includes 32 demos and discarded takes.
_The Making of Five Leaves Left_ combines these with the final form of the album.
The album's final form was last remastered in 2000.
Nick Drake died in 1974.
Nick Drake was 26 years old at the time of his death.
Nick Drake's estate and assorted labels have released more of his music posthumously than he released during his lifetime.
The collection _Way to Blue_ was released in 1994.
The collection _Made to Love Magic_ was released in 2004.
The collection _Tuck Box_ was released in 2014.
_Fruit Tree_ is a box set of Nick Drake's "completed recorded works."
_Fruit Tree_ has been reissued three times since 1979.
Producers modified a scrapped 1968 recording of Nick Drake's song “Magic.”
Producers sped up Nick Drake's voice from the "Magic" recording.
Producers added a string section to the modified "Magic" recording.
The modified version of "Magic" became a hit.
_The Making of Five Leaves Left_ does not contain similar modifications to Nick Drake's recordings.
_The Making of Five Leaves Left_ presents songs in various embryonic stages.
The first six cuts on _The Making of Five Leaves Left_ are from Nick Drake's winter 1968 session.
The winter 1968 session involved Joe Boyd and engineer John Wood.
Nick Drake was 19 years old during his winter 1968 session.
The song "Strange Face" later became "'Cello Song'."
The song "'Cello Song" on _Five Leaves Left_ includes cello and percussion.
A second version of "Strange Face" was recorded six months after the initial take.
The second version of "Strange Face" features an unknown ensemble using string drone and gamelan-like percussion.
Nick Drake recorded early songs with Robert Kirby on a Grundig reel-to-reel.
Nick Drake annotated string parts and flute interlocutions during his recordings with Robert Kirby.
Nick Drake stated he would only release “The Thoughts of Mary Jane” if it "works out nice on a backing point of view."
Nick Drake had a musical partnership with bassist Danny Thompson.
Danny Thompson is a bassist and a blues player.
Danny Thompson was involved with the band Pentangle.
Joe Boyd remembers Danny Thompson's interactions with Nick Drake.
Joe Boyd's recollections are included in the liner notes of _The Making of Five Leaves Left_.
Duo performances by Nick Drake and Danny Thompson constitute a quarter of _The Making of Five Leaves Left_ set.
Nick Drake's first song for Joe Boyd and John Wood in 1968 was “Mayfair.”
Joe Boyd instructed Nick Drake to "Just keep going" after he finished “Mayfair.”
Nick Drake wrote the song “Fruit Tree.”
The song “Fruit Tree” contains lyrics about being forgotten while alive and then remembered for a while.

**********Claims for hard query**********

Robert Kirby was a string arranger.
Danny Thompson is a bassist and a blues player.
The modified version of "Magic" became a hit.

**********Formulated hard query**********

*   Someone was a string arranger.
*   Danny Thompson is in a certain state.
*   Something became a hit.

**********Claims for medium query**********

Joe Boyd instructed Nick Drake to "Just keep going" after he finished “Mayfair.”
Nick Drake had a musical partnership with bassist Danny Thompson.
Universal Music was uncertain whether the archive for _The Making of Five Leaves Left_ still existed.

**********Formulated medium query**********

Joe Boyd instructed Nick Drake to `in a certain way` after he finished “Mayfair.”
Nick Drake had a musical partnership with bassist `someone`.
Universal Music was `in a certain state` whether the archive for _The Making of Five Leaves Left_ still existed.

**********Claims for easy query**********

Nick Drake recorded the album _Five Leaves Left_.
The first six cuts on _The Making of Five Leaves Left_ are from Nick Drake's winter 1968 session.
Duo performances by Nick Drake and Danny Thompson constitute a quarter of _The Making of Five Leaves Left_ set.

**********Formulated easy query**********

Nick Drake recorded something.
The first six cuts on _The Making of Five Leaves Left_ are from Nick Drake's session at a certain time.
Duo performances by Nick Drake and Danny Thompson constitute in a certain amount of _The Making of Five Leaves Left_ set.

**********Page content extracted**********

Title: amaarae-black-star
URL: https://pitchfork.com/reviews/albums/amaarae-black-star/
Content: In his memoir, _The Chiffon Trenches_, former _Vogue_ editor-at-large André Leon Talley tells a story about Naomi Campbell. “\[She\] called me, from some foreign city,” he writes, “on one of 10 ubiquitous cell phones she keeps in a Hefty zip-lock bag (a c

**********Extracted claims**********

André Leon Talley recounts a story about Naomi Campbell in his memoir, _The Chiffon Trenches_.
Naomi Campbell reportedly keeps 10 cell phones in a Hefty zip-lock bag.
Naomi Campbell carries a cell phone for each country in her carry-on.
Naomi Campbell also carries a fresh bottle of Tabasco sauce in her carry-on.
Following the release of _Fountain Baby_, Amaarae visited nightlife scenes in Miami, Los Angeles, and São Paulo.
Amaarae studied Chicago house and Detroit ghettotech.
Amaarae delved deeper into Ghana’s regional microgenres.
The album _Black Star_ establishes its own sovereign territory on the dancefloor.
Bree Runway declared the territory as "CzechSlovakAtlanta" on the song "Starkilla."
Amaarae's ambition to survey the Black diaspora uniformly aligns with and may surpass Beyoncé’s _Renaissance_.
Amaarae's approach is less didactic than Beyoncé's _Renaissance_.
The song “Girlie-Pop!” is a Jersey club-meets-highlife single.
The album’s credo is "switching genres till we make it pop."
_Black Star_ is a radically populist album.
DJ Starkillers is featured as a guest on _Black Star_.
Charlie Wilson is featured as a guest on _Black Star_.
Charlie Wilson fronted R&B radio standbys the Gap Band for decades.
The song “Fineshyt” is a skeletal echo of a peak-era Pitbull song.
“Fineshyt” cribs from Nightcrawlers’ “Push the Feeling On (The Dub of Doom)” and Swedish House Mafia.
Amaarae croons “She’s my new sexy machine/My sexy sex machine” on the album.
PinkPantheress is featured on the duet “Kiss Me Thru the Phone pt 2.”
“Kiss Me Thru the Phone pt 2” samples “The Thong Song.”
“Kiss Me Thru the Phone pt 2” positions itself as a spiritual sequel to Soulja Boy’s OG song.
“Starkilla” interpolates Kelis’ “Milkshake.”
El Guincho coproduced the song “She Is My Drug.”
On “She Is My Drug,” Amaarae ponders her faith in “love off the drugs” to the tune of Cher’s “Believe.”
For every rave-up on _Black Star_, there is a comedown.
The song “She Is My Drug” circles the drain.
The deep house of “B2B” dissolves into feathery Spanish guitar and vaporous strings.
Amaarae’s embrace of tension and restraint is audacious and inspired, especially compared to _Fountain Baby_’s bombast.
The breakdowns on “Stuck Up,” “Kiss Me Thru the Phone,” and “100DRUM” do not seem to break the tolerance threshold.
Amaarae sounds guarded on _Black Star_.
The album opener “Stuck Up” is an armored Escalade of Brazilian funk and trance synths.
On “Stuck Up,” Amaarae jeers, “This bitch likes me/And I like this bitch for now.”
The orchestral, drumless “Dream Scenario” swerves through the city.
_Black Star_’s sleek, lacquered surface begins to crack during “Dream Scenario.”
Amaarae cuts her sincerity with the line “My bitch style like Edna Mode/Can’t put on no cape for her.”
Charlie Wilson’s vocal runs are like the first rays of sun beaming down on the rooftop afters.
_Black Star_ is comparable to Future's _Dirty Sprite 2_.
_Black Star_ can be described as a nihilistic, leaned-out, luxuriously appointed birdcage with all windows and no doors.
Afrobeats still operates on a braintrust structure with crack teams of career songwriters and producers.
Amaarae is an auteur.
The video for “S.M.O.” draws on Ghanaian kpanlogo and zouk rhythms.
In the video for “S.M.O.,” Amaarae polishes Iveth Stunner’s voluptuous ass.
The "S.M.O." video pays homage to a 2005 Steven Klein photoshoot starring Tom Ford.

**********Claims for hard query**********

Naomi Campbell reportedly keeps 10 cell phones in a Hefty zip-lock bag.
Naomi Campbell carries a cell phone for each country in her carry-on.
Charlie Wilson fronted R&B radio standbys the Gap Band for decades.

**********Formulated hard query**********

Naomi Campbell reportedly keeps 10 cell phones in **something**.
Naomi Campbell carries a cell phone for each country in **something**.
Charlie Wilson fronted R&B radio standbys **something** for decades.

**********Claims for medium query**********

The song “She Is My Drug” circles the drain.
Afrobeats still operates on a braintrust structure with crack teams of career songwriters and producers.
The album’s credo is "switching genres till we make it pop."

**********Formulated medium query**********

The song “She Is My Drug” in a certain way.
Something still operates on a braintrust structure with crack teams of career songwriters and producers.
The album’s credo is a certain expression.

**********Claims for easy query**********

Following the release of _Fountain Baby_, Amaarae visited nightlife scenes in Miami, Los Angeles, and São Paulo.
Amaarae sounds guarded on _Black Star_.
In the video for “S.M.O.,” Amaarae polishes Iveth Stunner’s voluptuous ass.

**********Formulated easy query**********

Someone tells a story about Naomi Campbell in their memoir, _The Chiffon Trenches_.
Following the release of something, Amaarae visited the nightlife scenes of Miami, Los Angeles, and São Paulo.
Amaarae sounds in a certain state on _Black Star_.
In a certain video, Amaarae polishes Iveth Stunner’s voluptuous ass.
To the author, something is the pinnacle of glamor.

**********Page content extracted**********

Title: ada-lea-when-i-paint-my-masterpiece
URL: https://pitchfork.com/reviews/albums/ada-lea-when-i-paint-my-masterpiece/
Content: Songwriting, painting, poetry—while pursuing so many creative endeavors at once, Alexandra Levy has come to value the act of artmaking above all. “I think failure comes from being too fixated on the finished product,” the Montreal-based artist once said i

**********Extracted claims**********

Alexandra Levy pursues songwriting, painting, and poetry.
Alexandra Levy values the act of artmaking above all other creative endeavors.
Alexandra Levy stated that failure results from being too fixated on the finished product.
Alexandra Levy stated that creative success lies in the focus on the process.
Ada Lea's third album is titled _when i paint my masterpiece_.
_when i paint my masterpiece_ is a collection of breezy, folk-in debted songs.
The songs on _when i paint my masterpiece_ marvel at everyday realities.
The songs on _when i paint my masterpiece_ find joy in humility.
Alexandra Levy created _when i paint my masterpiece_ during a period of respite.
Alexandra Levy was exhausted after writing, recording, and touring her previous records.
Alexandra Levy took a break from music.
Alexandra Levy went back to school to study painting and poetry.
Alexandra Levy started teaching.
On the song “midnight magic,” Alexandra Levy sings in close-tracked harmonies.
The song “midnight magic” features plodding piano chords.
The song “it isn’t enough” is just under two minutes long.
The song “it isn’t enough” forgoes a formal verse-chorus structure.
The song “it isn’t enough” offers a slow-burning melody over a simple brush of guitar and percussion.
Ada Lea’s album _one hand on the steering wheel the other sewing a garden_ was released in 2021.
Ada Lea’s album _one hand on the steering wheel the other sewing a garden_ contains stories about the uncertainty of young love and the disorientation of heartbreak.
Ada Lea’s album _when i paint my masterpiece_ ponders existential questions of community, observation, and purpose.
The song “it isn’t enough” includes the lyrics “You give and you take/You try and you fail/You live and you love.”
The song “just like in the museum” includes the lyrics “It is what it is.”
The song “just like in the museum” includes the lyrics “We laugh when it’s good/And cry when it’s not.”
The song “baby blue frigidaire mini fridge” begins by naming the title object.
The song “baby blue frigidaire mini fridge” catalogs a few other curiosities.
The perspective in the song “baby blue frigidaire mini fridge” zooms outwards to include cold air, a window, a mountain view, a lost love, “our old time souls,” and “This old-time moon.”
The song “snowglobe” paints a convivial party scene.
The song “snowglobe” describes what everyone at the party is wearing, bringing, and hearing.
The song “snowglobe” includes the lyrics “Look at us/Sitting ’round the kitchen table/Thinking that/We are made of something special.”
Much of the album _when i paint my masterpiece_ was recorded in a single room.
Much of the album _when i paint my masterpiece_ was recorded with a small band.
Much of the album _when i paint my masterpiece_ was recorded live.
Much of the album _when i paint my masterpiece_ was recorded in rural Ontario.
A gently distorted guitar riff occurs partway through the song “something in the wind.”
The song “down under the van horne overpass” demonstrates masterful control of tension.
Alexandra Levy is funny in her music.
The song “bob dylan’s 115th haircut” is an artistic hype-up.
In the song “bob dylan’s 115th haircut,” Alexandra Levy reminds herself of her capabilities.
The song “bob dylan’s 115th haircut” includes the lyrics “Bob Dylan wouldn’t have thought of this song, A couple reasons: He wasn’t here, for one.”

**********Claims for hard query**********

The song “snowglobe” describes what everyone at the party is wearing, bringing, and hearing.
The song “baby blue frigidaire mini fridge” catalogs a few other curiosities.
The song “bob dylan’s 115th haircut” includes the lyrics “Bob Dylan wouldn’t have thought of this song, A couple reasons: He wasn’t here, for one.”

**********Formulated hard query**********

The song “snowglobe” describes `certain things`.
`A certain song` catalogs a few other curiosities.
The song “bob dylan’s 115th haircut” includes `certain lyrics`.

**********Claims for medium query**********

Alexandra Levy went back to school to study painting and poetry.
Alexandra Levy took a break from music.
Alexandra Levy stated that failure results from being too fixated on the finished product.

**********Formulated medium query**********

Someone went back to school to study painting and poetry.
Alexandra Levy did something.
Alexandra Levy stated something.

**********Claims for easy query**********

Ada Lea’s album _when i paint my masterpiece_ ponders existential questions of community, observation, and purpose.
Alexandra Levy created _when i paint my masterpiece_ during a period of respite.
Alexandra Levy pursues songwriting, painting, and poetry.

**********Formulated easy query**********

Ada Lea’s album _when i paint my masterpiece_ ponders certain questions.
Alexandra Levy created _when i paint my masterpiece_ at a certain time.
Alexandra Levy pursues certain creative endeavors.

**********Page content extracted**********

Title: mal-blum-the-villain
URL: https://pitchfork.com/reviews/albums/mal-blum-the-villain/
Content: On their fifth album, Mal Blum reimagines the role of the villain for bad boys everywhere. Villainy here is personal—Blum made the record, appropriately called _The Villain_, about the unique exhaustion of being cast as the antagonist in a trans-for-trans

**********Extracted claims**********

Mal Blum's fifth album is titled _The Villain_.
Mal Blum's fifth album reimagines the role of the villain.
_The Villain_ addresses the unique exhaustion of being cast as the antagonist in a trans-for-trans breakup.
_The Villain_ also addresses political aspects related to a society that vilifies gender non-conformity.
On the title track of _The Villain_, Mal Blum explores the friction of binary victim-villain thinking.
Mal Blum challenges dehumanizing stereotypes with relatable nuance on _The Villain_.
Mal Blum's depiction of villainy on _The Villain_ is mosaic.
Mal Blum's depiction of villainy invites listeners to question their complicity in searching for the "bad guy" in their own lives and rhetoric.
The jokey dysphoric flair of Mal Blum's earlier work is absent from _The Villain_.
_The Villain_ features a hard-won confidence in a newly-settled post-testosterone tenor range.
Mal Blum uses an assured delivery on _The Villain_ to challenge assumptions and expectations around masculinity.
On the song "Killer," Mal Blum confronts anxieties about transmasculinity.
On the song "Killer," Mal Blum tackles internalized transphobia.
On "Killer," Mal Blum reveals the absurdity of stereotypes that link trans men to violence.
On the song "Cool Guy," Mal Blum playfully subverts a cocky persona.
Mal Blum exposes the hollowness of a certain kind of masculine performance.
Mal Blum reframes macho posturing as a defense against loneliness.
Mal Blum underscores a particular trap faced by queer men and transmasculine people.
This trap involves having to emulate the confidence, composure, and dominance of traditional masculinity while policing themselves against its toxicity.
Satire is presented as an appropriate response to the taxing demands described.
Jessica Boudreaux of Summer Cannibals produced _The Villain_.
_The Villain_ possesses a polished complexity and focus not heard on Mal Blum’s earlier albums.
On the tracks "Truth Is out There" and "Killer," guitarist Audrey Zee Whitesides provides vibrant, cutting playing.
Audrey Zee Whitesides' guitar playing offers a defiant counterpoint to Mal Blum's despair on "Truth Is out There" and "Killer."
On the song "I’m so Bored," drummer Ricardo Lagomasino’s jazz-honed precision and keen sense of pocket lay the foundation for Mal Blum’s roasts.
The musical elements on _The Villain_ create a tight, frisky sound.
The tight, frisky sound on _The Villain_ amplifies Mal Blum’s critiques.
The song "Gabriel" features bare acoustic guitar and soft synth.
"Gabriel" provides a fragile sonic and emotional space.
"Gabriel" is a generous direct address to an ex.
"Gabriel" is the only song on _The Villain_ to highlight a major voice crack.
By including this "flaw" in "Gabriel," Mal Blum resists the stereotype that men must always act and sound steady.
This resistance on "Gabriel" is presented as a radical, masculine act of vulnerability.
Some tracks on _The Villain_ suffer from unwieldy rhyme schemes and clunky patter.
Mal Blum stretches syllables awkwardly on words like "in-ter-med-iar-ies" and "in-for-ma-tion" in some tracks.
This syllable stretching disrupts the album’s otherwise straightforward flow.
The closing track, "Husbands and Other Strangers," loses steam.
"Husbands and Other Strangers" introduces too many new metaphors for a coda.
Gentle piano by Erik Carlson is featured on "Husbands and Other Strangers."
Poetic spoken snippets from Mal Blum’s neighbor are featured on "Husbands and Other Strangers."
These elements weave a reflective gravitas into "Husbands and Other Strangers."
On _The Villain_, Mal Blum engages in a breakup with an ex.
On _The Villain_, Mal Blum engages in a breakup with a transphobic society and its outdated ideas of gender, power, and proper conduct.
A breakup of this magnitude evokes feelings historically associated with destructive masculine behaviors, including isolation, boredom, and blame.
_The Villain_ consists of 11 tracks.
Mal Blum uses _The Villain_’s 11 tracks to give these evoked feelings their due.
Mal Blum uses the songs on _The Villain_ to both embody and satirize toxic masculine traits.
_The Villain_ pushes back against black-and-white thinking that saturates culture.
_The Villain_ is a thoughtful, curious record.
_The Villain_ leaves room for sacred rage.

**********Claims for hard query**********

This trap involves having to emulate the confidence, composure, and dominance of traditional masculinity while policing themselves against its toxicity.
"Gabriel" is a generous direct address to an ex.
Satire is presented as an appropriate response to the taxing demands described.

**********Formulated hard query**********

This trap involves having to act in a certain way while policing themselves against its toxicity.
"Gabriel" is a generous direct address to someone.
Something is presented as an appropriate response to the taxing demands described.

**********Claims for medium query**********

Audrey Zee Whitesides' guitar playing offers a defiant counterpoint to Mal Blum's despair on "Truth Is out There" and "Killer."
_The Villain_ also addresses political aspects related to a society that vilifies gender non-conformity.
Mal Blum exposes the hollowness of a certain kind of masculine performance.

**********Formulated medium query**********

Someone's guitar playing offers a defiant counterpoint to Mal Blum's despair on "Truth Is out There" and "Killer."
Something also addresses political aspects related to a society that vilifies gender non-conformity.
Mal Blum exposes a certain state of a certain kind of masculine performance.

**********Claims for easy query**********

Mal Blum uses _The Villain_’s 11 tracks to give these evoked feelings their due.
_The Villain_ possesses a polished complexity and focus not heard on Mal Blum’s earlier albums.
The tight, frisky sound on _The Villain_ amplifies Mal Blum’s critiques.

**********Formulated easy query**********

Someone uses _The Villain_’s 11 tracks to give these evoked feelings their due.
_The Villain_ possesses in a certain state not heard on Mal Blum’s earlier albums.
The tight, frisky sound on _The Villain_ amplifies something.

**********Page content extracted**********

Title: ethel-cain-willoughby-tucker-ill-always-love-you
URL: https://pitchfork.com/reviews/albums/ethel-cain-willoughby-tucker-ill-always-love-you/
Content: Hayden Anhedönia wanted to make films. But like so many girls from small-town America, her ambitions outpaced her means. Instead, she wrote music: atmospheric, genre-blurring, and (crucially) low-budget songs that could soundtrack a séance. Ethel Cain, a 

**********Extracted claims**********

Hayden Anhedönia desired to make films.
Hayden Anhedönia wrote music when her ambitions outpaced her means for filmmaking.
Hayden Anhedönia's music is described as atmospheric, genre-blurring, and low-budget.
Ethel Cain is a character in Hayden Anhedönia's imagined cinematic universe.
Ethel Cain serves as Hayden Anhedönia's musical alter ego.
Ethel Cain is the protagonist of _Preacher’s Daughter_.
_Preacher’s Daughter_ is Hayden Anhedönia's 2022 debut album.
Hayden Anhedönia wrote, performed, and produced her songs largely alone.
Hayden Anhedönia cultivated a camera-ready tradwife-meets-trucker aesthetic.
Hayden Anhedönia stated in 2021 a desire for her work to be considered the “next great American record.”
_Preacher’s Daughter_ is presented as the first installment of a trilogy.
The trilogy follows three generations of women.
Ethel Cain is the youngest of the women in the trilogy.
The trilogy is set in a Southern evangelical environment.
The trilogy's setting has evident parallels to Hayden Anhedönia’s own upbringing in the Florida panhandle.
The story within the trilogy is characterized as a grisly travelogue.
The story within the trilogy includes themes of familial trauma, perverse sex, and cannibalism.
_Willoughby Tucker, I’ll Always Love You_ is a prequel to _Preacher’s Daughter_.
_Willoughby Tucker, I’ll Always Love You_ is described as somewhat tamer than _Preacher’s Daughter_.
_Willoughby Tucker, I’ll Always Love You_ features a younger Ethel Cain.
The prequel depicts Ethel Cain ensnared in a teenage love triangle with the character Willoughby Tucker and death.
Hayden Anhedönia is often classified as a pop artist.
Hayden Anhedönia gravitates towards genres like sludgy slowcore and dusty, sepia-toned folk.
Hayden Anhedönia's music features sounds that are laggy and distorted, similar to dinged-up records played at the wrong speed.
_Perverts_ is an ambient album by Hayden Anhedönia.
_Perverts_ was released in January.
The characters in Hayden Anhedönia's music are illuminated in imagery rather than continuous tracking shots.
The song “Dust Bowl” features a love interest described as a beautiful and tortured “natural blood-stained blond.”
The love interest in “Dust Bowl” takes someone to see slasher flicks at a drive-in.
The character Ethel Cain is depicted languishing in a stale, mildewy bedroom and in pallid hospital light in Hayden Anhedönia's music.
Hayden Anhedönia incorporates sounds such as drones, lap steel, tape crackle, and cardiac monitor beeps into her music.
“Fuck Me Eyes” is the second single from _Willoughby Tucker, I’ll Always Love You_.
“Fuck Me Eyes” is described as a tender, colorful character study of a teenaged town harlot.
The song “Fuck Me Eyes” features some of Hayden Anhedönia’s sharpest writing, including the line “Three years undefeated as Miss Holiday Inn.”
The production on “Fuck Me Eyes” includes twinkly ’80s synths and booming percussion.
“American Teenager” is an arena-ready single from _Preacher’s Daughter_.
“American Teenager” is sonically at odds with its album context.
Hayden Anhedönia has spoken candidly about how much business shapes her work.
Hayden Anhedönia stated in a _New York Times_ interview that making pop songs is a compromise for her livelihood.
Songs on _Willoughby Tucker, I’ll Always Love You_ routinely extend past six minutes.
The song “Waco, Texas” from _Willoughby Tucker, I’ll Always Love You_ is 15 minutes long.
The song “Waco, Texas” lacks a discernible chorus or other structural signposts.
Hayden Anhedönia sings the line “To love me is to suffer me” on the song “Nettles.”
“Nettles” is described as a slice of pastoral folk.
In the song “Nettles,” the character Tucker sustains a critical injury from an industrial accident.
In the song “Nettles,” the character Cain imagines a future with Tucker.
“Willoughby’s Interlude” is described as a stormy instrumental.
“Willoughby’s Interlude” immediately follows “Nettles” on the album.
“Willoughby’s Interlude” is an extended mash-up of drones and sounds resembling someone breathing heavily.
Hayden Anhedönia experienced scrutiny when offensive old posts of hers circulated online.
Early demos of the song “Waco, Texas” circulated online in 2022.

**********Claims for hard query**********

The trilogy is set in a Southern evangelical environment.
The trilogy follows three generations of women.
_Perverts_ was released in January.

**********Formulated hard query**********

The trilogy is set in **a certain place**.
The trilogy follows **a certain group of people**.
_Perverts_ was released **at a certain time**.

**********Claims for medium query**********

“Fuck Me Eyes” is the second single from _Willoughby Tucker, I’ll Always Love You_.
Hayden Anhedönia's music features sounds that are laggy and distorted, similar to dinged-up records played at the wrong speed.
The prequel depicts Ethel Cain ensnared in a teenage love triangle with the character Willoughby Tucker and death.

**********Formulated medium query**********

“Fuck Me Eyes” is the second single from something.
Someone's music features sounds that are laggy and distorted, similar to dinged-up records played at the wrong speed.
The prequel depicts someone ensnared in a teenage love triangle with the character Willoughby Tucker and death.

**********Claims for easy query**********

The song “Fuck Me Eyes” features some of Hayden Anhedönia’s sharpest writing, including the line “Three years undefeated as Miss Holiday Inn.”
_Preacher’s Daughter_ is Hayden Anhedönia's 2022 debut album.
The character Ethel Cain is depicted languishing in a stale, mildewy bedroom and in pallid hospital light in Hayden Anhedönia's music.

**********Formulated easy query**********

The song “Fuck Me Eyes” features some of `someone`’s sharpest writing, including the line “Three years undefeated as Miss Holiday Inn.”
`Something` is Hayden Anhedönia's 2022 debut album.
The character `someone` is depicted languishing in a stale, mildewy bedroom and in pallid hospital light in Hayden Anhedönia's music.

**********Validation Result**********

subquestion '`Something` is Hayden Anhedönia's 2022 debut album.' is NOT supported by the context.
<reject> The content states that _Preacher’s Daughter_ is Hayden Anhedönia's 2022 debut album, not "`Something`". </reject>

**********Page content extracted**********

Title: the-black-keys-no-rain-no-flowers
URL: https://pitchfork.com/reviews/albums/the-black-keys-no-rain-no-flowers/
Content: Listening to the cool, glassy _No Rain, No Flowers_, you’d never suspect that the Black Keys are on a mission to rebound from their _annus horribilis_, the kind of year that gives rock bands nightmares.
It wasn’t supposed to be that way. The Black Keys se

**********Extracted claims**********

*No Rain, No Flowers* is described as cool and glassy.
The Black Keys are attempting to recover from a difficult period.
The Black Keys experienced an "annus horribilis."
The Black Keys released the album *Ohio Players*.
*Ohio Players* is described as glitzed-out.
The Black Keys had initial plans to tour North American arenas during the summer.
The Black Keys participated extensively in SXSW 2024 to promote *Ohio Players*.
The Black Keys delivered a keynote address at SXSW 2024.
The Black Keys held multiple showcases at SXSW 2024.
Jeff Dupre’s documentary, *This Is a Film About the Black Keys*, premiered at SXSW 2024.
*Ohio Players* debuted at No. 26 on the *Billboard* 200 chart.
The debut performance of *Ohio Players* on the *Billboard* 200 was the weakest for a Black Keys full-length album since their 2006 album.
A 2006 album by The Black Keys peaked at No. 95 on the *Billboard* 200.
The Black Keys canceled their scheduled arena shows.
The cancellation of the arena shows occurred within one month of their announcement.
Soft ticket sales were the reported reason for the arena show cancellations.
The Black Keys dismissed a management team.
Irving Azoff led the dismissed management team.
Irving Azoff is considered an industry legend.
Irving Azoff also manages the band Eagles.
Patrick Carney, The Black Keys' drummer, expressed frustrations publicly on a social media platform formerly known as Twitter.
Patrick Carney did not elaborate on the specific details of the band's difficulties.
Patrick Carney made a statement to *Rolling Stone* regarding the band's situation.
Dan Auerbach, The Black Keys' guitarist, explained the origin of the album title *No Rain, No Flowers*.
The title *No Rain, No Flowers* was derived from an expression Dan Auerbach had heard.
Patrick Carney stated that The Black Keys had become complacent with business aspects due to focusing on creative work.
Patrick Carney emphasized the importance for The Black Keys to manage both business and creative responsibilities.
*No Rain, No Flowers* signifies a shift for The Black Keys away from their traditional blues-punk sound.
The Black Keys invited numerous outside musicians into the studio for *No Rain, No Flowers*.
The Black Keys previously collaborated with outside musicians on *Ohio Players*.
Collaborators on *Ohio Players* included Beck, Dan the Automator, and Noel Gallagher.
The collaborators on *No Rain, No Flowers* primarily come from a pop music background.
Daniel Tashian contributed to *No Rain, No Flowers*.
Daniel Tashian is known for his work on Kacey Musgraves’ *Golden Hour*.
Kacey Musgraves’ *Golden Hour* album received a Grammy Award.
Rick Nowels contributed to *No Rain, No Flowers*.
Rick Nowels is a seasoned songwriter.
Rick Nowels has co-written songs with artists including Stevie Nicks and Lana Del Rey.
Scott Storch contributed to *No Rain, No Flowers*.
Scott Storch is a hip-hop producer.
The Black Keys are familiar with hip-hop music.
The Black Keys released music under the name BlakRoc in 2009.
The Black Keys are familiar with studio experimentation.
Historically, The Black Keys have used hip-hop and studio experimentation to achieve psychedelic sounds.
On *No Rain, No Flowers*, The Black Keys employ electronic effects as texture.
The production of *No Rain, No Flowers* is described as cool and assured.
The sound of *No Rain, No Flowers* is characterized as middle-of-the-road.
The song "Man on a Mission" on *No Rain, No Flowers* features a grinding guitar riff.
*No Rain, No Flowers* lacks the distinctive sound of the album *El Camino*.
On *No Rain, No Flowers*, The Black Keys have transitioned from blues-rock to blues-infused pop.
The Black Keys are veteran musicians.
The Black Keys successfully transitioned to an adult-alternative pop style.
*No Rain, No Flowers* includes the song "The Night Before."
*No Rain, No Flowers* includes the song "Babygirl."
*No Rain, No Flowers* incorporates elements reminiscent of older popular music.
The song "Make You Mine" on *No Rain, No Flowers* was co-written with Desmond Child.
Desmond Child was a songwriter for Bon Jovi during the 1980s.
"Make You Mine" exhibits a Philly soul musical style.
"On Repeat" is a song featured on *No Rain, No Flowers*.
"Kiss It" is a song featured on *No Rain, No Flowers*.
"On Repeat" and "Kiss It" feature hooks that resemble those from the era of AM radio.
"All My Life" is a song featured on *No Rain, No Flowers*.
"All My Life" has a disco rhythm.

**********Claims for hard query**********

Desmond Child was a songwriter for Bon Jovi during the 1980s.
Soft ticket sales were the reported reason for the arena show cancellations.
The cancellation of the arena shows occurred within one month of their announcement.

**********Formulated hard query**********

Desmond Child was a songwriter for something during the 1980s.
A certain circumstance was the reported reason for the arena show cancellations.
The cancellation of the arena shows occurred within a certain timeframe of their announcement.

**********Claims for medium query**********

Jeff Dupre’s documentary, *This Is a Film About the Black Keys*, premiered at SXSW 2024.
*No Rain, No Flowers* is described as cool and glassy.
*No Rain, No Flowers* includes the song "The Night Before."

**********Formulated medium query**********

Someone’s documentary, This Is a Film About the Black Keys, premiered at SXSW 2024.
No Rain, No Flowers is described as in a certain state.
No Rain, No Flowers includes something.

**********Claims for easy query**********

On *No Rain, No Flowers*, The Black Keys have transitioned from blues-rock to blues-infused pop.
*No Rain, No Flowers* signifies a shift for The Black Keys away from their traditional blues-punk sound.
The Black Keys successfully transitioned to an adult-alternative pop style.

**********Formulated easy query**********

On *No Rain, No Flowers*, The Black Keys have transitioned in a certain way.
*No Rain, No Flowers* signifies a shift for The Black Keys away from a certain sound.
The Black Keys successfully transitioned to a certain style.

**********Page content extracted**********

Title: ali-sethi-love-language
URL: https://pitchfork.com/reviews/albums/ali-sethi-love-language/
Content: Ali Sethi’s debut album, _Love Language_, begins with a song you’re not allowed to hear. The delicate keys and candlelit croon of “O Balama (Censored Love Song)” are intermittently interrupted by squalls of radio-jamming static before being buried under a

**********Extracted claims**********

Ali Sethi’s debut album is titled _Love Language_.
The album _Love Language_ begins with the song “O Balama (Censored Love Song).”
“O Balama (Censored Love Song)” features delicate keys and a candlelit croon.
“O Balama (Censored Love Song)” is intermittently interrupted by squalls of radio-jamming static.
“O Balama (Censored Love Song)” includes sounds such as whirring helicopter blades, distant screams, and exploding bass.
Ali Sethi’s voice is shaped by centuries of syncretic South Asian musical traditions.
In May, the Indian government ordered streaming platforms to stop hosting content originating from Pakistan.
The Indian government’s order followed four days of military clashes between India and Pakistan.
Ali Sethi is a U.S. citizen.
Ali Sethi lives in New York.
Ali Sethi was born and raised in Lahore.
Ali Sethi’s Instagram account was blocked in India.
Much of Ali Sethi’s music catalog disappeared from major streaming platforms.
Ali Sethi’s 2022 breakthrough hit, “Pasoori,” disappeared from major streaming platforms.
The song “Pasoori” conveys a central message of love as an antidote to imposed divisions.
The message of “Pasoori” was considered a risk to "national security."
Ali Sethi’s queer identity has made him a target of the religious right in Pakistan.
In 2023, Ali Sethi was subjected to a wave of homophobic trolling.
The homophobic trolling included calls for Ali Sethi’s execution.
The trolling followed false rumors that Ali Sethi had married Pakistani-American painter Salman Toor.
Trump’s return to the White House has coincided with a surge in anti-immigrant rhetoric and Islamophobic hate crime in the United States.
Ali Sethi champions borderless, pluralistic ways of being that are grounded in a sense of shared humanity.
On _Love Language_, Ali Sethi crafts pop songs.
The songs on _Love Language_ challenge and dissolve binaries.
The album _Love Language_ combines Punjabi folk with blown-out hyperpop.
Hindustani classical ragas and flamenco guitar are featured together on _Love Language_.
Sufi devotional meditations are combined with lo-fi, banjo-flecked Americana on _Love Language_.
On _Love Language_, elements from East and West blur into one.
On _Love Language_, the sacred and the sensual blur into one.
“Hanera” is a Bollywood-meets-bossa-nova track.
On “Hanera,” Ali Sethi sings of forbidden love in innuendo-laced Punjabi.
On “Hanera,” tabla flourishes ripple over club-ready bass and metronomic, four-to-the-floor percussion.
“Hymn 4 Him” is a raga-meets-reggaeton cut.
“Hymn 4 Him” features warp-speed tabla rhythms.
On “Hymn 4 Him,” Ali Sethi sings of waving “our flags in the enemy’s face.”
On “Lovely Bukhaar,” Ali Sethi’s blown-out vocals duet with a heavily vocoded sarangi over finger-snap percussion.
On “Lovely Bukhaar,” Ali Sethi sings of love as an illness, an obsession, and an addiction.
_Love Language_ does not stray into polemic despite its themes.
The songs on _Love Language_ are love songs.
Ali Sethi deploys the love song as a Trojan horse.
Ali Sethi embeds radical critiques of ethno-nationalism and heteronormativity in declarations of longing and pleasure.
Ali Sethi draws from Western pop traditions.
Ali Sethi draws from ghazals and Sufi poetry.
In ghazals and Sufi poetry, gender is often fluid.
In ghazals and Sufi poetry, male poets pine for male murshids.
In ghazals and Sufi poetry, lovers shift shape mid-verse.
In ghazals and Sufi poetry, the lines between romantic love, spiritual devotion, and quiet rebellion are deliberately blurred.
Ali Sethi uses the language of desire and the subtle shadings of his voice to gesture at subtextual undercurrents of resistance and solidarity.
“Bridegroom” is an indie-folk song.
On “Bridegroom,” Ali Sethi cosplays as a coy bride.
On “Bridegroom,” Ali Sethi claps back at those who question the manhood of the bride’s prospective husband.
“Bridegroom” is a celebration of queer love.
“Bridegroom” is a rebuke to a homophobic troll campaign Ali Sethi previously endured.
“Rocket Launcher” features Lahori musician Maanu.
“Rocket Launcher” layers flute trills and autotuned yearning over a jittery drill beat.
On “Rocket Launcher,” Ali Sethi gently lampoons Punjabi hypermasculinity.
On “Rocket Launcher,” Ali Sethi subverts stereotypical associations of Muslim men with lethal weaponry.
“Villain” is a hyperpop cabaret song.
“Villain” reimagines the 1970s trope of the Bollywood vamp as a queer antihero.
The 1970s Bollywood vamp is described as glamorous, campy, and promiscuous.
The 1970s Bollywood vamp contrasts with the chaste heroine.
On “Villain,” scooped-out dhol rhythms and cheesy ’80s disco riffs lead into a crescendo of glitchy bleeps and jagged industrial synths.
On “Villain,” Ali Sethi’s voice alternates between a breathy whisper and a kittenish croon.
“Tere Sitam” is a technically accomplished ballad.
“Kaava” is a folk-pop song.
On “Kaava,” Ali Sethi attempts to update a melancholic late-1990s Bollywood sound for Berlin clubland.
_Love Language_ conveys the proposition that love can be a site of resistance as much as retreat.
On _Love Language_, romance is presented as a radical act.
On _Love Language_, gender is presented as a performance.
On _Love Language_, tradition is presented as a canvas to scribble over.
The album _Love Language_ insists on the right to love and be loved across every kind of border.

**********Claims for hard query**********

In May, the Indian government ordered streaming platforms to stop hosting content originating from Pakistan.
The Indian government’s order followed four days of military clashes between India and Pakistan.
Trump’s return to the White House has coincided with a surge in anti-immigrant rhetoric and Islamophobic hate crime in the United States.

**********Formulated hard query**********

At a certain time, the Indian government ordered streaming platforms to stop hosting content originating from Pakistan.
The Indian government’s order followed a certain duration of military clashes between India and Pakistan.
Someone’s return to a certain place has coincided with a surge in anti-immigrant rhetoric and Islamophobic hate crime in the United States.

**********Claims for medium query**********

“O Balama (Censored Love Song)” features delicate keys and a candlelit croon.
“O Balama (Censored Love Song)” is intermittently interrupted by squalls of radio-jamming static.
On _Love Language_, gender is presented as a performance.

**********Formulated medium query**********

“O Balama (Censored Love Song)” features in a certain state.
“O Balama (Censored Love Song)” is intermittently interrupted by something.
On _Love Language_, gender is presented in a certain way.

**********Claims for easy query**********

On _Love Language_, Ali Sethi crafts pop songs.
Ali Sethi’s debut album is titled _Love Language_.
The album _Love Language_ combines Punjabi folk with blown-out hyperpop.

**********Formulated easy query**********

On _Love Language_, Ali Sethi **in a certain way** pop songs.
Ali Sethi’s **something** is titled _Love Language_.
The album _Love Language_ combines **something** with blown-out hyperpop.

**********Page content extracted**********

Title: metro-boomin-presents-a-futuristic-summa-hosted-by-dj-spinz
URL: https://pitchfork.com/reviews/albums/metro-boomin-presents-a-futuristic-summa-hosted-by-dj-spinz/
Content: During St. Louis producer Metro Boomin’s adolescent years, the rap landscape in his hometown could be generously described as a ghost town. Nelly’s explosion to diamond-level superstar status facilitated a shift to pop and country, leaving the STL hip-hop

**********Extracted claims**********

Nelly achieved diamond-level superstar status.
Nelly's success in pop and country music contributed to a decline in the St. Louis hip-hop scene.
Metro Boomin shifted his musical focus to Atlanta during his adolescent years.
Tall Tees were becoming less common in the late 2000s.
The Atlanta music scene in the late 2000s featured a blend of hard-nosed, coke-laced raps from artists like Gucci Mane and Jeezy, alongside party music from artists such as D4L and Dem Franchise Boyz.
Metro Boomin moved to Atlanta in the early 2010s.
By the early 2010s, Atlanta clubs played a mix of synth and hi-hat-driven tracks, along with 808-backed drug-trade narratives.
H&M jeans were commonly worn in Atlanta clubs in the early 2010s.
Metro Boomin became a prominent producer for rap artists over a decade.
Metro Boomin released two collaborative albums with Future: *WE DON’T TRUST YOU* and *WE STILL DON’T TRUST YOU*.
The collaborations between Metro Boomin and Future incorporated Southern trap elements into a blockbuster rap style.
Metro Boomin was involved as a supporting character in the Drake-Kendrick beef.
The new mixtape is titled *Metro Boomin Presents: A Futuristic Summa (Hosted by DJ Spinz)*.
*A Futuristic Summa* aims to capture the essence of a mid-2010s Atlanta night out.
*A Futuristic Summa* deviates from the style of Metro Boomin’s recent projects.
*A Futuristic Summa* is described as a bright, airy mixtape.
*A Futuristic Summa* features saccharine melodies and nostalgic cameos.
*A Futuristic Summa* is a 24-track release.
*A Futuristic Summa* is presented as a "double-disc" exhibition.
*A Futuristic Summa* exhibits a lighter tone compared to Metro Boomin’s previous works.
"I Want It All" is the first full song on *A Futuristic Summa*.
"They Wanna Have Fun" features Travis Porter, Gucci Mane, and Young Dro.
On "They Wanna Have Fun," the featured artists interpret Cyndi Lauper’s pop hook.
Co-producer Zaytoven’s organs appear in the latter half of "They Wanna Have Fun."
*A Futuristic Summa* helps to bring out strong performances from artists other than Future.
Young Dro’s intensity is stated to elevate other artists in his collaborations.
Young Dro, at 46 years old, switches between laid-back and triple-time rapping on “They Wanna Have Fun.”
Young Dro incites a call-and-response on “WTF Goin.”
Roscoe Dash’s crooning seamlessly leads into Quavo’s performance on “Butterflies (Right Now).”
Waka Flocka Flame, J Money, and 2 Chainz perform on “Drip BBQ” and “I Like That.”
Young Thug’s energy on “Birthday” is characterized as lethargic.
Meany, Skooly, and Lil Baby contribute a continuous stream of melodies in the same vocal register on “Don’t Stop Dancin.”
“Issa Party” is described as an attempt to recreate Rich Kidz’s “My Partna Dem.”
The refrain of “My Lil Shit” is described as inane and fastens to the beat’s high-pitched beeps.
Newer artists such as YK Niece and BunnaB perform alongside established artists like Gucci Mane, Travis Porter, and Skooly on the album.
The final seconds of Disc 1, on the track “Still Turnt (Forever B$Shot),” feature an excitable voice.
The voice on “Still Turnt (Forever B$Shot)” expresses a desire for "real music back, that old Atlanta back, and futuristic lean."

**********Claims for hard query**********

Nelly achieved diamond-level superstar status.
H&M jeans were commonly worn in Atlanta clubs in the early 2010s.
Tall Tees were becoming less common in the late 2000s.

**********Formulated hard query**********

Someone achieved diamond-level superstar status.
Something was commonly worn in Atlanta clubs in the early 2010s.
Tall Tees were in a certain way in the late 2000s.

**********Claims for medium query**********

Metro Boomin became a prominent producer for rap artists over a decade.
Young Dro, at 46 years old, switches between laid-back and triple-time rapping on “They Wanna Have Fun.”
Meany, Skooly, and Lil Baby contribute a continuous stream of melodies in the same vocal register on “Don’t Stop Dancin.”

**********Formulated medium query**********

Metro Boomin became a prominent producer for rap artists in a certain timeframe.
Young Dro, at 46 years old, switches between laid-back and triple-time rapping on a certain song.
Some people contribute a continuous stream of melodies in the same vocal register on “Don’t Stop Dancin.”

**********Claims for easy query**********

*A Futuristic Summa* deviates from the style of Metro Boomin’s recent projects.
*A Futuristic Summa* exhibits a lighter tone compared to Metro Boomin’s previous works.
The new mixtape is titled *Metro Boomin Presents: A Futuristic Summa (Hosted by DJ Spinz)*.

**********Formulated easy query**********

*A Futuristic Summa* acts in a certain way compared to Metro Boomin’s recent projects.
*A Futuristic Summa* is in a certain state compared to Metro Boomin’s previous works.
The new mixtape is titled something.

**********Page content extracted**********

Title: dj-k-radio-libertadora
URL: https://pitchfork.com/reviews/albums/dj-k-radio-libertadora/
Content: Written on the run between bank heists and safe houses, Carlos Marighella’s _Minimanual for the Urban Guerrilla_ is a guide to revolution by a man who deeply believed that violence _was_ the answer. The politician-turned-enemy of the state considered terr

**********Extracted claims**********

Carlos Marighella’s Minimanual for the Urban Guerrilla is a guide to revolution.
Carlos Marighella deeply believed that violence was the answer.
Carlos Marighella considered terrorism a tool for the oppressed.
Carlos Marighella believed terrorism was a way for the working class to use their marginal status as a weapon.
Carlos Marighella knew that the favelas were a blindspot for Brazil’s dictatorship.
A chapter in Carlos Marighella's Minimanual for the Urban Guerrilla, titled “The War of Nerves,” outlines methods to exploit a regime’s paranoia.
A record by DJ K opens with a sampled threat from Carlos Marighella.
The artist born Kaique Vieira is known as DJ K.
Kaique Vieira is a star of bruxaria.
Bruxaria is a style of Brazilian funk.
Bruxaria emphasizes the hysteria of the favelas as a zone of nightmares.
DJ K's 2023 debut album is titled _PANICO NO SUBMUNDO_.
_PANICO NO SUBMUNDO_ mixes slasher movie effects with warning signs of a rapidly unfolding public disaster.
Songs on _PANICO NO SUBMUNDO_, such as “Erva Venenos” and “Isso Não é Um Teste,” interweave samples of evil laughter with emergency broadcasts.
Songs on _PANICO NO SUBMUNDO_ pitch funk’s high end to a chorus of car alarms and air-raid sirens.
DJ K's album _Radio Libertadora!_ aims to project a party-starting, killer-clown aesthetic onto the chaos of contemporary Brazil.
DJ K has experience headlining local mandela parties.
The song “PSY VEM FAZER NENEM” utilizes funk’s electro DNA.
The song “PSY VEM FAZER NENEM” includes helium-pitched whistling.
The song “ELA PEGA O BRINQUEDO NA MÃO” cycles through presets from chintzy horns to witchy synth melodies.
The song “MEGA SUICIDIO AUDITIVO” uses seismic blast beats.
The song “MEGA SUICIDIO AUDITIVO” is treble-heavy and tinnitus-inducing.
DJ K’s production has become more accommodating to MCs.
The song “ESTO NO AR A Radio LIBERTADORA” is muted and sped up to form the beat for “ALI PERTO DA IMIGRANTES.”
MC Renatinho Falcão performs on a track featuring plucked harpsichord and the recurring swish of a guillotine.
DJ K uses precision-targeted synth strikes on the track featuring MC Renatinho Falcão.
MCs’ voices are exposed on the songs “ALI PERTO DA IMIGRANTES,” “SUA FILHA QUER OS D,” and “TECHNO DE FAVELADO.”
The record _Radio Libertadora!_ features few women’s voices.
The record _Radio Libertadora!_ contains many disembodied female vocal parts.
The songs “A Tropa do DJ K” and “Sobrevive Contra o Estado” feature narratives about run-ins with the cops.
The Brazilian right openly campaigns on returning to military dictatorship.

**********Claims for hard query**********

Carlos Marighella believed terrorism was a way for the working class to use their marginal status as a weapon.
The song “PSY VEM FAZER NENEM” includes helium-pitched whistling.
Carlos Marighella deeply believed that violence was the answer.

**********Formulated hard query**********

Carlos Marighella believed a certain practice was a way for the working class to use their marginal status as a weapon.
A certain musical piece includes helium-pitched whistling.
Carlos Marighella deeply believed that a certain action was the answer.

**********Claims for medium query**********

The song “ELA PEGA O BRINQUEDO NA MÃO” cycles through presets from chintzy horns to witchy synth melodies.
A chapter in Carlos Marighella's Minimanual for the Urban Guerrilla, titled “The War of Nerves,” outlines methods to exploit a regime’s paranoia.
Carlos Marighella knew that the favelas were a blindspot for Brazil’s dictatorship.

**********Formulated medium query**********

A certain song cycles through presets from chintzy horns to witchy synth melodies.
A chapter in Carlos Marighella's Minimanual for the Urban Guerrilla, titled something, outlines methods to exploit a regime’s paranoia.
Someone knew that the favelas were a blindspot for Brazil’s dictatorship.

**********Claims for easy query**********

DJ K's album _Radio Libertadora!_ aims to project a party-starting, killer-clown aesthetic onto the chaos of contemporary Brazil.
A record by DJ K opens with a sampled threat from Carlos Marighella.
Songs on _PANICO NO SUBMUNDO_ pitch funk’s high end to a chorus of car alarms and air-raid sirens.

**********Formulated easy query**********

DJ K's album _Radio Libertadora!_ aims to project **in a certain way** onto the chaos of contemporary Brazil.
A record by DJ K opens with a sampled threat from **someone**.
Songs on **something** pitch funk’s high end to a chorus of car alarms and air-raid sirens.

**********Page content extracted**********

Title: xaviersobased-once-more-ep
URL: https://pitchfork.com/reviews/albums/xaviersobased-once-more-ep/
Content: Before you start reminiscing on the good old days of Kashpaint beats and Tenkay collabs, please don’t write off xaviersobased yet. Yes, the new _once more_ EP is his major label debut. No, that does not mean he’s the next SoFaygo. That doesn’t mean he’s t

**********Extracted claims**********

The _once more_ EP is xaviersobased's major label debut.
xaviersobased is a rapper-producer from Manhattan.
xaviersobased's past cloud rap work includes the songs "far," "dancer," and "vibrator."
xaviersobased has been refining his musical work.
xaviersobased's tape, _Keep It Goin Xav_, was released in January.
_Keep It Goin Xav_ is an acclaimed coming-of-age tape.
xaviersobased is currently signed to Atlantic Records.
xaviersobased made his debut performance at Lollapalooza.
The song "ion kno" on the _once more_ EP features 808s that synchronize with cymbal crashes.
The song "fly" on the _once more_ EP is structured around strange, airtight loops.
The song "worth it" on the _once more_ EP contains jumpy synth stabs.
The song "uncomfy" is featured on the _once more_ EP.
"uncomfy" is a shoegaze-inflected track.
OsamaSon is featured on the song "uncomfy."
Shoegaze, as practiced by young rappers and bedroom musicians in 2025, is largely characterized by loud guitar crunch.
Shoegaze incorporates droning, amorphous euphoria.
The "wall of sound" technique is part of shoegaze.
NYC producer nurse collaborated on the song "uncomfy."
The beat of "uncomfy" is suitable for dancing.
The song "uncomfy" features claps, click-clacks, snare hits, reverb-slicked guitars, and feedback tones.
OsamaSon is associated with rage-rap.
OsamaSon's solo work is characterized by frenetic and ad-lib-heavy elements.
OsamaSon performs a stone-faced verse on "uncomfy."
xaviersobased's raps on the _once more_ EP display concision and optimism.
xaviersobased's lyrics on the EP include the line "I’ma keep a smile/I don’t care how hard the times get."
xaviersobased raps the line “Nigga, don’t call my fuckin’ phone/Yeah, I’m workin’” in the song “worth it.”
xaviersobased repeats the line “They like, ‘xav where yo’ mind been?/xav, where yo’ mind been?’” in the song “fly.”
xaviersobased's vocal delivery shifts between a deadpan whisper and a candy-coated warble.
xaviersobased’s lyrics include the phrases “moves like Jagger,” “stare at his bladder,” and “climbs up the ladder.”
The intro of the _once more_ EP contains postmodern _Almighty So_-isms.
The outro of the _once more_ EP features engine-revving fervor.
xaviersobased announced the release of the _once more_ EP via an Instagram post.
The Instagram post was a screenshot of xaviersobased's notes app.
The Instagram post expressed love for xaviersobased's fans.
The Instagram post stated that an album is in progress.
The Instagram post included the phrase “ion want yall to think that im on some mysterious shit.”
The Instagram post included the phrase “still gon b an active summer we activee.”
The writing in the Instagram post lacked standard grammar and punctuation.

**********Claims for hard query**********

The beat of "uncomfy" is suitable for dancing.
The writing in the Instagram post lacked standard grammar and punctuation.
The "wall of sound" technique is part of shoegaze.

**********Formulated hard query**********

The beat of 'uncomfy' is in a certain state.
The writing in the Instagram post was in a certain state.
The "wall of sound" technique is part of something.

**********Claims for medium query**********

xaviersobased's vocal delivery shifts between a deadpan whisper and a candy-coated warble.
The Instagram post expressed love for xaviersobased's fans.
The song "ion kno" on the _once more_ EP features 808s that synchronize with cymbal crashes.

**********Formulated medium query**********

xaviersobased's vocal delivery shifts between in a certain state and a candy-coated warble.
A certain thing expressed love for xaviersobased's fans.
A certain song on the _once more_ EP features 808s that synchronize with cymbal crashes.

**********Claims for easy query**********

xaviersobased's raps on the _once more_ EP display concision and optimism.
xaviersobased announced the release of the _once more_ EP via an Instagram post.
The _once more_ EP is xaviersobased's major label debut.

**********Formulated easy query**********

xaviersobased's raps on the _once more_ EP display in a certain state.
xaviersobased announced the release of the _once more_ EP in a certain way.
The _once more_ EP is xaviersobased's something.

**********Page content extracted**********

Title: heatmiser-mic-city-sons-30th-anniversary
URL: https://pitchfork.com/reviews/albums/heatmiser-mic-city-sons-30th-anniversary/
Content: “I still struggle to really describe what it felt like,” Neil Gust recently told Fucked Up’s Damian Abraham. He was talking about the wrenching feeling of discovering that his best friend and Heatmiser bandmate, Elliott Smith, was about to become famous o

**********Extracted claims**********

The revelation about Elliott Smith's impending solo fame occurred during the recording sessions of *Mic City Sons*.
*Mic City Sons* is Heatmiser's final album.
*Mic City Sons* was Heatmiser's first album released after signing a major-label deal with Virgin.
Neil Gust is Heatmiser's singer-songwriter and guitarist.
Tony Lash is Heatmiser's drummer-producer.
Sam Coomes is Heatmiser's bassist and organist.
Neil Gust, Tony Lash, and Sam Coomes are the surviving members of Heatmiser.
The surviving members of Heatmiser still discuss the *Mic City Sons* sessions.
Neil Gust and Elliott Smith purchased Marshall half-stacks in the same summer that *Nevermind* was released.
Heatmiser performed in punk clubs such as La Luna in their early years.
Tony Lash shifted the emphasis of his drumming during Heatmiser's work.
Neil Gust's songs began changing tone to match Elliott Smith's.
Neil Gust explored loneliness and dissatisfaction in songs such as “Eagle Eye,” “Rest My Head Against the Wall,” and “Cruel Reminder.”
Neil Gust's lyrics in these songs describe the experiences of a young gay man seeking partnership.
Elliott Smith wrote “Pop in G” about his frustration with Tony Lash’s studio perfectionism.
Elliott Smith believed Neil Gust’s “Cruel Reminder” was about him.
Neil Gust’s “Cruel Reminder” was about an unrequited crush.
Significant arguments regarding cymbal sounds occurred during the *Mic City Sons* sessions.
New and unreleased material is included in the 30th-anniversary reissue of *Mic City Sons*.
Elliott Smith often struggled with scaling his sound after leaving Heatmiser.
“Cocksucker’s Blues” and “Silent Treatment” are songs by Neil Gust included in the additional material of the *Mic City Sons* reissue.
“I’m Over That Now” is a demo from Elliott Smith.
“I’m Over That Now” received a posthumous arrangement from Heatmiser.
“I’m Over That Now” is a crucial addition to the *Mic City Sons* reissue.

**********Claims for hard query**********

Heatmiser performed in punk clubs such as La Luna in their early years.
Neil Gust's lyrics in these songs describe the experiences of a young gay man seeking partnership.
Neil Gust’s “Cruel Reminder” was about an unrequited crush.

**********Formulated hard query**********

Heatmiser performed in punk clubs such as **a certain place** in their early years.
Neil Gust's lyrics in these songs describe the experiences of **a certain kind of person in a certain state**.
Neil Gust’s “Cruel Reminder” was about **a certain kind of feeling**.

**********Claims for medium query**********

Tony Lash shifted the emphasis of his drumming during Heatmiser's work.
Neil Gust is Heatmiser's singer-songwriter and guitarist.
Neil Gust's songs began changing tone to match Elliott Smith's.

**********Formulated medium query**********

Someone shifted the emphasis of his drumming during Heatmiser's work.
Neil Gust is Heatmiser's in a certain capacity.
Neil Gust's songs began in a certain way to match Elliott Smith's.

**********Claims for easy query**********

The surviving members of Heatmiser still discuss the *Mic City Sons* sessions.
*Mic City Sons* is Heatmiser's final album.
New and unreleased material is included in the 30th-anniversary reissue of *Mic City Sons*.

**********Formulated easy query**********

Someone still discuss the *Mic City Sons* sessions.
*Mic City Sons* is a certain thing.
Certain things are included in the 30th-anniversary reissue of *Mic City Sons*.

**********Validation Result**********

subquestion '*Mic City Sons* is a certain thing.' is NOT supported by the context.
<reject> The information "*Mic City Sons* is a certain thing" is too vague to be explicitly found. While the content extensively discusses _Mic City Sons_ (describing it as the band's final album, their best album, and an album containing some of Smith's best rock songs), it never uses the generic phrase "a certain thing" to describe it. </reject>

**********Page content extracted**********

Title: araabmuzik-electronic-dream-2
URL: https://pitchfork.com/reviews/albums/araabmuzik-electronic-dream-2/
Content: For a certain cross-section of dance music and hip-hop heads, AraabMuzik’s 14-years-in-the-making _Electronic Dream 2_ might as well be _Chinese Democracy_. Which makes the original something like _Appetite for Destruction_. _Electronic Dream_ was an over

**********Extracted claims**********

The original *Electronic Dream* was released at the height of EDM’s mainstream takeover in 2011.
*Electronic Dream* featured sappy trance with acrobatic MPC work.
A promised sequel to *Electronic Dream* was leaked.
The leaked sequel was later relegated to an obscure EP series called *MVP of the MPC*.
AraabMuzik continued his work as a rap beatmaker.
AraabMuzik scored a Harmony Korine film.
The definitive *Electronic Dream 2* has been released.
The track "3AM" is the first single from *Electronic Dream 2*.
The track "3AM" is six minutes long.
The first *Electronic Dream* sent AraabMuzik to large festival stages.
AraabMuzik finger-drummed over EDM beats.
The first *Electronic Dream* increased AraabMuzik's fame.
AraabMuzik was formerly affiliated with Dipset.
Underground rap producers like Clams Casino established themselves as independent artists.
Beats such as “I’m God” impacted hip-hop.
Lil B became an overground star.
The first *Electronic Dream* was a hip-hop beat tape.
The first *Electronic Dream* was elevated to the status of a statement album.
Clams Casino’s *Instrumental Mixtape* was a hip-hop beat tape.
Clams Casino’s *Instrumental Mixtape* was elevated to the status of a statement album.
The first *Electronic Dream* had mass appeal.
The first *Electronic Dream* combined muscular MPCs and hooks.
The first *Electronic Dream* appealed to rap fans and rappers.
AraabMuzik transformed trance music into hip-hop.
AraabMuzik’s transformation of trance music into hip-hop appealed to underground dance music heads.
*Electronic Dream 2* reflects the aesthetic of a past period.
Kavinsky’s “Nightcall” was popular.
“Nightcall” is from the *Drive* soundtrack.
The Weeknd sampled Beach House.
*Electronic Dream 2* begins with the track “Someone Like You.”
“Someone Like You” features a chopped vocal and trap drums.
Two beats on *Electronic Dream 2* sample Eartheater.
AraabMuzik usually samples trance artists.
The track “Circles” from *Electronic Dream 2* samples Milk Inc.
The original *Electronic Dream* contained a tumultuous midsection.
The original *Electronic Dream*’s midsection featured frantic drums, haywire synths, and screaming samples.
The beats on *Electronic Dream 2* do not segue together.
The beats on *Electronic Dream 2* do not build tension.
The track “Galaxies” from *Electronic Dream 2* features a sample of Kevin’s “All in My Mind.”
The track “Til You Drop” from *Electronic Dream 2* is a carbon copy of AraabMuzik’s “I Remember” edit.
AraabMuzik undertook a *Trap v. Drill v. EDM* experiment.
The *Trap v. Drill v. EDM* experiment was short-lived.
The *Trap v. Drill v. EDM* experiment featured dentist-drill synths and LFO wobbles instead of dreamy trance.
The tracks “Deep Side” and “Run Off” on *Electronic Dream 2* are Eartheater tracks.
Eartheater’s vocal runs are more layered and complex than those of trance singers.

**********Claims for hard query**********

The Weeknd sampled Beach House.
Lil B became an overground star.
“Nightcall” is from the *Drive* soundtrack.

**********Formulated hard query**********

The Weeknd sampled something.
Someone became an overground star.
“Nightcall” is from something.

**********Claims for medium query**********

AraabMuzik transformed trance music into hip-hop.
*Electronic Dream 2* begins with the track “Someone Like You.”
The first *Electronic Dream* combined muscular MPCs and hooks.

**********Formulated medium query**********

AraabMuzik transformed something into something else.
*Electronic Dream 2* begins with a certain track.
The first *Electronic Dream* combined certain elements.

**********Claims for easy query**********

The beats on *Electronic Dream 2* do not build tension.
The definitive *Electronic Dream 2* has been released.
The first *Electronic Dream* increased AraabMuzik's fame.

**********Formulated easy query**********

The beats on *Electronic Dream 2* do not behave in a certain way.
The *Electronic Dream 2* in a certain state has been released.
The first *Electronic Dream* increased someone's fame.

**********Page content extracted**********

Title: 2pillz-pillzcasso
URL: https://pitchfork.com/reviews/albums/2pillz-pillzcasso/
Content: Vietnamese pop music is going through a renaissance. Led by Gen Z artists in both the mainstream and underground, a number of singers over the past couple of years—Wren Evans, Mỹ Anh, NÂN, Vĩ (f.k.a. Aprxel)—have released vital albums that have defined th

**********Extracted claims**********

Vietnamese pop music is experiencing a renaissance.
Gen Z artists are leading the renaissance in Vietnamese pop music.
Artists Wren Evans, Mỹ Anh, NÂN, and Vĩ have released albums that have shaped Vietnam's globalized R&B scene.
tlinh is considered the biggest artist among current Vietnamese pop musicians.
tlinh's songs have been produced by Phạm Phú Nguyên, also known as 2pillz.
2pillz is a producer from Hanoi.
2pillz gained recognition for his role in the reality competition show *Rap Việt*.
*PILLZCASSO* is 2pillz's debut studio album.
*PILLZCASSO* is a collection of dance pop.
*PILLZCASSO* features numerous Vietnamese artists.
*PILLZCASSO* has a duration of approximately one hour.
*PILLZCASSO* is structured to function like a DJ set.
The official YouTube upload of *PILLZCASSO* differs from its streaming service versions.
The YouTube version of *PILLZCASSO* presents 2pillz's songs as a continuous mix.
2pillz previously released a video called a "mixset."
Imagery associated with 2pillz shows him with a DJ controller and multiple instruments.
*PILLZCASSO* is tonally unified.
Featured guests on *PILLZCASSO* are integrated into soft-hued atmospherics.
2pillz uses the term “lắk lành” to describe his smooth, vitalizing dance music.
The song “BƯỚC ĐI/NÁN LẠI?” incorporates reggae basslines and skanking guitars.
Văn Mai Hương's singing is featured on “BƯỚC ĐI/NÁN LẠI?”.
Chopped-up vocals are interspersed in moody house passages on “BƯỚC ĐI/NÁN LẠI?”.
The song “KIỀM CHẾ ĐÔI TAY ĐI NÀO” is a 2-step track.
Jersey club kicks are included in a pre-chorus of “KIỀM CHẾ ĐÔI TAY ĐI NÀO”.
Vũ Phụng Tiên is featured on “KIỀM CHẾ ĐÔI TAY ĐI NÀO”.
The song “KIỀM CHẾ ĐÔI TAY ĐI NÀO” includes an EDM riser, a drop, and a garage beat.
The song “NOBODY BUT YOU” is included on *PILLZCASSO*.
The song “NOBODY BUT YOU” features lush instrumentation.
The song “NOBODY BUT YOU” draws influence from UK bass, future garage, EDM, and vinahouse.
Vinahouse is a Vietnamese style of house music.
Vinahouse typically involves domestic pop remixes.
Vinahouse is incorporated into *PILLZCASSO*.
Vinahouse is characterized by big, bouncy basslines.
Vinahouse elements in “MỘT KHI NÓI YÊU MỌI CHUYỆN CHẤM HẾT” evoke a melancholy tone.
Vũ contributes lyrics about loneliness to “MỘT KHI NÓI YÊU MỌI CHUYỆN CHẤM HẾT”.
The song “LÁ THU VÀNG RƠI MANG TÌNH YÊU TỚI” contains a sample from a song by Phương Dung.
Phương Dung is a respected singer of nhạc vàng.
Nhạc vàng is also known as "yellow music."
Vietnamese bolero is a nhạc vàng style.
Vietnamese bolero is derived from the original Latin bolero genre.
2pillz's song “LÁ THU VÀNG RƠI MANG TÌNH YÊU TỚI” incorporates elements of Vietnamese bolero.
The song “ĐƯA EM VÀO TRÒNG” evokes the t'rưng, a bamboo xylophone.
The song “THÁC NÌNG” evokes the đàn đá, a lithophone.
The songs “NGỪI ĐẸP ƠIII” and “CHỈ MỘT CÂU THẦN CHÚ” feature Eastern melodies and chiming flourishes.
The song “NGHĨ MỘT TÍ” includes synth flutes.
The song “GET YOU OUT OF MY MIND” contains a melody that interpolates the chorus of “LẮNG NGHE MÙA XUÂN VỀ”.
The song “LẮNG NGHE MÙA XUÂN VỀ” is a rock ballad by Bang Kieu and Hồng Nhung.
The song “ĐẾN LÚC NÀY THÌ…” is an example of Afrobeats-infused pop music.
tlinh's singing is featured on “ĐẾN LÚC NÀY THÌ…”.
Younger Vietnamese singers tend to prefer a natural singing style over highly stylized vocalizations.
The Gen Z cohort of Vietnamese singers differs from millennial V-pop stars like Hoàng Thùy Linh in their vocal approach.
tlinh sings the lyrics "I just want to see you smile/Even though I’m not the one who can do that anymore" in Vietnamese.

**********Claims for hard query**********

Vũ Phụng Tiên is featured on “KIỀM CHẾ ĐÔI TAY ĐI NÀO”.
*PILLZCASSO* has a duration of approximately one hour.
Jersey club kicks are included in a pre-chorus of “KIỀM CHẾ ĐÔI TAY ĐI NÀO”.

**********Formulated hard query**********

Someone is featured on “KIỀM CHẾ ĐÔI TAY ĐI NÀO”.
*PILLZCASSO* has a duration of a certain duration.
Certain sounds are included in a pre-chorus of “KIỀM CHẾ ĐÔI TAY ĐI NÀO”.

**********Claims for medium query**********

2pillz gained recognition for his role in the reality competition show *Rap Việt*.
The YouTube version of *PILLZCASSO* presents 2pillz's songs as a continuous mix.
tlinh's singing is featured on “ĐẾN LÚC NÀY THÌ…”.

**********Formulated medium query**********

2pillz gained recognition for his role in something.
The YouTube version of *PILLZCASSO* presents 2pillz's songs in a certain way.
Someone's singing is featured on “ĐẾN LÚC NÀY THÌ…”.

**********Claims for easy query**********

Vietnamese pop music is experiencing a renaissance.
Gen Z artists are leading the renaissance in Vietnamese pop music.
*PILLZCASSO* features numerous Vietnamese artists.

**********Formulated easy query**********

Something is experiencing a renaissance.
Gen Z artists are leading in a certain way in Vietnamese pop music.
*PILLZCASSO* features something.

**********Page content extracted**********

Title: the-armed-the-future-is-here-and-everything-needs-to-be-destroyed
URL: https://pitchfork.com/reviews/albums/the-armed-the-future-is-here-and-everything-needs-to-be-destroyed/
Content: The Armed are mad as hell, and they’re not going to take it anymore. After a loosely connected three-album cycle exploring the outer limits of hardcore punk, extreme pop, and the idea of “authenticity,” the cultish, semi-anonymous Detroit collective’s six

**********Extracted claims**********

The Armed previously released a loosely connected three-album cycle.
The three-album cycle explored hardcore punk, extreme pop, and the idea of “authenticity.”
The Armed is a cultish, semi-anonymous collective.
The Armed is based in Detroit.
_THE FUTURE IS HERE AND EVERYTHING NEEDS TO BE DESTROYED_ is The Armed's sixth album.
The sixth album dispenses with high-concept experiments.
The sixth album favors something more immediate.
_THE FUTURE IS HERE AND EVERYTHING NEEDS TO BE DESTROYED_ is built around a barrage of blast beats.
_THE FUTURE IS HERE AND EVERYTHING NEEDS TO BE DESTROYED_ is built around dissonant guitars.
_THE FUTURE IS HERE AND EVERYTHING NEEDS TO BE DESTROYED_ is built around feral vocal outbursts.
_THE FUTURE IS HERE AND EVERYTHING NEEDS TO BE DESTROYED_ is billed as a spasmodic response to dehumanization and disaster.
A press release accompanied the announcement of _THE FUTURE IS HERE AND EVERYTHING NEEDS TO BE DESTROYED_.
The press release described _THE FUTURE IS HERE AND EVERYTHING NEEDS TO BE DESTROYED_ as an “unfiltered expression of _Weltschmerz_.”
_Weltschmerz_ is a German word.
_Weltschmerz_ describes the depression that occurs when the world’s suffering and misery do not match one’s ideals.
Tony Wolski is the lead vocalist of The Armed.
Tony Wolski screams “Cheap shit/Fake fame/Dead kids/New gains” on the song “A More Perfect Design.”
The album _THE FUTURE IS HERE AND EVERYTHING NEEDS TO BE DESTROYED_ begins with Tony Wolski screeching phrases like “FOOLS! LIARS! HEATHENS! TRAITORS! REPENT! BE SAVED! JUDGMENT IS COMING!”
The song “Kingbreaker” begins with a desert rock swagger.
“Kingbreaker” includes a half-speed breakdown.
Tony Wolski wails the lyrics “My only friends are fucking scum.../In the noise we are all just ghosts” on “Kingbreaker.”
The song “Gave Up” slows to a heavyweight pace.
Tony Wolski howls “so hollowed out” on “Gave Up.”
“Gave Up” contains the background lyrical consolation “But never alone.”
Moe Kazra is a guest vocalist on the song “Broken Mirror.”
Moe Kazra is from the band Prostitute.
Moe Kazra lists phrases like “These Yacht Club Socialists/These Patriot Grifters/Patriot psalm and their cure-all elixirs/These Anti-Christ Christians sure look more like demons” on “Broken Mirror.”
The song “Purity Drag” features a detestable and judgmental antagonist.
The antagonist in “Purity Drag” says “Nothing is my fault/I am divine.”
“Local Millionaire” is described as a molten rock song.
“Local Millionaire” has a one-dimensional and self-important narrator.
The song “Local Millionaire” ends with the phrase “go fuck yourself.”
The song “Sharp Teeth” is described as sped-up and shoegazey.
Cara Drolshagen provides vocals on “Sharp Teeth.”
Cara Drolshagen sings the lyrics “Can’t you see I’m on the edge/Broken plans in tangled webs... I am in hell” on “Sharp Teeth.”
The song “I Steal What I Want” features post-punk revival verses.
The song “I Steal What I Want” features octaved choruses.
“I Steal What I Want” contains the lyrics “Slow motion getaway/Lives in a bubble/Bruised up and faded grey/We all crack the same.”
Tony Wolski screams the lyrics “Don’t let it make you go numb/Don’t let it dull your compassion/Don’t let them tell you you’re wrong/Don’t let them claim this is balance” on “A More Perfect Design.”

**********Claims for hard query**********

_Weltschmerz_ is a German word.
“Local Millionaire” has a one-dimensional and self-important narrator.
Moe Kazra is from the band Prostitute.

**********Formulated hard query**********

_Weltschmerz_ is a certain kind of word.
“Local Millionaire” has a narrator in a certain state.
Moe Kazra is from a certain band.

**********Claims for medium query**********

Cara Drolshagen sings the lyrics “Can’t you see I’m on the edge/Broken plans in tangled webs... I am in hell” on “Sharp Teeth.”
The song “Kingbreaker” begins with a desert rock swagger.
Moe Kazra lists phrases like “These Yacht Club Socialists/These Patriot Grifters/Patriot psalm and their cure-all elixirs/These Anti-Christ Christians sure look more like demons” on “Broken Mirror.”

**********Formulated medium query**********

Someone sings the lyrics “Can’t you see I’m on the edge/Broken plans in tangled webs... I am in hell” on “Sharp Teeth.”
The song “Kingbreaker” begins in a certain state.
Moe Kazra lists something on “Broken Mirror.”

**********Claims for easy query**********

The album _THE FUTURE IS HERE AND EVERYTHING NEEDS TO BE DESTROYED_ begins with Tony Wolski screeching phrases like “FOOLS! LIARS! HEATHENS! TRAITORS! REPENT! BE SAVED! JUDGMENT IS COMING!”
_THE FUTURE IS HERE AND EVERYTHING NEEDS TO BE DESTROYED_ is The Armed's sixth album.
The press release described _THE FUTURE IS HERE AND EVERYTHING NEEDS TO BE DESTROYED_ as an “unfiltered expression of _Weltschmerz_.”

**********Formulated easy query**********

The album _THE FUTURE IS HERE AND EVERYTHING NEEDS TO BE DESTROYED_ begins with someone screeching phrases like “FOOLS! LIARS! HEATHENS! TRAITORS! REPENT! BE SAVED! JUDGMENT IS COMING!”
_THE FUTURE IS HERE AND EVERYTHING NEEDS TO BE DESTROYED_ is The Armed's a certain number album.
The press release described _THE FUTURE IS HERE AND EVERYTHING NEEDS TO BE DESTROYED_ in a certain way.

