**********Page content extracted**********

Title: The Last Judgment (Bosch, Vienna)
URL: https://en.wikipedia.org/wiki/The_Last_Judgment_(Bosch%2C_Vienna)
Content: Jump to content#bodyContent)

From Wikipedia, the free encyclopedia

Triptych by Hieronymus Bosch, created after 1482

| The Last Judgment |
| --- |
| ! _The Last Judgment_ (lower part missing) |
| Artist | Hieronymus Bosch |
| Year | c. 1482 |
| Type | O

**********Extracted claims**********

*The Last Judgment* is a triptych by Hieronymus Bosch.
*The Last Judgment* was created around 1482.
The type of painting for *The Last Judgment* is an oil-on-wood triptych.
*The Last Judgment* measures 163.7 cm × 242 cm (64.4 in × 95 in).
*The Last Judgment* is located at the Academy of Fine Arts in Vienna.
*The Last Judgment* was created by the Early Netherlandish artist Hieronymus Bosch.
*The Last Judgment* was created after 1482.
The triptych is located in Vienna, Austria.
The outside of the shutters of the triptych are painted in grisaille on panel.
The inside shutters and the center panel of the triptych are painted in oil.
The left and right panels of the triptych measure 167.7 cm x 60 cm.
The center panel of the triptych measures 164 cm x 127 cm.
*The Last Judgment* (Vienna) is not to be confused with a fragmented piece of art by Bosch titled "The Last Judgment (Bosch triptych fragment)" in Munich.
*The Last Judgment* (Vienna) is not to be confused with another full painting by Bosch titled "The Last Judgment (Bosch triptych), Bruges."
The Bruges painting of *The Last Judgment* is possibly by a painter in Bosch's workshop.
The left panel of *The Last Judgment* shows the Garden of Eden.
In the upper part of the left panel, God is shown seated in Heaven.
In the upper part of the left panel, Rebel Angels are cast out of Heaven and transformed into insects.
At the foot of the left panel, God creates Eve from the rib of Adam.
In the mid-ground of the left panel, Eve is tempted by the Serpent.
Towards the center of the left panel, Adam and Eve are chased by the Angel into the dark forest.
In the central panel, Jesus judges the souls while surrounded by the Saints.
The right panel shows a hellscape.
The wicked are punished in the right panel.
The oldest mention of the painting is in a 1659 inventory of Archduke Leopold Wilhelm of Austria's collection.
The painting was mentioned as by "Hieronimo Bosz" in the 1659 inventory.
The painting was acquired by Count Lambert-Sprinzenstein in the late 18th century.
The painting later went from Count Lambert-Sprinzenstein to its current location.
The triptych was widely repainted in the 17th-18th centuries.
The triptych has lost part of its colors.
Some art historians identified this work as that acquired by Philip I of Castile in 1504.
Other art historians deny that this work is the one acquired by Philip I of Castile in 1504.
Dendrochronologic analysis proved that the painting was executed not before 1482.
A copy of the work exists.
The copy of the work is attributed to Lucas Cranach the Elder.
The copy of the work is located in the Gemäldegalerie of Berlin.
The painting's composition has similarities with the *Haywain Triptych*.
The painting's composition has similarities with *The Garden of Earthly Delights*.
The *Haywain Triptych* shows the Garden of Eden in its left panel.
The *Haywain Triptych* shows Hell at its right panel.
*The Garden of Earthly Delights* shows the Garden of Eden in its left panel.
*The Garden of Earthly Delights* shows Hell at its right panel.
The central panel depicts a Last Judgement.
The central panel has a more obscure atmosphere than the Hell panel.
The shutters are externally painted in grisaille.
The external grisaille paintings on the shutters depict two saints.
The saint on the left shutter is St. James.
St. James is depicted in pilgrimage within a wicked land with a hanged man.
The saint on the right shutter is St. Bavo.
St. Bavo is depicted donating to the poor with his hawk on his left wrist.
St. Bavo is the patron of Flanders.
An old woman with a child appears in the St. Bavo panel.
The old woman with a child in the St. Bavo panel appears in a drawing attributed to Bosch.
The drawing attributed to Bosch is located in a San Francisco private collection.
The left panel depicts the Garden of Eden of biblical history.
The Garden of Eden is depicted as a green landscape in the lower three-quarters of the left panel.
In the upper section of the left panel, Bosch portrays God sitting on his throne.
God is surrounded by a luminous halo in the painting.
Around God is a cloudy sky.
Angels are fighting rebellious angels in the cloudy sky on the left panel.
The rebellious angels are turning into devils as they fall.
In the lower part of the left panel, God creates Eve from Adam's rib.
Adam is sleeping at Eve's feet during her creation in the painting.
The Serpent tempts Eve near the tree of the knowledge of good and evil on the left panel.
Adam and Eve are expelled from the Garden by an angel.
The angel holds a sword during the expulsion.
Adam and Eve are expelled into a dark forest.
The central painting depicts a Last Judgement based on John's Book of Revelation.
Christ is depicted as a judge above in the central panel.
Christ is surrounded by the Virgin Mary, John the Evangelist, and the apostles in the central panel.
The celestial zone in the central panel is painted in a bright blue.
The celestial zone contrasts with the rest of the central panel.
The rest of the central panel is occupied by a dark brownish punishment of the Damned.
The Blessed occupy only a small portion of the central panel.
Punishments come from monstrous creatures of Hell in the central panel.
The damned are burned in the central panel.
The damned are speared in the central panel.
The damned are impaled in the central panel.
The damned are hung from butcher hooks in the central panel.
The Gluttonous are forced to eat impure food in the central panel.
The damned are subjects to cogs of bizarre machines in the central panel.
The scene in the central panel has strong similarities with the right panel in Bosch's *Garden* at the Museo del Prado.
The hell depicted on the right panel is thematically consistent with the Last Judgement.
Satan is in the center of the right panel.
Satan receives the damned souls in the right panel.
Torture scenes continue in the right panel.
The torture scenes are within a dark landscape.
The dark landscape on the right panel is dominated by flames and devilish figures.

**********Claims for hard query**********

The Gluttonous are forced to eat impure food in the central panel.
Adam and Eve are expelled into a dark forest.
The rebellious angels are turning into devils as they fall.

**********Formulated hard query**********

The Gluttonous are forced to eat `something` in the central panel.
Adam and Eve are expelled `in a certain place`.
`Someone` are turning into devils as they fall.

**********Claims for medium query**********

The rest of the central panel is occupied by a dark brownish punishment of the Damned.
Other art historians deny that this work is the one acquired by Philip I of Castile in 1504.
Dendrochronologic analysis proved that the painting was executed not before 1482.

**********Formulated medium query**********

The rest of the central panel is occupied by a punishment in a certain state.
Other art historians deny that this work is the one acquired by someone in 1504.
Something proved that the painting was executed not before 1482.

**********Claims for easy query**********

*The Last Judgment* is a triptych by Hieronymus Bosch.
*The Last Judgment* (Vienna) is not to be confused with another full painting by Bosch titled "The Last Judgment (Bosch triptych), Bruges."
*The Last Judgment* was created by the Early Netherlandish artist Hieronymus Bosch.

**********Formulated easy query**********

The Last Judgment is **something** by Hieronymus Bosch.
The Last Judgment (Vienna) is not to be confused with **something**.
The Last Judgment was **in a certain way** by the Early Netherlandish artist Hieronymus Bosch.

**********Page content extracted**********

Title: John Rooney (footballer)
URL: https://en.wikipedia.org/wiki/John_Rooney_(footballer)
Content: Jump to content#bodyContent)

From Wikipedia, the free encyclopedia

English footballer

| ! Rooney as Macclesfield manager in 2025 |
| Personal information |
| Full name | John Richard Rooney#cite_note-Hugman2010-11-1) |
| Date of birth | (1990-12-17) 17

**********Extracted claims**********

John Richard Rooney is an English professional manager.
John Richard Rooney is a former footballer.
John Richard Rooney played as an attacking midfielder.
John Richard Rooney was born on 17 December 1990.
John Richard Rooney was born in Liverpool, England.
John Richard Rooney is 5 ft 10 in (1.78 m) tall.
John Richard Rooney is the current manager of Macclesfield.
Macclesfield is a National League North club.
John Rooney played youth football for Everton from 1996 to 2002.
John Rooney played youth football for Macclesfield Town from 2002 to 2008.
John Rooney played senior football for Macclesfield Town from 2008 to 2010.
John Rooney played senior football for New York Red Bulls in 2011.
John Rooney played senior football for Orlando City in 2012.
John Rooney played senior football for Barnsley from 2012 to 2013.
John Rooney played senior football for Bury from 2013 to 2014.
John Rooney played senior football on loan for Chester from 2013 to 2014.
John Rooney played senior football for Chester from 2014 to 2016.
John Rooney played senior football for Wrexham from 2016 to 2017.
John Rooney played senior football on loan for Guiseley in 2017.
John Rooney played senior football for Guiseley from 2017 to 2018.
John Rooney played senior football for Barrow from 2018 to 2020.
John Rooney played senior football for Stockport County from 2020 to 2022.
John Rooney played senior football for Barrow in 2022.
John Rooney played senior football for Oldham Athletic from 2022 to 2023.
John Rooney played senior football for Macclesfield from 2023 to 2025.
John Rooney's managerial career began in 2025.
John Rooney is the younger brother of former England forward Wayne Rooney.
John Rooney expressed a desire to represent the Republic of Ireland at international level.
John Rooney's mother is Jeanette Maria Rooney (née Morrey).
John Rooney's father is Thomas Wayne Rooney.
John Rooney is of Irish descent.
John Rooney was brought up in Croxteth.
John Rooney attended Our Lady and St. Swithin's primary school.
John Rooney attended De La Salle Humanities College.
John Rooney started at the Everton Youth Academy at the age of six.
John Rooney was released by Everton.
John Rooney moved to Macclesfield Town in 2002.
John Rooney signed professional terms with Macclesfield Town on 14 July 2008.
John Rooney made his professional debut against Barnet on 24 March 2008.
John Rooney's first career goal was scored against Dagenham & Redbridge on 28 March 2009.
John Rooney's Macclesfield contract expired at the end of the 2009–10 season.
John Rooney had trials with Derby County.
John Rooney had trials with Huddersfield Town.
John Rooney went to Seattle Sounders FC for a trial.
John Rooney went to Portland Timbers for a trial.
John Rooney signed with Major League Soccer on 28 December 2010.
John Rooney played at the 2011 MLS Combine in Florida.
John Rooney was selected in the second round of the 2011 MLS SuperDraft by New York Red Bulls.
John Rooney debuted for New York Red Bulls on 16 April against San Jose Earthquakes.
John Rooney scored his first goal for New York Red Bulls on 28 June in a US Open Cup match against FC New York.
John Rooney was waived by New York Red Bulls on 23 November 2011.
John Rooney signed with USL Pro club Orlando City on 27 January 2012.
John Rooney scored his first goal with Orlando City in his debut on 25 February against Toronto FC.
John Rooney scored two goals and assisted one goal for Orlando City in a 4–1 win against the Wilmington Hammerheads on 15 April.
John Rooney scored two goals for Orlando City in the second round of the US Open Cup against KC Athletics on 22 May.
Orlando City won the 2012 Regular season title after defeating Charleston Battery 4–0 on 27 July.
John Rooney won his first championship in his career with Orlando City's 2012 Regular season title.
John Rooney finished the season with 13 appearances and 5 goals for Orlando City.
Orlando City was eliminated in the Semi-final of the Playoffs by the Wilmington Hammerheads.
John Rooney was offered a contract by Barnsley in October 2012.
John Rooney signed a contract with Barnsley on 25 October 2012.
John Rooney was released by Barnsley at the end of the season.
Bury signed John Rooney on a twelve-month contract on 10 July 2013.
John Rooney was loaned to Conference Premier side Chester until January 2014.
John Rooney made four appearances and scored once during his loan spell at Chester.
John Rooney's transfer to Chester became permanent in January 2014.
John Rooney signed a contract keeping him at Chester until the end of the 2014–15 season.
John Rooney signed a one-year deal with Wrexham on 7 June 2016.
John Rooney debuted for Wrexham on the opening day of the 2016–17 season in a 0–0 draw with Dover Athletic.
John Rooney scored his first goal for Wrexham in their match against Guiseley.
John Rooney joined Guiseley on loan in February 2017 for the remainder of the 2016–17 season.
John Rooney was not offered a new deal by Wrexham after returning from his loan spell.
John Rooney joined Barrow on a one-year contract in July 2018.
John Rooney helped Barrow win the Vanarama National League title in the 2019-20 season.
John Rooney scored 19 league goals from midfield for Barrow in the 2019-20 season.
John Rooney was Barrow's second top scorer in the 2019-20 season, after Scott Quigley.
John Rooney won several club awards at Barrow.
John Rooney won the Mark Harrop National League Player of the Season award for 2019-20.
John Rooney signed for National League side Stockport County for an undisclosed fee on 20 July 2020.
John Rooney returned to League Two side Barrow for an undisclosed fee on a two-and-a-half-year deal on 30 January 2022.
John Rooney signed for National League club Oldham Athletic on a two-year deal with the option for a third on 27 September 2022.
John Rooney's Barrow contract was mutually terminated on 27 September 2022.
John Rooney had his contract with Oldham Athletic terminated by mutual consent on 31 August 2023.
John Rooney joined Northern Premier League Premier Division club Macclesfield on 31 August 2023.
John Rooney helped Macclesfield secure promotion to the National League North in the 2024–25 season.
Macclesfield were Northern Premier League Champions in 2024–25.
John Rooney announced his retirement as a player.
John Rooney was appointed manager of Macclesfield on 1 July 2025.
John Rooney's cousin, Tommy Rooney, played for Macclesfield Town in the 2004–05 Football League Two season.
John Rooney won the USL Pro title with Orlando City SC in 2012.
John Rooney won the National League title with Barrow in 2019–20.
John Rooney won the NPL Premier Division title with Macclesfield in 2024–25.
John Rooney was named to the National League Team of the Year in 2019–20.
John Rooney was named to the National League Team of the Year in 2020–21.
John Rooney was named National League Player of the Month in January 2017.
John Rooney was named National League Player of the Month in September 2019.
John Rooney was named National League Player of the Year in 2019–20.
John Rooney was named National League Player of the Year in 2020–21.

**********Claims for hard query**********

Macclesfield were Northern Premier League Champions in 2024–25.
Orlando City won the 2012 Regular season title after defeating Charleston Battery 4–0 on 27 July.
Orlando City was eliminated in the Semi-final of the Playoffs by the Wilmington Hammerheads.

**********Formulated hard query**********

Macclesfield were in a certain state in 2024–25.
Orlando City won the 2012 Regular season title after defeating something in a certain way on 27 July.
Orlando City was eliminated in the Semi-final of the Playoffs by someone.

**********Claims for medium query**********

John Rooney joined Guiseley on loan in February 2017 for the remainder of the 2016–17 season.
John Rooney helped Barrow win the Vanarama National League title in the 2019-20 season.
John Rooney was named National League Player of the Month in September 2019.

**********Formulated medium query**********

John Rooney joined a certain team on loan in February 2017 for the remainder of the 2016–17 season.
John Rooney helped Barrow win a certain championship in the 2019-20 season.
John Rooney was named National League Player of the Month at a certain time.

**********Claims for easy query**********

John Richard Rooney is an English professional manager.
John Rooney's cousin, Tommy Rooney, played for Macclesfield Town in the 2004–05 Football League Two season.
John Richard Rooney is a former footballer.

**********Formulated easy query**********

Someone is an English professional manager.
John Rooney's cousin, someone, played for Macclesfield Town in the 2004–05 Football League Two season.
John Richard Rooney is something.

**********Page content extracted**********

Title: The Rough Guide to the Music of Afghanistan
URL: https://en.wikipedia.org/wiki/The_Rough_Guide_to_the_Music_of_Afghanistan
Content: Jump to content

From Wikipedia, the free encyclopedia

2010 compilation album by Various artists

| The Rough Guide To The Music Of Afghanistan |
| --- |
| ! |
| Compilation album by  Various artists |
| Released | 30 August 2010 |
| Genre | World, Afgha

**********Extracted claims**********

"The Rough Guide To The Music Of Afghanistan" is a world music compilation album.
"The Rough Guide To The Music Of Afghanistan" was released on August 30, 2010.
The album's genres are World and Afghan music.
The album has a total length of 112 minutes and 55 seconds.
The album was released by the World Music Network label.
"The Rough Guide to World Music for Children" (2010) precedes "The Rough Guide To The Music Of Afghanistan" (2010) in the full series chronology.
"The Rough Guide to Desert Blues" (2010) follows "The Rough Guide To The Music Of Afghanistan" (2010) in the full series chronology.
"The Rough Guide To The Music Of Afghanistan" is part of the World Music Network Rough Guides series.
Disc One of "The Rough Guide To The Music Of Afghanistan" covers a wide breadth of Afghan music.
Disc Two of "The Rough Guide To The Music Of Afghanistan" contains a bonus disc highlighting the Ahmad Sham Sufi Qawwali Group.
Simon Broughton compiled "The Rough Guide To The Music Of Afghanistan".
Simon Broughton is the editor of the world music magazine Songlines.
Simon Broughton also compiled "The Rough Guide to the Music of Central Asia".
MSN Music (Expert Witness) rated "The Rough Guide To The Music Of Afghanistan" with a "2-star Honorable Mention".
PopMatters rated "The Rough Guide To The Music Of Afghanistan" 10/10.
The Scotsman rated "The Rough Guide To The Music Of Afghanistan" 4/5.
Songlines rated "The Rough Guide To The Music Of Afghanistan" 5/5.
Jill Turner of GondwanaSound Radio rated "The Rough Guide To The Music Of Afghanistan" among the best compilation albums for the year 2010.
Chris Nickson of AllMusic praised the variety of the recording on "The Rough Guide To The Music Of Afghanistan".
Deanne Sole of PopMatters stated that Simon Broughton's choice to select a wide range of styles for the album meant the listener would not hear the absolute best of Afghan music.
Deanne Sole of PopMatters stated that "The Rough Guide To The Music Of Afghanistan" gives an opportunity to listen to the country through a "panopticon," with "ears out in 15 different directions."
Disc One of "The Rough Guide To The Music Of Afghanistan" contains 15 tracks.
Track 1 on Disc One is "Zim Zim Zim" by Setara Hussainzada, with a length of 1 minute and 38 seconds.
Track 2 on Disc One is "Gar Konad Saheb-E-Man" by Mahwash, with a length of 5 minutes and 23 seconds.
Track 3 on Disc One is "Ba Ayadat Beya" by Ghulam Hussain, with a length of 5 minutes and 21 seconds.
Track 4 on Disc One is "Leili-Jan" by Ahmad Zahir, with a length of 3 minutes and 28 seconds.
Track 5 on Disc One is "Meena Dakhklo Sanga Kaygi" by Naghma, with a length of 5 minutes and 7 seconds.
Track 6 on Disc One is "Salaamalek" by Farhad Darya, with a length of 4 minutes and 50 seconds.
Track 7 on Disc One is "Dobaiti Hazaragi" by Safdar Tawakuli, with a length of 2 minutes and 46 seconds.
Track 8 on Disc One is "Logari Tunes" by Mashinai, with a length of 4 minutes and 9 seconds.
Track 9 on Disc One is "Jâm-e Nârenji" by Ustad Rahim Khushnawaz, Gada Mohammad, and Azim Hassanpur, with a length of 3 minutes and 54 seconds.
Track 10 on Disc One is "Mola Mamad Djan" by Mahwash, with a length of 4 minutes and 31 seconds.
Track 11 on Disc One is "Kataghani" by Homayun Sakhi, with a length of 3 minutes and 58 seconds.
Track 12 on Disc One is "Dar Khyal-e Ishq-e Khuban" by Mehri Maftun, with a length of 3 minutes and 41 seconds.
Track 13 on Disc One is "Salaam Afghanistan" by Farhad Darya, with a length of 4 minutes and 26 seconds.
Track 14 on Disc One is "Sabza Ba Naaz Mea Ayad" by Rafi Naabzada and Hameed Sakhizada, with a length of 3 minutes and 17 seconds.
Track 15 on Disc One is "Rae Maykhana O Masjid (The Way To The Mosque And The Winehouse)" by Ahmad Sham Sufi Qawwali Group, with a length of 6 minutes and 38 seconds.
Disc Two of "The Rough Guide To The Music Of Afghanistan" contains 8 tracks.
All tracks on Disc Two are performed by the Ahmad Sham Sufi Qawwali Group.
Track 1 on Disc Two is "Rae Maykhana O Masjid (The Way To The Mosque And The Winehouse)", with a length of 6 minutes and 38 seconds.
Track 2 on Disc Two is "Zikre Tu Chee Shireen Ast (Your Prayer Is So Sweet!)", with a length of 6 minutes and 43 seconds.
Track 3 on Disc Two is "Mar Dar Do Jahan (I'm In Two Worlds)", with a length of 5 minutes and 41 seconds.
Track 4 on Disc Two is "Sare Buredae Ma Ra (My Severed Head)", with a length of 7 minutes and 38 seconds.
Track 5 on Disc Two is "Choon Nai Ba Nawa Amad (Since The Reed Began To Sing)", with a length of 5 minutes and 5 seconds.
Track 6 on Disc Two is "Beshnaw Az Nai Choon Hekayat Mekonad (Listen To This Reed Forlorn)", with a length of 5 minutes and 7 seconds.
Track 7 on Disc Two is "Ay Sholae Hazeen (Oh Desolate Flame!)", with a length of 6 minutes and 21 seconds.
Track 8 on Disc Two is "Dunya Kisa Ke Pyar Main (The Earth Is The Place Of My Love)", with a length of 5 minutes and 8 seconds.

**********Claims for hard query**********

Track 5 on Disc Two is "Choon Nai Ba Nawa Amad (Since The Reed Began To Sing)", with a length of 5 minutes and 5 seconds.
Track 2 on Disc Two is "Zikre Tu Chee Shireen Ast (Your Prayer Is So Sweet!)", with a length of 6 minutes and 43 seconds.
The album has a total length of 112 minutes and 55 seconds.

**********Formulated hard query**********

Track 5 on Disc Two is **something**.
Track 2 on Disc Two is **a certain track name**.
The album has a total length **for a certain duration**.

**********Claims for medium query**********

Track 15 on Disc One is "Rae Maykhana O Masjid (The Way To The Mosque And The Winehouse)" by Ahmad Sham Sufi Qawwali Group, with a length of 6 minutes and 38 seconds.
All tracks on Disc Two are performed by the Ahmad Sham Sufi Qawwali Group.
Track 1 on Disc Two is "Rae Maykhana O Masjid (The Way To The Mosque And The Winehouse)", with a length of 6 minutes and 38 seconds.

**********Formulated medium query**********

The Rough Guide To The Music Of Afghanistan is a world music compilation album originally released **at a certain time**.
The album was compiled by **someone**, editor of world music magazine Songlines.
The album contains a "bonus" Disc Two highlighting **a certain group**.
Chris Nickson of **a certain publication** praised the variety of the recording.

**********Claims for easy query**********

"The Rough Guide To The Music Of Afghanistan" is a world music compilation album.
"The Rough Guide To The Music Of Afghanistan" is part of the World Music Network Rough Guides series.
"The Rough Guide To The Music Of Afghanistan" was released on August 30, 2010.

**********Formulated easy query**********

"The Rough Guide To The Music Of Afghanistan" is a **something**.
"The Rough Guide To The Music Of Afghanistan" is part of a **certain series**.
"The Rough Guide To The Music Of Afghanistan" was released **at a certain time**.

**********Page content extracted**********

Title: Legally Blonde: The Musical: The Search for Elle Woods
URL: https://en.wikipedia.org/wiki/Legally_Blonde%3A_The_Musical%3A_The_Search_for_Elle_Woods
Content: Jump to content

From Wikipedia, the free encyclopedia

2008 American TV series or program

| _Legally Blonde: The Musical: The Search for Elle Woods_ |
| --- |
| !.jpg) Official logo |
| Country of origin | United States |
| No. of seasons | 1 |
| No. of

**********Extracted claims**********

_Legally Blonde: The Musical: The Search for Elle Woods_ is an American television series.
_Legally Blonde: The Musical: The Search for Elle Woods_ aired in 2008.
The country of origin for _Legally Blonde: The Musical: The Search for Elle Woods_ is the United States.
_Legally Blonde: The Musical: The Search for Elle Woods_ has one season.
_Legally Blonde: The Musical: The Search for Elle Woods_ has eight episodes.
The running time for episodes of _Legally Blonde: The Musical: The Search for Elle Woods_ is 44 minutes.
MGM Television is a production company for _Legally Blonde: The Musical: The Search for Elle Woods_.
MTV is a production company for _Legally Blonde: The Musical: The Search for Elle Woods_.
MTV is the network that aired _Legally Blonde: The Musical: The Search for Elle Woods_.
_Legally Blonde: The Musical: The Search for Elle Woods_ premiered on June 2, 2008.
_Legally Blonde: The Musical: The Search for Elle Woods_ concluded on July 21, 2008.
The purpose of _Legally Blonde: The Musical: The Search for Elle Woods_ was to cast an actress to replace Laura Bell Bundy in the role of Elle Woods.
The role of Elle Woods was in the Broadway production of _Legally Blonde: The Musical_.
Bailey Hanks won _Legally Blonde: The Musical: The Search for Elle Woods_.
Bailey Hanks was cast in the role of Elle Woods as the winner of _Legally Blonde: The Musical: The Search for Elle Woods_.
Bailey Hanks was given the opportunity to record a single of the musical's first-act closer, "So Much Better".
Autumn Hurlbert was the runner-up of _Legally Blonde: The Musical: The Search for Elle Woods_.
Autumn Hurlbert served as Bailey Hanks' understudy for Elle Woods.
Autumn Hurlbert performed in the ensemble of the Broadway production of _Legally Blonde: The Musical_.
Laura Bell Bundy's last performance in _Legally Blonde: The Musical_ was on July 20, 2008.
Bailey Hanks began performances as Elle Woods on July 23, 2008.
Bailey Hanks remained with _Legally Blonde: The Musical_ until its closure on October 19, 2008.
Rhiannon Hansen, a finalist from the show, performed in the _Legally Blonde_ national tour.
Lauren Zakrin, a finalist from the show, performed in the _Legally Blonde_ national tour.
Rhiannon Hansen played the role of Margot in the _Legally Blonde_ national tour.
Lauren Zakrin performed in the ensemble of the _Legally Blonde_ national tour.
Lauren Zakrin served as understudy to Becky Gulsvig as Elle Woods in the _Legally Blonde_ national tour.
_Legally Blonde: The Musical: The Search for Elle Woods_ began with 15 contestants.
All contestants except the winner were eliminated over nine episodes.
Contestants performed songs and faced challenges during the episodes of the show.
A three-judge panel made the elimination decisions on the show.
Most episodes of the show involved a small prize for the winner of a challenge.
The winner of a challenge could share the prize with another contestant of their choosing.
Haylie Duff was a judge on _Legally Blonde: The Musical: The Search for Elle Woods_.
Jerry Mitchell was a judge on _Legally Blonde: The Musical: The Search for Elle Woods_.
Jerry Mitchell was the director and choreographer of _Legally Blonde: The Musical_.
Paul Canaan was a judge on _Legally Blonde: The Musical: The Search for Elle Woods_.
Paul Canaan was an ensemble member of _Legally Blonde: The Musical_.
Bernard Telsey was a judge on _Legally Blonde: The Musical: The Search for Elle Woods_.
Bernard Telsey was a casting director.
Heather Hach was a judge on _Legally Blonde: The Musical: The Search for Elle Woods_.
Heather Hach was the librettist of _Legally Blonde: The Musical_.
Seth Rudetsky was a judge on _Legally Blonde: The Musical: The Search for Elle Woods_.
Seth Rudetsky was a musician, comedian, actor, writer, and vocal coach.
Denis Jones was a judge on _Legally Blonde: The Musical: The Search for Elle Woods_.
Denis Jones was the Associate Choreographer of _Legally Blonde: The Musical_.
Marc Bruni was a judge on _Legally Blonde: The Musical: The Search for Elle Woods_.
Marc Bruni was the associate director of _Legally Blonde: The Musical_.
Bailey Hanks was 20 years old at the time of filming _Legally Blonde: The Musical: The Search for Elle Woods_.
Bailey Hanks is from Anderson, South Carolina.
Autumn Hurlbert was 28 years old at the time of filming _Legally Blonde: The Musical: The Search for Elle Woods_.
Autumn Hurlbert is from Mesa, Arizona.
Rhiannon Hansen was 19 years old at the time of filming _Legally Blonde: The Musical: The Search for Elle Woods_.
Rhiannon Hansen is from Logan, Utah.
Lauren Zakrin was 18 years old at the time of filming _Legally Blonde: The Musical: The Search for Elle Woods_.
Lauren Zakrin is from Rochester, Michigan.
Natalie Lander was 25 years old at the time of filming _Legally Blonde: The Musical: The Search for Elle Woods_.
Natalie Lander is from Malibu, California.
Emma Zaks was 26 years old at the time of filming _Legally Blonde: The Musical: The Search for Elle Woods_.
Emma Zaks is from Bronx, New York.
Cassie Silva was 19 years old at the time of filming _Legally Blonde: The Musical: The Search for Elle Woods_.
Cassie Silva is from Los Angeles, California.
Celina Carvajal was 28 years old at the time of filming _Legally Blonde: The Musical: The Search for Elle Woods_.
Celina Carvajal is from San Francisco, California.
Lindsey Ridgway was 24 years old at the time of filming _Legally Blonde: The Musical: The Search for Elle Woods_.
Lindsey Ridgway is from Chicago, Illinois.
Cassie Okenka was 22 years old at the time of filming _Legally Blonde: The Musical: The Search for Elle Woods_.
Cassie Okenka is from Toledo, Ohio.
Contestants on _Legally Blonde: The Musical: The Search for Elle Woods_ met different cast members from the Broadway cast of _Legally Blonde: The Musical_.
Contestants on _Legally Blonde: The Musical: The Search for Elle Woods_ studied a song from _Legally Blonde: The Musical_ each week.
In Episode 1, 50 contestants traveled to New York.
In Episode 1, an initial dance audition narrowed the field to 15 contestants.
In Episode 1, the 15 contestants learned the song "So Much Better" and a dance.
In Episode 1, the contestants auditioned for the judges.
In Episode 1, five contestants were eliminated due to unsatisfactory singing and dancing.
In Episode 1, 10 contestants remained.
In Episode 1, the 10 remaining contestants were moved to a penthouse for their upcoming auditions.
Episode 2 focused on acting.
In Episode 2, scene partner Nikki Snelson purposely dropped a line during contestants' auditions.
In Episode 2, contestants learned the song "Delta Nu Nu Nu".
In Episode 2, Bailey Hanks won the challenge.
In Episode 2, Bailey Hanks won personal time with Nikki Snelson.
In Episode 2, Bailey Hanks shared her prize with Lindsey Ridgway.
Episode 3 included a vocal workshop on spin bikes.
In Episode 3, Cassie Silva complained to the judges that other contestants failed to give their all.
In Episode 3, contestants focused on the song "Omigod You Guys".
In Episode 3, Lauren Zakrin won a manicure and pedicure with Orfeh.
In Episode 3, Lauren Zakrin shared her prize with Cassie Silva.
In Episode 4, the top eight contestants experienced illness and nerves.
In Episode 4, contestants learned the song "Serious".
In Episode 4, contestants performed a challenging comedic scene.
In Episode 4, Autumn Hurlbert won a date with Richard H. Blake.
In Episode 4, Autumn Hurlbert shared her prize with Celina Carvajal.
In Episode 5, six contestants tested their dancing skills on the cobblestoned streets of Brooklyn.
In Episode 5, contestants faced a Hip-Hop dancing challenge ("Shake Your Junk" dance sequence).
In Episode 5, the song for the episode was "Positive".
In Episode 5, Natalie Lander won a yoga lesson with Kate Shindle.
In Episode 5, Natalie Lander shared her prize with Rhiannon Hansen.
In Episode 6, the final five contestants were given makeovers.
In Episode 6, contestants performed the ballad "Legally Blonde".
In Episode 6, the episode's challenge involved modeling.
In Episode 6, Natalie Lander won a lunch date with Andy Karl.
In Episode 7, four finalists auditioned with a challenging number that tested their singing, acting, and dancing abilities.
In Episode 7, contestants' costume change skills were tested.
In Episode 7, contestants' stamina was tested.
In Episode 7, the song featured was "What You Want".
In Episode 7, all the contestants won dinner at the loft.
In Episode 7, all the contestants won _Legally Blonde_-style Tiffany necklaces.
In Episode 8, Autumn Hurlbert and Bailey Hanks performed three _Legally Blonde_ numbers live at the Palace Theatre on Broadway.
In Episode 8, Bailey Hanks was declared the winner.
The three songs performed live in Episode 8 were "Omigod You Guys", "Positive", and "So Much Better".
Bailey Hanks won a contract to perform the role of Elle Woods on Broadway for at least three months.
Autumn Hurlbert served as Bailey Hanks' understudy and performed in the ensemble of the show.
Lauren Zakrin understudied Becky Gulsvig as Elle Woods for the tour.
Lauren Zakrin was a member of the ensemble for the tour.
Rhiannon Hansen played the role of Margot on tour.
Rhiannon Hansen understudied Elle on tour.
Jerry Mitchell appeared in Episode 1 and Episode 8.
Laura Bell Bundy appeared in Episode 1 and Episode 6.
Nikki Snelson appeared in Episode 2.
Orfeh appeared in Episode 3.
Boo-Boo (Bruiser) appeared in Episode 4.
Teddy (Bruiser) appeared in Episode 4.
Richard H. Blake appeared in Episode 4.
Kate Shindle appeared in Episode 5.
Nick Kenkel appeared in Episode 5 and Episode 7.
Andy Karl appeared in Episode 6.
Rusty Mowery appeared in Episode 7.
Michelle Kittrell appeared in Episode 7.
Asmeret Ghebremichael appeared in Episode 7.
April Berry appeared in Episode 7.
Manuel Herrera appeared in Episode 7.
Current cast members appeared in Episode 8.
Episode 1 included dancing and singing auditions.
Episode 2 included an acting audition.
Episode 3 included a stamina workshop.
Episode 4 included a bonding with Bruiser workshop.
Episode 5 included a Hip-Hop dancing workshop.
Episode 6 included a "Becoming Elle" and modeling workshop.
Episode 7 included a "Being a Triple Threat" (Singing, Dancing, Acting), costume changes, and stamina test.
Episode 8 included a live performance at the Palace Theatre.
The musical number "So Much Better" was taught in Episode 1.
The musical number "Delta Nu Nu Nu" was taught in Episode 2.
The musical number "Omigod You Guys" was taught in Episode 3.
The musical number "Serious" was taught in Episode 4.
The musical number "Positive" ("Shake Your Junk" Dance sequence) was taught in Episode 5.
The musical number "Legally Blonde" was taught in Episode 6.
The musical number "What You Want" was taught in Episode 7.
The musical numbers "Omigod You Guys", "Positive", and "So Much Better" were taught in Episode 8.
Episode 1 had no specific reward.
In Episode 2, the reward was personal time with Nikki Snelson.
In Episode 2, the reward was won by Bailey Hanks and shared with Lindsey Ridgway.
In Episode 3, the reward was a manicure and pedicure with Orfeh.
In Episode 3, the reward was won by Lauren Zakrin and shared with Cassie Silva.
In Episode 4, the reward was a date with Richard H. Blake.
In Episode 4, the reward was won by Autumn Hurlbert and shared with Celina Carvajal.
In Episode 5, the reward was a yoga lesson with Kate Shindle.
In Episode 5, the reward was won by Natalie Lander and shared with Rhiannon Hansen.
In Episode 6, the reward was a lunch date with Andy Karl.
In Episode 6, the reward was won by Natalie Lander.
In Episode 7, the reward was dinner at the loft.
In Episode 7, the reward was _Legally Blonde_-style Tiffany necklaces.
In Episode 7, the reward was shared by all the contestants.
In Episode 8, the reward was becoming Elle Woods.
In Episode 8, the reward was won by Bailey Hanks.
Three judges determined which contestants were eliminated and which continued in the competition.
Judges wrote names in order by best audition on "the list".
Haylie Duff announced "the list" in order.
Contestants not on the list went to the building's casting office.
At the casting office, the three judges determined the eliminated contestant.
Bailey Hanks was chosen as the winner by Jerry Mitchell during her final audition at the Palace Theatre.
Autumn Hurlbert was declared the runner-up.
Autumn Hurlbert served as Bailey Hanks' understudy after the show concluded.
Autumn Hurlbert performed in the ensemble after the show concluded.
Rhiannon Hansen was the 3rd place finalist.
Lauren Zakrin was the 4th place finalist.
Lauren Zakrin later starred in the first National Tour of _Wicked_ in the ensemble.
Lauren Zakrin was an understudy for Glinda in the first National Tour of _Wicked_.
Lauren Zakrin closed the Broadway company of _Rock of Ages_ as Sherrie Christian.
Lauren Zakrin was in the ensemble of _Natasha, Pierre & The Great Comet of 1812_ on Broadway.
Lauren Zakrin was an understudy for Natasha in _Natasha, Pierre & The Great Comet of 1812_ on Broadway.
Lauren Zakrin was with _Natasha, Pierre & The Great Comet of 1812_ in its two previous Off-Broadway iterations.
Lauren Zakrin originated the role of Kathryn Merteuil in _Cruel Intentions: The Musical_.
Lauren Zakrin was in the ensemble of _Jesus Christ Superstar Live in Concert_.
Natalie Lander lives in Los Angeles.
Natalie Lander has prominent recurring guest star roles on ABC's _The Middle_.
Natalie Lander has prominent recurring guest star roles on TV Land's _Lopez with George Lopez_.
Natalie Lander has prominent recurring guest star roles on TNT's _Major Crimes_.
Natalie Lander was a series regular on the Disney Junior show _Goldie & Bear_.
Natalie Lander voiced "Goldie" on _Goldie & Bear_.
Natalie Lander has over 80 credits on IMDb.
Natalie Lander's IMDb credits include TV, film, animation, and video game roles.
Natalie Lander's father was David L. Lander.
David L. Lander played Squiggy on _Laverne & Shirley_.
Cassie Silva originated the role of Mrs. Wormwood on the first National Tour of _Matilda_.
Cassie Silva appeared in the Broadway company of _Matilda_.
Cassie Silva joined the Broadway company of _Six_ as an alternate in 2022.
Cassie Silva performed as Anne Boleyn in the _Six_ national tour in 2024.
Celina Carvajal now goes by the name Lena Hall.
Lena Hall originated the role of Nicola in _Kinky Boots_.
Lena Hall performed as Yitzak in the 2014 revival of _Hedwig and the Angry Inch_.
The role of Yitzak earned Lena Hall a Tony for Best Featured Actress in a Musical in 2014.
Lena Hall is the lead singer of the band The Deafening.
Emma Zaks is the daughter of Tony-Winning Director Jerry Zaks.
Emma Zaks performed in the Broadway revival of _Hair_.
Cassie Okenka performed as Dorothy Gale in the national tour of _The Wizard of Oz_.
Cassie Okenka was the understudy to Bonnie in _Bonnie and Clyde_ on Broadway.
Cassie Okenka performed in the 1st National Tour of _Wicked_ in the ensemble.
Cassie Okenka was an understudy for Glinda in the 1st National Tour of _Wicked_.
Cassie Okenka appeared in _School of Rock_ on Broadway.
Cassie Okenka understudied Patty in _School of Rock_ on Broadway.
Rachel Potter performed in the ensemble of the second National Tour of _Wicked_ from August 2010 to February 2011.
Rachel Potter was an understudy for Glinda in the second National Tour of _Wicked_ from August 2010 to February 2011.
Rachel Potter performed as Wednesday in _The Addams Family_ on Broadway from March 2011 to December 2011.
Rachel Potter played The Mistress in the first Broadway revival of _Evita_ in 2012.
Rachel Potter competed on the 3rd season of _The X Factor_ singing competition show in 2013.
Rachel Potter was eliminated during the third live show of _The X Factor_'s 3rd season.
Libby Servais performed as an original cast member of the second National Tour of _Wicked_ from March 2009 to February 2010.
Libby Servais was in the ensemble of the second National Tour of _Wicked_ from March 2009 to February 2010.
Libby Servais was an understudy for Glinda in the second National Tour of _Wicked_ from March 2009 to February 2010.
Libby Servais became the standby for Glinda in the San Francisco company of _Wicked_ from February 2010 to September 2010.
The San Francisco company of _Wicked_ closed in September 2010.
Libby Servais was a standby for several roles in the original Broadway musical _Lysistrata Jones_.
Many of the contestants participated in a 10-year reunion concert at 54 Below in Summer 2018.
Theatre producer Jen Sandler and YouTuber Tim Murray livestreamed a reunion of all the cast members on April 11, 2020.
During the April 11, 2020 reunion, contestants discussed unseen parts of being on the show.
During the April 11, 2020 reunion, contestants discussed fabricated drama from the show.
During the April 11, 2020 reunion, contestants mentioned their current locations.
During the April 11, 2020 reunion, contestants discussed how the show affected them.

**********Claims for hard query**********

Episode 3 included a stamina workshop.
Episode 4 included a bonding with Bruiser workshop.
Celina Carvajal is from San Francisco, California.

**********Formulated hard query**********

Episode 3 included a certain kind of workshop.
Episode 4 included another kind of workshop.
Someone is from San Francisco, California.

**********Claims for medium query**********

Laura Bell Bundy appeared in Episode 1 and Episode 6.
In Episode 7, four finalists auditioned with a challenging number that tested their singing, acting, and dancing abilities.
Natalie Lander has prominent recurring guest star roles on ABC's _The Middle_.

**********Formulated medium query**********

Someone appeared in Episode 1 and Episode 6.
In Episode 7, four finalists auditioned with a challenging number that tested their abilities in a certain way.
Natalie Lander has prominent recurring guest star roles on something.

**********Claims for easy query**********

Contestants on _Legally Blonde: The Musical: The Search for Elle Woods_ met different cast members from the Broadway cast of _Legally Blonde: The Musical_.
_Legally Blonde: The Musical: The Search for Elle Woods_ is an American television series.
MTV is the network that aired _Legally Blonde: The Musical: The Search for Elle Woods_.

**********Formulated easy query**********

Contestants on *Legally Blonde: The Musical: The Search for Elle Woods* met someone from the Broadway cast of *Legally Blonde: The Musical*.
*Legally Blonde: The Musical: The Search for Elle Woods* is an in a certain state television series.
Something is the network that aired *Legally Blonde: The Musical: The Search for Elle Woods*.

**********Validation Result**********

subquestion '*Legally Blonde: The Musical: The Search for Elle Woods* is an in a certain state television series.' is NOT supported by the context.
<reject>The content explicitly states the "Country of origin" is "United States", but it does not specify that the television series is "in a certain state" (meaning a specific state within the US).</reject>

**********Page content extracted**********

Title: Manjū
URL: https://en.wikipedia.org/wiki/Manj%C5%AB
Content: Jump to content

From Wikipedia, the free encyclopedia

Japanese confection

For other uses, see Manju "Manju (disambiguation)").

|     |     |
| --- | --- |
| ! | hide **This article has multiple issues.** Please help **improve it** or discuss these iss

**********Extracted claims**********

Manjū is a traditional Japanese confection.
Manjū is typically a small, dense bun with a sweet filling.
Manjū comes in many shapes and varieties.
Standard manjū has a skin made of flour.
Standard manjū is filled with anko.
Anko is sweet azuki bean paste.
Some manjū varieties use kudzu starch for the skin.
Some manjū varieties use buckwheat flour for the skin.
Other types of manjū filling include sweet potato.
Other types of manjū filling include chestnut jam.
Other types of manjū filling include custard.
Manjū is usually steamed or baked.
Fried manjū can be found in some modern restaurants.
Traditional manjū are usually round.
Many different shapes of manjū exist.
Some manjū shapes are proprietary to specific bakeries.
Manjū is a traditional Japanese flour-based pastry.
Manjū is not a rice-based pastry like mochi.
Japanese Buddhist monks who studied in the Song dynasty brought tea culture to Japan during the Kamakura period (1185–1333).
The custom of eating confections with tea began in Japan during the Kamakura period.
Monks introduced tenshin to Japan.
Tenshin is a light meal.
The history book *Teikun ōrai* mentions udon as tenshin.
The history book *Teikun ōrai* mentions manjū as tenshin.
The history book *Teikun ōrai* mentions yōkan as tenshin.
Monk Enni is believed to have introduced manjū production techniques in Hakata, Fukuoka Prefecture in 1241.
Monk Enni built Joten-ji in Hakata upon returning from China.
Joten-ji is a temple of the Rinzai sect.
Monk Enni gave a manjū recipe to a teahouse owner.
Monk Enni gave a hand-written signboard with the words "Omanjū Dokoro" to a teahouse owner.
The signboard "Omanjū Dokoro" is now in possession of Toraya Kurokawa in Akasaka, Tokyo.
"Omanjū Dokoro" means "Place to Eat Manjū".
A stone monument in the garden of Joten-ji temple commemorates the introduction of manjū to Japan.
The manjū brought to Japan by monks were not sweets.
The yōkan brought to Japan by monks were not sweets.
Manjū brought by monks were prepared differently than modern manjū.
Yōkan brought by monks were prepared differently than modern yōkan.
Early manjū resembled Chinese mantou.
Manjū and mantou are written with the same kanji.
Early manjū was not a confection.
Early manjū did not contain red bean paste.
Early manjū was not sweet.
The history book *Sōgo ōzōshi* describes manjū as a dish eaten with chopsticks along with soup and pickles.
Manjū changed from a light meal to a confection to suit Japanese tastes.
The *Shokunin utaai ehon* depicted sweet manjū made with sugar in the Muromachi period (1336–1573).
Sweet manjū made with sugar (depicted in *Shokunin utaai ehon*) is considered the prototype of today's manjū.
Okinawan manjū in Hawaii are made with a filling of purple sweet potato, butter, milk, sugar, and salt.
The most common manjū filling is bean paste.
Varieties of bean paste filling include koshian, tsubuan, and tsubushian.
Matcha manjū is one of the most common varieties.
Matcha manjū has a green tea flavor on the outside.
Matcha manjū is colored green.
Mizu manjū is traditionally eaten in the summertime.
Mizu manjū contains a flavored bean filling.
The exterior of mizu manjū is made with kuzu starch.
Kuzu starch gives mizu manjū dough a translucent appearance.
Kuzu starch gives mizu manjū dough a jelly-like appearance.
Horaku manjū is sweet dough.
Horaku manjū is filled with red bean paste made from adzuki beans.
Horaku manjū can be filled with white bean paste made from white kidney beans.
Horaku manjū is popular in Kyushu.
Horaku manjū is especially popular in Fukuoka, Kumamoto, Kagoshima, and Miyazaki prefectures.
A type of manjū similar to Horaku manjū is sold at a street stall in Jotenji-dori in Fukuoka.
The street stall is located near the manjū monument on the grounds of Joten-ji Temple.
Manjū can have different flavored fillings.
Orange-flavored cream is an example of a flavored filling for manjū.
Some parts of Japan have manjū unique to that region.
Momiji manjū is a maple leaf-shaped manjū.
Momiji manjū is found in Hiroshima.
Momiji manjū is found in Miyajima.
The regional variety of manjū in Saitama prefecture is called Jumangoku manjū.

**********Claims for hard query**********

Japanese Buddhist monks who studied in the Song dynasty brought tea culture to Japan during the Kamakura period (1185–1333).
The signboard "Omanjū Dokoro" is now in possession of Toraya Kurokawa in Akasaka, Tokyo.
Joten-ji is a temple of the Rinzai sect.

**********Formulated hard query**********

Japanese Buddhist monks who studied in the Song dynasty brought something to Japan during the Kamakura period (1185–1333).
The signboard "Omanjū Dokoro" is now in possession of someone in Akasaka, Tokyo.
Joten-ji is a temple of something.

**********Claims for medium query**********

"Omanjū Dokoro" means "Place to Eat Manjū".
Matcha manjū is one of the most common varieties.
Some manjū shapes are proprietary to specific bakeries.

**********Formulated medium query**********

"Omanjū Dokoro" means something.
Something is one of the most common varieties.
Some manjū shapes are proprietary to someone.

**********Claims for easy query**********

Manjū is a traditional Japanese confection.
Manjū changed from a light meal to a confection to suit Japanese tastes.
Manjū is a traditional Japanese flour-based pastry.

**********Formulated easy query**********

Manjū is a certain kind of confection.
Manjū changed in a certain way.
Manjū is a pastry made in a certain way.

**********Page content extracted**********

Title: Stephen Malkmus and the Jicks
URL: https://en.wikipedia.org/wiki/Stephen_Malkmus_and_the_Jicks
Content: Jump to content

From Wikipedia, the free encyclopedia

American rock band

|     |     |
| --- | --- |
| ! | This article **needs additional citations for verification**. Please help improve this article by adding citations to reliable sources. Unsourced

**********Extracted claims**********

Stephen Malkmus and the Jicks is an American rock band.
Stephen Malkmus and the Jicks originated in Portland, Oregon, U.S.
The genre of Stephen Malkmus and the Jicks is indie rock.
Stephen Malkmus and the Jicks have been active from 2000 to the present.
Stephen Malkmus and the Jicks are signed to Matador Records, Arts & Crafts, and Domino Recording Company.
The current members of Stephen Malkmus and the Jicks are Stephen Malkmus, Joanna Bolme, Mike Clark, and Jake Morris.
Past members of Stephen Malkmus and the Jicks include John Moen, Janet Weiss, and Joe Plummer.
Stephen Malkmus is the main singer and songwriter for Stephen Malkmus and the Jicks.
Stephen Malkmus was the main singer and songwriter behind the 1990s indie rock band Pavement.
The Jicks formed in 2000.
The Jicks formed immediately after Pavement's 1999 hiatus began.
The group's first record was titled *Stephen Malkmus*.
*Stephen Malkmus* was released by Matador Records on February 13, 2001.
Stephen Malkmus and the Jicks made their official live debut at New York's Bowery Ballroom a few weeks before their first record was released.
Bob Nastanovich, Pavement's auxiliary percussionist, began acting as The Jicks' tour manager around the time of their live debut.
Mike Clark joined Stephen Malkmus and the Jicks on keyboards around the time of their live debut.
The band's second record, *Pig Lib*, was released in 2003.
*Pig Lib* received positive reviews, including 4/5 stars from *Rolling Stone* and an 8.0/10 from *Pitchfork Media*.
In 2003, Stephen Malkmus and the Jicks opened for Radiohead on their North American tour.
In 2004, Stephen Malkmus and the Jicks helped curate an edition of the British All Tomorrow's Parties festival.
The band released *Face the Truth* in 2005.
*Face the Truth* was released to widely positive reviews.
Most of *Face the Truth* was recorded by Stephen Malkmus alone in his basement.
Each member of the Jicks plays on at least one song on the record *Face the Truth*.
Stephen Malkmus and the Jicks toured minimally for *Face the Truth*.
Joe Plummer briefly filled in on drums during the *Face the Truth* touring period.
On October 2, 2006, it was reported by *Pitchfork* that John Moen had become a full-time member of The Decemberists.
John Moen was replaced by Janet Weiss as drummer for Stephen Malkmus and the Jicks.
Janet Weiss was the drummer of Quasi and the then-defunct Sleater-Kinney.
The band's fourth studio album, *Real Emotional Trash*, was recorded at SnowGhost Music in Whitefish, Montana.
*Real Emotional Trash* was released on March 4, 2008.
*Real Emotional Trash* received generally positive reviews.
The band completed recording on their fifth album, *Mirror Traffic*, with Beck.
Janet Weiss's departure from the Jicks lineup was announced prior to the release of *Mirror Traffic*.
Jake Morris, ex-Joggers drummer, took Janet Weiss's place.
The band's sixth studio album, *Wig Out at Jagbags*, was released on January 7, 2014.
*Wig Out at Jagbags* was recorded in the La Chapelle studio in Belgium.
Pavement's F.O.H. live sound engineer, Remko 'El Duche' Schouten, was involved in the recording of *Wig Out at Jagbags*.
Overdubs for *Wig Out at Jagbags* were done in Berlin.
Stephen Malkmus lived in Berlin from 2012 until 2014.
*Wig Out at Jagbags* was mixed in Amsterdam's IJland Studio.
On March 26, 2018, it was announced that the band's seventh studio album, *Sparkle Hard*, would be released.
*Sparkle Hard* was released on May 18, 2018.
Since about 2012, Stephen Malkmus and the Jicks have shown a greater willingness to occasionally play Pavement songs.
Stephen Malkmus and the Jicks generally play one or two Pavement songs per show.
Commonly played Pavement songs in later Jicks performances have included "In the Mouth a Desert", "Shady Lane", "Box Elder", and "Stereo".
Stephen Malkmus has been the vocalist and guitarist for Stephen Malkmus and the Jicks from 2000 to the present.
Joanna Bolme has been the bassist, vocalist, and synthesizer player for Stephen Malkmus and the Jicks from 2000 to the present.
Mike Clark has been the keyboardist, synthesizer player, and guitarist for Stephen Malkmus and the Jicks from 2001 to the present.
Jake Morris has been the drummer for Stephen Malkmus and the Jicks from 2011 to the present.
John Moen was the drummer, percussionist, and vocalist for Stephen Malkmus and the Jicks from 2000–2005 and 2005–2006.
Joe Plummer was the drummer for Stephen Malkmus and the Jicks in 2005.
Janet Weiss was the drummer for Stephen Malkmus and the Jicks from 2006–2011.
Stephen Malkmus and the Jicks' studio albums include *Stephen Malkmus* (2001), *Pig Lib* (2003), *Face the Truth* (2005), *Real Emotional Trash* (2008), *Mirror Traffic* (2011), *Wig Out at Jagbags* (2014), and *Sparkle Hard* (2018).
Stephen Malkmus and the Jicks have released singles including "Phantasies" (2001), "Discretion Grove" (2001), "Jenny & the Ess-Dog" (2001), "Jo Jo's Jacket" (2001), "Dark Wave" (2003), "Baby C'mon" (2005), "Kindling for the Master" (2006), "Baltimore" (2008), "Gardenia" (2008), "Cold Son" (2008), "Tigers" (2011), "Senator" (2011), "Stick Figures in Love" (2012), "Gorgeous Georgie" b/w "Wheels of Fire" (2012), "Lariat" (2013), "Middle America" (2018), "Shiggy" (2018), and "Refute" (2018).

**********Claims for hard query**********

*Real Emotional Trash* was released on March 4, 2008.
*Face the Truth* was released to widely positive reviews.
*Real Emotional Trash* received generally positive reviews.

**********Formulated hard query**********

*Real Emotional Trash* was released on a certain date.
*Face the Truth* was released in a certain state.
Something received generally positive reviews.

**********Validation Result**********

subquestion '*Face the Truth* was released in a certain state.' is NOT supported by the context.
<reject> The text mentions that *Face the Truth* was released in 2005 and that most of it was recorded by Malkmus in his basement, but it does not specify in which state it was released or recorded. </reject>

**********Claims for medium query**********

John Moen was replaced by Janet Weiss as drummer for Stephen Malkmus and the Jicks.
Stephen Malkmus was the main singer and songwriter behind the 1990s indie rock band Pavement.
The Jicks formed immediately after Pavement's 1999 hiatus began.

**********Formulated medium query**********

Someone was replaced by Janet Weiss as drummer for Stephen Malkmus and the Jicks.
Stephen Malkmus was the main singer and songwriter behind a certain band.
The Jicks formed immediately after Pavement's hiatus began in a certain year.

**********Claims for easy query**********

Stephen Malkmus and the Jicks' studio albums include *Stephen Malkmus* (2001), *Pig Lib* (2003), *Face the Truth* (2005), *Real Emotional Trash* (2008), *Mirror Traffic* (2011), *Wig Out at Jagbags* (2014), and *Sparkle Hard* (2018).
Stephen Malkmus is the main singer and songwriter for Stephen Malkmus and the Jicks.
The current members of Stephen Malkmus and the Jicks are Stephen Malkmus, Joanna Bolme, Mike Clark, and Jake Morris.

**********Formulated easy query**********

Stephen Malkmus and the Jicks' studio albums include something.
Stephen Malkmus is in a certain state for Stephen Malkmus and the Jicks.
The current members of Stephen Malkmus and the Jicks are someone.

**********Page content extracted**********

Title: Air raids on Semarang–Salatiga–Ambarawa
URL: https://en.wikipedia.org/wiki/Air_raids_on_Semarang%E2%80%93Salatiga%E2%80%93Ambarawa
Content: Jump to content

From Wikipedia, the free encyclopedia

1947 aerial bombing by Indonesia during Indonesian National Revolution

| Air raids on Semarang–Salatiga–Ambarawa |
| --- |
| Part of the Indonesian National Revolution |
| ! An Indonesian Air Force 

**********Extracted claims**********

The air raids on Semarang, Salatiga, and Ambarawa occurred on 29 July 1947.
The air raids were an air strike launched by the Indonesian Air Force.
The air strike targeted Dutch military objectives.
The Dutch military objectives were located in the Central Javanese town of Ambarawa and the cities of Semarang and Salatiga.
The air raids were part of the Indonesian National Revolution.
The air raids were the first military operation conducted by the Indonesian Air Force.
29 July is commemorated in Indonesia as "Air Force Service Day" (_Hari Bakti Angkatan Udara_).
Air Force Service Day commemorates the air raids and the 1947 Yogyakarta Dakota incident.
Dutch forces launched Operation Product on 21 July 1947.
Operation Product was a military offensive.
Operation Product aimed to capture economically productive areas of Indonesian Republican-held territories in Java and Sumatra.
Operation Product violated the Linggadjati Agreement.
The Linggadjati Agreement was signed in 1946.
The Royal Netherlands East Indies Army Air Force (ML-KNIL) launched Operation Pelikaan.
Operation Pelikaan aimed to attack Indonesian airfields.
Operation Pelikaan aimed to destroy aircraft belonging to the Indonesian Air Force.
Operation Pelikaan aimed to prevent Indonesian aircraft from disrupting the offensive.
24 Indonesian aircraft were destroyed between 21 and 23 July.
Ground facilities at several Indonesian airfields were disabled.
Several Indonesian Air Force cadets proposed launching air strikes against Dutch-held territory.
The air strike proposal was initially rejected by Air Force commander Air Commodore Suryadi Suryadarma and Air Vice Commodore Halim Perdanakusuma.
Air Commodore Suryadi Suryadarma and Air Vice Commodore Halim Perdanakusuma later approved the air strike proposal.
Halim assigned 05:00 on 29 July 1947 as the H-Hour for the raid.
Semarang and Salatiga were designated as targets for the raid.
Four aircraft were allocated for the mission from Maguwo airfield in the outskirts of Yogyakarta.
The allocated aircraft included two Yokosuka K5Y1 "Willow" planes, one Mitsubishi Ki-51 "Sonia" plane, and one Nakajima Ki-43 "Oscar" plane.
Two K5Y1 aircraft were assigned to target Salatiga.
Flight Cadets Sutarjo Sigit and Suharnoko Harbani were designated to fly the K5Y1s.
Sutarjo and Kaput were designated as rear gunners for the K5Y1s.
Semarang was assigned as the target for the Ki-51 aircraft.
Flight Cadet Mulyono flew the Ki-51 aircraft.
Dulrachman was the rear gunner for the Ki-51 aircraft.
The Ki-51 aircraft was escorted by a Ki-43 aircraft.
Flight Cadet Bambang Saptoaji flew the Ki-43 aircraft.
The four pilot cadets received a mission briefing from Suryadarma and Halim at 19:00 on 28 July.
The Ki-43's machine gun synchronization system could not be repaired before the mission.
The raids proceeded with three aircraft instead of four.
The defensive machine gun could not be mounted on Sutarjo Sigit's K5Y1.
The mission proceeded as planned, with aircraft departing Maguwo airfield at 05:00.
The Ki-51 flown by Mulyono was the first aircraft to take off.
K5Y1 aircraft flown by Sutarjo and Suharnoko took off after the Ki-51.
Suharnoko's aircraft separated from Sutarjo's aircraft during the flight to Salatiga.
Suharnoko dropped his bombs believing he was above Ambarawa after seeing a vast lake.
Suharnoko later rendezvoused with Sutarjo.
Sutarjo dropped one bomb over Salatiga, which hit a local hospital but failed to explode.
Another bomb dropped by Sutarjo was due to a technical malfunction.
Mulyono reached Semarang and dropped two bombs over the Port of Tanjung Emas.
The bombing at the Port of Tanjung Emas killed seven people.
All three aircraft returned safely to Maguwo airfield.
The aircraft were quickly camouflaged to prevent detection by Dutch aircraft.
The No. 120 Squadron of the Dutch East Indies Army Air Force launched offensive counter air sorties in response to the raids.
The counter air sorties targeted Indonesian airfields at Maguwo and Maospati.
Two Dutch P-40 Kittyhawks shot down a C-47 aircraft on landing approach to Maguwo during a sortie.
The shooting down of the C-47 culminated in the 1947 Yogyakarta Dakota incident.
The 1981 film *Serangan Fajar* features the air raids as a main plot point.
The 2021 Indonesian film *Cadet 1947* is a dramatized retelling of the 29 July 1947 air raids and its participants.
The air raids had an inconclusive outcome.
Indonesia sustained no casualties during the air raids.

**********Claims for hard query**********

Suharnoko later rendezvoused with Sutarjo.
Dulrachman was the rear gunner for the Ki-51 aircraft.
The Ki-43's machine gun synchronization system could not be repaired before the mission.

**********Formulated hard query**********

Someone later rendezvoused with Sutarjo.
Dulrachman was the rear gunner for something.
The Ki-43's something could not be repaired before the mission.

**********Claims for medium query**********

Two K5Y1 aircraft were assigned to target Salatiga.
Operation Product aimed to capture economically productive areas of Indonesian Republican-held territories in Java and Sumatra.
Semarang was assigned as the target for the Ki-51 aircraft.

**********Formulated medium query**********

Two K5Y1 aircraft were assigned to target a certain location.
A certain operation aimed to capture economically productive areas of Indonesian Republican-held territories in Java and Sumatra.
Semarang was assigned as the target for a certain aircraft.

**********Claims for easy query**********

The air raids on Semarang, Salatiga, and Ambarawa occurred on 29 July 1947.
Air Force Service Day commemorates the air raids and the 1947 Yogyakarta Dakota incident.
The 2021 Indonesian film *Cadet 1947* is a dramatized retelling of the 29 July 1947 air raids and its participants.

**********Formulated easy query**********

The air raids on some locations occurred on 29 July 1947.
Something commemorates the air raids and the 1947 Yogyakarta Dakota incident.
A certain film is a dramatized retelling of the 29 July 1947 air raids and its participants.

**********Page content extracted**********

Title: Pro Evolution Soccer 2016
URL: https://en.wikipedia.org/wiki/Pro_Evolution_Soccer_2016
Content: Jump to content

From Wikipedia, the free encyclopedia

2015 video game

2015 video game

| _Pro Evolution Soccer 2016_ |
| --- |
| ! Microsoft Windows cover featuring Brazil national team's Neymar |
| Developer(s) | PES Productions |
| Publisher(s) | Kon

**********Extracted claims**********

_Pro Evolution Soccer 2016_ is a 2015 video game.
PES Productions developed _Pro Evolution Soccer 2016_.
Konami published _Pro Evolution Soccer 2016_.
Yoshikatsu Ogihara directed _Pro Evolution Soccer 2016_.
_Pro Evolution Soccer 2016_ is part of the _Pro Evolution Soccer_ series.
_Pro Evolution Soccer 2016_ uses the Fox Engine.
_Pro Evolution Soccer 2016_ is available on Microsoft Windows, PlayStation 3, PlayStation 4, Xbox 360, and Xbox One platforms.
_Pro Evolution Soccer 2016_ was released in North America on September 15, 2015.
_Pro Evolution Soccer 2016_ was released in Europe on September 17, 2015.
_Pro Evolution Soccer 2016_ was released in the United Kingdom on September 18, 2015.
_Pro Evolution Soccer 2016_ was released in Australia on September 22, 2015.
_Pro Evolution Soccer 2016_ was released in Japan on October 1, 2015.
_Pro Evolution Soccer 2016_ is a sports genre game.
_Pro Evolution Soccer 2016_ supports single-player and multiplayer modes.
The Microsoft Windows cover of _Pro Evolution Soccer 2016_ features Brazil national team's Neymar.
_Pro Evolution Soccer 2016_ is abbreviated as _PES 2016_.
_Pro Evolution Soccer 2016_ is marketed as _Winning Eleven 2016_ in Japan.
_Pro Evolution Soccer 2016_ is a football simulation game.
_Pro Evolution Soccer 2016_ is the fifteenth edition of the _Pro Evolution Soccer_ series.
_Pro Evolution Soccer 2016_ marks PES Productions' 20th year of producing football games.
_Pro Evolution Soccer 2016_ is marketed with the slogan "_Love The Past, Play The Future_".
The cover of _Pro Evolution Soccer 2016_ features Neymar Jr. wearing his Brazil national team kit.
The name of the game changed from "World Soccer: Winning Eleven" to "Pro Evolution Soccer" in Asia, excluding Japan.
_Pro Evolution Soccer 2017_ succeeded _Pro Evolution Soccer 2016_.
Konami extended its license for the UEFA Champions League, UEFA Europa League, and UEFA Super Cup until 2018.
Konami acquired the exclusive license for the UEFA Euro 2016 tournament.
The UEFA Euro 2016 content was not part of _Pro Evolution Soccer 2016_ from its initial release.
The UEFA Euro 2016 content for _Pro Evolution Soccer 2016_ was released in an update on March 24, 2016.
_Pro Evolution Soccer 2016_ includes Ligue 1, La Liga, AFC Champions League, UEFA Champions League, UEFA Europa League, UEFA Super Cup, Copa Libertadores, Copa Sudamericana (2014 and 2015 seasons), Recopa Sudamericana, Ligue 2, Liga Adelante, and Eredivisie.
_Pro Evolution Soccer 2016_ includes an unlicensed Serie A with 19 licensed teams.
_Pro Evolution Soccer 2016_ includes an unlicensed Premier League with only Manchester United licensed.
_Pro Evolution Soccer 2016_ includes 3 teams from Bundesliga: Bayern Munich, Wolfsburg, and Borussia Mönchengladbach.
_Pro Evolution Soccer 2016_ does not include a stand-in for the Bundesliga league.
_Pro Evolution Soccer 2016_ includes an unlicensed Football League Championship.
_Pro Evolution Soccer 2016_ includes an unlicensed Serie B.
_Pro Evolution Soccer 2016_ includes an unlicensed Portuguese League with only Benfica, Sporting CP, and Porto licensed.
_Pro Evolution Soccer 2016_ includes an unlicensed Brazilian League.
_Pro Evolution Soccer 2016_ includes an unlicensed Chilean League with only the teams competing in Copa Libertadores and Copa Sudamericana licensed.
_Pro Evolution Soccer 2016_ includes an unlicensed Argentine League with only the teams competing in Copa Libertadores and Copa Sudamericana licensed.
_Pro Evolution Soccer 2016_ includes 4 teams from the Brazilian Second Division: Vitória, Bahia, Botafogo, and Criciúma.
The _PES 2016_ Demo was playable on August 13, 2015.
The teams available in the _PES 2016_ Demo were Bayern Munich, Juventus, AS Roma, Palmeiras, Corinthians, France National Football Team, and Brazil National Football Team.
The myClub mode in _Pro Evolution Soccer 2016_ is known as _Winning Eleven 2016 myClub_ in Japan.
myClub is an online mode where players assemble a "dream team" from the game's database using trading cards.
The myClub mode is similar to the _FIFA_ series Ultimate Team mode.
The myClub mode is available as a stand-alone, free-to-play game.
The stand-alone myClub game was released on December 8, 2015, for PlayStation 3 and PlayStation 4.
The stand-alone myClub game was released on February 3, 2016, for Steam.
A new feature of myClub is the acquisition of "myClub Legends," which are classic players.
Examples of myClub Legends include Roberto Baggio, Roberto Carlos, Filippo Inzaghi, Luís Figo, and Oliver Kahn.
Data Pack 1 for _Pro Evolution Soccer 2016_ was released on October 29, 2015.
Data Pack 1 added 8 new teams, new boot styles, new jerseys for some teams, 70 new and updated player likenesses, and updated player rosters covering transfers up to August 30.
Data Pack 1 included some changes to gameplay.
Data Pack 2 for _Pro Evolution Soccer 2016_ was released on December 3, 2015.
Data Pack 2 added 51 new player likenesses, updated player rosters covering transfers up to October 19, eight new boot styles, two new ball designs, and new entrance sequences for Copa Libertadores and Sudamericana matches.
The Estadio do Maracana stadium was made available exclusively for PlayStation 4 and Xbox One in Data Pack 2.
Data Pack 3 for _Pro Evolution Soccer 2016_ was released on March 24, 2016.
Data Pack 3 included official kits and player likenesses for 15 officially licensed teams participating in the UEFA Euro 2016 tournament.
The remaining 9 teams in Data Pack 3's UEFA Euro 2016 content wear generic uniforms.
Data Pack 3 included the Stade de France, which is the venue of the UEFA Euro 2016 tournament final.
Konami issued a physical and digital standalone re-release of _Pro Evolution Soccer 2016_ that included the Euro 2016 content.
The standalone re-release of _Pro Evolution Soccer 2016_ was for PlayStation 4 and PlayStation 3.
The standalone re-release was released on April 21, 2016, in Europe and Japan.
The Euro 2016 mode contains all 24 teams that qualified for the 2016 tournament.
The Euro 2016 mode contains ten other national teams featured in the game that did not qualify: Bosnia and Herzegovina, Bulgaria, Denmark, Greece, Israel, Netherlands, Norway, Scotland, Serbia, and Slovenia.
_Pro Evolution Soccer 2016_ is the first UEFA European Championship video game made by Konami.
Previous UEFA European Championship video games were made by Gremlin Interactive and EA Sports.
The British PlayStation 4 UEFA Euro 2016 edition cover features Gareth Bale.
A version of the cover featuring Gareth Bale was made available in Welsh.
The Welsh version of the cover is the first game cover ever to be made available in Welsh.
Data Pack 4 for _Pro Evolution Soccer 2016_ was released on June 9, 2016.
Data Pack 4 is the final update for _Pro Evolution Soccer 2016_.
Data Pack 4 includes official UEFA Euro 2016 kits for the national teams of Croatia, England, France, Portugal, and Turkey.
Data Pack 4 adds new official kits for Brazil, the Netherlands, CD Lugo, Santos, Flamengo, and Torino.
_Pro Evolution Soccer 2016_ received very positive reviews.
IGN scored _Pro Evolution Soccer 2016_ 9.5 out of 10.
IGN stated that _Pro Evolution Soccer 2016_ "might well be the best football game ever made."
IGN praised _Pro Evolution Soccer 2016_'s physicality and responsive, dynamic gameplay.
IGN criticized _Pro Evolution Soccer 2016_'s uneven, repetitive commentary.
GameSpot scored _Pro Evolution Soccer 2016_ 9 out of 10.
GameSpot referred to _Pro Evolution Soccer 2016_ as a "Return of the king."
GameSpot stated that "almost everything in _PES 2016_ *feels* fantastic."
GameSpot praised how _Pro Evolution Soccer 2016_ "wonderfully converges" the physics and AI.
_Pro Evolution Soccer 2016_ introduced a new dynamic physics engine with a new collision system.
_Pro Evolution Soccer 2016_ included improved AI, featuring dozens of smart individual decisions where players work together as a unit.
GameSpot praised _Pro Evolution Soccer 2016_'s "outstanding" animations and enhanced fluidity and control.
GameSpot criticized _Pro Evolution Soccer 2016_'s UI, character models, and referee lenience to some fouls.
GameSpot concluded that _Pro Evolution Soccer 2016_ "represents the best game in the series since the PlayStation 2 era."
Metro scored _Pro Evolution Soccer 2016_ 9 out of 10.
Metro stated that "Pro Evolution Soccer is finally back to its best."
Metro stated that _Pro Evolution Soccer 2016_ is "undoubtedly one of the greatest sports games of all-time."
Game Informer gave _Pro Evolution Soccer 2016_ 9 out of 10.
Game Informer stated that "PES 2016 represents the sport in beautiful fashion."
Game Informer stated that "The off-the-ball movement to create give-and-gos are generated naturally, players find good spaces in the box and go for runs, and defenders jostle dribblers and cut out passes" in _Pro Evolution Soccer 2016_.
_Pro Evolution Soccer 2016_ is a more physical game.
In _Pro Evolution Soccer 2016_, opposing players nip at feet, barge off the ball, and get stuck in.
Game Informer concluded that _Pro Evolution Soccer 2016_ "ushers in a new era for the franchise that needs to be experienced."
_Pro Evolution Soccer 2016_ was nominated for Best Sports/Racing Game at The Game Awards 2015.
The GameRankings score for _Pro Evolution Soccer 2016_ (PS4) is 84.48%.
The GameRankings score for _Pro Evolution Soccer 2016_ (XONE) is 86.58%.
The GameRankings score for _Pro Evolution Soccer 2016_ (PC) is 59.50%.
The Metacritic score for _Pro Evolution Soccer 2016_ (PS4) is 87/100.
The Metacritic score for _Pro Evolution Soccer 2016_ (XONE) is 85/100.
The Metacritic score for _Pro Evolution Soccer 2016_ (PC) is 76/100.
Eurogamer scored _Pro Evolution Soccer 2016_ 9/10.
GamePro scored _Pro Evolution Soccer 2016_ 90/100.
GameRevolution scored _Pro Evolution Soccer 2016_ 5/5.
GamesMaster scored _Pro Evolution Soccer 2016_ 77/100.
GamesRadar+ scored _Pro Evolution Soccer 2016_ 5/5.
GamesTM scored _Pro Evolution Soccer 2016_ 8/10.
PlayStation Official Magazine – Australia scored _Pro Evolution Soccer 2016_ 90/100.
PlayStation Official Magazine – UK scored _Pro Evolution Soccer 2016_ 9/10.
Official Xbox Magazine (UK) scored _Pro Evolution Soccer 2016_ 5/5.
PC Gamer (US) scored _Pro Evolution Soccer 2016_ 69/100.
Play scored _Pro Evolution Soccer 2016_ 9/10.
VideoGamer.com scored _Pro Evolution Soccer 2016_ 9/10.
The Telegraph scored _Pro Evolution Soccer 2016_ 5/5.

**********Claims for hard query**********

Examples of myClub Legends include Roberto Baggio, Roberto Carlos, Filippo Inzaghi, Luís Figo, and Oliver Kahn.
Data Pack 1 included some changes to gameplay.
A version of the cover featuring Gareth Bale was made available in Welsh.

**********Formulated hard query**********

Examples of myClub Legends include someone.
Something included some changes to gameplay.
A version of the cover featuring someone was made available in Welsh.

**********Claims for medium query**********

_Pro Evolution Soccer 2016_ includes an unlicensed Football League Championship.
The Telegraph scored _Pro Evolution Soccer 2016_ 5/5.
_Pro Evolution Soccer 2016_ includes an unlicensed Argentine League with only the teams competing in Copa Libertadores and Copa Sudamericana licensed.

**********Formulated medium query**********

_Pro Evolution Soccer 2016_ includes something.
Someone scored _Pro Evolution Soccer 2016_ 5/5.
_Pro Evolution Soccer 2016_ includes something in a certain way.

**********Claims for easy query**********

PES Productions developed _Pro Evolution Soccer 2016_.
Konami published _Pro Evolution Soccer 2016_.
_Pro Evolution Soccer 2016_ was released in Europe on September 17, 2015.

**********Formulated easy query**********

Someone developed _Pro Evolution Soccer 2016_.
Someone else published _Pro Evolution Soccer 2016_.
_Pro Evolution Soccer 2016_ was released in Europe on a certain date.

**********Validation Result**********

subquestion 'Someone else published _Pro Evolution Soccer 2016_.' is NOT supported by the context.
<reject> The content explicitly states that "Konami" published _Pro Evolution Soccer 2016_, both in the infobox under "Publisher(s)" and in the introductory paragraph. Therefore, the statement "Someone else published _Pro Evolution Soccer 2016_" is not mentioned and is contradicted by the provided text. </reject>

**********Page content extracted**********

Title: One True King
URL: https://en.wikipedia.org/wiki/One_True_King
Content: Jump to content

From Wikipedia, the free encyclopedia

Content organization based in Austin, Texas

This article is about the gaming organization. For the novel by Soman Chainani, see One True King (novel) "One True King (novel)").

| ! |
| Full name | O

**********Extracted claims**********

OTK Media, Inc. does business as One True King.
One True King is an American media organization.
One True King is based in Austin, Texas.
One True King was founded on October 11, 2020.
One True King was founded by content creators Asmongold, Mizkif, Esfand, Rich Campbell, and Tips Out.
The organization's stated purpose was to build an organization around friends and friendship.
One True King has been described by its members as a media production company and lifestyle brand.
One True King is not confined to any one game or section on Twitch.
One True King has gained notability for not receiving major backing from corporations.
One True King primarily focuses on online content creation.
One True King has previously competed professionally in World of Warcraft.
One True King has been subject to multiple controversies surrounding racism and sexual assault involving its members and founders since its founding.
One True King's Twitch channel has 315,345 followers as of April 30, 2025.
One True King's main YouTube channel has 605,000 subscribers as of April 30, 2025.
One True King's main YouTube channel has 41.4 million views as of April 30, 2025.
One True King unveiled its professional World of Warcraft roster alongside its initial announcement.
The original World of Warcraft roster consisted of Trill, Mes, Cdew, and Samiyam.
One True King's World of Warcraft team competed at Blizzard-sanctioned events for one season during the Shadowlands expansion.
One True King announced a partnership with Artesian Builds.
Artesian Builds is a pre-built PC company.
On October 27, 2020, One True King announced the addition of Nick Polom, also known as Nmplol.
Nmplol joined One True King as a content creator and co-owner.
In December 2020, One True King partnered with Complexity Gaming's World of Warcraft team.
The partnership involved providing coverage of the game's Race to World First event.
One True King held daily roundtable discussions about the Race to World First event.
On October 11, 2021, One True King announced that Cyr would be joining the organization as a content creator.
On November 21, 2021, One True King announced that Tectone would be joining the organization as a content creator.
On January 2, 2022, One True King announced that Emiru would be joining the organization.
On March 2, 2022, One True King parted ways with Artesian Builds.
The parting ways with Artesian Builds followed a giveaway controversy involving Artesian Builds.
One True King won the "Best Content Organization" award at The Streamer Awards on March 12, 2022.
On March 27, 2022, One True King announced that BruceDropEmOff would be joining the organization as a content creator.
On July 21, 2022, One True King announced that Sodapoppin would be joining the organization as a content creator and co-owner.
On September 19, 2022, Twitch streamer Trainwreckstv accused Mizkif of downplaying and covering up an alleged sexual assault incident involving CrazySlick and AdrianahLee.
On September 19, 2022, streamer Ice Poseidon published a set of comments made by Mizkif from 2018 to 2019.
The comments made by Mizkif were characterized as racist and homophobic.
Mizkif worked with Ice Poseidon during his early streaming career.
Mizkif was placed on leave by One True King on September 20, 2022.
On December 31, 2022, One True King released a statement about the allegation of Mizkif covering up an incident of sexual assault.
A Texas-based law firm, Jackson Walker, investigated the allegation against Mizkif.
The investigation's counsel did not find direct evidence that Mizkif attempted to minimize or cover up sexual assault.
Mizkif's status as an OTK member was reinstated.
On January 2, 2023, Mizkif uploaded a video apologizing for insensitive and tone-deaf behavior displayed in an early October broadcast.
On December 16, 2022, co-owner Rich Campbell announced his resignation from the organization.
Rich Campbell's resignation was due to sexual assault allegations.
On December 23, 2022, the official OTK Twitter account announced jschlatt would be departing the organization.
Jschlatt continues as an advisor for the YouTube team.
Jschlatt has a stake in Starforge Systems.
On January 24, 2023, BruceDropEmOff left the organization.
On January 27, 2023, BruceDropEmOff was indefinitely suspended from Twitch, citing ban evasion.
On January 31, 2023, Emiru was announced as a new co-owner of the organization.
Emiru was previously a content creator in the organization.
On January 31, 2023, ExtraEmily joined the organization as a content creator.
On February 5, 2024, One True King announced that WillNeff would be joining the organization as a content creator.
On October 16, 2024, Asmongold announced he was "stepping away" from his leadership roles at OTK and Starforge Systems.
Asmongold's announcement followed backlash over his comments on Palestinians affected by the Gaza war.
On November 1, 2024, Tectone left the organization after his three-year contract expired and he decided not to renew it.
On February 21, 2025, Asmongold announced on his stream that he had left the organization.
Current members of One True King include Esfand, Mizkif, TipsOut, Nmplol, Cyr, Emiru, Sodapoppin, and ExtraEmily.
Esfand is a co-founder, co-owner, and content creator of One True King.
Mizkif is a co-founder, co-owner, and content creator of One True King.
TipsOut is a co-founder and co-owner of One True King.
Nmplol is a co-owner and content creator of One True King.
Cyr is a content creator of One True King.
Emiru is a co-owner and content creator of One True King.
Sodapoppin is a co-owner and content creator of One True King.
ExtraEmily is a content creator of One True King.
Former members of One True King include Rich Campbell, Jschlatt, BruceDropEmOff, Tectone, Asmongold, and WillNeff.
On August 7, 2022, OTK and YouTuber Cr1TiKaL announced the founding of Starforge Systems.
Starforge Systems is a technology company focused on building computers.
Starforge Systems was met with backlash due to allegedly high prices of its products.
Starforge Systems responded by decreasing its prices by $100.
Nick Dankner is the CEO of Starforge Systems.
Nick Dankner was the COO of Artesian Builds, a defunct pre-built PC company.
In June 2022, OTK announced a partnership with WePlay Esports.
WePlay Esports is a content production company.
The partnership included the unveiling of a Los Angeles-based content studio.
The "OTK Games Expo" was the first event held under the partnership.
The "OTK Games Expo" showcased nearly 30 video games from various indie developers.
In February 2023, OTK announced the founding of Mythic Talent.
Mythic Talent is a full-service talent management company.
Mythic Talent was co-founded by OTK members Asmongold and TipsOut.
William Lucas is the CEO of Mythic Talent.
William Lucas is a veteran of esports organization Tempo Storm and the AFK Agency.
On May 17, 2023, OTK announced a partnership with GamerSupps.
GamerSupps is an energy drink company.
GamerSupps is owned by former OTK member Jschlatt.
On June 12, 2023, OTK announced the launch of game publishing company Mad Mushroom during the OTK Games Expo.
On August 10, 2023, Mad Mushroom announced the appointment of Mike Silbowitz as its CEO.
OTK Schooled is a quiz game show.
OTK Schooled was created and hosted by Twitch streamer and OTK member Mizkif.
OTK Schooled is produced by One True King.
OTK Schooled tests the knowledge of its contestants with school-related questions.
OTK Schooled is frequently compared to the American gameshow franchise Are You Smarter than a 5th Grader?.
OTK Schooled gained popularity because of several cheating controversies that happened during the show.
OTK Game Day is a weekly sports show.
OTK Game Day is hosted by Twitch streamer and OTK member Nmplol and One True King.
In OTK Game Day, OTK members go up against other streamers in various physical team-based sports.
On November 9, 2021, Mizkif and One True King announced a new game show called OTK Parasocial.
OTK Parasocial appears to be in the style of Family Feud.
Family Feud is an American television game show.
OTK Parasocial prompts players to “guess the most popular answers to questions.”
In January 2021, One True King's World of Warcraft team participated in the first edition of the Shadowlands Arena World Championship.
One True King's World of Warcraft team finished 3rd among North American teams in the Shadowlands Arena World Championship.
At Cup 2, One True King's World of Warcraft team made it to the finals of the North American bracket.
One True King lost to Kawhi 1–4 at Cup 2.
At Cup 3, One True King's World of Warcraft team made it to the semi-finals.
One True King lost to Cloud9 0–3 at Cup 3.
At the fourth and final cup of season one, One True King's World of Warcraft team made it to the quarterfinals.
One True King lost to Charlotte Phoenix 1–3 at the fourth and final cup.
One True King's World of Warcraft team finished second in the standings with 300 points.
One True King's World of Warcraft team qualified for the Regional Circuit Championships.
One True King finished the circuit with 8 points.
One True King tied for the 3rd place spot in North America with Golden Guardians.
One True King advanced to the Arena World Championship Season 1 Finals.
One True King made it to the semi-finals in the Arena World Championship Season 1 Finals.
One True King lost to Cloud9 in the semi-finals of the Arena World Championship Season 1 Finals.
One True King finished the season in 3rd place.
On June 11, 2021, Cdew announced via Twitter that One True King decided not to renew the team's contracts for the upcoming expansion.
One True King has held several charity streams.
The charity streams benefited the non-profit organization Games for Love.
One True King's first charity stream took place on November 23, 2020.
Over $250,000 was raised during the first charity stream through opening rare Pokémon cards.
The first charity stream averaged 70,000 viewers.
A second charity stream for Games for Love took place on March 22, 2021.
The second charity stream raised $600,000.
One True King's third charity stream took place over two days from June 22–23, 2021.
The third charity stream raised $593,597.
In March 2022, One True King held two charity streams benefiting relief efforts for those affected by the 2022 Russian invasion of Ukraine.
These charity streams raised over $500,000.
On April 29, 2023, One True King and OTK member Esfand organized a charity event called Charity Lift-A-Thon.
Charity Lift-A-Thon featured OTK members and other Twitch streamers lifting weights for charity.
Charity Lift-A-Thon had a goal of lifting one pound for every dollar donated.
Charity Lift-A-Thon raised more than $140,601 towards Games for Love.
One True King was nominated for Content Group of the Year at the Esports Awards in 2022.
One True King was nominated for Esports Content Creator of the Year at the Esports Awards in 2023.
One True King won "Best Content Organization" at The Streamer Awards in 2021.
One True King was nominated for "Best Content Organization" at The Streamer Awards in 2022.
One True King was nominated for "Best Content Organization" at The Streamer Awards in 2023.
One True King was nominated for "Best Content Organization" at The Streamer Awards in 2024.

**********Claims for hard query**********

Rich Campbell's resignation was due to sexual assault allegations.
Family Feud is an American television game show.
The investigation's counsel did not find direct evidence that Mizkif attempted to minimize or cover up sexual assault.

**********Formulated hard query**********

Rich Campbell's resignation was due to something.
Something is an American television game show.
The investigation's counsel did not find direct evidence that someone attempted to minimize or cover up sexual assault.

**********Claims for medium query**********

Mizkif was placed on leave by One True King on September 20, 2022.
Esfand is a co-founder, co-owner, and content creator of One True King.
The "OTK Games Expo" showcased nearly 30 video games from various indie developers.

**********Formulated medium query**********

Mizkif was placed on leave by One True King on a certain date.
Someone is a co-founder, co-owner, and content creator of One True King.
The "OTK Games Expo" showcased a certain number of things from various indie developers.

**********Claims for easy query**********

OTK Media, Inc. does business as One True King.
On November 9, 2021, Mizkif and One True King announced a new game show called OTK Parasocial.
In December 2020, One True King partnered with Complexity Gaming's World of Warcraft team.

**********Formulated easy query**********

Something does business as One True King.
On November 9, 2021, someone and One True King announced a new game show called OTK Parasocial.
In December 2020, One True King partnered with another organization.

**********Page content extracted**********

Title: Torsion siege engine
URL: https://en.wikipedia.org/wiki/Torsion_siege_engine
Content: Jump to content

From Wikipedia, the free encyclopedia

Type of artillery relying on a twisting force to launch projectiles

|     |     |
| --- | --- |
| ! | This article's lead section **may be too short to adequately summarize the key points**. Please 

**********Extracted claims**********

A torsion siege engine is a type of siege engine that uses torsion to launch projectiles.
Torsion siege engines were initially developed by the ancient Macedonians.
Philip II of Macedon and Alexander the Great were specific individuals involved in the development of torsion siege engines.
Torsion siege engines were used through the Middle Ages.
The development of gunpowder artillery in the 14th century rendered torsion siege engines mostly obsolete.
Tension siege engines existed since at least the beginning of the 4th century BC.
The gastraphetes, described in Heron of Alexandria's *Belopoeica*, was a notable tension siege engine.
The gastraphetes was probably invented in Syracuse by Dionysius the Elder.
The first extant evidence of a torsion siege engine dates to approximately 338 - 326 BC.
This evidence comes from the Chalcotheca, the arsenal on the Acropolis in Athens.
The inventory of the Chalcotheca included torsion catapults and components like hair springs, catapult bases, and bolts.
Torsion-based weaponry offered much greater efficiency over tension-based weaponry.
Traditional historiography suggests the invention of two-armed torsion machines occurred circa 340 BC, during the reign of Philip II of Macedon.
Torsion machines quickly spread throughout the ancient Mediterranean.
Schools and contests emerged at the end of the 4th century BC that promoted the refinement of machine design.
Competitions involving torsion machines were often held in ancient Greece and Rome.
Students from Samos, Ceos, Cyanae, and Rhodes were highly sought after by military leaders for catapult construction.
Torsion machines were used heavily in military campaigns.
Philip V of Macedon used torsion engines during his campaigns in 219-218 BC.
Philip V's use included 150 sharp-throwers and 25 stone-throwers.
Scipio Africanus confiscated 120 large catapults, 281 small catapults, 75 ballistae, and a great number of scorpions after capturing New Carthage in 209 BC.
The Romans obtained their knowledge of artillery from the Greeks.
In ancient Roman tradition, women supposedly gave up their hair for use in catapults.
An example of women's hair being used for catapults occurred in Carthage in 148-146 BC.
Torsion artillery, especially ballistae, came into heavy usage during the First Punic War.
Torsion artillery was common by the Second Punic War.
Plautus remarked in the *Captivi* about the commonality of ballistae and catapults.
By 100 AD, Romans began to permanently mount artillery.
Previously, machines had traveled largely disassembled in carts.
Romans made the Greek ballista more portable, calling the hand-held version manuballista.
The cart-mounted type of ballista was called carroballista by the Romans.
Romans also used a one-armed torsion stone-projector named the onager.
The earliest extant evidence of the carroballista is on Trajan's Column.
Between 100 and 300 AD, every Roman legion had a battery of ten onagers and 55 cheiroballistae hauled by teams of mules.
Legionaries called ballistarii had the exclusive purpose of producing, moving, and maintaining catapults.
In later antiquity, the onager began to replace more complicated two-armed devices.
Greeks and Romans were able to readily produce the many pieces needed to build a ballista due to advanced methods of military supply and armament.
In the later 4th and 5th centuries, as administrative structures changed, simpler devices became preferable.
The technical skills needed to produce more complex machines were no longer as common in the later 4th and 5th centuries.
Vegetius, Ammianus Marcellinus, and the anonymous *De rebus bellicis* are the first and most descriptive sources on torsion machines, all writing in the 4th century AD.
Procopius provides his description of torsion devices in the 6th century.
All these sources use the term ballistae and provide descriptions similar to those of their predecessors.
Torsion siege engines, such as the ballista or onager, were only used in the West until the 6th-8th centuries.
Torsion siege engines were replaced by the traction trebuchet, also known as the mangonel, in the West.
The myth of the torsion mangonel began in the 18th century when Francis Grose claimed the onager was the dominant medieval artillery until the arrival of gunpowder.
Guillaume Henri Dufour argued in the mid-19th century that onagers went out of use in medieval times and were directly replaced by the counterweight trebuchet.
Dufour and Louis-Napoléon Bonaparte argued that torsion machines were abandoned because the requisite supplies for building the sinew skein and metal support pieces were too difficult to obtain compared to materials for tension and counterweight machines.
Sir Ralph Payne-Gallwey concurred in the early 20th century that torsion catapults were not used in medieval times due to their greater complexity.
General Köhler disagreed, arguing that torsion machines were used throughout the Middle Ages.
In 1910, Rudolph Schneider pointed out that medieval Latin texts completely lack descriptions of the torsion mechanism.
Schneider proposed that all medieval terms for artillery actually referred to the trebuchet.
Schneider believed that the knowledge to build torsion engines had been lost since classical times.
In 1941, Kalervo Huuri argued that the onager remained in use in the Mediterranean region until the 7th century.
Huuri claimed that the employment of the onager became obscured in terminology as the traction trebuchet came into use.
By the 9th century, there is virtually no evidence, textual or artistic, of torsion engines used in warfare in Western Europe, with the exception of bolt throwers.
The first Western European reference to a mangana (mangonel) appeared by the 9th century.
The last historical texts specifying a torsion engine, aside from bolt throwers like the springald, date no later than the 6th century.
Illustrations of an onager do not reappear until the 15th century.
With the exception of bolt throwers such as the springald (13th-14th centuries) or the ziyar in the Muslim world, torsion machines had largely disappeared by the 6th century.
Torsion machines were replaced by the traction trebuchet.
Classical texts describing torsion machines were circulated in medieval times.
Geoffrey Plantagenet, Count of Anjou, had a copy of Vegetius at the siege of Montreuil-Bellay in 1147.
The weapon used at the siege of Montreuil-Bellay in 1147 was a traction trebuchet, not a torsion catapult.
There is no evidence for the continuation of the onager in Byzantium beyond the end of the 6th century.
The absence of the onager in 'barbarian' successor kingdoms is indicated by the lack of reference and decline in expertise.
When the mangonel appeared in Europe from the east, it was a traction-propelled stone thrower.
Torsion power went out of use for approximately seven centuries.
Torsion power returned in the guise of the bolt-throwing springald.
The springald was deployed to defend walls against human assailants, not as an offensive, wall-breaking siege engine.
Mangonel was used as a general medieval term for stone-throwing artillery.
The term "mangonel" probably meant a traction trebuchet from the 6th to 12th centuries.
The mangonel was used between the disappearance of the onager and the arrival of the counterweight trebuchet.
Gustav Köhler contended at the end of the 19th century that the petrary was a traction trebuchet, invented by Muslims.
Köhler believed the mangonel was a torsion catapult.
A Welsh text from 1866 translated "mangonel" as a torsion weapon like the ballista.
"Ballista" was used in medieval times as a general term for stone-throwing machines.
Otto of Freising referred to the mangonel as a type of ballista, indicating they both threw stones.
During the siege of Paris in 885-886, seven Danes were impaled at once with a bolt from a funda.
Traction trebuchets were capable of a much higher rate of fire than torsion engines.
Traction trebuchets were far simpler to construct, use, and maintain than torsion engines.
"Traction trebuchet" is a modern term not found in contemporary sources.
Some consider "mangonel" not a specific type of siege weapon but a general term for any pre-cannon stone-throwing artillery.
Onagers have been called "onager mangonels."
Traction trebuchets have been called "beam-sling mangonel machines."
In early designs, torsion machines were made with square wooden frames with holes drilled in the top and bottom.
A skein was threaded through the holes and wrapped around wooden levers to adjust tension.
The problem with early designs was friction caused by contact between the wood of the lever and the wood of the frame when increasing tension.
The problem was solved by adding metal washers in the holes of the frames.
Washers were fastened with tenons or rims.
Washers enabled greater control over the machine's tension and maximization of power without sacrificing frame integrity.
Standard design modifications included combining two separate spring frames into a single unit to increase durability and stability.
A padded heel block was added to stop the recoil of the machine.
Formulae were developed to determine the appropriate engine size.
A ratcheting trigger mechanism was developed to make firing quicker.
Marsden suggests initial developments occurred fairly rapidly, potentially over a few decades.
Heron of Alexandria laid out the general course of torsion machine development.
Only a few specific designs of torsion catapults are known from ancient and medieval history.
Materials used were generally wood or metal.
The skein comprising the spring was specifically cited as made of animal sinew and hair, either women's or horse.
Heron and Vegetius considered sinew to be better for skeins.
Vitruvius cited women's hair as preferable for skeins.
The preferred type of sinews came from the feet of deer and the necks of oxen.
Animal sinews and hair ropes were treated with olive oil and animal grease/fat to preserve elasticity.
The energy-storing capacity of sinew is much greater than that of a wooden beam or bow.
Wood's performance in tension devices is severely affected by temperatures above 77 °F (25 °C).
Two general formulas were used to determine the size of the machine and the projectile it throws.
The first formula, for a sharp-thrower, is d = x / 9, where d is the diameter of the hole in the frame and x is the length of the bolt.
The second formula, for a stone thrower, is d=(1.1)100m^(1/3), where d is the diameter of the hole and m is the weight of the stone.
The purpose of these formulas was to maximize the potential energy of the skein.
If the skein was too long, the machine could not be used at its full capacity.
If the skein was too short, it produced high internal friction, reducing durability.
Accurately determining the diameter of the frame's holes prevented damage to the sinews and fibers of the skein.
Once initial measurements were made, corollary formulae could determine the dimensions of the rest of the machines.
d is measured in dactyls, and 1 dactyl equals 1.93 cm (0.76 in).
m is measured in minas, and 1 mina equals 437 g (15.4 oz).
1 talent equals 60 mina or 26 kg (57 lb).
No definitive results from documentation or experiment accurately verify claims about the range and damaging capabilities of torsion machines.
Constructing full-scale devices using period techniques and supplies would be necessary to test the legitimacy of design specifications and power effectiveness.
Kelly DeVries and Serafina Cuomo claim torsion engines needed to be about 150 m (490 ft) or closer to their target to be effective.
Athenaeus Mechanicus cited a three-span catapult that could propel a shot 700 yd (640 m).
Josephus cited an engine that could hurl a stone ball 400 yd (370 m) or more.
Marsden claimed most engines were probably effective up to the distance cited by Josephus, with more powerful machines going farther.
Exceptionally large projectiles have been mentioned in accounts.
Most Hellenistic projectiles found in the Near East weigh less than 15 kg (33 lb).
Most projectiles dating to the Roman period weigh less than 5 kg (11 lb).
Devices powered primarily by animal tissue had the potential to deteriorate rapidly.
Such devices could be severely affected by changing weather.
The rough surface of wooden frames could easily damage the sinew of the skein.
The force of the tension provided by the skein could potentially damage the wooden frame.
Washers placed inside the holes of the frame prevented damage to the skein and increased structural integrity.
Washers allowed engineers to precisely adjust tension levels using evenly spaced holes on their outer rim.
The skein could be made out of human or animal hair.
The skein was most commonly made out of animal sinew.
Heron specifically cited animal sinew for skeins.
The life of sinew has been estimated to be about eight to ten years.
Sinew skeins were expensive to maintain.
Torsion machines were used to provide covering fire while the attacking army assaulted a fortification.
Torsion machines were used to provide covering fire while the attacking army filled in a ditch.
Torsion machines were used to provide covering fire while other siege engines were brought up to walls.
Jim Bradbury claimed torsion engines were only useful against personnel.
Medieval torsion devices were not powerful enough to batter down walls.
Archaeological evidence for catapults, especially torsion devices, is rare.
Stones from stone-throwers could survive.
Organic sinews and wooden frames quickly deteriorate if left unattended.
Usual remains include washers, and other metal supporting pieces like counterplates and trigger mechanisms.
The first major evidence of ancient or medieval catapults was found in 1912 in Ampurias.
New catapult finds were discovered in 1968-1969 at Gornea and Orşova.
More frequent discoveries of catapult remains occurred after 1972, starting with Hatra.
The sites listed contained stone projectiles ranging in size from 10-90 minas (approximately 4.5–39 kg or 9.9–86.0 lb).
5,600 stone balls were found in Carthage (Tunisia).
961 stone balls were found in Pergamum (Turkey).
353 stone balls were found in Rhodes (Greece).
Over 200 stone balls were found in Tel Dor (Israel).
Approximately 200 stone balls were found in Salamis (Cyprus).
Archaeological remains of catapults have been found in various locations, including Ampurias (Spain), Auerberg (Germany), Azaila (Spain), Bath (United Kingdom), Caminreal (Spain), Cremona (Italy), Elginhaugh (United Kingdom), Ephyra (Greece), Gornea (Romania), Hatra (Iraq), Lyon (France), Mahdia (Tunisia), Orşova (Romania), Pergamon (Turkey), Pityous (Georgia), Sala, Sounion (Greece), Tanais (Ukraine), Volubilis (Morocco), and Xanten (Germany).
Diodorus of Sicily stated that the catapult was invented in Syracuse in 399 BC.
Josephus stated that a single projectile from these weapons ran through a row of men.
Josephus stated that the momentum of a stone hurled by the engine carried away battlements and knocked off corners of towers.
Josephus stated that no body of men is so strong that it cannot be laid low by the impact of these huge stones.
Josephus stated that a man near Josephus (the commander) on the rampart had his head knocked off by a stone, with his skull flung more than 600 m (2,000 ft).
Josephus stated that a pregnant woman struck in the belly had her unborn child carried away 100 m (330 ft).
Procopius described a Goth being hit by a missile from an engine, passing through his corselet and body, and pinning him to a tree.
There is controversy over the terminology used to describe siege engines, including torsion machines.
Manuscripts are vague in their descriptions and inconsistent in their usage of terms for siege engines.
In instances where torsion engines are identifiable, the specific type of machine is never certain.
Some scholars argue that the abundance of terms indicates widespread use of torsion devices during the Middle Ages.
Other scholars argue that the confusion about machine terminology proves that few ancient texts that survived in the Latin West did not provide adequate information for the continuation of ancient torsion machines.

**********Claims for hard query**********

Such devices could be severely affected by changing weather.
d is measured in dactyls, and 1 dactyl equals 1.93 cm (0.76 in).
The problem was solved by adding metal washers in the holes of the frames.

**********Formulated hard query**********

Such devices could be **in a certain state** by changing weather.
d is measured in **something**, and 1 dactyl equals 1.93 cm (0.76 in).
The problem was solved by **in a certain way** in the holes of the frames.

**********Claims for medium query**********

An example of women's hair being used for catapults occurred in Carthage in 148-146 BC.
Josephus stated that the momentum of a stone hurled by the engine carried away battlements and knocked off corners of towers.
Jim Bradbury claimed torsion engines were only useful against personnel.

**********Formulated medium query**********

An example of women's hair being used for catapults occurred at a certain place at a certain time.
Someone stated that the momentum of a stone hurled by the engine carried away battlements and knocked off corners of towers.
Someone else claimed torsion engines were only useful against personnel.

**********Claims for easy query**********

Torsion siege engines were initially developed by the ancient Macedonians.
Torsion siege engines were used through the Middle Ages.
Torsion siege engines, such as the ballista or onager, were only used in the West until the 6th-8th centuries.

**********Formulated easy query**********

Torsion siege engines were initially developed by a certain group of people.
Torsion siege engines were used through a certain time period.
Torsion siege engines, such as the ballista or onager, were only used in the West until a specific period.

**********Page content extracted**********

Title: Daniel Lindström
URL: https://en.wikipedia.org/wiki/Daniel_Lindstr%C3%B6m
Content: Jump to content

From Wikipedia, the free encyclopedia

Swedish singer from Umeå (born 1978)

| Daniel Lindström |
| --- |
| !Lindström in 2009. Lindström in 2009. |
| Background information |
| Birth name | Daniel Lindström |
| Born | (1978-01-30) 30 Jan

**********Extracted claims**********

Daniel Lindström was born on January 30, 1978.
Daniel Lindström is 47 years old as of the article's context.
Daniel Lindström is a Swedish singer.
Daniel Lindström is from Umeå, Sweden.
Daniel Lindström's musical genre is Pop.
Daniel Lindström's occupation is singer.
Daniel Lindström's instrument is singing.
Daniel Lindström has been active as a musician from 2004 to the present.
Daniel Lindström was signed to Sony BMG from 2004 to 2007.
Daniel Lindström was signed to LaLuff Records from 2007 to 2009.
Daniel Lindström has a website at daniellindstrom.se.
Daniel Lindström won the Swedish Idol 2004 contest.
Daniel Lindström competed against Darin Zanyar in the Idol 2004 contest.
Daniel Lindström's first single is titled "Coming True".
Daniel Lindström's single "Coming True" sold double platinum.
Daniel Lindström's self-titled album was released in December 2004.
Daniel Lindström's self-titled album topped the Swedish pop charts.
Daniel Lindström's second album is titled *Nån slags verklighet*.
*Nån slags verklighet* translates to *Some kind of reality*.
Daniel Lindström wrote songs in Swedish for his album *Nån slags verklighet*.
Daniel Lindström's third album is titled *D-Day*.
*D-Day* was released in January 2009.
Daniel Lindström previously lived with his wife and child in Solna, Sweden.
Daniel Lindström participated in a panel at CMJ in New York City in October 2009.
Daniel Lindström discussed experiences and the current state of music at the CMJ panel.
Daniel Lindström has released 3 studio albums.
Daniel Lindström has released 7 singles.
Daniel Lindström has released 5 music videos.
Daniel Lindström has released 4 B-sides.
Daniel Lindström has had 2 tours.
Daniel Lindström's self-titled album was released on December 9, 2004.
Daniel Lindström's self-titled album's label was Sony BMG.
Daniel Lindström's self-titled album was released in CD format.
Daniel Lindström's self-titled album reached number 1 in Sweden.
Daniel Lindström's self-titled album sold 53,000 copies in Sweden.
Daniel Lindström's self-titled album was certified Platinum by IFPI.
Daniel Lindström's album *Nån slags verklighet* was released on August 16, 2006.
Daniel Lindström's album *Nån slags verklighet* label was Sony BMG.
Daniel Lindström's album *Nån slags verklighet* was released in CD format.
Daniel Lindström's album *Nån slags verklighet* reached number 3 in Sweden.
Daniel Lindström's album *Nån slags verklighet* sold 22,000 copies in Sweden.
Daniel Lindström's album *Nån slags verklighet* was certified Gold by IFPI.
Daniel Lindström's album *D-Day* was released on January 29, 2009.
Daniel Lindström's album *D-Day* label was LaLuff Records.
Daniel Lindström's album *D-Day* was released in CD format.
Daniel Lindström's album *D-Day* reached number 25 in Sweden.
Daniel Lindström's album *D-Day* sold 3,000 copies in Sweden.
Daniel Lindström's single "Coming True" was released in 2004.
Daniel Lindström's single "Coming True" reached number 1 in Sweden.
Daniel Lindström's single "Coming True" was certified 2x Platinum by IFPI.
Daniel Lindström's single "My Love Won't Let You Down" was released in 2005.
Daniel Lindström's single "My Love Won't Let You Down" reached number 10 in Sweden.
Daniel Lindström's single "Run" was released in 2005.
Daniel Lindström's single "Nån slags verklighet" was released in 2006.
Daniel Lindström's single "Nån slags verklighet" reached number 26 in Sweden.
Daniel Lindström's single "Saturday Night" was released in 2008.
Daniel Lindström's single "Caught in that Feeling" was released in 2008.
Daniel Lindström's single "I Know Nothing" was released in 2012.
Daniel Lindström is a co-writer of "Let It Go" by Jacky Cheung.
"Let It Go" appears on Jacky Cheung’s *Private Corner* album.
Daniel Lindström's single "Caught In That Feeling" was covered by Jason Dy.
Jason Dy is the winner of The Voice of The Philippines.
Jason Dy's cover of "Caught In That Feeling" is on his self-titled album *Jason Dy*.
Daniel Lindström was in a relationship with Loreen between 2004 and 2006.
Loreen is a Eurovision winner.
Daniel Lindström and Loreen shared an apartment in Södermalm.
Daniel Lindström dedicated his first album after winning *Idol* to Loreen.
Daniel Lindström was the winner of *Idol* in 2004.
Agnes Carlsson succeeded Daniel Lindström as the *Idol* winner.

**********Claims for hard query**********

Jason Dy is the winner of The Voice of The Philippines.
"Let It Go" appears on Jacky Cheung’s *Private Corner* album.
*D-Day* was released in January 2009.

**********Formulated hard query**********

Someone is the winner of The Voice of The Philippines.
"Let It Go" appears on Jacky Cheung’s something album.
*D-Day* was released at a certain time.

**********Claims for medium query**********

Daniel Lindström's self-titled album was released in December 2004.
Daniel Lindström's second album is titled *Nån slags verklighet*.
Daniel Lindström's album *Nån slags verklighet* label was Sony BMG.

**********Formulated medium query**********

Daniel Lindström's self-titled album was released `at a certain time`.
Daniel Lindström's second album is titled `something`.
Daniel Lindström's album *Nån slags verklighet* label was `a certain company`.

**********Claims for easy query**********

Daniel Lindström is a Swedish singer.
Daniel Lindström won the Swedish Idol 2004 contest.
Daniel Lindström's occupation is singer.

**********Formulated easy query**********

Daniel Lindström is a singer from a certain country.
Daniel Lindström won a certain contest.
Daniel Lindström's occupation is a certain occupation.

**********Page content extracted**********

Title: Norway during the Great Northern War
URL: https://en.wikipedia.org/wiki/Norway_during_the_Great_Northern_War
Content: Jump to content

From Wikipedia, the free encyclopedia

Role of Norway in the Great Northern War

!,_m%C3%A5lning_av_Gustaf_Cederstr%C3%B6m_(1845-1933).jpg) _Bringing Home the Body of King Karl XII of Sweden_ (Gustaf Cederström. 1884)

The Great Northern 

**********Extracted claims**********

The Great Northern War was fought between a coalition of Denmark–Norway, Russia, and Saxony-Poland on one side and Sweden on the other side.
Prussia and Hanover joined the coalition against Sweden from 1715.
The Great Northern War lasted from 1700 to 1721.
The war began with a coordinated attack on Sweden by the coalition in 1700.
The war concluded in 1721 with the Treaty of Nystad and the Stockholm Treaties.
Russia supplanted Sweden as the dominant power on the shores of the Baltic Sea as a result of the war.
Russia became a major player in European politics after the war.
Sweden established an empire between 1561 and 1658 through a series of wars in the Baltic.
Sweden occupied the Danish provinces of Skåne, Blekinge, and Halland during its empire-building period.
Sweden occupied the Norwegian provinces of Jämtland, Härjedalen, Trøndelag, and Bohuslän during its empire-building period.
Swedish interference in Holstein was a major point of contention for Denmark.
Russia allied with Denmark–Norway and the Duke of Saxony in the late 1690s.
The Duke of Saxony expected to strengthen his domestic position by reconquering territory lost by his kingdom, Poland.
Charles XII ascended Sweden's throne in 1697.
The three powers attacked Sweden in 1700.
The early part of the war consisted of a continual string of Swedish victories under Charles XII.
Denmark was defeated in the summer of 1700 and withdrew from the war until 1709.
Russia suffered a defeat in the Battle of Narva in November 1700.
Russia regained the offensive after the Battle of Narva.
The city of St. Petersburg was founded between 1703 and 1707.
Charles XII defeated Augustus the Strong between 1706 and 1707.
Charles XII temporarily deposed Augustus the Strong from the Polish throne.
Frederick IV of Denmark and Norway distrusted the nobility and gentry.
Frederick IV surrounded himself with ministers and advisers of humble origin.
Ulrich Christian Gyldenløve, the king's half-brother, was General-Admiral and Commander in Chief of the Navy at age 24.
Frederick IV toured Norway in 1704 to assess the condition of his army and his second kingdom.
Frederick IV held audiences with various people during his tour of Norway.
Charles XII was defeated by Peter in the Battle of Poltava in June 1709.
Charles XII's army was virtually annihilated at the Battle of Poltava.
The Battle of Poltava occurred in modern-day Ukraine.
Charles XII fled to the Ottoman Empire and spent five years in exile there after the Battle of Poltava.
Denmark invaded Skåne in November 1709.
Count Magnus Stenbock was charged with the defense of Sweden.
Count Magnus Stenbock defeated Denmark at the Battle of Helsingborg in 1710.
Russia captured Livonia and Estonia in the east.
Sweden achieved another victory over the Danes at Gadebusch in December 1712.
Stenbock’s army was forced to surrender the fortress of Tönning in May 1713.
Norwegian forces were ordered to mobilise in September 1709.
By the end of October 1709, 6,000 Norwegian men were assembled on the Swedish border at Svinesund.
By the end of October 1709, 1,500 Norwegian men were congregated near the border at Kongsvinger Fortress.
Baron Waldemar Løvendal returned to Norway as Governor in August 1710.
Baron Løvendal worked to build the civil and military leadership in Norway.
Baron Løvendal instituted reforms in Norway by 1712 that created a civil service.
Baron Løvendal documented state activities to an unprecedented degree in Norway.
Baron Løvendal was a strong military leader.
Baron Løvendal raised and equipped a Norwegian Army to invade and recapture Bohuslän.
General-Lieutenant Caspar Herman Hausmann led the Norwegian Army intended for Bohuslän.
Frederick IV committed to providing a strong fleet under Vice Admiral Sehested in June 1711.
The Norwegian army marched into Bohuslän in August 1711.
Vice Admiral Sehested’s fleet had not appeared offshore by late summer 1711.
Frederick IV ordered Vice Admiral Sehested’s fleet to return to Baltic waters.
The Norwegian Army was forced to return to Norway due to lack of naval support.
The plague struck Denmark in the autumn of 1711.
Copenhagen alone lost 70,000 occupants due to the plague in 1711.
Frederick IV directed Løvendal in 1712 not to use the Norwegian Army in offensive actions.
The Norwegian Army was reserved for defense and for supplementing Danish troops elsewhere in 1712.
General Hausmann was named head of all Norway’s land and sea defenses in 1712.
Taxations and forced mobilization of Norwegian farm boys led to uprisings and riots in some parts of Norway.
A farmer's tax rebellion occurred in Hallingdal in 1713.
A soldier's strike occurred in Telemark in 1720.
Two leading farmers in Hallingdal spoke against Danish authorities in 1713, demanding an end to war taxation.
Tax collectors encountered closed doors throughout the Hallingdal region in 1713.
The two Hallingdal leaders were tried and sentenced to labor in Akershus fortress.
Elling Villand, one of the Hallingdal leaders, was freed less than half a year later and returned to his farm.
Olav Olavsson Hovdejord, a local sheriff and farmer in Telemark, opposed a German captain in 1720.
Olav Olavsson Hovdejord demanded an end to the forced mobilization of farmer's sons in 1720.
Norwegians were tired of the war by 1720.
The case involving Olav Hovdejord was decided in favor of the farmer.
The German captain was recalled to Denmark for his coarse behavior.
The German captain had cut off Olav Hovdejord's right hand for interfering.
Chancellor Count Arvid Horn held Sweden in the war until Charles XII returned.
Charles XII returned from the Ottoman Empire, arriving in Swedish-held Stralsund in November 1714.
Charles XII was at war with most of Northern Europe by November 1714.
Stralsund was considered doomed upon Charles XII's return.
Charles XII remained in Stralsund until December 1715.
Charles XII escaped Stralsund only days before it fell.
Many considered Charles XII mad because he would not consider peace.
All of Sweden’s Baltic and German possessions were lost by December 1715.
Charles XII began gathering materials and men for a campaign against Copenhagen upon his return to Sweden.
Charles XII planned to attack Copenhagen across the frozen Øresund from Skåne.
The ice went out before Charles XII could launch his attack on Copenhagen.
Charles XII redirected his focus to invade Norway through Bohuslän.
General Caspar Herman Hausmann warned Frederick IV of Charles XII's intent to invade Norway.
Frederick IV did not believe General Hausmann and dismissed him.
The Norwegian Army had been weakened in early 1716 by the withdrawal of 5000 of its best troops to support Denmark's defense.
Norwegian Commander-in-Chief Barthold Heinrich von Lützow was not famous as a visionary leader.
All remaining troops in Østerdal and Gudbrandsdal were ordered to the border at Halden and Fredrikstad when rumors of Charles XII's invasion reached Christiania.
The Norwegians anticipated attack from Sweden at Kongsvinger, Basmo, or Halden.
Charles XII struck at Basmo, crossing the border and establishing his headquarters at the Høland parsonage on March 8, 1716.
The Norwegian commander of the district attacked Charles XII’s superior forces with 200 dragoons.
The Norwegian commander suffered serious losses and was captured.
General Lützow withdrew his forward troops and established a defensive position at Christiania after the defeat at Basmo.
Swedish forces advanced and, leaving a strengthened garrison in Akershus fortress, Lützow withdrew to Bragernes in Drammen on March 19.
The Norwegian scorched earth policy and guerrilla raids interdicted Swedish supply chains.
Norwegian fortresses behind Swedish lines threatened Charles XII's retreat.
Charles XII took the city of Christiania.
Charles XII was unable to take Akershus Fortress without heavy siege artillery.
Charles XII retreated to the Norwegian fortresses in south-eastern Norway.
Charles XII aimed to capture Fredriksten.
The capture of Fredriksten would remove a threat at Charles XII's back.
The captured fortresses were intended to serve as a base for Charles XII's offensive later that year.
The capture of the harbors at the mouth of the Glomma river would allow Charles XII to land provisions for a siege of Akershus.
Charles XII's troops attempted to take Fredriksten by storm on July 4.
Charles XII's troops took the town of Fredriksten after fierce fighting.
The citizens of Fredriksten set fire to their homes.
Charles XII was unable to take Fredriksten fortress and was forced to retreat.
Charles XII awaited the arrival of heavy guns after the Battle of Dynekilen.
Commodore Johan Vibe of the Dano-Norwegian fleet was charged with interdicting Swedish supplies off Bohuslän.
Peter Wessel had distinguished himself in numerous engagements off the coast of Swedish Pomerania.
Peter Wessel was ennobled by Frederick IV under the name Tordenskiold in early 1716.
Captain Peter Wessel Tordenskiold led a cutting-out raid at Dynekil Fjord in Bohuslän.
The raid at Dynekil Fjord captured or destroyed the entire Swedish transport fleet.
The raid at Dynekil Fjord captured or destroyed Swedish supplies.
Charles XII retreated hastily across the Svinesund after the raid, running low on supplies.
Charles XII burned his bridges behind him during his retreat.
No Swedish soldier remained in Norway by July 12, 1716.
Frederick IV promoted Tordenskiold to Commodore for his feat at Dynekil.
Commodore Tordenskjold was given charge of a North Sea Squadron in October 1716.
Commodore Tordenskjold was placed at the head of Norway’s Sea Force over the protests of Baron Wedel.
Charles XII still planned a Norwegian invasion even after his 1716 defeat.
1717 became a year of rebuilding for both sides in the war.
Action in 1717 was limited to unsuccessful attacks by Commodore Tordenskjold's squadron on Gothenburg and Strömstad.
Commodore Tordenskjold was relieved of Command of the North Sea fleet as a result of the failures in 1717.
Commodore Tordenskjold was reassigned to the Baltic Fleet, in command of the 64-gun ship of the line, _Ebenezer_.
The North Sea fleet under Rear Admiral Andreas Rosenpalm pursued an unaggressive patrol strategy along the Bohuslän coast.
Steady streams of supplies were carried through the Bohuslän skerries to the Norwegian border throughout the summer of 1718.
Armaments emphasized heavy guns, ammunition, and supplies necessary to take the border fortresses at Fredriksten in Fredrikshald.
Charles XII attacked Norway again in the Autumn of 1718.
Charles XII was killed while inspecting the front trenches of the siege-works against Fredriksten.
Charles XII's death precipitated an immediate retreat of his forces back to Sweden.
Charles XII's death effectively terminated the Norwegian campaigns.
The war concluded in 1721.
Sweden lost almost all of her overseas holdings gained in the 17th century.
Sweden was no longer a major power after the war.
Russia took the Baltic territories.
Russia became the major power in the east after the war.
The balance of power between Sweden and Denmark-Norway was restored after the war.

**********Claims for hard query**********

The Battle of Poltava occurred in modern-day Ukraine.
Frederick IV surrounded himself with ministers and advisers of humble origin.
The city of St. Petersburg was founded between 1703 and 1707.

**********Formulated hard query**********

The Battle of Poltava occurred in somewhere.
Someone surrounded himself with ministers and advisers of humble origin.
Something was founded between 1703 and 1707.

**********Claims for medium query**********

Frederick IV of Denmark and Norway distrusted the nobility and gentry.
Sweden established an empire between 1561 and 1658 through a series of wars in the Baltic.
The raid at Dynekil Fjord captured or destroyed the entire Swedish transport fleet.

**********Formulated medium query**********

Someone distrusted the nobility and gentry.
Sweden established an empire at a certain time through a series of wars in the Baltic.
The raid at Dynekil Fjord captured or destroyed something.

**********Claims for easy query**********

The Great Northern War was fought between a coalition of Denmark–Norway, Russia, and Saxony-Poland on one side and Sweden on the other side.
Norwegians were tired of the war by 1720.
The Norwegian Army had been weakened in early 1716 by the withdrawal of 5000 of its best troops to support Denmark's defense.

**********Formulated easy query**********

The Great Northern War was fought between a coalition of **something** on one side and Sweden on the other side.
Norwegians were tired of the war by **a certain time**.
The Norwegian Army had been weakened in early 1716 by the withdrawal of **a certain number** of its best troops to support Denmark's defense.

**********Page content extracted**********

Title: Jacob Bekenstein
URL: https://en.wikipedia.org/wiki/Jacob_Bekenstein
Content: Jump to content

From Wikipedia, the free encyclopedia

Mexican-Israeli physicist (1947–2015)

| Jacob Bekenstein |
| --- |
| יעקב בקנשטיין |
| !.JPG) Bekenstein in 2009 |
| Born | (1947-05-01)May 1, 1947 Mexico City, Mexico |
| Died | August 16, 2015(201

**********Extracted claims**********

Jacob Bekenstein was a Mexican-born American-Israeli theoretical physicist.
Jacob Bekenstein made fundamental contributions to the foundation of black hole thermodynamics.
Jacob Bekenstein made fundamental contributions to other aspects of the connections between information and gravitation.
Jacob Bekenstein was born on May 1, 1947, in Mexico City, Mexico.
Jacob Bekenstein died on August 16, 2015, in Helsinki, Finland.
Jacob Bekenstein received an undergraduate degree from the Polytechnic Institute of Brooklyn.
Jacob Bekenstein received a Master of Science degree from the Polytechnic Institute of Brooklyn.
Jacob Bekenstein received a Doctor of Philosophy degree from Princeton University.
Jacob Bekenstein's doctoral advisor was John Archibald Wheeler.
Jacob Bekenstein was known for the Bekenstein bound.
Jacob Bekenstein was known for the Bekenstein–Hawking formula.
Jacob Bekenstein was known for black hole thermodynamics.
Jacob Bekenstein was known for the no-hair theorem.
Jacob Bekenstein was known for AQUAL.
Jacob Bekenstein was known for Tensor–vector–scalar gravity.
Jacob Bekenstein received the Rothschild Prize in Physics in 1988.
Jacob Bekenstein received the Israel Prize in 2005.
Jacob Bekenstein received the Racah Lecture in 2006.
Jacob Bekenstein received the Wolf Prize in Physics in 2012.
Jacob Bekenstein received the Einstein Prize (APS) in 2015.
Jacob Bekenstein's field was theoretical physics.
Jacob Bekenstein's institutions included the Hebrew University of Jerusalem and Ben-Gurion University of the Negev.
Jacob Bekenstein was born to Joseph and Esther (née Vladaslavotsky).
Joseph and Esther Bekenstein were Polish Jews who immigrated to Mexico.
Jacob Bekenstein moved to the United States during his early life.
Jacob Bekenstein gained U.S. citizenship in 1968.
Jacob Bekenstein was a citizen of Israel.
The Polytechnic Institute of Brooklyn is now known as the New York University Tandon School of Engineering.
Jacob Bekenstein obtained his undergraduate and Master of Science degrees in 1969.
Jacob Bekenstein received his Doctor of Philosophy degree in 1972.
Jacob Bekenstein had three children with his wife, Bilha.
Jacob Bekenstein's children, Yehonadav, Uriya, and Rivka Bekenstein, all became scientists.
Jacob Bekenstein was known as a religious man and a believer.
By 1972, Jacob Bekenstein had published three influential papers about the black hole stellar phenomenon.
Jacob Bekenstein postulated the no-hair theorem.
Jacob Bekenstein presented a theory on black hole thermodynamics.
Jacob Bekenstein continued his exploration of black holes in later years.
Jacob Bekenstein published papers on black hole entropy and quantum mass.
Jacob Bekenstein was a postdoctoral fellow at the University of Texas at Austin from 1972 to 1974.
Jacob Bekenstein immigrated to Israel to lecture and teach at Ben-Gurion University in Beersheba.
Jacob Bekenstein became a full professor in 1978.
Jacob Bekenstein became head of the astrophysics department in 1983.
Jacob Bekenstein became a professor at the Hebrew University of Jerusalem in 1990.
Jacob Bekenstein was appointed head of the theoretical physics department at Hebrew University three years after becoming a professor there.
Jacob Bekenstein was elected to the Israel Academy of Sciences and Humanities in 1997.
Jacob Bekenstein was a visiting scholar at the Institute for Advanced Study in 2009 and 2010.
Jacob Bekenstein continued to serve as Polak professor of theoretical physics at the Hebrew University until his death.
Jacob Bekenstein died unexpectedly.
Jacob Bekenstein received the American Physical Society's Einstein Prize for his ground-breaking work on black hole entropy.
Jacob Bekenstein's work launched the field of black hole thermodynamics.
Jacob Bekenstein's work transformed the long effort to unify quantum mechanics and gravitation.
In 1972, Jacob Bekenstein was the first to suggest that black holes should have a well-defined entropy.
Jacob Bekenstein wrote that a black hole's entropy was proportional to the area of its event horizon.
Jacob Bekenstein formulated the generalized second law of thermodynamics for systems including black holes.
Jacob Bekenstein's contributions were affirmed by Stephen Hawking's proposal of Hawking radiation.
Stephen Hawking initially opposed Jacob Bekenstein's idea that a black hole could not radiate energy.
In 1974, Stephen Hawking performed a lengthy calculation that convinced him particles can be emitted from black holes.
The emission of particles from black holes is known as Hawking radiation.
Jacob Bekenstein's doctoral adviser, John Archibald Wheeler, worked with him to develop the no-hair theorem.
The no-hair theorem is a reference to John Wheeler's saying that "black holes have no hair."
Jacob Bekenstein's suggestion regarding the no-hair theorem was proven unstable.
Jacob Bekenstein's suggestion was influential in the development of the field.
Jacob Bekenstein demonstrated the Bekenstein bound based on his black-hole thermodynamics work.
The Bekenstein bound states there is a maximum to the amount of information that can potentially be stored in a given finite region of space which has a finite amount of energy.
The Bekenstein bound is similar to the holographic principle.
In 1982, Jacob Bekenstein developed a rigorous framework to generalize the laws of electromagnetism to handle inconstant physical constants.
Jacob Bekenstein's framework replaces the fine-structure constant by a scalar field.
Jacob Bekenstein's framework for changing constants did not incorporate gravity.
In 2004, Jacob Bekenstein boosted Mordehai Milgrom's theory of Modified Newtonian Dynamics (MOND).
Jacob Bekenstein developed a relativistic version of MOND.
Jacob Bekenstein's relativistic version of MOND is known as TeVeS for Tensor/Vector/Scalar.
TeVeS introduces three different fields in spacetime to replace the one gravitational field.
Jacob Bekenstein received the Ernst David Bergmann Prize for Science (Israel) in 1977.
Jacob Bekenstein received the Landau Prize for Research in Physics (Israel) in 1981.
Jacob Bekenstein received the First prize essay for the Gravity Research Foundation (United States) in 1981.
Jacob Bekenstein was elected to the World Jewish Academy of Sciences in 2003.
Jacob Bekenstein received the Second prize essay for the Gravity Research Foundation in 2001.
Jacob Bekenstein received the Weizmann Prize in the Exact Sciences (Tel Aviv, Israel) in 2011.
Jacob Bekenstein is the author of "Information in the Holographic Universe".
Jacob Bekenstein is a co-author of "Quantum Limitations on the Storage and Transmission of Information".
Jacob Bekenstein is the author of "Entropy content and information flow in systems with limited energy".
Jacob Bekenstein is the author of "Communication and energy".
Jacob Bekenstein is the author of "Entropy bounds and the second law for black holes".
Jacob Bekenstein is the author of "Specific entropy and the sign of the energy".
Jacob Bekenstein is the author of "Black holes and everyday physics".
Jacob Bekenstein is the author of "Universal upper bound to entropy-to-energy ratio for bounded systems".
Jacob Bekenstein is the author of "Energy cost of information transfer".
Jacob Bekenstein is the author of "Black-hole thermodynamics".
Jacob Bekenstein is the author of "Statistical black hole thermodynamics".
Jacob Bekenstein is the author of "Generalized second law of thermodynamics in black hole physics".
Jacob Bekenstein is the author of "Black holes and entropy".
Jacob Bekenstein is the author of "Black holes and the second law".
Jacob Bekenstein is the author of "Nonexistence of baryon number of static black holes".

**********Claims for hard query**********

TeVeS introduces three different fields in spacetime to replace the one gravitational field.
The emission of particles from black holes is known as Hawking radiation.
The Polytechnic Institute of Brooklyn is now known as the New York University Tandon School of Engineering.

**********Formulated hard query**********

`Something` introduces three different fields in spacetime to replace the one gravitational field.
The emission of particles from black holes is known as `something`.
The Polytechnic Institute of Brooklyn is now known as `something`.

**********Claims for medium query**********

Jacob Bekenstein's work transformed the long effort to unify quantum mechanics and gravitation.
Jacob Bekenstein was known for the Bekenstein bound.
Jacob Bekenstein immigrated to Israel to lecture and teach at Ben-Gurion University in Beersheba.

**********Formulated medium query**********

Jacob Bekenstein's work transformed something.
Jacob Bekenstein was known for something.
Jacob Bekenstein immigrated to Israel to lecture and teach at somewhere.

**********Claims for easy query**********

Jacob Bekenstein was a Mexican-born American-Israeli theoretical physicist.
Jacob Bekenstein continued to serve as Polak professor of theoretical physics at the Hebrew University until his death.
Jacob Bekenstein received the Wolf Prize in Physics in 2012.

**********Formulated easy query**********

Jacob Bekenstein was a person in a certain profession.
Jacob Bekenstein continued to serve in a certain position at a certain university until his death.
Jacob Bekenstein received something in 2012.

**********Page content extracted**********

Title: Tennessee Volunteers football
URL: https://en.wikipedia.org/wiki/Tennessee_Volunteers_football
Content: Jump to content

From Wikipedia, the free encyclopedia

Football team of the University of Tennessee

| Tennessee Volunteers football |
| --- |
| |     |     |
| --- | --- |
| ! | 2025 Tennessee Volunteers football team | |
| ! |
| First season | 1891; 13

**********Extracted claims**********

The Tennessee Volunteers football program represents the University of Tennessee.
The Tennessee Volunteers football program is also known as "Vols," "UT," and "Big Orange."
The Tennessee Volunteers football program has played football for 132 seasons, starting in 1891.
The combined record of the Tennessee Volunteers football program is 870–415–53 (.670).
The Tennessee Volunteers football program's combined record ranks them fourteenth on the all-time win list for NCAA football programs.
The Tennessee Volunteers football program's all-time ranking in bowl appearances is fifth (55).
The Tennessee Volunteers football program's all-time ranking in bowl victories is eighth (30).
The Tennessee Volunteers football program has won 16 conference championships.
The Tennessee Volunteers football program claims six national titles.
Two of the Tennessee Volunteers football program's claimed national titles (1951, 1998) were awarded by major wire-service polls (AP Poll and/or Coaches' Poll).
The Tennessee Volunteers football program plays at Neyland Stadium.
Neyland Stadium is located on the University of Tennessee campus in Knoxville.
The Tennessee Volunteers football program has won 485 games at Neyland Stadium.
Neyland Stadium has the highest home-field total in college football history for any school in the nation at its current home venue, with 494 on-field wins.
Neyland Stadium has a capacity of 101,915 seats.
Neyland Stadium is the nation's sixth largest stadium by capacity.
Neyland Stadium is the third largest stadium in the Southeastern Conference by capacity.
The Tennessee Volunteers football program was an Independent team from 1891–1895.
The Tennessee Volunteers football program was affiliated with the Southern Intercollegiate Athletic Association (SIAA) from 1896–1920.
The Tennessee Volunteers football program was affiliated with the Southern Conference (SoCon) from 1921–1932.
The Tennessee Volunteers football program has been affiliated with the Southeastern Conference (SEC) from 1933 to the present.
The Tennessee Volunteers football program's main rivalries include the Alabama Crimson Tide and the Vanderbilt Commodores.
The Tennessee Volunteers football program's longest and most played rivalry is with the Kentucky Wildcats.
Since the formation of the SEC Eastern Division in 1992, the Tennessee Volunteers football program has had emerging rivalries with the Florida Gators, Georgia Bulldogs, and South Carolina Gamecocks.
None of the current Tennessee Volunteers football program's rivalry games have trophies.
The Kentucky–Tennessee rivalry used to involve a trophy called the Beer Barrel from 1925 until 1999.
The Tennessee Volunteers football program used to have important rivalries with the Georgia Tech Yellow Jackets, Auburn Tigers, and Ole Miss Rebels.
The Georgia Tech Yellow Jackets left the SEC.
Realignment forced the Tennessee Volunteers football program to drop Auburn and Ole Miss from their annual schedule.
Tennessee has been selected as national champions six times by NCAA-designated major selectors.
The Associated Press (AP) has selected Tennessee as national champions twice, in 1951 and 1998.
The No. 1 Tennessee Volunteers football program lost in the Sugar Bowl following the 1951 season after being named AP and UPI national champions.
Before 1965 for the AP Poll and 1974 for the UPI poll, national champions were named before the bowl season.
The 1938 and 1950 Tennessee Volunteers football program championships, while not AP titles, were recognized by a majority and a plurality of overall selectors/polls, respectively.
Tennessee was awarded a national championship by various notable organizations in 1956, but the school does not claim this title.
Tennessee has won 13 SEC championships.
Tennessee has made five appearances in the SEC Championship Game as winners of the Southeastern Conference's Eastern Division.
The Tennessee Volunteers football program's most recent SEC Championship Game appearance was in 2007.
The Tennessee Volunteers football program has a 2–3 record in SEC Championship Games.
Tennessee has had 24 head coaches since the 1891 season.
Robert Neyland is the leader in seasons coached for the Tennessee Volunteers football program.
Robert Neyland is the leader in games won for the Tennessee Volunteers football program, with 173 victories in 21 seasons.
John Barnhill has the highest winning percentage for Tennessee coaches who coached more than one game, with .846.
James DePree has the lowest winning percentage for Tennessee coaches who coached more than one game, with .306.
Five former Tennessee head coaches (Neyland, Wyatt, Dickey, Majors, and Fulmer) have been inducted into the College Football Hall of Fame.
The Tennessee Volunteers football program holds an all-time bowl game record of 30–25 through the 2023 season, reflecting the removal of a vacated win from 2019.
The Tennessee Volunteers football program's all-time on-field bowl record is 31–25 (.554).
The Volunteers originally wore black uniforms from 1911 to 1920.
Orange jerseys with black wool numbers were first worn by the Volunteers on September 23, 1922.
The first game where orange jerseys with black wool numbers were worn was a 50–0 win against Emory & Henry.
In 1935, the Volunteers' jerseys were white with orange stripes on the sleeves.
In 1936, the Volunteers' jerseys changed to orange with white numbers.
White numbers first appeared on the front of the Volunteers' jerseys in 1936.
In 2009, the Volunteers wore black jerseys with orange pants on Halloween night against the South Carolina Gamecocks.
On October 5, 2013, the team debuted its "Smokey Gray" uniforms.
The first game where "Smokey Gray" uniforms were debuted was an overtime loss to the Georgia Bulldogs at Neyland Stadium.
In 2024, the team continues with "Smokey Gray" as the main uniform color.
For the first time in 2024, the "Smokey Gray" uniforms feature an orange 'Tennessee' across the chest.
The orange and white colors worn by the football team were selected by Charles Moore.
Charles Moore was a member of the first Tennessee football team in 1891.
The team colors were inspired by the American Daisy, which grew on The Hill at the university.
Tennessee football players did not wear the orange color until 1922.
The orange color is distinct to the school and is dubbed "UT Orange."
"UT Orange" has been offered by The Home Depot for sale as a licensed paint.
Home games at Neyland Stadium have been described as a "sea of Orange" due to the large number of fans wearing the school color.
The moniker _Big Orange_ derives from the usage of UT Orange.
The official spot color for UT Orange is PMS 151.
The University of Tennessee has had the "Smokey Gray" color since the 1930s.
Tennessee first sported their orange and white checkerboard end zone design in 1964 under coach Dickey.
The checkerboard end zone design remained at Neyland Stadium until artificial turf was installed in 1968.
The checkerboard end zone design was brought back in 1989.
The idea for the checkerboard design was inspired by the checkerboard design around the top of the clock tower at the historic Ayres Hall.
The checkerboard was bordered in orange from 1989 until natural grass replaced the artificial turf in 1994.
The return of natural grass in 1994 brought back the green (or grass colored) border for the checkerboard end zones.
Rocky Top is not the official Tennessee fight song.
_Down the Field_ is the official Tennessee fight song.
Rocky Top is the most popular song in use by the Pride of the Southland Marching Band.
The Pride of the Southland Marching Band began playing Rocky Top in the 1970s.
Rocky Top became popular as a Bluegrass tune by the Osborne Brothers.
Rocky Top became one of Tennessee's state songs in 1982.
Smokey is the mascot of the University of Tennessee sports teams.
Smokey is a Bluetick Coonhound mascot.
Smokey X leads the Vols on the field for football games.
On game weekends, Smokey is cared for by the members of Alpha Gamma Rho's Alpha Kappa chapter.
A costumed mascot, which has won several mascot championships, is present at every Vols game.
Smokey was selected as the mascot for Tennessee after a student poll in 1953.
A contest was held by the Pep Club in 1953 to select a coon hound native to Tennessee.
Rev. Bill Brooks' "Blue Smokey" was chosen as the mascot.
The current Smokey is Smokey XI.
Smokey X was retired at the conclusion of the 2022 season.
Smokey VIII saw a record of 91–22, two SEC titles, and the 1998 National Championship.
Head coach Johnny Majors conceived the idea for the Vol Walk.
The idea for the Vol Walk originated after a 1988 game at Auburn, inspired by the Tiger Walk.
The Vol Walk became an official part of gameday on October 20, 1990, in a Tennessee-Alabama match.
Prior to each home game, the Vols file out of the Neyland-Thompson Sports Complex.
The Vol Walk goes past the Tennessee Volunteers Wall of Fame, down Peyton Manning Pass, and onto Phillip Fulmer Way.
Thousands of fans line the street to shake the players' hands during the Vol Walk.
The Pride of the Southland Band plays Rocky Top during the Vol Walk.
The "T" appears in two special places in Vols history and tradition.
The "T" first appeared on the side of the helmets in 1964, added by coach Doug Dickey.
A rounded "T" came to the helmets in 1968.
Johnny Majors modified the orange helmet stripe to a thicker stripe in 1977.
The Vols _run through the T_ before games.
The "T" for the run-through is formed by the Pride of the Southland marching band.
The base of the "T" is at the entrance to the Tennessee locker room in the north end zone.
Team personnel hold the state flag and the UT flag during the run-through.
Smokey runs onto the field during the run-through.
The entire UT team storms through the "T" to loud cheers and applause.
Coach Dickey brought the "run through the T" tradition to UT in 1965.
From 1965, the Vols' locker room was underneath the East stands.
The team would run through the "T" and turn back to return to their sideline when the locker room was under the East stands.
Beginning in 1983, the team made a left turn inside the "T" and ran toward their former bench on the east sideline.
The locker room was moved from the east sideline to the north end zone in 1983.
On January 24, 2010, it was announced that the Vols would switch their sideline from the east to the west for all home games.
The sideline switch resulted in the Vols making a right turn out of the "T" instead of a left.
The sideline change took effect with Tennessee's first home game of the 2010 season against UT-Martin.
The nickname "Volunteers" (or "Vols") derives from the State of Tennessee's nickname.
Tennessee is known as the "Volunteer State."
Tennessee earned the nickname "Volunteer State" during the War of 1812.
Volunteer soldiers from Tennessee played a prominent role in the War of 1812, especially during the Battle of New Orleans.
Around 200 or more boats normally dock outside Neyland Stadium on the Tennessee River before games.
The Vol Navy fleet was started by former Tennessee broadcaster George Mooney in 1962.
George Mooney started the Vol Navy to avoid traffic around the stadium.
The Vol Navy has grown from one man tying his runabout to a nearby tree and climbing through a wooded area to the stadium.
Many fans arrive several days in advance to socialize as part of the Vol Navy.
The Vols have built a large walkway for fans to safely walk to and from the shoreline.
UT, the University of Pittsburgh, Baylor University, and the University of Washington are the only schools with football stadiums built next to major bodies of water.
As of the end of the 2023 regular season, Tennessee ranks eleventh all-time in won-lost records by percentage.
As of the end of the 2023 regular season, Tennessee ranks tenth all-time in victories.
The all-time record for Tennessee football is 870–415–53 (.670).
At Neyland Stadium, the Vols have an official record of 478–141–17 (.765).
11 additional wins from 2019–20 were vacated by an NCAA Committee on Infractions penalty ruling in July 2023.
One of the vacated victories was in a bowl game.
Tennessee's all-time on-field record is 881–415–53 (.673).
Tennessee's all-time on-field record at Neyland Stadium is 494–142–18 (.770).
The UT football season records are taken from the official record books of the University Athletic Association.
Tennessee's last national championship was in the 1998 college football season.
Tennessee holds the NCAA record for the most consecutive shutout wins with 17.
The consecutive shutout streak started with a Volunteers win against Tennessee-Chattanooga on November 30, 1938.
The consecutive shutout streak ended with a 27–12 loss against Alabama on October 19, 1940.
During the 17-game shutout streak, Tennessee outscored its opponents 479–0.
Tennessee also holds the record for the most consecutive quarters opponents held scoreless, with 71.
Neyland Stadium surrounds Shields–Watkins Field.
Shields–Watkins Field is the official name of the playing surface at Neyland Stadium.
Tennessee boasts the most college football hall of famers in the SEC.
Tennessee has the seventh most college football hall of famers in major college football.
Tennessee has the ninth most college football hall of famers of all college football programs.
Tennessee has 24 college football hall of famers.
Tennessee has retired eight jersey numbers.
Peyton Manning won the Maxwell Award in 1997.
Peyton Manning won the Davey O'Brien Award in 1997.
Peyton Manning won the Johnny Unitas Golden Arm Award in 1997.
Steve DeLong won the Outland Trophy in 1964.
John Henderson won the Outland Trophy in 2000.
Peyton Manning won the Draddy Trophy in 1997.
Michael Munoz won the Draddy Trophy in 2004.
Eric Berry won the Jim Thorpe Award in 2009.
Jalin Hyatt won the Fred Biletnikoff Award in 2022.
Phillip Fulmer won The Home Depot Coach of the Year Award in 1998.
Phillip Fulmer won the Eddie Robinson Coach of the Year Award in 1998.
David Cutcliffe won the Broyles Award in 1998.
John Chavis won the American Football Coaches Association Assistant Coach of the Year Award in 2006.
Phillip Fulmer won the Robert R. Neyland Award in 2009.
From 1992 to 2023, Tennessee played in the East Division of the SEC.
During the 1992-2023 period, Tennessee played each opponent in its division each year.
During the 1992-2023 period, Tennessee also played several teams from the West Division.
In 2024, the SEC expanded the conference to 16 teams.
In 2024, the SEC eliminated its two divisions.
The SEC's expansion and division elimination caused a new scheduling format for the Volunteers.
The SEC announced that teams will play the same opponents in 2025 as in 2024.
For 2025, sites for games will be changed to ensure equal home and away competition over the course of the two seasons.
The SEC is still considering a new format for the future beyond 2025.

**********Claims for hard query**********

For 2025, sites for games will be changed to ensure equal home and away competition over the course of the two seasons.
In 2024, the SEC eliminated its two divisions.
The idea for the checkerboard design was inspired by the checkerboard design around the top of the clock tower at the historic Ayres Hall.

**********Formulated hard query**********

For 2025, sites for games will be changed in a certain way.
In 2024, the SEC eliminated something.
The idea for the checkerboard design was inspired by something.

**********Claims for medium query**********

The Vol Navy fleet was started by former Tennessee broadcaster George Mooney in 1962.
From 1992 to 2023, Tennessee played in the East Division of the SEC.
John Barnhill has the highest winning percentage for Tennessee coaches who coached more than one game, with .846.

**********Formulated medium query**********

The Vol Navy fleet was started by someone in 1962.
From 1992 to 2023, Tennessee played in a certain division.
John Barnhill has the highest winning percentage for Tennessee coaches who coached more than one game, with a certain percentage.

**********Claims for easy query**********

The Tennessee Volunteers football program is also known as "Vols," "UT," and "Big Orange."
The Tennessee Volunteers football program represents the University of Tennessee.
The Tennessee Volunteers football program has played football for 132 seasons, starting in 1891.

**********Formulated easy query**********

The Tennessee Volunteers football program is also known by certain names.
The Tennessee Volunteers football program represents something.
The Tennessee Volunteers football program has played football for a certain number of seasons, starting in 1891.

**********Page content extracted**********

Title: 1971–72 Ranji Trophy
URL: https://en.wikipedia.org/wiki/1971%E2%80%9372_Ranji_Trophy
Content: Jump to content

From Wikipedia, the free encyclopedia

Cricket tournament

| !Tournament logo The Ranji Trophy, which the winners get. |
| Administrator(s) | BCCI |
| Cricket format | First-class cricket |
| Tournament format(s) | League and knockout |
|

**********Extracted claims**********

The 1971–72 Ranji Trophy was the 38th season of the Ranji Trophy.
Bombay won the 1971–72 Ranji Trophy.
Bombay defeated Bengal in the final of the 1971–72 Ranji Trophy.
The 1971–72 Ranji Trophy marked Bombay's 14th consecutive title victory.
Bombay secured its 23rd title overall in the Ranji Trophy.
The Board of Control for Cricket in India (BCCI) is the administrator of the Ranji Trophy.
The Ranji Trophy is played in the First-class cricket format.
The Ranji Trophy tournament format includes league and knockout stages.
22 participants competed in the Ranji Trophy season.
Chetan Chauhan of Maharashtra scored the most runs (540) in the 1971–72 Ranji Trophy.
Padmakar Shivalkar of Bombay took the most wickets (41) in the 1971–72 Ranji Trophy.
Bengal was captained in the final by former Indian football captain Chuni Goswami.
In the East Zone, Bengal finished first with 21 points and qualified for the next round.
In the East Zone, Bihar finished second with 20 points.
In the East Zone, Orissa finished third with 5 points.
In the East Zone, Assam finished fourth with 3 points.
In the South Zone, Hyderabad finished first with 30 points and qualified for the next round.
In the South Zone, Mysore finished second with 24 points.
In the South Zone, Tamil Nadu finished third with 22 points.
In the South Zone, Kerala finished fourth with 8 points.
In the South Zone, Andhra finished fifth with 0 points.
In the North Zone, Punjab finished first with 16 points and qualified for the next round.
In the North Zone, Railways finished second with 15 points.
In the North Zone, Delhi finished third with 15 points.
In the North Zone, Haryana finished fourth with 3 points.
In the Central Zone, Madhya Pradesh finished first with 19 points and qualified for the next round.
In the Central Zone, Rajasthan finished second with 16 points.
In the Central Zone, Uttar Pradesh finished third with 10 points.
In the Central Zone, Vidarbha finished fourth with 3 points.
In the West Zone, Bombay finished first with 31 points and qualified for the next round.
In the West Zone, Maharashtra finished second with 24 points.
In the West Zone, Baroda finished third with 11 points.
In the West Zone, Gujarat finished fourth with 8 points.
In the West Zone, Saurashtra finished fifth with 6 points.
In the pre-quarter-finals, Bihar defeated Railways.
In the quarter-finals, Bombay defeated Bihar.
In the quarter-finals, Mysore defeated Rajasthan.
In the quarter-finals, Bengal defeated Maharashtra.
In the quarter-finals, Hyderabad defeated Punjab.
In the semi-finals, Bombay defeated Mysore.
In the semi-finals, Bengal defeated Hyderabad.
The final match was played from April 21 to April 26, 1972.
The final match was played at Brabourne Stadium in Bombay.
Bombay won the toss in the final and decided to bat first.
In their first innings, Bombay scored 377 runs in 135.2 overs.
Sunil Gavaskar scored 157 runs for Bombay in their first innings.
Subroto Guha took 3 wickets for 77 runs against Bombay in their first innings.
In their first innings, Bengal scored 279 runs in 119.2 overs.
Ashok Gandotra scored 92 runs for Bengal in their first innings.
Padmakar Shivalkar took 3 wickets for 75 runs against Bengal in their first innings.
In their second innings, Bombay scored 254 runs in 83.5 overs.
Ashok Mankad scored 98 runs for Bombay in their second innings.
Dilip Doshi took 3 wickets for 73 runs against Bombay in their second innings.
In their second innings, Bengal scored 106 runs in 38.4 overs.
Kalyan Chowdhury scored 20 runs for Bengal in their second innings.
Padmakar Shivalkar took 6 wickets for 43 runs against Bengal in their second innings.
Bombay won the final by 246 runs.
The umpires for the final were B. Satyaji Rao and M. V. Nagendra.

**********Claims for hard query**********

In the North Zone, Delhi finished third with 15 points.
In the North Zone, Haryana finished fourth with 3 points.
In the South Zone, Andhra finished fifth with 0 points.

**********Formulated hard query**********

In the North Zone, Delhi finished in a certain position with 15 points.
In the North Zone, Haryana finished fourth with a certain score.
In the South Zone, someone finished fifth with 0 points.

**********Claims for medium query**********

In the East Zone, Bengal finished first with 21 points and qualified for the next round.
Kalyan Chowdhury scored 20 runs for Bengal in their second innings.
Padmakar Shivalkar took 3 wickets for 75 runs against Bengal in their first innings.

**********Formulated medium query**********

In **something**, Bengal finished first with 21 points and qualified for the next round.
**Someone** scored 20 runs for Bengal in their second innings.
Padmakar Shivalkar took **something** against Bengal in their first innings.

**********Claims for easy query**********

The 1971–72 Ranji Trophy was the 38th season of the Ranji Trophy.
Bombay won the 1971–72 Ranji Trophy.
The 1971–72 Ranji Trophy marked Bombay's 14th consecutive title victory.

**********Formulated easy query**********

The 1971–72 Ranji Trophy was something of the Ranji Trophy.
Something won the 1971–72 Ranji Trophy.
The 1971–72 Ranji Trophy marked Bombay's something.

**********Page content extracted**********

Title: Cyber Citizen Shockman 2: A New Menace
URL: https://en.wikipedia.org/wiki/Cyber_Citizen_Shockman_2%3A_A_New_Menace
Content: Jump to content

From Wikipedia, the free encyclopedia

1991 video game

"Shockman" redirects here. For the first game in the series, see Cyber Citizen Shockman.

1991 video game

| Cyber Citizen Shockman 2: A New Menace |
| --- |
| ! Japanese cover art |

**********Extracted claims**********

_Cyber Citizen Shockman 2: A New Menace_ is a 1991 video game.
The Japanese title for the game is _Kaizō Chōjin Shubibinman 2: Aratanaru Teki_.
The game was developed by Winds.
The game was published by Masaya Games, NCS Corporation, Hudson Soft, and Ratalaika Games.
The game was released on TurboGrafx-16, Nintendo Switch, PlayStation 4, PlayStation 5, Xbox One, and Xbox Series X/S.
The TurboGrafx-16 version was released in Japan on April 27, 1991.
The TurboGrafx-16 version was released in North America on November 22, 1992.
The Nintendo Switch, PlayStation 4/5, Xbox One, and Xbox Series X/S versions were released worldwide on September 22, 2023.
The game's genre is platform.
The game supports up to 2 players.
The game was released in the United States in 1992 as _Shockman_.
_Cyber Citizen Shockman 2: A New Menace_ is the only game in the _Cyber Citizen Shockman_ series to have a contemporary release outside Japan.
The plot of _A New Menace_ takes place approximately two years after the original _Cyber Citizen Shockman_.
Arnold, known as Tasuke in the Japanese version, works as a cook in a local restaurant.
Sonya, known as Kyapiko, remains a student.
Doc constantly suspected another invasion was coming after the fall of the Dark Skull.
Arnold and Sonya conducted searches for new invaders but did not find anything before Doc was kidnapped.
An alien empire led by Ryo plans to take over the world.
Two other villains, Jeeta (Bēta) and Mue (Myū), have appeared with powers similar to Arnold and Sonya, and are described as dark Shockmen.
Arnold and Sonya must rescue Doc.
Arnold and Sonya must stop Ryo from taking over the world.
Arnold and Sonya must avoid being killed by Jeeta and Mue.
_A New Menace_ plays differently from the previous title.
Swordplay has been eliminated from the gameplay.
Swordplay is replaced by a ranged weapon similar to Mega Man's Mega Buster.
The world map, upgrades, and hostages have been removed from the game.
The game includes two side-scrolling shooter stages.
Jump control has been altered in the game.
The game was re-released on the Wii Virtual Console worldwide throughout 2007.
The game was released in the 2010s for the Wii U Virtual Console.
The game received a release for the iPhone in 2011 through an app called "PC Engine Gamebox".
The "PC Engine Gamebox" app included several other PC Engine titles.
Ratalaika Games re-released the game on September 22, 2023.
The game received average reviews from critics.
The Japanese publication _Micom BASIC Magazine_ ranked the game third in popularity in its July 1991 issue.
The game received a score of 22.63 out of 30 in a 1993 readers' poll conducted by _PC Engine Fan_.
The game ranked at the number 113 spot among PC Engine titles in a 1993 readers' poll by _PC Engine Fan_.
_Eurogamer_ gave the game a score of 6/10.
_Famitsu_ gave the game a score of 21/40.
_Gekkan PC Engine_ gave the game a score of 80/100.
_Génération 4_ gave the game a score of 70%.
_Joystick_ gave the game a score of 83%.
_Marukatsu PC Engine_ gave the game a score of 27/40.
_Nintendo Life_ gave the game a score of 6/10.
_Play Time_ gave the game a score of 44%.

**********Claims for hard query**********

Arnold and Sonya must avoid being killed by Jeeta and Mue.
Doc constantly suspected another invasion was coming after the fall of the Dark Skull.
Sonya, known as Kyapiko, remains a student.

**********Formulated hard query**********

Arnold and Sonya must avoid being killed by someone.
Doc constantly suspected another invasion was coming after the fall of something.
Sonya, known as Kyapiko, is in a certain state.

**********Claims for medium query**********

The game received a release for the iPhone in 2011 through an app called "PC Engine Gamebox".
_Play Time_ gave the game a score of 44%.
The game's genre is platform.

**********Formulated medium query**********

The game received a release for `something` in 2011 through an app called "PC Engine Gamebox".
`Someone` gave the game a score of 44%.
The game's genre is `a certain type of game`.

**********Claims for easy query**********

_Cyber Citizen Shockman 2: A New Menace_ is the only game in the _Cyber Citizen Shockman_ series to have a contemporary release outside Japan.
_Cyber Citizen Shockman 2: A New Menace_ is a 1991 video game.
The game was released in the United States in 1992 as _Shockman_.

**********Formulated easy query**********

_Cyber Citizen Shockman 2: A New Menace_ is the only game in the _Cyber Citizen Shockman_ series to have a release in a certain way.
_Cyber Citizen Shockman 2: A New Menace_ is a something video game.
The game was released in the United States in 1992 as something.

**********Page content extracted**********

Title: The Witches and the Grinnygog (TV series)
URL: https://en.wikipedia.org/wiki/The_Witches_and_the_Grinnygog_(TV_series)
Content: Jump to content#bodyContent)

From Wikipedia, the free encyclopedia

1983 British TV series or programme

| _The Witches and the Grinnygog_ |
| --- |
| ! |
| Created by | Roy Russell |
| Directed by | Diarmuid Lawrence |
| Starring | Patricia Hayes Adam W

**********Extracted claims**********

_The Witches and the Grinnygog_ is a British television series.
_The Witches and the Grinnygog_ was first aired in 1983.
_The Witches and the Grinnygog_ was released from 14 November 1983 to 19 December 1983.
Roy Russell created _The Witches and the Grinnygog_.
Diarmuid Lawrence directed _The Witches and the Grinnygog_.
Patricia Hayes starred in _The Witches and the Grinnygog_.
Adam Woodyatt starred in _The Witches and the Grinnygog_.
Anna Wing starred in _The Witches and the Grinnygog_.
John Barrard starred in _The Witches and the Grinnygog_.
Olu Jacobs starred in _The Witches and the Grinnygog_.
James Harpham composed music for _The Witches and the Grinnygog_.
The country of origin for _The Witches and the Grinnygog_ is the United Kingdom.
The original language of _The Witches and the Grinnygog_ is English.
_The Witches and the Grinnygog_ has one season.
_The Witches and the Grinnygog_ has six episodes.
Anna Home was the executive producer for _The Witches and the Grinnygog_.
The running time for each episode of _The Witches and the Grinnygog_ is 25 minutes.
TVS was the production company for _The Witches and the Grinnygog_.
_The Witches and the Grinnygog_ aired on the ITV network.
The story of _The Witches and the Grinnygog_ was adapted from a book titled _The Witches and the Grinnygog_.
Dorothy Edwards wrote the book _The Witches and the Grinnygog_.
_The Witches and the Grinnygog_ was re-broadcast in the US.
_The Witches and the Grinnygog_ was re-broadcast in Canada.
_The Witches and the Grinnygog_ was re-broadcast in New Zealand.
_The Witches and the Grinnygog_ was re-broadcast in Israel.
A strange statue, known as the Grinnygog, fell off the back of a truck.
The truck was carrying stones from an old church for relocation.
A woman discovered the Grinnygog on her way home from the store.
The woman took the statue home.
The woman gave the statue to her elderly father as a garden ornament.
The family possessing the Grinnygog began to experience strange feelings of euphoria.
The family possessing the Grinnygog began to experience a desire to participate in folk magic rituals.
A nervous, "other-worldly" child began to be seen around the town.
The nervous child appeared lost and frightened.
Three eccentric older women arrived in the town.
The three women appeared to be searching for something.
The three women brought a "daughter" of one of the women with them.
The "daughter" was later revealed to be a mannequin.
The mannequin appeared to be walking by itself at one point.
The three women are witches from England's 17th century.
The witches escaped a witch-hunt by slipping through time into the modern age.
The Grinnygog was an image of the Horned God.
The Grinnygog had lain dormant until its removal from the church.
The Grinnygog summoned the witches to the present day.
One of the witches is looking for her daughter.
The daughter was separated during a witch-burning held hundreds of years ago in the town.
The daughter escaped by slipping through time.
The daughter slipped through time only intermittently.
The daughter is lost without her mother.
A group of children worked out the presence of the witches and their relationship to the Grinnygog.
The children investigated their town's local history.
The children discovered that the town must make amends for the ancient injustice of witch-burning.
An old manuscript revealed one clue.
A town elder wrote the old manuscript.
The town elder heard of the witch-burning from his elderly servant.
The town elder wrote an account of the event in a journal.
The town elder died before revealing the final clue about the escaped witches.
The arrival of an African witch doctor named Mr. Alabaster was another clue.
Mr. Alabaster was seeking out the witches to help them.
The story ends with the witches reunited with the daughter.
The witches were taken away by Mr. Alabaster.
The Grinnygog was taken away with the witches and Mr. Alabaster.
The TV series was filmed in and around Titchfield, Hampshire.
The TV series was filmed in and around Bishop's Waltham, Hampshire.
_The Witches and the Grinnygog_ was shown on Nickelodeon in the United States.
_The Witches and the Grinnygog_ was shown as part of the anthology series _The Third Eye_.
Episode 1 of _The Witches and the Grinnygog_ aired on 14 November 1983.
Episode 2 of _The Witches and the Grinnygog_ aired on 21 November 1983.
Episode 3 of _The Witches and the Grinnygog_ aired on 28 November 1983.
Episode 4 of _The Witches and the Grinnygog_ aired on 5 December 1983.
Episode 5 of _The Witches and the Grinnygog_ aired on 12 December 1983.
Episode 6 of _The Witches and the Grinnygog_ aired on 19 December 1983.
Paul Curtis played Jimmy Firkettle.
Zoe Loftin played Essie Firkettle.
Adam Woodyatt played Dave Firkettle.
Giles Harper played Colin Sogood.
Heidi Mayo played Nan Sogood.
Sheila Grant played Mrs. Ems.
Anna Wing played Edie Possett.
Patricia Hayes played Miss Bendybones.
Eva Griffith played Margaret "Daisy" Ems.
Robert Swann played Reverend Anthony Sogood.
John Barrard played Granddad Adams.
Jane Wood played Mrs. Firkettle.
Olu Jacobs played Twebele Alabaster.
Anne Dyson played Miss Possett.
Liam O'Callaghan played Patrick Flanagan.
Gary Hailes played Flanagan's mate.
Alan Rowe played Major Gilmour.
George Malpas played Old Peggy.
Hilda Fenemore played Mrs. Featherly.
Carolyn Courage played the News Interviewer.
Heather Tobias played the Shop Customer.
Tariq Yunus played the Bus Driver.
A song is featured in episode 4 of the series.
The song is sung by the Granddad and the children.
The lyrics of the song are taken from the original book by Dorothy Edwards.
The book by Dorothy Edwards refers to the ‘la-las’ in the song as being in place of forgotten words.
No explanation of the meaning of the song is given in the TV adaptation.
The book contains more lines for the song than the TV adaptation.
The TV adaptation's song is sung to a memorable, evocative melody.
The melody of the song is repeated during the end credits.
The lyrics of the song sung in episode 4 are: “Great Hern would horn, ‘Fore I was born. Flash green and grin the round, Up besom fly, Tra-la-la la-la-la”.
There has been no domestic commercial release of the series on any format in the UK.
The lack of release is possibly due to ongoing rights issues.
The production company, TVS, dropped out of the ITV network in 1992.
TVS subsequently went through a number of take-overs.
The problem of no commercial release affects the majority of the TVS programme archive.
Much of the original production paperwork and sales documentation has been lost.
The Walt Disney Company are the current owners of the TVS programme archive.
The Walt Disney Company appears to have little or no interest in these programmes.

**********Claims for hard query**********

The mannequin appeared to be walking by itself at one point.
The woman gave the statue to her elderly father as a garden ornament.
The truck was carrying stones from an old church for relocation.

**********Formulated hard query**********

Something appeared to be walking by itself at one point.
The woman gave the statue to her elderly father for a certain purpose.
The truck was carrying something from an old church for relocation.

**********Claims for medium query**********

Anne Dyson played Miss Possett.
A strange statue, known as the Grinnygog, fell off the back of a truck.
The Grinnygog was an image of the Horned God.

**********Formulated medium query**********

Someone played Miss Possett.
A strange statue, known as the Grinnygog, happened in a certain way.
The Grinnygog was an image of something.

**********Claims for easy query**********

_The Witches and the Grinnygog_ is a British television series.
_The Witches and the Grinnygog_ aired on the ITV network.
_The Witches and the Grinnygog_ was re-broadcast in the US.

**********Formulated easy query**********

_The Witches and the Grinnygog_ is a television series from a certain country.
_The Witches and the Grinnygog_ aired on a certain network.
_The Witches and the Grinnygog_ was re-broadcast in a certain country.

**********Page content extracted**********

Title: Interleukin 7
URL: https://en.wikipedia.org/wiki/Interleukin_7
Content: Jump to content

From Wikipedia, the free encyclopedia

Growth factor secreted by stromal cells in the bone marrow and thymus.

| IL7 |
| --- |
| ! |
| | Available structures |
| --- |
| PDB | Ortholog search: PDBe RCSB |
| | showList of PDB id codes |
| 

**********Extracted claims**********

Interleukin 7 (IL-7) is a protein.
The _IL7_ gene encodes Interleukin 7 in humans.
IL-7 is a hematopoietic growth factor.
IL-7 is secreted by stromal cells in the bone marrow and thymus.
Keratinocytes, follicular dendritic cells, hepatocytes, neurons, and epithelial cells also produce IL-7.
Normal lymphocytes do not produce IL-7.
Autocrine production of IL-7 cytokine by T-cell acute lymphoblastic leukemia (T-ALL) can be involved in the oncogenic development of T-ALL.
Autocrine production of IL-7 cytokine by T-ALL offers novel insights into T-ALL spreading.
The three-dimensional structure of IL-7 in complex with the ectodomain of IL-7 receptor has been determined.
X-ray diffraction was used to determine the three-dimensional structure of IL-7 in complex with the ectodomain of IL-7 receptor.
IL-7 is a cytokine important for B and T cell development.
IL-7 and hepatocyte growth factor (HGF) form a heterodimer.
The IL-7 and HGF heterodimer functions as a pre-pro-B cell growth-stimulating factor.
IL-7 is a cofactor for V(D)J rearrangement of the T cell receptor beta (TCRß) during early T cell development.
Knockout studies in mice suggest that IL-7 plays an essential role in lymphoid cell survival.
IL-7 binds to the IL-7 receptor.
The IL-7 receptor is a heterodimer consisting of Interleukin-7 receptor alpha and common gamma chain receptor.
Binding of IL-7 to its receptor results in a cascade of signals.
These signals are important for T-cell development within the thymus and survival within the periphery.
Knockout mice genetically lacking the IL-7 receptor exhibit thymic atrophy.
Knockout mice genetically lacking the IL-7 receptor exhibit arrest of T-cell development at the double positive stage.
Knockout mice genetically lacking the IL-7 receptor exhibit severe lymphopenia.
Administration of IL-7 to mice results in an increase in recent thymic emigrants.
Administration of IL-7 to mice results in increases in B and T cells.
Administration of IL-7 to mice results in increased recovery of T cells after cyclophosphamide administration.
Administration of IL-7 to mice results in increased recovery of T cells after bone marrow transplantation.
IL-7 promotes hematological malignancies.
Hematological malignancies promoted by IL-7 include acute lymphoblastic leukemia and T cell lymphoma.
Elevated levels of IL-7 have been detected in the plasma of HIV-infected patients.
IL-7 as an immunotherapy agent has been examined in pre-clinical animal studies and human clinical trials.
Recombinant IL-7 has been safely administered to patients in several phase I and II clinical trials.
A human study of IL-7 in cancer patients demonstrated that its administration can transiently disrupt the homeostasis of both CD8+ and CD4+ T cells.
The administration of IL-7 in cancer patients leads to a commensurate decrease in the percentage of CD4+CD25+Foxp3+ T regulatory cells.
No objective cancer regression was observed in a human study of IL-7 in cancer patients.
A dose limiting toxicity (DLT) was not reached in a human study of IL-7 in cancer patients due to the development of neutralizing antibodies against the recombinant cytokine.
Associated with antiretroviral therapy, IL-7 administration decreased local and systemic inflammations in patients who had incomplete T-cell reconstitution.

**********Claims for hard query**********

Knockout mice genetically lacking the IL-7 receptor exhibit arrest of T-cell development at the double positive stage.
X-ray diffraction was used to determine the three-dimensional structure of IL-7 in complex with the ectodomain of IL-7 receptor.
These signals are important for T-cell development within the thymus and survival within the periphery.

**********Formulated hard query**********

Some animals genetically lacking the IL-7 receptor exhibit arrest of T-cell development at the double positive stage.
In a certain way was used to determine the three-dimensional structure of IL-7 in complex with the ectodomain of IL-7 receptor.
These signals are important for a certain process and survival within the periphery.

**********Claims for medium query**********

Administration of IL-7 to mice results in increased recovery of T cells after bone marrow transplantation.
Keratinocytes, follicular dendritic cells, hepatocytes, neurons, and epithelial cells also produce IL-7.
The IL-7 and HGF heterodimer functions as a pre-pro-B cell growth-stimulating factor.

**********Formulated medium query**********

Administration of IL-7 to mice results in increased recovery of T cells after a certain medical procedure.
Certain types of cells also produce IL-7.
The IL-7 and HGF heterodimer functions as something.

**********Claims for easy query**********

The _IL7_ gene encodes Interleukin 7 in humans.
Interleukin 7 (IL-7) is a protein.
IL-7 is a hematopoietic growth factor.

**********Formulated easy query**********

The _IL7_ gene is related to Interleukin 7 in humans in a certain way.
Interleukin 7 (IL-7) is in a certain state.
IL-7 is something.

**********Validation Result**********

subquestion 'Interleukin 7 (IL-7) is in a certain state.' is NOT supported by the context.
<reject> The information "Interleukin 7 (IL-7) is in a certain state" is too vague. While the content describes various properties, functions, and conditions related to IL-7 (e.g., being a protein, secreted, involved in different processes, elevated in HIV patients), it does not explicitly state that it is "in a certain state." </reject>

**********Page content extracted**********

Title: Panulirus echinatus
URL: https://en.wikipedia.org/wiki/Panulirus_echinatus
Content: Jump to content

From Wikipedia, the free encyclopedia

Species of crustacean

| _Panulirus echinatus_ |
| --- |
| ! |
| Conservation status |
| ! Least Concern ( IUCN 3.1) |
| Scientific classification "Taxonomy (biology)")!Edit this classification |
| K

**********Extracted claims**********

_Panulirus echinatus_ is a species of crustacean.
_Panulirus echinatus_ is also known as the brown spidy lobster.
_Panulirus echinatus_ lives on rocky reefs in the tropical western Atlantic Ocean.
_Panulirus echinatus_ lives on rocky reefs in the central Atlantic Islands.
The binomial name of the species is _Panulirus echinatus_.
Smith, 1869, is the authority for the species _Panulirus echinatus_.
The conservation status of _Panulirus echinatus_ is "Least Concern".
The "Least Concern" status for _Panulirus echinatus_ is according to IUCN 3.1.
_Panulirus echinatus_ belongs to the Kingdom Animalia.
_Panulirus echinatus_ belongs to the Phylum Arthropoda.
_Panulirus echinatus_ belongs to the Class Malacostraca.
_Panulirus echinatus_ belongs to the Order Decapoda.
_Panulirus echinatus_ belongs to the Suborder Pleocyemata.
_Panulirus echinatus_ belongs to the Family Palinuridae.
_Panulirus echinatus_ belongs to the Genus _Panulirus_.
_Panulirus echinatus_ has no pincer-like chelae on its front walking legs.
_Panulirus echinatus_ has just two large spines on the antennular plate, which is in front of its carapace.
The exopod of the third feeding appendage of _Panulirus echinatus_ is reduced.
The exopod of the third feeding appendage of _Panulirus echinatus_ bears no flagellum.
The basic color of _Panulirus echinatus_ is brown.
_Panulirus echinatus_ has large white rounded spots.
The antennules of _Panulirus echinatus_ are brown.
The limbs of _Panulirus echinatus_ are brown.
The antennules of _Panulirus echinatus_ have longitudinal white or yellow markings.
The limbs of _Panulirus echinatus_ have longitudinal white or yellow markings.
The average size of _Panulirus echinatus_ varies over different parts of its range.
Males of _Panulirus echinatus_ grow to a carapace length of about 19 cm (7.5 in).
Females of _Panulirus echinatus_ grow to a carapace length of about 15 cm (6 in).
Males of _Panulirus echinatus_ are generally more numerous than females.
Males of _Panulirus echinatus_ are generally larger than females.
Males of _Panulirus echinatus_ are generally heavier than females.
Females of _Panulirus echinatus_ feed less during the breeding season.
_Panulirus echinatus_ is found off the coasts of northern Brazil.
_Panulirus echinatus_ is found on the Atlantic Islands of Cape Verde.
_Panulirus echinatus_ is found on Saint Helena.
_Panulirus echinatus_ is found on Ascension Island.
_Panulirus echinatus_ is found on Tristan da Cunha.
_Panulirus echinatus_ is found on the Canary Islands.
The depth range of _Panulirus echinatus_ is about 35 m (115 ft).
_Panulirus echinatus_ is seldom found deeper than 25 m (82 ft).
_Panulirus echinatus_ lives on rocks.
_Panulirus echinatus_ lives among boulders.
_Panulirus echinatus_ hides in cracks and fissures during the day.
_Panulirus echinatus_ is a nocturnal feeder.
_Panulirus echinatus_ is a generalist feeder.
_Panulirus echinatus_ is an opportunistic browser.
Examination of stomach contents of _Panulirus echinatus_ caught on the Saint Peter and Saint Paul Archipelago shows that fish is the largest dietary item.
Crustaceans form part of the diet of _Panulirus echinatus_.
The green alga _Caulerpa racemosa_ is part of the diet of _Panulirus echinatus_.
_Caulerpa racemosa_ is common in the Saint Peter and Saint Paul Archipelago study area.
Calcareous algae scraped off the rock surface are consumed by _Panulirus echinatus_.
Calcareous algae are an important source of calcium for the formation of the hard shell of _Panulirus echinatus_.
Rock fragments found in the stomach of _Panulirus echinatus_ are likely ingested accidentally.
Females of _Panulirus echinatus_ carry their egg mass on their abdomens, under their tails.
Females of _Panulirus echinatus_ carry their egg mass for several months until the eggs hatch.
During the egg-carrying period, females of _Panulirus echinatus_ are likely to hide away more in crevices.
During the egg-carrying period, females of _Panulirus echinatus_ spend less time feeding.
Males of _Panulirus echinatus_ do not change their feeding behavior during the breeding season.
The larvae of _Panulirus echinatus_ are planktonic.
A late-stage phyllosoma larva taken in mid-ocean has been identified as belonging to the species _Panulirus echinatus_.
The identification of the larva was achieved by mitochondrial DNA analysis.
_Panulirus echinatus_ has a wide distribution.
_Panulirus echinatus_ is very common within its range.
_Panulirus echinatus_ is harvested in most areas where it is found.
_Panulirus echinatus_ is fished commercially in Saint Helena.
_Panulirus echinatus_ is fished commercially in the Cape Verde Islands.
The population trend of _Panulirus echinatus_ is unclear.
The population of _Panulirus echinatus_ has likely been reduced over the years due to fishing pressure.
_Panulirus echinatus_ is likely resilient.
_Panulirus echinatus_ is not likely to suffer local extinctions.
The high fecundity of the female _Panulirus echinatus_ contributes to the species' resilience.
The International Union for Conservation of Nature has assessed the conservation status of _Panulirus echinatus_ as "least concern".

**********Claims for hard query**********

Males of _Panulirus echinatus_ do not change their feeding behavior during the breeding season.
_Caulerpa racemosa_ is common in the Saint Peter and Saint Paul Archipelago study area.
The identification of the larva was achieved by mitochondrial DNA analysis.

**********Formulated hard query**********

Males of _Panulirus echinatus_ do not change their feeding behavior in a certain way.
Something is common in the Saint Peter and Saint Paul Archipelago study area.
The identification of the larva was achieved in a certain way.

**********Claims for medium query**********

_Panulirus echinatus_ is found on the Atlantic Islands of Cape Verde.
The population trend of _Panulirus echinatus_ is unclear.
_Panulirus echinatus_ lives on rocks.

**********Formulated medium query**********

_Panulirus echinatus_ is found in a certain place.
The population trend of _Panulirus echinatus_ is in a certain state.
_Panulirus echinatus_ lives on something.

**********Claims for easy query**********

_Panulirus echinatus_ is a species of crustacean.
Crustaceans form part of the diet of _Panulirus echinatus_.
_Panulirus echinatus_ is also known as the brown spidy lobster.

**********Formulated easy query**********

_Panulirus echinatus_ is a species of something.
Crustaceans form part of the something of _Panulirus echinatus_.
_Panulirus echinatus_ is also known as something.

**********Page content extracted**********

Title: Parentia
URL: https://en.wikipedia.org/wiki/Parentia
Content: Jump to content

From Wikipedia, the free encyclopedia

Genus of flies

| _Parentia_ |
| --- |
| !.jpg) |
| _Parentia mobilis_ (male) |
| Scientific classification "Taxonomy (biology)")!Edit this classification |
| Kingdom: | Animalia |
| Phylum: | Arthro

**********Extracted claims**********

_Parentia_ is a large genus of flies.
_Parentia_ belongs to the family Dolichopodidae.
The scientific classification for _Parentia_ is Kingdom Animalia.
The scientific classification for _Parentia_ is Phylum Arthropoda.
The scientific classification for _Parentia_ is Class Insecta.
The scientific classification for _Parentia_ is Order Diptera.
The scientific classification for _Parentia_ is Family Dolichopodidae.
The scientific classification for _Parentia_ is Subfamily Sciapodinae.
The scientific classification for _Parentia_ is Tribe Chrysosomatini.
The genus _Parentia_ was established by Hardy in 1935.
The type species for the genus _Parentia_ is _Condylostylus separatus_ Parent, 1932.
_Parentia agama_ Bickel, 2002 is a species within the genus _Parentia_.
_Parentia angustipennis_ (Loew, 1858) is a species within the genus _Parentia_.
_Parentia anomalicosta_ Bickel, 1992 is a species within the genus _Parentia_.
_Parentia aotearoa_ Bickel, 1992 is a species within the genus _Parentia_.
_Parentia argenticauda_ Bickel, 2002 is a species within the genus _Parentia_.
_Parentia argentifrons_ Bickel, 1992 is a species within the genus _Parentia_.
_Parentia asymmetrica_ Grichanov, 2000 is a species within the genus _Parentia_.
_Parentia backyama_ Bickel, 1994 is a species within the genus _Parentia_.
_Parentia barbarae_ Bickel, 1994 is a species within the genus _Parentia_.
_Parentia bourail_ Bickel, 2002 is a species within the genus _Parentia_.
_Parentia bourgoini_ Bickel, 2002 is a species within the genus _Parentia_.
_Parentia cagiae_ Bickel, 2006 is a species within the genus _Parentia_.
_Parentia caldyanup_ Bickel, 1994 is a species within the genus _Parentia_.
_Parentia calignosa_ Bickel, 1992 is a species within the genus _Parentia_.
_Parentia cardaleae_ Bickel, 1994 is a species within the genus _Parentia_.
_Parentia caudisetae_ Bickel, 2002 is a species within the genus _Parentia_.
_Parentia chaineyi_ Bickel, 1994 is a species within the genus _Parentia_.
_Parentia chathamensis_ Bickel, 1992 is a species within the genus _Parentia_.
_Parentia cilifoliata_ (Parent, 1933) is a species within the genus _Parentia_.
_Parentia defecta_ Bickel, 1992 is a species within the genus _Parentia_.
_Parentia degener_ (Parent, 1934) is a species within the genus _Parentia_.
_Parentia dispar_ (Macquart, 1850) is a species within the genus _Parentia_.
_Parentia do_ Bickel, 2002 is a species within the genus _Parentia_.
_Parentia dongara_ Bickel, 1994 is a species within the genus _Parentia_.
_Parentia dubia_ (Parent, 1929) is a species within the genus _Parentia_.
_Parentia fuscata_ (Hutton, 1901) is a species within the genus _Parentia_.
_Parentia gemmans_ (Walker, 1849) is a species within the genus _Parentia_.
_Parentia gemmata_ (Walker, 1849) is a species within the genus _Parentia_.
_Parentia gladicauda_ Bickel, 1994 is a species within the genus _Parentia_.
_Parentia griseicollis_ (Becker, 1922) is a species within the genus _Parentia_.
_Parentia hollowayi_ Bickel, 2002 is a species within the genus _Parentia_.
_Parentia incomitata_ Bickel, 2002 is a species within the genus _Parentia_.
_Parentia insularis_ Bickel, 1992 is a species within the genus _Parentia_.
_Parentia johnsi_ Bickel, 1992 is a species within the genus _Parentia_.
_Parentia kelseyi_ Bickel, 1994 is a species within the genus _Parentia_.
_Parentia kiwarrak_ Bickel, 1994 is a species within the genus _Parentia_.
_Parentia lamellata_ Bickel, 2002 is a species within the genus _Parentia_.
_Parentia lydiae_ Bickel, 2002 is a species within the genus _Parentia_.
_Parentia lyra_ Bickel, 1992 is a species within the genus _Parentia_.
_Parentia magnicornis_ Grichanov, 2021 is a species within the genus _Parentia_.
_Parentia magniseta_ Bickel, 1992 is a species within the genus _Parentia_.
_Parentia malitiosa_ (Hutton, 1901) is a species within the genus _Parentia_.
_Parentia milleri_ (Parent, 1933) is a species within the genus _Parentia_.
_Parentia mobilis_ (Hutton, 1901) is a species within the genus _Parentia_.
_Parentia modesta_ (Parent, 1933) is a species within the genus _Parentia_.
_Parentia nigropilosa_ (Macquart, 1847) is a species within the genus _Parentia_.
_Parentia nova_ (Parent, 1933) is a species within the genus _Parentia_.
_Parentia nudicosta_ Bickel, 1994 is a species within the genus _Parentia_.
_Parentia occidentalis_ Bickel, 1994 is a species within the genus _Parentia_.
_Parentia october_ Bickel, 2002 is a species within the genus _Parentia_.
_Parentia orientalis_ Bickel, 1994 is a species within the genus _Parentia_.
_Parentia ouenguip_ Bickel, 2002 is a species within the genus _Parentia_.
_Parentia paniensis_ Bickel, 2002 is a species within the genus _Parentia_.
_Parentia pernodensis_ Bickel, 2002 is a species within the genus _Parentia_.
_Parentia perthensis_ Bickel, 1994 is a species within the genus _Parentia_.
_Parentia pukakiensis_ Bickel, 1992 is a species within the genus _Parentia_.
_Parentia recticosta_ (Parent, 1933) is a species within the genus _Parentia_.
_Parentia restricta_ (Hutton, 1901) is a species within the genus _Parentia_.
_Parentia royallensis_ Bickel, 1994 is a species within the genus _Parentia_.
_Parentia sarramea_ Bickel, 2002 is a species within the genus _Parentia_.
_Parentia schlingeri_ Bickel, 1992 is a species within the genus _Parentia_.
_Parentia solaris_ Bickel, 1994 is a species within the genus _Parentia_.
_Parentia stenura_ (Loew, 1858) is a species within the genus _Parentia_.
_Parentia substenura_ Grichanov, 1999 is a species within the genus _Parentia_.
_Parentia theroni_ Grichanov, 2021 is a species within the genus _Parentia_.
_Parentia timothyei_ Bickel, 1994 is a species within the genus _Parentia_.
_Parentia tinda_ Bickel, 1994 is a species within the genus _Parentia_.
_Parentia titirangi_ Bickel, 1992 is a species within the genus _Parentia_.
_Parentia tonnoiri_ (Parent, 1933) is a species within the genus _Parentia_.
_Parentia tricenta_ Bickel, 2002 is a species within the genus _Parentia_.
_Parentia tricolor_ (Walker, 1835) is a species within the genus _Parentia_.
_Parentia varifemorata_ Bickel, 1992 is a species within the genus _Parentia_.
_Parentia vulgaris_ Bickel, 1994 is a species within the genus _Parentia_.
_Parentia webbi_ Bickel, 2002 is a species within the genus _Parentia_.
_Parentia whirinaki_ Bickel, 1992 is a species within the genus _Parentia_.
_Parentia wilhelmensis_ Bickel in Bickel & Martin, 2016 is a species within the genus _Parentia_.
_Parentia yarragil_ Bickel, 1994 is a species within the genus _Parentia_.
_Parentia yeatesi_ Bickel, 1994 is a species within the genus _Parentia_.
_Parentia yunensis_ Bickel, 1994 is a species within the genus _Parentia_.

**********Claims for hard query**********

_Parentia calignosa_ Bickel, 1992 is a species within the genus _Parentia_.
_Parentia vulgaris_ Bickel, 1994 is a species within the genus _Parentia_.
The scientific classification for _Parentia_ is Kingdom Animalia.

**********Formulated hard query**********

_Parentia calignosa_ someone, 1992 is a species within the genus _Parentia_.
Something is a species within the genus _Parentia_.
The scientific classification for _Parentia_ is Kingdom something.

**********Claims for medium query**********

_Parentia recticosta_ (Parent, 1933) is a species within the genus _Parentia_.
_Parentia do_ Bickel, 2002 is a species within the genus _Parentia_.
_Parentia angustipennis_ (Loew, 1858) is a species within the genus _Parentia_.

**********Formulated medium query**********

_Parentia recticosta_ someone in a certain year is a species within the genus _Parentia_.
_Parentia do_ another person in a different year is a species within the genus _Parentia_.
_Parentia angustipennis_ a third individual in another year is a species within the genus _Parentia_.

**********Validation Result**********

subquestion '_Parentia angustipennis_ a third individual in another year is a species within the genus _Parentia_.' is NOT supported by the context.
<reject> The content explicitly states that _Parentia angustipennis_ is a species within the genus _Parentia_ by listing it under the "Species" section of the _Parentia_ Wikipedia page. However, the phrase "a third individual in another year" is not mentioned anywhere in the provided content in relation to _Parentia angustipennis_ or any other context. </reject>

**********Claims for easy query**********

The scientific classification for _Parentia_ is Order Diptera.
The scientific classification for _Parentia_ is Family Dolichopodidae.
_Parentia_ is a large genus of flies.

**********Formulated easy query**********

The scientific classification for _Parentia_ is something.
The scientific classification for _Parentia_ is something.
_Parentia_ is in a certain state genus of flies.

**********Validation Result**********

subquestion '_Parentia_ is in a certain state genus of flies.' is NOT supported by the context.
<reject> The text explicitly states that "_Parentia_ is a large genus of flies", but it does not mention that it is in a "certain state". The provided content focuses on its scientific classification (family, order, etc.) and lists various species, but no geographical or state-specific information is given for the genus itself beyond some species being found in specific regions (e.g., Australia, New Zealand, South Africa, Australasian and Oceanian Regions), which is not the same as the genus being "in a certain state". </reject>

**********Page content extracted**********

Title: Daniel Brennan, Baron Brennan
URL: https://en.wikipedia.org/wiki/Daniel_Brennan%2C_Baron_Brennan
Content: Jump to content

From Wikipedia, the free encyclopedia

British lawyer and judge

|     |     |
| --- | --- |
| ! | This biography of a living person **needs additional citations for verification**. Please help by adding reliable sources. Contentious mate

**********Extracted claims**********

Daniel Joseph Brennan is a British life peer.
Daniel Joseph Brennan is a British barrister.
Daniel Joseph Brennan holds the title KCSG.
Daniel Joseph Brennan holds the title KC.
Daniel Joseph Brennan was born on March 19, 1942.
Daniel Brennan was educated at St. Bede's Grammar School, Bradford.
Daniel Brennan graduated with a Bachelor of Law degree from Manchester University.
Daniel Brennan was awarded an honorary Doctorate from Manchester University in 2000.
Daniel Brennan was called to the bar at Gray's Inn in 1967.
Daniel Brennan is a member of Matrix Chambers.
Daniel Brennan specializes in personal injury and medical work.
Daniel Brennan specializes in commercial law.
Daniel Brennan specializes in international business issues.
Daniel Brennan specializes in public and private international law.
Daniel Brennan specializes in international arbitration.
Daniel Brennan became a Queen's Counsel in 1985.
Daniel Brennan is a Deputy High Court Judge.
Daniel Brennan is a Recorder in the Crown Court.
Daniel Brennan is a former member of the Criminal Injuries Compensation Board.
Daniel Brennan is an ex-Chairman of the Personal Injuries Bar Association.
Lord Brennan is the Bar representative on the Council of the International Bar Association.
Daniel Brennan is a member of the bar of the Republic of Ireland.
Daniel Brennan is a member of the bar of Northern Ireland.
The Lawyer Magazine described Daniel Brennan as Barrister of the Year in 2000.
Lord Brennan is Chair of the APPG on Legal and Constitutional Affairs.
The APPG on Legal and Constitutional Affairs is a cross-party grouping of MPs and Peers in Parliament.
The APPG on Legal and Constitutional Affairs focuses on discussing issues relating to the legal profession and the reform of law and constitution.
Daniel Brennan has an environmental practice.
Daniel Brennan has a product liability practice.
Daniel Brennan has a medical negligence practice.
Daniel Brennan's practice involves multi-party actions.
Daniel Brennan's practice has involved insurance claims from the Paddington rail crash.
Daniel Brennan's practice has involved the combined oral contraceptive pill litigation.
Daniel Brennan's practice has involved local residents' claims arising from the Canary Wharf development scheme.
Daniel Brennan's practice has involved the HIV/haemophiliac claims against the UK government.
Daniel Brennan's practice has involved the Herald of Free Enterprise disaster.
Daniel Brennan has appeared in the 'designer baby' appeal in the House of Lords.
Daniel Brennan was created Baron Brennan, of Bibury in the County of Gloucestershire, on May 2, 2000.
Daniel Brennan is a former President of the Catholic Union of Great Britain.
Lord Brennan was appointed Delegate for Great Britain and Ireland of the Sacred Military Constantinian Order of Saint George in 2006.
Lord Brennan succeeded Anthony Bailey in the role of Delegate for Great Britain and Ireland of the Sacred Military Constantinian Order of Saint George.
Daniel Brennan collapsed in the House of Lords on November 19, 2007.
Daniel Brennan collapsed shortly after concluding a speech on the Human Fertilisation and Embryology Bill.
Daniel Brennan was given a heart massage in the House of Lords.
Ara Darzi, Baron Darzi of Denham, a health minister, was among those who gave Daniel Brennan a heart massage.
Daniel Brennan had urged the creation of a National Bioethics Commission.
Lord Brennan recovered at St Thomas' Hospital, London.
Lord Brennan became unwell again in the Chamber of the House of Lords on December 3, 2007.
Daniel Brennan had been fitted with a pacemaker at St Thomas' Hospital.
Daniel Brennan fell back in his seat while thanking peers and staff.
Daniel Brennan married Pilar Sánchez Moya in 1968.
Pilar Sánchez Moya is a Spanish national.
Daniel Brennan has four sons with Pilar Sánchez Moya.
Lord Brennan is the chairman of the board of directors of Global Financial Integrity.
Global Financial Integrity is a Washington-based think-tank.
Daniel Brennan's coat of arms was adopted in 2007.
Daniel Brennan's coat of arms includes a Coronet of a Baron.
Daniel Brennan's coat of arms crest features a male griffin sejant Sable beaked rayed and forelegged Or holding in the beak a rose Gules seeded slipped and leaved Or.
Daniel Brennan's coat of arms escutcheon features Or two pallets Gules over all a cross moline Sable between four harps sound boxes inwards those in base reversed Or.
Daniel Brennan's coat of arms supporters feature on either side a male griffin segreant Sable beaked rayed and forelegged Or and holding in the beak a rose Gules seeded slipped and leaved Or.
Daniel Brennan's coat of arms motto is "Si Deus Nobiscum Quis Contra Nos".
Daniel Brennan's coat of arms badge features four pairs of harps Or the soundbox and pedal box of each conjoined Sable the whole in cross and conjoined in the centre point.

**********Claims for hard query**********

The APPG on Legal and Constitutional Affairs focuses on discussing issues relating to the legal profession and the reform of law and constitution.
Pilar Sánchez Moya is a Spanish national.
Global Financial Integrity is a Washington-based think-tank.

**********Formulated hard query**********

The APPG on Legal and Constitutional Affairs focuses on discussing something.
Someone is a Spanish national.
Something is a Washington-based think-tank.

**********Claims for medium query**********

Daniel Joseph Brennan holds the title KCSG.
Daniel Brennan collapsed shortly after concluding a speech on the Human Fertilisation and Embryology Bill.
Daniel Brennan's practice has involved local residents' claims arising from the Canary Wharf development scheme.

**********Formulated medium query**********

Daniel Joseph Brennan holds something.
Daniel Brennan was in a certain way on the Human Fertilisation and Embryology Bill.
Daniel Brennan's practice has involved local residents' claims arising from something.

**********Claims for easy query**********

Daniel Joseph Brennan is a British life peer.
Daniel Joseph Brennan is a British barrister.
Daniel Brennan was created Baron Brennan, of Bibury in the County of Gloucestershire, on May 2, 2000.

**********Formulated easy query**********

Daniel Joseph Brennan is a British in a certain capacity.
Daniel Joseph Brennan is a British in a certain profession.
Daniel Brennan was created Baron Brennan, of Bibury in the County of Gloucestershire, on a certain date.

**********Page content extracted**********

Title: Influenza A virus subtype H7N9
URL: https://en.wikipedia.org/wiki/Influenza_A_virus_subtype_H7N9
Content: Jump to content

From Wikipedia, the free encyclopedia

Subtype of the influenza A virus

| Influenza A virus subtype H7N9 |
| --- |
| Virus classification!Edit this classification |
| (unranked): | Virus |
| Realm: | _Riboviria_ |
| Kingdom: | _Orthornav

**********Extracted claims**********

Influenza A virus subtype H7N9 (A/H7N9) is a subtype of the influenza A virus.
Influenza A virus subtype H7N9 predominantly causes influenza in birds.
Influenza A virus subtype H7N9 is enzootic (maintained in the population) in many bird populations.
The A/H7N9 virus can spread rapidly through poultry flocks.
The A/H7N9 virus can spread rapidly among wild birds.
The A/H7N9 virus can infect humans exposed to infected birds.
The A/H7N9 virus is shed in the saliva, mucus, and feces of infected birds.
Other infected animals may shed bird flu viruses in respiratory secretions and other body fluids.
Symptoms of A/H7N9 influenza vary according to the strain of virus underlying the infection.
Symptoms of A/H7N9 influenza vary according to the species of bird affected.
Symptoms of A/H7N9 influenza vary according to the species of mammal affected.
Classification as Low Pathogenic Avian Influenza (LPAI) or High Pathogenic Avian Influenza (HPAI) is based on the severity of symptoms in domestic chickens.
Classification as LPAI or HPAI does not predict the severity of symptoms in humans.
Chickens infected with LPAI A/H7N9 virus display mild symptoms or are asymptomatic.
HPAI A/H7N9 causes serious breathing difficulties in domestic chickens.
HPAI A/H7N9 causes a significant drop in egg production in domestic chickens.
HPAI A/H7N9 causes sudden death in domestic chickens.
A/H7N9 influenza infection is rare in mammals, including humans.
Human A/H7N9 influenza infection can usually be traced to close contact with infected poultry.
Human A/H7N9 influenza infection can usually be traced to contaminated material such as feces.
Symptoms of A/H7N9 infection in mammals vary from mild to severe.
Symptoms of A/H7N9 infection in mammals include fever.
Symptoms of A/H7N9 infection in mammals include diarrhea.
Symptoms of A/H7N9 infection in mammals include cough.
The disease caused by A/H7N9 infection in mammals can often be fatal.
The A/H7N9 virus is considered to be continually present in wild aquatic birds.
Wild aquatic birds may carry the A/H7N9 virus over large distances during their migration.
The first known case of A/H7N9 influenza infecting humans was reported in March 2013 in China.
A/H7N9 cases continued to be recorded in poultry in China for at least five years after March 2013.
A/H7N9 cases continued to be recorded in humans in China for at least five years after March 2013.
Between February 2013 and February 2019, 1,568 confirmed human cases of A(H7N9) were reported in China.
Between February 2013 and February 2019, 616 deaths were associated with the A(H7N9) outbreak in China.
The A/H7N9 virus was initially low pathogenic to poultry.
Around 2017, a highly pathogenic strain of A/H7N9 developed and became dominant.
The A/H7N9 outbreak in China has been partially contained by a program of poultry vaccination.
The poultry vaccination program in China commenced in 2017.
Following the 2017 vaccination campaign, the number of A/H7N9 outbreaks in poultry dropped significantly.
Following the 2017 vaccination campaign, the number of human A/H7N9 cases dropped significantly.
In humans, symptoms and mortality for both LPAI and HPAI A/H7N9 strains have been similar.
No human H7N9 infections have been reported since February 2019.
The A/H7N9 virus is still circulating in poultry, particularly in laying hens.
The A/H7N9 virus has demonstrated antigenic drift to evade vaccines.
The A/H7N9 virus remains a potential threat to the poultry industry.
The A/H7N9 virus remains a potential threat to public health.
As of May 2022, a total of 1568 confirmed A(H7N9) human infections had been reported.
As of May 2022, 616 deaths had been reported from A(H7N9) human infections.
As of May 2022, the case fatality ratio (CFR) for A(H7N9) human infections was 39%.
Bird-adapted A/H7N9 transmits relatively easily from poultry to humans.
Human-to-human transmission of A/H7N9 is rare.
The ability of A/H7N9 to cross the species barrier renders it a potential pandemic threat.
H7N9 is an enveloped negative-sense RNA virus.
H7N9 has a segmented genome.
Influenza viruses have a relatively high mutation rate.
The high mutation rate is characteristic of RNA viruses.
The segmentation of the influenza virus genome facilitates genetic recombination by reassortment.
Genetic recombination by reassortment occurs in hosts infected with two different strains of influenza viruses at the same time.
Through a combination of mutation and genetic reassortment, the virus can evolve to acquire new characteristics.
The virus can evolve to evade host immunity.
The virus can occasionally jump from one species of host to another.
A classification system for avian virus strains was devised in 1981.
The 1981 classification system divided avian virus strains as either highly pathogenic or low pathogenic.
Highly pathogenic strains may require vigorous control measures.
The test for pathogenicity is based solely on the effect on chickens.
A virus strain is classified as highly pathogenic avian influenza (HPAI) if 75% or more of chickens die after being deliberately infected with it.
Low pathogenic avian influenza (LPAI) is the alternative classification.
The classification system for avian virus strains has been modified to take into account the structure of the virus' haemagglutinin protein.
Other species of birds, especially water birds, can become infected with HPAI virus without experiencing severe symptoms.
HPAI can be spread over large distances by infected birds.
The exact symptoms of HPAI in birds depend on the species of bird.
The exact symptoms of HPAI in birds depend on the strain of virus.
Classification of an avian virus strain as HPAI or LPAI does not predict how serious the disease might be if it infects humans.
Classification of an avian virus strain as HPAI or LPAI does not predict how serious the disease might be if it infects other mammals.
Since 2006, the World Organization for Animal Health requires all LPAI H5 and H7 detections to be reported.
LPAI H5 and H7 strains have the potential to mutate into highly pathogenic strains.
Some species of wild aquatic birds act as natural asymptomatic carriers of a large variety of influenza A viruses.
Wild aquatic birds can spread influenza A viruses over large distances in their annual migration.
Symptoms of avian influenza in birds vary according to the strain of virus underlying the infection.
Symptoms of avian influenza in birds vary according to the species of bird affected.
Symptoms of influenza in birds may include swollen head.
Symptoms of influenza in birds may include watery eyes.
Symptoms of influenza in birds may include unresponsiveness.
Symptoms of influenza in birds may include lack of coordination.
Symptoms of influenza in birds may include respiratory distress such as sneezing or gurgling.
Humans can only become infected with avian influenza, including A/H7N9, after prolonged close contact with infected birds.
Humans can only become infected with avian influenza, including A/H7N9, after prolonged close contact with contaminated environments.
Other mammals can only become infected with avian influenza, including A/H7N9, after prolonged close contact with infected birds.
Other mammals can only become infected with avian influenza, including A/H7N9, after prolonged close contact with contaminated environments.
As of February 2024, there have been very few instances of human-to-human transmission of A/H7N9.
As of February 2024, each human-to-human A/H7N9 outbreak has been limited to a few people.
All subtypes of avian Influenza A have the potential to cross the species barrier into humans.
H5N1 and H7N9 are considered the biggest threats among avian Influenza A subtypes for crossing the species barrier into humans.
Prior to 2013, A/H7N9 had been isolated only in birds.
Outbreaks of A/H7N9 in birds were reported in the Netherlands prior to 2013.
Outbreaks of A/H7N9 in birds were reported in Japan prior to 2013.
Outbreaks of A/H7N9 in birds were reported in the United States prior to 2013.
Until the 2013 outbreak in China, no human infections with A/H7N9 had been reported.
A significant outbreak of A/H7N9 started in March 2013 in China.
The March 2013 A/H7N9 outbreak in China affected 18 humans with severe influenza.
Six of the 18 affected humans in China in March 2013 subsequently died.
A low pathogenic strain of A/H7N9 was discovered circulating among chickens in China during the 2013 outbreak.
All people affected in the March 2013 China A/H7N9 outbreak had been exposed in poultry markets.
Further cases among humans and poultry in mainland China continued to be identified sporadically throughout 2013.
A peak in A/H7N9 cases occurred around the Chinese New Year festival season (January and February) in early 2014.
The 2014 peak in A/H7N9 cases was attributed to the seasonal surge in poultry production.
Infections among humans and poultry continued in China during the years following 2014.
Peaks in A/H7N9 infections occurred around the Chinese New Year during the years following 2014.
In 2016, a highly pathogenic strain of A/H7N9 emerged in China that was highly pathogenic to chickens.
Genetic characterization shows the "Asian lineage" strain of avian influenza A/H7N9 was not related to A/H7N9 strains previously identified in Europe.
Genetic characterization shows the "Asian lineage" strain of avian influenza A/H7N9 was not related to A/H7N9 strains previously identified in North America.
The new Asian lineage strain resulted from the recombination of genes between several parent viruses.
The parent viruses for the Asian lineage strain were noted in poultry and wild birds in Asia.
The H7 gene of the Asian lineage strain is most closely related to sequences found in samples from ducks in Zhejiang province in 2011.
The N9 gene of the Asian lineage strain was closely related to isolated wild ducks in South Korea in 2011.
Other genes of the Asian lineage strain resembled samples collected in Beijing and Shanghai in 2012.
The genes of the Asian lineage strain were carried along the East Asian flyway by wild birds during their annual migration.
The genetic characteristics of Asian lineage A/H7N9 virus are of particular concern due to their pandemic potential.
The Asian lineage A/H7N9 virus is able to infect humans relatively easily.
The Asian lineage A/H7N9 virus does not sustain human-to-human transmission.
If the Asian lineage A/H7N9 virus were to acquire the ability to transmit easily between humans, there is potential for a severe epidemic.
If the Asian lineage A/H7N9 virus were to acquire the ability to transmit easily between humans, there is potential for a severe pandemic.
Outbreaks of avian influenza A(H7N9) occurred in poultry in the USA in early 2017.
The A(H7N9) strain in the early 2017 USA outbreaks was of North American origin.
The North American origin strain of A(H7N9) is unrelated to the Asian lineage H7N9 associated with human infections in China.
In May 2024, an HPAI A/H7N9 was detected on a poultry farm in Terang, Australia.
The poultry farm in Terang, Australia, housed 151,894 birds.
In the May 2024 outbreak in Terang, Australia, 14,000 birds were clinically affected.
An H7N9 outbreak in the US was confirmed on March 13, 2025.
The March 2025 outbreak occurred on a commercial broiler breeder chicken farm in Noxubee, Mississippi.
The Noxubee, Mississippi, farm housed 47,654 chickens.
All 47,654 chickens on the Noxubee, Mississippi, farm were euthanized as a precautionary measure.
The euthanization was done to prevent further spread of the virus.
The continuing evolution of the A/H7N9 virus makes further vaccine development difficult.
The antigenic drift of the A/H7N9 virus makes further vaccine development difficult.
Any significant outbreak of A/H7N9 could involve a completely new strain.
A number of human vaccines targeting A/H7N9 have been trialled.
Human vaccine trials for A/H7N9 have been conducted in relatively small groups of subjects.
In the event of an A/H7N9 outbreak, a candidate vaccine virus would be distributed to manufacturers.

**********Claims for hard query**********

The poultry farm in Terang, Australia, housed 151,894 birds.
All 47,654 chickens on the Noxubee, Mississippi, farm were euthanized as a precautionary measure.
The Noxubee, Mississippi, farm housed 47,654 chickens.

**********Formulated hard query**********

The poultry farm in a certain location, housed 151,894 birds.
All 47,654 chickens on the Noxubee, Mississippi, farm were acted upon in a certain way as a precautionary measure.
The farm in a certain location housed 47,654 chickens.

**********Claims for medium query**********

Following the 2017 vaccination campaign, the number of human A/H7N9 cases dropped significantly.
The genetic characteristics of Asian lineage A/H7N9 virus are of particular concern due to their pandemic potential.
The continuing evolution of the A/H7N9 virus makes further vaccine development difficult.

**********Formulated medium query**********

Following a certain campaign, the number of human A/H7N9 cases dropped significantly.
The genetic characteristics of a certain lineage A/H7N9 virus are of particular concern due to their pandemic potential.
The continuing evolution of the A/H7N9 virus makes something difficult.

**********Claims for easy query**********

The March 2013 A/H7N9 outbreak in China affected 18 humans with severe influenza.
Influenza A virus subtype H7N9 is enzootic (maintained in the population) in many bird populations.
Influenza A virus subtype H7N9 predominantly causes influenza in birds.

**********Formulated easy query**********

The March 2013 A/H7N9 outbreak in a certain place affected 18 humans with severe influenza.
Influenza A virus subtype H7N9 is in a certain state in many bird populations.
Influenza A virus subtype H7N9 in a certain way influenza in birds.

**********Page content extracted**********

Title: Irish National War Memorial Gardens
URL: https://en.wikipedia.org/wiki/Irish_National_War_Memorial_Gardens
Content: Jump to content

Coordinates: !53°20′38″N6°19′01″W﻿ / ﻿53.3440°N 6.3170°W﻿ / 53.3440; -6.3170

From Wikipedia, the free encyclopedia

World War One memorial in Dublin, Ireland

Not to be confused with Garden of Remembrance (Dublin) "Garden of Remembrance 

**********Extracted claims**********

The Irish National War Memorial Gardens is an Irish war memorial located in Islandbridge, Dublin.
The memorial is dedicated to the memory of the 49,400 Irish soldiers who died in the Great War (1914–1918).
A total of 206,000 Irishmen served in the British forces alone during the Great War.
The Memorial Gardens also commemorate all other Irish men and women who served, fought, and died in Irish regiments of the Allied armies (British, Canadian, Australian, New Zealand, South African, and United States armies) in support of the Triple Entente's war effort against the Central Powers.
In 1914, Ireland was part of the United Kingdom of Great Britain and Ireland.
Many Irishmen joined the British armed forces in 1914.
The British Army had eight regiments that were raised in Ireland.
A trust fund was created on July 17, 1919, after a meeting of over 100 representatives from all parts of Ireland.
The trust fund was created to consider plans and designs for a permanent memorial to commemorate all Irish men and women killed in the First World War.
A general committee was formed in November 1924 to pursue proposals for a site in Dublin.
On March 28, 1927, Merrion Square or St Stephen's Green were proposed as sites for the memorial.
W. T. Cosgrave, president of the Irish Free State Executive Council, appointed Cecil Lavery to set up a "War Memorial Committee".
Cosgrave suggested the current site, known at the time as "Longmeadows Estates", to Andrew Jameson on December 9, 1930.
The "Longmeadows Estates" is about 60 acres (24 ha) in extent.
The "Longmeadows Estates" stretches parallel along the south bank of the River Liffey from Islandbridge towards Chapelizod.
Cosgrave's proposal was adopted by the committee on December 16, 1931.
General Sir William Hickie stated that the memorial is an all-Ireland one.
The Irish Government sanctioned a generous gift in an eleven-paragraph agreement with the committee on December 12, 1933.
The Dublin City Council Office of Public Works (OPW) began work with 164 men during 1932.
Éamon de Valera's government recognized the motives of the memorial and made valuable state contributions to it.
The cabinet approved that work on the memorial be divided 50% between British and Irish WWI ex-servicemen.
A completion certificate from the Office of Public Works for the memorial was finally issued in January 1938.
An official opening for the memorial was agreed for July 30, 1939, but was postponed.
No official opening ever happened for the memorial.
The first public event in the gardens took place in 1940 for Armistice Day celebrations.
Sir Edwin Lutyens designed the memorial.
The memorial is outstanding among the many war memorials Lutyens created throughout the world.
Lutyens found the memorial site to be glorious.
The sunken Garden of Remembrance surrounds a Stone of Remembrance.
The Stone of Remembrance is made of Irish granite.
The Stone of Remembrance weighs seven and a half tons.
The dimensions of the Stone of Remembrance are identical to First World War memorials found throughout the world.
The Stone of Remembrance is aligned with the Great Cross and Central Avenue.
The memorial lies about three kilometers from the center of Dublin.
The memorial grounds gradually slope upwards towards Kilmainham Hill.
Old chronicles describe Kilmainham Hill as the camping place of Brian Boru and his army prior to the Battle of Clontarf on April 23, 1014.
The memorial was among the last to be erected to the memory of those who sacrificed their lives in World War I.
Canada's National War Memorial was opened in 1939.
The memorial is "the symbol of Remembrance in memory of a Nation's sacrifice."
The memorial's layout includes a central sunken rose garden composed by a committee of horticulturalists.
The memorial's layout includes various terraces, pergolas, lawns, and avenues lined with impressive parkland trees.
The memorial includes two pairs of book rooms in granite, representing the four provinces of Ireland.
The book rooms contain illuminated volumes recording the names of all the dead.
A domed temple stands at the north of the gardens, overlooking the River Liffey.
The temple marks the beginning of the avenue leading gently upwards to the steps containing the Stone of Remembrance.
The floor of the temple contains an extract from "War Sonnet II: Safety" by Rupert Brooke.
Workers for the memorial's construction were drawn from the unemployed, with 50 percent being former World War I ex-British Army and 50 percent being ex-Irish Army men.
The use of mechanical equipment was restricted during construction to provide as much work as possible.
Granite blocks of 7 and 8 tonnes from Ballyknockan and Donnelly's quarry in Barnacullia were manhandled into place with primitive tackles of poles and ropes.
Commemorations by Irish British Armed Forces veterans and families of those killed in the Great War took place at the site in the late 1940s and 1950s.
The garden was subject to two Irish Republican paramilitary attacks.
On Christmas night 1956, a bomb was placed at the base of the Stone of Remembrance and memorial cross and detonated.
The County Wicklow quarried granite of the memorial withstood the 1956 blast with little damage.
Another attempt was made to bring the memorial down with a bomb detonation in October 1958.
The 1958 bomb detonation failed to bring the memorial down, resulting in superficial damage.
A lack of financing from the government caused the site to fall into dilapidation and vandalism over subsequent decades.
By the late 1970s, the garden had become a site for caravans and animals of the Irish Traveller community.
The Dublin Corporation's refuse disposal office used the garden as a rubbish dump for the city's waste by the late 1970s.
Fifty years of storms and the elements had left their mark on the garden, with structural damage unrepaired to parts of its ornamentation.
Economic and cultural shifts in Ireland in the mid-1980s facilitated a regeneration of urban decay in Dublin.
A project of restoration work was undertaken by the Office of Public Works, co-funded by the National War Memorial Committee.
The fully restored gardens were re-opened to the public on September 10, 1988.
The gardens were formally dedicated by representatives of the four main churches of Ireland in 1988.
An architectural competition was launched in November 2018 to design a bridge to be built over the River Liffey.
The proposed bridge would provide access to the gardens from Chapelizod Road.
The proposed bridge is in partial fulfillment of Lutyens' original plan, which included a bridge over the river.
An architectural design for the bridge was selected in May 2018.
A contractor was appointed in July 2025 to carry out the bridge works.
A state commemoration for the 90th anniversary of the Battle of the Somme took place on July 1, 2006.
President of Ireland Mary McAleese and Taoiseach Bertie Ahern attended the 2006 commemoration.
Queen Elizabeth II and President of Ireland Mary McAleese laid wreaths to honor Ireland's dead of World War I and World War II at a ceremony in the garden on May 18, 2011.
The 2011 event was during the first state visit of a British monarch to the Irish Republic.
A state ceremony to mark the centenary of the Battle of the Somme took place within the gardens on July 9, 2016.
Taoiseach Enda Kenny attended the 2016 ceremony.
President of Ireland Michael D. Higgins laid a wreath at the 2016 ceremony to honor the soldiers of Ireland who lost their lives during the Battle of the Somme.
The 8 illuminated volumes of *Ireland's Memorial Records 1914-1918* are housed in granite paved pergolas surrounding the garden.
The *Records* document the names of the dead.
Each page of the *Records* is illustrated on four sides with artwork by Harry Clarke.
The *Records* are displayed in cases designed by Lutyens.
A wooden cross of oak, known as the Ginchy Cross, is housed in the same building as the *Records*.
The Ginchy Cross was built by the 16th (Irish) Division.
The Ginchy Cross was originally erected on the Somme.
The Ginchy Cross commemorates 4,354 men of the 16th (Irish) Division who died in two engagements.
Three granite replicas of the Ginchy Cross are erected at locations liberated by Irish divisions: Guillemont and Messines-Wytschaete in Belgium, and Thessaloniki in Greece.
The Irish National War Memorial Gardens are managed by the Government's Office of Public Works (OPW).
The gardens are managed in conjunction with the National War Memorial Committee.
A further Great War Irish national memorial, the Island of Ireland Peace Park, was jointly opened in 1998.
The Island of Ireland Peace Park is located in Messines, Flanders, Belgium.
Mary McAleese, President of Ireland, Queen Elizabeth II, and Albert II, King of the Belgians, jointly opened the Island of Ireland Peace Park.
A small stream, commonly known as the Creosote Stream, emerges and flows into the River Liffey at the western edge of the gardens.
The Creosote Stream rises west of Inchicore railway works.
The Creosote Stream flows underneath the site to emerge close to the Liffey on the grounds of the War Memorial Gardens.
The Creosote Stream received its name from pollutants that used to leach into it from the railway works.

**********Claims for hard query**********

A contractor was appointed in July 2025 to carry out the bridge works.
The use of mechanical equipment was restricted during construction to provide as much work as possible.
The Creosote Stream received its name from pollutants that used to leach into it from the railway works.

**********Formulated hard query**********

A contractor was appointed at a certain time to carry out the bridge works.
The use of something was restricted during construction to provide as much work as possible.
Something received its name from pollutants that used to leach into it from the railway works.

**********Claims for medium query**********

A small stream, commonly known as the Creosote Stream, emerges and flows into the River Liffey at the western edge of the gardens.
By the late 1970s, the garden had become a site for caravans and animals of the Irish Traveller community.
A general committee was formed in November 1924 to pursue proposals for a site in Dublin.

**********Formulated medium query**********

A small stream, commonly known as something, emerges and flows into the River Liffey at the western edge of the gardens.
By a certain time, the garden had become a site for caravans and animals of the Irish Traveller community.
A general committee was formed at a certain time to pursue proposals for a site in Dublin.

**********Claims for easy query**********

The Irish National War Memorial Gardens is an Irish war memorial located in Islandbridge, Dublin.
The Irish National War Memorial Gardens are managed by the Government's Office of Public Works (OPW).
The 8 illuminated volumes of *Ireland's Memorial Records 1914-1918* are housed in granite paved pergolas surrounding the garden.

**********Formulated easy query**********

The Irish National War Memorial Gardens is an Irish war memorial located in a certain location.
The Irish National War Memorial Gardens are managed by a certain entity.
The 8 illuminated volumes of *Ireland's Memorial Records 1914-1918* are housed in a certain type of structure surrounding the garden.

**********Page content extracted**********

Title: Vascular smooth muscle
URL: https://en.wikipedia.org/wiki/Vascular_smooth_muscle
Content: Jump to content

From Wikipedia, the free encyclopedia

Smooth muscle tissue in the walls of blood vessels

| Vascular smooth muscle |
| --- |
| ! Diagram showing the location of vascular smooth muscle cells |
| ! Vascular smooth muscle cells, isolated fr

**********Extracted claims**********

Vascular smooth muscle is a type of smooth muscle.
Vascular smooth muscle is found in the walls of blood vessels.
Vascular smooth muscle comprises much of the walls in some types of blood vessels.
Capillaries have no smooth muscle.
Vascular smooth muscle is primarily innervated by the sympathetic nervous system.
The sympathetic nervous system innervates vascular smooth muscle through alpha-1, alpha-2, and beta-2 adrenergic receptors.
Norepinephrine (NE) is the main endogenous agonist of alpha-1, alpha-2, and beta-2 adrenergic receptors in vascular smooth muscle.
Alpha-1 receptors cause vasoconstriction when norepinephrine binds to them.
Activation of alpha-1 receptors decreases the diameter of blood vessels.
Alpha-1 receptors are activated in response to shock or low blood pressure.
Activation of alpha-1 receptors acts as a defensive reaction to restore normal blood pressure.
Antagonists of alpha-1 receptors cause vasodilation.
Antagonists of alpha-1 receptors cause a decrease in vascular smooth muscle tone.
Antagonists of alpha-1 receptors cause an increase in vessel diameter.
Antagonists of alpha-1 receptors cause a decrease in blood pressure.
Agonists of alpha-2 receptors in the vascular smooth muscle lead to vasoconstriction.
Agonism of beta-2 receptors causes vasodilation.
Agonism of beta-2 receptors causes low blood pressure.
The effect of beta-2 receptor activation is opposite to the effect resulting from activation of alpha-1 and alpha-2 receptors in vascular smooth muscle cells.
Vascular smooth muscle contracts or relaxes to change the volume of blood vessels.
Vascular smooth muscle contracts or relaxes to change the local blood pressure.
The contraction or relaxation of vascular smooth muscle is a mechanism responsible for redistributing blood within the body.
Blood is redistributed to areas where it is needed, such as areas with temporarily enhanced oxygen consumption.
The main function of vascular smooth muscle tone is to regulate the caliber of the blood vessels in the body.
Excessive vasoconstriction leads to high blood pressure.
Excessive vasodilation, as in shock, leads to low blood pressure.
Vascular smooth muscle cells play important roles during development.
Vascular smooth muscle cells drive osteocyte differentiation from undifferentiated precursors during osteogenesis.
Arteries have a great deal more smooth muscle within their walls than veins.
Arteries have greater wall thickness than veins.
Arteries carry pumped blood away from the heart to all organs and tissues.
Organs and tissues need oxygenated blood.
The endothelial lining of arteries and veins is similar.
Excessive proliferation of vascular smooth muscle cells contributes to the progression of pathological conditions.
Pathological conditions include vascular inflammation.
Pathological conditions include plaque formation ("Sclerosis (medicine)").
Pathological conditions include atherosclerosis.
Pathological conditions include restenosis.
Pathological conditions include pulmonary hypertension.
The majority of cells within atherosclerotic plaque are derived from vascular smooth muscle cells.
Atherosclerotic plaque is the predominant cause of heart attack and stroke.

**********Claims for hard query**********

Agonism of beta-2 receptors causes low blood pressure.
Antagonists of alpha-1 receptors cause a decrease in blood pressure.
Atherosclerotic plaque is the predominant cause of heart attack and stroke.

**********Formulated hard query**********

Agonism of beta-2 receptors causes **in a certain state**.
Antagonists of alpha-1 receptors cause **in a certain way**.
Atherosclerotic plaque is the predominant cause of **certain things**.

**********Claims for medium query**********

The effect of beta-2 receptor activation is opposite to the effect resulting from activation of alpha-1 and alpha-2 receptors in vascular smooth muscle cells.
Pathological conditions include vascular inflammation.
Pathological conditions include plaque formation ("Sclerosis (medicine)").

**********Formulated medium query**********

The effect of beta-2 receptor activation is in a certain way in vascular smooth muscle cells.
Pathological conditions include something.
Pathological conditions include a certain condition.

**********Claims for easy query**********

Vascular smooth muscle is a type of smooth muscle.
Vascular smooth muscle is found in the walls of blood vessels.
Vascular smooth muscle comprises much of the walls in some types of blood vessels.

**********Formulated easy query**********

Something is the type of smooth muscle found in the walls of blood vessels.
Vascular smooth muscle is innervated primarily by something.
The main endogenous agonist of these cell receptors is something.
Under NE binding, alpha-1 receptors cause in a certain way.
Agonism of something causes vasodilation and low blood pressure.
Excessive vasoconstriction leads to in a certain state.
Something have a great deal more smooth muscle within their walls than veins.

**********Page content extracted**********

Title: Little Blue Book
URL: https://en.wikipedia.org/wiki/Little_Blue_Book
Content: Jump to content

From Wikipedia, the free encyclopedia

Series of books published from 1919 through 1978 by the Haldeman-Julius Publishing Company

|     |     |
| --- | --- |
| ! | This article includes a list of references, related reading, or external 

**********Extracted claims**********

Little Blue Books are a series of small staple-bound books.
Little Blue Books were published from 1919 through 1978.
The Haldeman-Julius Publishing Company of Girard, Kansas, published Little Blue Books.
Little Blue Books were extremely popular.
A total of 300 to 500 million booklets were sold over the series' lifetime.
A Big Blue Book range was also published.
Emanuel Haldeman-Julius and his wife, Marcet, aimed to publish low-priced paperback pocketbooks.
These pocketbooks were intended to appeal to both the working class and the educated class.
The goal of the publishers was to disseminate works of literature, a wide range of ideas, common sense knowledge, and various points of view to a large audience.
The books, approximately 3½ by 5 inches (8.9 by 12.7 cm), easily fit into a working man's back pocket or shirt pocket.
The series was inspired by cheap 10-cent paperback editions of expired copyright classic works.
Emanuel Haldeman-Julius had purchased these inspiring paperback editions as a 15-year-old.
In 1919, the Haldeman-Juliuses purchased a publishing house in Girard, Kansas.
The publishing house was purchased from their employer, Appeal to Reason.
Appeal to Reason was a socialist weekly that Emanuel Haldeman-Julius edited.
Appeal to Reason's printing presses were crucial to the Little Blue Books project.
Appeal to Reason's subscriber lists, totaling 175,000 names, were crucial to the Little Blue Books project.
Before printing began, Emanuel Haldeman-Julius asked Appeal to Reason's subscribers for an advance of $5.
Emanuel Haldeman-Julius promised to send subscribers 50 pamphlets at staggered intervals using the upfront money.
Five thousand readers accepted Emanuel Haldeman-Julius's offer.
Emanuel Haldeman-Julius had $25,000 to work with from the advance subscriptions.
Emanuel Haldeman-Julius believed the initial 50 titles were good quality.
The booklets also sold well to readers who had not subscribed for batches of 50.
In 1919, the works began to be printed at a rate of 24,000 a day.
The initial series was called Appeal's Pocket Series.
The books were printed on cheap pulp paper.
The books were stapled.
The books were bound with a red stiff paper cover.
The initial price was 25 cents.
The series name changed over the first few years.
The color of the binding also changed over the first few years.
Previous names for the series included People's Pocket Series.
Previous names for the series included Appeal Pocket Series.
Previous names for the series included Ten Cent Pocket Series.
Previous names for the series included Five Cent Pocket Series.
The series was finally named Little Blue Books in 1923.
The price remained at 5 cents a copy for many years.
The idea of Little Blue Books caught on globally in nine years.
Little Blue Books were carried by laborers, scholars, and average citizens.
The St. Louis Dispatch referred to Haldeman-Julius as "the Henry Ford of literature."
Emperor Haile Selassie of Ethiopia supported the Little Blue Books.
W. E. B. Du Bois supported the Little Blue Books.
Admiral Richard Byrd supported the Little Blue Books.
Franklin P. Adams of Information, Please! supported the Little Blue Books.
Admiral Richard Byrd took a set of Little Blue Books to the South Pole.
Most Little Blue Books were sold by mail order.
Little Blue Books were promoted through sensationalistic advertisements.
Advertisements for Little Blue Books appeared in newspapers and magazines such as Life, Popular Science, and Ladies’ Home Journal.
To save advertisement space, only book titles were listed.
Book titles were organized by topic headings.
Topic headings included "Philosophy," "How-To," or "Sex."
Many classic works were shortened to meet publishing requirements.
Emanuel Haldeman-Julius justified shortening classics by calling removed text "boring text."
Emanuel Haldeman-Julius pioneered the concept of cutting down classics, a concept later used by Reader's Digest.
Emanuel Haldeman-Julius was a pioneer in guerrilla marketing.
Emanuel Haldeman-Julius sold his books in bookstores, drugstores, toy stores, and through his own line of vending machines.
Mail-order customers checked off the titles they wanted and mailed in the order form.
A minimum order for mail-order customers was $1 for 20 books.
Many bookstores kept a book rack stocked with numerous Little Blue Book titles.
The small size and low price made Little Blue Books especially popular with travelers.
The small size and low price made Little Blue Books especially popular with transient working people.
If a book sold less than 10,000 copies in one year, Emanuel Haldeman-Julius would remove it from his line.
Emanuel Haldeman-Julius usually attempted a new title for a slow-selling book before removal, often creating a hit.
"The Tallow Ball" by Guy de Maupassant sold 15,000 copies in one year.
"The Tallow Ball" sold 54,700 copies the next year after its title was changed to "A French Prostitute's Sacrifice."
Many famous people grew up reading Little Blue Books.
Louis L'Amour cites Little Blue Books as a major source of his early reading in his autobiography, *Education of a Wandering Man*.
Saul Bellow read Little Blue Books in his youth.
Harlan Ellison read Little Blue Books in his youth.
Jack Conroy read Little Blue Books in his youth.
Ralph Ellison read Little Blue Books in his youth.
William S. Burroughs read Little Blue Books in his youth.
Studs Terkel read Little Blue Books in his youth.
The works covered by Little Blue Books were frequently classics of Western literature.
Works by Goethe were well represented in Little Blue Books.
Works by Shakespeare were well represented in Little Blue Books.
Works by the Ancient Greeks were represented in Little Blue Books.
More modern writers like Voltaire were represented in Little Blue Books.
More modern writers like Émile Zola were represented in Little Blue Books.
More modern writers like H. G. Wells were represented in Little Blue Books.
Some topics covered by Little Blue Books were considered cutting edge for societal norms.
Little Blue Books included titles on making candy, such as #518 "How to Make All Kinds of Candy" by Helene Paquin.
Little Blue Books included classic literature titles, such as #246 "Hamlet" by William Shakespeare.
Little Blue Books explored topics like same-sex love, such as #692 "Homo-Sexual Life" by William J Fielding.
Agnostic viewpoints were explored in Little Blue Books, such as in #1500 "Why I Am an Agnostic: Including Expressions of Faith from a Protestant a Catholic and a Jew" by Clarence Darrow.
Shorter works from popular authors like Jack London were published.
Shorter works from popular authors like Henry David Thoreau were published.
A number of anti-religious tracts were published in the series.
Anti-religious tracts were written by Robert Ingersoll.
Anti-religious tracts were written by ex-Catholic priest Joseph McCabe.
Anti-religious tracts were written by Emanuel Haldeman-Julius himself.
A young Will Durant wrote a series of Blue Books on philosophy.
Will Durant's Blue Books on philosophy were republished in 1926 by Simon & Schuster as *The Story of Philosophy*.
*The Story of Philosophy* remains in print today.
Demand for existing Little Blue Book titles remained steady throughout the Depression.
Approximately 300 new Little Blue Book titles were released during the 1930s.
The majority of new titles released during the 1930s appeared prior to 1932.
Following World War II, the FBI under J. Edgar Hoover considered the Little Blue Books' inclusion of socialism as a threat.
Following World War II, the FBI under J. Edgar Hoover considered the Little Blue Books' inclusion of atheism as a threat.
Following World War II, the FBI under J. Edgar Hoover considered the Little Blue Books' frank treatment of sexuality as a threat.
The FBI placed Emanuel Haldeman-Julius on their enemies list.
Emanuel Haldeman-Julius was convicted of income tax evasion.
The persecution of Emanuel Haldeman-Julius caused a rapid decline in the number of bookstores carrying Little Blue Books.
Little Blue Books gradually faded into obscurity by the 1950s.
Older people who had read Little Blue Books in the 1920s and 1930s still remembered them.
The Cardinal Francis Spellman FBI file indicates the FBI's interest in Haldeman-Julius Publications by 1955.
An anonymous letter in late 1954 alerted the government to a book under press that was "vilifying" Cardinal Spellman.
At the time of Emanuel Haldeman-Julius's death on July 31, 1951, the series included 1873 active titles.
The works continued to be reprinted until the Girard printing plant and warehouse was destroyed by fire in 1978.
A total of 1914 titles were published in the series.
In the 1950s, The Truth Seeker, an atheist-Freethinker publication based in San Diego, California, purchased most of the remaining supply of Little Blue Books.
The Truth Seeker subsequently raised the prices of the books.
Collections of the Little Blue Book series are housed at Pittsburg State University.
Collections of the Little Blue Book series are housed at Kent State University.
Collections of the Little Blue Book series are housed at Bowling Green State University.
Collections of the Little Blue Book series are housed at California State University, Northridge.

**********Claims for hard query**********

In 1919, the works began to be printed at a rate of 24,000 a day.
Emanuel Haldeman-Julius was convicted of income tax evasion.
The initial price was 25 cents.

**********Formulated hard query**********

In 1919, the works began to be printed at a certain rate.
Someone was convicted of income tax evasion.
The initial price was a certain amount.

**********Claims for medium query**********

Emanuel Haldeman-Julius pioneered the concept of cutting down classics, a concept later used by Reader's Digest.
If a book sold less than 10,000 copies in one year, Emanuel Haldeman-Julius would remove it from his line.
Following World War II, the FBI under J. Edgar Hoover considered the Little Blue Books' inclusion of atheism as a threat.

**********Formulated medium query**********

Emanuel Haldeman-Julius pioneered the concept of cutting down classics, a concept later used by `something`.
If a book sold less than `a certain number of copies` in one year, Emanuel Haldeman-Julius would remove it from his line.
Following World War II, the FBI under `someone` considered the Little Blue Books' inclusion of atheism as a threat.

**********Claims for easy query**********

The Haldeman-Julius Publishing Company of Girard, Kansas, published Little Blue Books.
Little Blue Books are a series of small staple-bound books.
The series was finally named Little Blue Books in 1923.

**********Formulated easy query**********

A certain entity published Little Blue Books.
Little Blue Books are a series of books of a certain type.
The series was finally named Little Blue Books at a certain time.

**********Page content extracted**********

Title: By the Way, I Forgive You
URL: https://en.wikipedia.org/wiki/By_the_Way%2C_I_Forgive_You
Content: Jump to content

From Wikipedia, the free encyclopedia

2018 studio album by Brandi Carlile

| By the Way, I Forgive You |
| --- |
| ! |
| Studio album by  Brandi Carlile |
| Released | February 16, 2018 |
| Studio | RCA Studio A (Nashville, Tennessee) |


**********Extracted claims**********

"By the Way, I Forgive You" is Brandi Carlile's sixth studio album.
The album "By the Way, I Forgive You" was released on February 16, 2018.
The album was recorded at RCA Studio A in Nashville, Tennessee.
The album's genres include Americana, symphonic pop, and rock.
The album has a total length of 43 minutes and 25 seconds.
The labels for the album are Low Country Sound and Elektra.
Dave Cobb and Shooter Jennings co-produced the album.
Brandi Carlile's album "The Firewatcher's Daughter" was released in 2015, preceding "By the Way, I Forgive You".
Brandi Carlile's album "In These Silent Days" was released in 2021, following "By the Way, I Forgive You".
"The Joke" was released as the lead single from "By the Way, I Forgive You".
"Party of One" was released as a single from "By the Way, I Forgive You".
The album art for "By the Way, I Forgive You" is an original painting by Scott Avett.
"By the Way, I Forgive You" won a Grammy Award for Best Americana Album in 2019.
"By the Way, I Forgive You" was nominated for Album of the Year at the Grammy Awards.
"The Joke" was released on November 13, 2017.
The official music video for "The Joke" was released on February 16, 2018.
Former U.S. President Barack Obama named "The Joke" as one of his favorite songs of 2017.
"The Joke" reached number 4 on the Adult Alternative Songs chart.
"The Joke" reached number 43 on the Hot Rock Songs chart.
A remix of "Party of One" featuring English singer-songwriter Sam Smith was released as the second single on October 17, 2018.
A portion of the profits from the song "Party of One" featuring Sam Smith was designated to benefit Children In Conflict.
"Party of One" reached number 29 on the Adult Contemporary radio chart.
A music video of the album version of "Party of One" starring Elisabeth Moss was released in December 2018.
Brandi Carlile performed "The Joke" on "Jimmy Kimmel Live!" in January 2018.
Brandi Carlile performed "The Joke" and "Whatever You Do" on "The Late Show with Stephen Colbert" in April 2018.
Brandi Carlile performed "The Joke" on "The Howard Stern Show" in April 2018.
Brandi Carlile performed "Hold Out Your Hand" on "Full Frontal with Samantha Bee" in August 2018.
The song "The Mother" commemorates Brandi Carlile's daughter.
The song "Fulton County Jane Doe" is based on the real-life story of an unidentified murder victim in Fulton County, Georgia.
"By the Way, I Forgive You" received positive reviews from music critics.
The album "By the Way, I Forgive You" has an average score of 81 out of 100 on Metacritic.
The Metacritic score of 81 out of 100 for the album indicates "Universal acclaim."
"Rolling Stone" rated "By the Way, I Forgive You" as the 12th best album of 2018.
NPR rated "By the Way, I Forgive You" as the 19th best album of 2018.
Thrillist rated "By the Way, I Forgive You" as the 36th best album of 2018.
"Vice" rated "By the Way, I Forgive You" as the 22nd best album of 2018.
"PopMatters" rated "By the Way, I Forgive You" as the 63rd best album of 2018.
Refinery29 rated "By the Way, I Forgive You" as the 9th best album of 2018.
"Entertainment Weekly" rated "By the Way, I Forgive You" as the 11th best album of 2018.
Chris Willman of "Variety" rated "By the Way, I Forgive You" as the 2nd best album of 2018.
Kevin Coffey of the "Omaha World-Herald" rated "By the Way, I Forgive You" as the 2nd best album of 2018.
Brandi Carlile was nominated for Artist of the Year at the 2018 Americana Music Honors & Awards.
"The Joke" was nominated for Song of the Year at the 2018 Americana Music Honors & Awards.
"By the Way, I Forgive You" was nominated for Album of the Year at the 2018 Americana Music Honors & Awards.
"By the Way, I Forgive You" was nominated for International Album of the Year at the 2018 UK Americana Awards.
"The Joke" won International Song of the Year at the 2018 UK Americana Awards.
"The Joke" was nominated for Record of the Year at the 2019 Grammy Awards.
"The Joke" was nominated for Song of the Year at the 2019 Grammy Awards.
"The Joke" won Best American Roots Song at the 2019 Grammy Awards.
"The Joke" won Best American Roots Performance at the 2019 Grammy Awards.
All tracks on the album, except "The Joke," were written by Brandi Carlile, Phil Hanseroth, and Tim Hanseroth.
"The Joke" was written by Brandi Carlile, Dave Cobb, Phil Hanseroth, and Tim Hanseroth.
The album contains 10 tracks.
The track "Every Time I Hear That Song" has a length of 4 minutes and 1 second.
The track "The Joke" has a length of 4 minutes and 39 seconds.
The track "Hold Out Your Hand" has a length of 4 minutes and 22 seconds.
The track "The Mother" has a length of 3 minutes and 17 seconds.
The track "Whatever You Do" has a length of 4 minutes and 7 seconds.
The track "Fulton County Jane Doe" has a length of 4 minutes and 43 seconds.
The track "Sugartooth" has a length of 4 minutes and 28 seconds.
The track "Most of All" has a length of 3 minutes and 51 seconds.
The track "Harder to Forgive" has a length of 4 minutes and 6 seconds.
The track "Party of One" has a length of 5 minutes and 47 seconds.
The album personnel includes Brandi Carlile, Tim Hanseroth, Dave Cobb, Shooter Jennings, Phil Hanseroth, Chris Powell, Alicia Enstrom, David Angell, Kristin Wilkinson, Carole Rabinowitz, and Josh Neumann.
Paul Buckmaster arranged strings for tracks 5 and 10 on the album.
The album "By the Way, I Forgive You" reached a peak position of 27 on the Canadian Albums chart in 2018.
The album "By the Way, I Forgive You" reached a peak position of 21 on the Croatian International Albums chart in 2018.
The album "By the Way, I Forgive You" reached a peak position of 98 on the Scottish Albums chart.
The album "By the Way, I Forgive You" reached a peak position of 13 on the Swiss Albums chart in 2018.
The album "By the Way, I Forgive You" reached a peak position of 4 on the UK Americana Albums chart.
The album "By the Way, I Forgive You" reached a peak position of 5 on the US Billboard 200 chart.
The album "By the Way, I Forgive You" reached a peak position of 1 on the US Folk Albums chart in 2018.
The album "By the Way, I Forgive You" reached a peak position of 1 on the US Top Rock Albums chart in 2018.
The album "By the Way, I Forgive You" ranked 127th on the US Top Current Album Sales year-end chart in 2018.
The album "By the Way, I Forgive You" ranked 84th on the US Top Rock Albums year-end chart in 2018.

**********Claims for hard query**********

The track "The Joke" has a length of 4 minutes and 39 seconds.
The song "Fulton County Jane Doe" is based on the real-life story of an unidentified murder victim in Fulton County, Georgia.
The track "Sugartooth" has a length of 4 minutes and 28 seconds.

**********Formulated hard query**********

The track "The Joke" has a certain length.
The song "Fulton County Jane Doe" is based on the real-life story of an unidentified murder victim in a certain place.
The track something has a length of 4 minutes and 28 seconds.

**********Validation Result**********

subquestion 'The track something has a length of 4 minutes and 28 seconds.' is NOT supported by the context.
<reject> The information specifies a track named "something", but this track is not listed in the "Track listing" section of the provided content. While "Sugartooth" has a length of 4 minutes and 28 seconds, the requested track is "something", which is not present. </reject>

**********Claims for medium query**********

"The Joke" was written by Brandi Carlile, Dave Cobb, Phil Hanseroth, and Tim Hanseroth.
"Party of One" was released as a single from "By the Way, I Forgive You".
"The Joke" was released as the lead single from "By the Way, I Forgive You".

**********Formulated medium query**********

"The Joke" was written by **some people**.
**Something** was released as a single from "By the Way, I Forgive You".
"The Joke" was released as a **certain kind of** single from "By the Way, I Forgive You".

**********Claims for easy query**********

"By the Way, I Forgive You" is Brandi Carlile's sixth studio album.
Brandi Carlile's album "In These Silent Days" was released in 2021, following "By the Way, I Forgive You".
Brandi Carlile's album "The Firewatcher's Daughter" was released in 2015, preceding "By the Way, I Forgive You".

**********Formulated easy query**********

_By the Way, I Forgive You_ is Brandi Carlile's a specific numbered studio album.
Brandi Carlile's album a certain album was released in 2021, following "By the Way, I Forgive You".
Brandi Carlile's album another album was released in 2015, preceding "By the Way, I Forgive You".

**********Page content extracted**********

Title: Adela of Normandy
URL: https://en.wikipedia.org/wiki/Adela_of_Normandy
Content: Jump to content

From Wikipedia, the free encyclopedia

Countess of Blois from 1089 to 1102

For other uses, see Adela (disambiguation) "Adela (disambiguation)").

Not to be confused with Adelaide of Normandy, sister of William I of England.

| Adela of N

**********Extracted claims**********

Adela of Normandy served as Countess of Blois from 1089 to 1102.
Adela of Normandy was born around 1067 in the Duchy of Normandy.
Adela of Normandy died on March 8, 1137, at the age of 69–70 in Marcigny-sur-Loire, Kingdom of France.
Adela of Normandy was married to Stephen II, Count of Blois.
Adela of Normandy was a daughter of William the Conqueror.
Adela of Normandy's mother was Matilda of Flanders.
Adela of Normandy belonged to the House of Normandy.
Adela of Normandy practiced Roman Catholicism.
Adela of Normandy is also known as Saint Adela in the Catholic Church.
Adela of Normandy became the countess of Blois, Chartres, and Meaux through her marriage to Stephen II of Blois.
Stephen II of Blois greatly benefited from the increased social status and prestige associated with marrying into Adela of Normandy's wealthy and powerful family.
Adela of Normandy served as regent of Blois during her spouse's absence from 1096 to 1100 and from 1101 to 1102.
Adela of Normandy served as regent during her son's minority from 1102 until 1120.
Adela of Normandy's marriage laid the groundwork for a period of extended conflict in the Anglo-Norman lands.
Adela of Normandy was the mother of King Stephen of England.
King Stephen of England's taking of the throne over his niece Empress Matilda initiated the civil war known as The Anarchy.
Adela of Normandy is generally believed to have been born between 1066 and 1070.
Adela of Normandy was the youngest daughter of William the Conqueror.
Adela of Normandy was the favorite sister of King Henry I of England.
Adela of Normandy and King Henry I of England were likely the youngest children of William the Conqueror.
Adela of Normandy was a high-spirited and educated woman.
Adela of Normandy possessed a knowledge of Latin.
Adela of Normandy likely spent significant time and was educated at a monastery, probably the Abbey of Sainte-Trinité, Caen.
Adela of Normandy had three older brothers and one younger brother.
Adela of Normandy's bloodline was a valuable asset for marriage alliances.
Adela of Normandy married Stephen Henry, son and heir to the count of Blois, between 1080 and 1083.
Adela of Normandy was approximately fifteen years old when she married.
The marriage of Adela of Normandy and Stephen Henry took place at Chartres Cathedral.
The marriage created a strong familial alliance, linking the two most powerful families in Northern France.
Stephen Henry was nearly twenty years Adela of Normandy's senior.
Adela of Normandy and Stephen Henry had six or eight children who survived infancy during their fifteen-year marriage.
Stephen Henry inherited Blois, Chartres, and Meaux upon his father's death in 1089.
Stephen Henry also inherited lands and rights in parts of Berry and Burgundy.
The Thibaudian dynasty had other possessions east of Paris.
The Thibaudian dynasty's eastern possessions were coalescing into the county of Champagne by the end of Adela of Normandy's life.
Adela of Normandy helped establish the foundations for the emergence of the principality of Champagne.
Adela of Normandy and her husband had a relationship based on trust and mutual respect.
Adela of Normandy and her husband made decisions together.
Adela of Normandy swore to bind herself and her husband to protect the bishop of Chartres during a dispute with the king of France.
Stephen-Henry joined the First Crusade in 1096.
Adela of Normandy acted as regent for her husband during his extended absence as a leader of the First Crusade (1095–1098).
Adela of Normandy also acted as regent during her husband's second expedition in 1101.
Stephen's letters to Adela of Normandy offer insight into the experiences of the Crusade's leaders.
Stephen trusted Adela of Normandy to rule as regent while he was on crusade.
Adela of Normandy's regency included granting charters, such as the right to build new churches for monks.
Adela of Normandy collaborated with Ivo of Chartres at various times.
Adela of Normandy exchanged letters with Ivo of Chartres throughout her regency to discuss matters such as the control of misbehaving nuns and disputes about sworn oaths.
While regent, Adela of Normandy toured her lands.
While regent, Adela of Normandy settled disputes.
While regent, Adela of Normandy promoted economic growth.
While regent, Adela of Normandy commanded knights to go to battle with the king.
It was common for noble women to assume the duties of their male counterparts during the crusades.
The Count of Blois returned to France in 1100.
The Count of Blois brought several cartloads of maps, jewels, and other treasures, which he deposited at Chartres.
According to Orderic Vitalis, Adela of Normandy constantly criticized Stephen-Henry, even during their intimate moments, urging him to return to the Holy Land after he abandoned the First Crusade.
Stephen-Henry was under an obligation to the pope due to earlier agreements.
Stephen-Henry returned to Antioch to participate in the crusade of 1101.
Stephen-Henry was killed in a final stand after the Battle of Ramla in 1102.
Adela of Normandy continued to act as regent after her husband's death.
Adela of Normandy continued to act as regent through her son Thibaud's early rule until her retirement in 1120.
Even after Thibaud came of age, Adela of Normandy continued to issue charters.
Adela of Normandy acted as co-ruler of many parts of their land even after Thibaud came of age.
Adela of Normandy did not secure a marriage alliance for Thibaud.
Thibaud did not marry until after Adela of Normandy's retirement.
Adela of Normandy's decision not to secure a marriage alliance for Thibaud helped maintain her power and influence.
Adela of Normandy was a devout Benedictine sympathizer.
Adela of Normandy employed several high-ranking tutors to educate her children.
Adela of Normandy's youngest son, Henry, was conceived during the single year Stephen spent in France between crusading duties.
At two years of age, Henry was pledged to the Church at Cluny Abbey, Saône-et-Loire, France, as an oblate child.
Henry was dedicated to the service of God according to medieval practice.
Henry was later appointed Abbot of Glastonbury.
Henry was later appointed Bishop of Winchester.
As Bishop, Henry sponsored hundreds of constructions, including bridges, canals, palaces, forts, castles, and entire villages.
Bishop Henry built dozens of abbeys and chapels.
Bishop Henry sponsored books, including the Winchester Bible.
In 1105, Adela of Normandy was responsible for conveying the archbishop's serious threat of excommunication to her brother Henry I after St. Anselm visited her during a sickness.
Orderic Vitalis praises Adela of Normandy as a "wise and spirited woman" who capably governed her husband's estates and her own.
Adela of Normandy's power and interests are demonstrated in collected letters.
The collected letters show Adela of Normandy's religiosity and intellect.
In a letter from 1104, Adela of Normandy granted a monastery a portion of land with all its wildlife.
Adela of Normandy reserved the power to pass judgment on crimes committed in the granted area.
Adela of Normandy quarreled with her eldest son William.
Adela of Normandy appointed her younger brother Theobald to replace William as heir in 1107, despite William previously being named heir-designate.
Another son, Stephen of Blois, moved to London in 1111 to join the court of his uncle, King Henry I (Beauclerc).
Stephen of Blois became King Henry I (Beauclerc)'s favorite.
Upon Beauclerc's death in Normandy in 1135, Stephen seized the English throne from Holy Roman Empress Dowager Matilda.
Holy Roman Empress Dowager Matilda was King Henry I's daughter, whom he had named as his successor.
Stephen's seizure of the throne initiated a protracted civil war in England.
The civil war in England lasted nearly twenty years.
Adela of Normandy retired to the monastery at Marcigny in 1120.
Adela of Normandy became a nun upon her retirement.
Adela of Normandy chose the larger, more prestigious monastery at Marcigny, located near her son Henry at Cluny Abbey.
Adela of Normandy may have served as abbess of the community at Marcigny.
Adela of Normandy continued to interact and communicate with her children after retirement.
Adela of Normandy continued to interact and communicate with the ecclesiastical leaders of lands she had once ruled.
Adela of Normandy maintained her influence over the region after retirement.
Adela of Normandy sent letters to her son Thibaud and Geoffrey, bishop of Chartres, reminding them of her settlement of a monastic case.
Adela of Normandy's letters reminded her son Thibaud how his father and she regarded alms gifting to monasteries.
Later in 1120, Adela of Normandy's daughter Lucia-Mahaut drowned in the wreck of the White Ship alongside her husband.
Adela of Normandy lived long enough to witness her son Stephen on the English throne.
Adela of Normandy likely took pride in the ascension of her youngest child, Henry of Blois, to the bishopric of Winchester in 1129.
After Adela of Normandy's death in 1137 at Marcigny, prayers were offered at various churches she had personally endowed or recognized.
Adela and Stephen had several children.
William, Count of Sully, was a child of Adela and Stephen.
Theobald II, Count of Champagne, was a child of Adela and Stephen.
Odo of Blois was a child of Adela and Stephen.
Adela, who married Milo II of Montlhéry, was a child of Adela and Stephen.
Stephen, King of England, was a child of Adela and Stephen.
Lucia-Mahaut, who married Richard d'Avranches, 2nd Earl of Chester, was a child of Adela and Stephen.
Lucia-Mahaut and Richard d'Avranches both drowned on November 25, 1120, in the White Ship disaster.
Agnes, who married Hugh III of Le Puiset, was a child of Adela and Stephen.
Agnes and Hugh III of Le Puiset were the parents of Hugh de Puiset, Bishop of Durham.
Alix, who married Renaud III of Joigny, was a child of Adela and Stephen.
Henry, Bishop of Winchester (1096–1171), was a child of Adela and Stephen.
Henry, Bishop of Winchester, was an oblate child raised at Cluny Abbey in Saône-et-Loire, France.
Eleanor of Champagne was a child of Adela and Stephen.
Some of the listed daughters may have been step-daughters of Adela.
Adela had five biological sons.
Adela may have had three or more daughters.
Not all of the listed daughters were necessarily Adela's biological children.
Adela's daughters are not mentioned by name during their youth.
Adela's daughters are mentioned in records only when they reached marriageable age.
Adela's daughters played an important role in building alliances.
Adela is a saint in the Roman Catholic Church.
Adela's feast day is February 24.
Kimberly A. LoPrete states that Milo bigamously married an unnamed daughter of Adela.
The marriage between Milo and Adela's unnamed daughter was annulled.

**********Claims for hard query**********

Stephen-Henry returned to Antioch to participate in the crusade of 1101.
Bishop Henry sponsored books, including the Winchester Bible.
The civil war in England lasted nearly twenty years.

**********Formulated hard query**********

Stephen-Henry returned to a certain place to participate in the crusade of 1101.
Bishop Henry sponsored books, including a certain thing.
The civil war in England lasted for a certain period of time.

**********Claims for medium query**********

Adela of Normandy reserved the power to pass judgment on crimes committed in the granted area.
Adela of Normandy's decision not to secure a marriage alliance for Thibaud helped maintain her power and influence.
The Thibaudian dynasty's eastern possessions were coalescing into the county of Champagne by the end of Adela of Normandy's life.

**********Formulated medium query**********

Adela of Normandy reserved the power to act in a certain way.
Adela of Normandy's decision in a certain way helped maintain her power and influence.
The Thibaudian dynasty's eastern possessions were coalescing into something by the end of Adela of Normandy's life.

**********Claims for easy query**********

Adela of Normandy died on March 8, 1137, at the age of 69–70 in Marcigny-sur-Loire, Kingdom of France.
Adela of Normandy served as Countess of Blois from 1089 to 1102.
Adela of Normandy was born around 1067 in the Duchy of Normandy.

**********Formulated easy query**********

Adela of Normandy died on March 8, 1137, at the age of 69–70 in a certain location.
Adela of Normandy served in a certain role from 1089 to 1102.
Adela of Normandy was born in a certain year in the Duchy of Normandy.

**********Page content extracted**********

Title: Umberto Blasi
URL: https://en.wikipedia.org/wiki/Umberto_Blasi
Content: Jump to content

From Wikipedia, the free encyclopedia

Italian long-distance runner

| ! |
| Personal information |
| Born | (1886-10-12)12 October 1886 Rome, Italy |
| Died | 1 July 1938(1938-07-01) (aged 51) Rome, Italy |
| Sport |
| Sport | Athletics 

**********Extracted claims**********

Umberto Blasi was born on October 12, 1886.
Umberto Blasi died on July 1, 1938.
Umberto Blasi was an Italian long-distance runner.
Umberto Blasi was a three-time national champion in the marathon.
Umberto Blasi competed in the men's marathon at the 1908 Summer Olympics.
Umberto Blasi won Italy's first national marathon championship on June 3, 1908.
Umberto Blasi's winning time for Italy's first national marathon championship was 3:01:04.
Italy's first national marathon championship was held in Rome.
Umberto Blasi earned a spot on the Italian Olympic team for the 1908 Games.
Augusto Cocca and Dorando Pietri also earned spots on the Italian Olympic team for the 1908 Games.
56 athletes started the marathon in London in July 1908.
Umberto Blasi dropped out of the 1908 Olympic marathon after 8 miles.
Umberto Blasi did not finish the 1908 Olympic marathon.
Umberto Blasi won his second consecutive national championship on September 19, 1909.
Umberto Blasi's winning time for his second national championship was 2:38:30.
Umberto Blasi's second national championship was run on a 40-kilometer course in Milan.
Umberto Blasi achieved a mark of 2:48:44 on an official distance course in Voltri, Italy.
Umberto Blasi's 2:48:44 mark lowered the Italian marathon record.
Arturo deMaria had set the previous Italian marathon record three months prior to Umberto Blasi's mark in Voltri.
Umberto Blasi was one of ten professional competitors in a marathon held on April 2, 1910.
The marathon on April 2, 1910, was held at the Polo Grounds in New York City.
16,000 spectators attended the marathon at the Polo Grounds on April 2, 1910.
Umberto Blasi dropped out of the April 2, 1910 marathon after 18 miles.
Supporters of Umberto Blasi and Fortunio Zantis caused an early end to a marathon in Rocky Point, Rhode Island, on July 10, 1910.
The supporters crowded the track and attempted to trip Patrick Dineen of Boston, who was the leader in the July 10, 1910 marathon.
Patrick Dineen was declared the winner of the July 10, 1910 marathon.
Patrick Dineen completed 21 laps in the July 10, 1910 marathon.
Umberto Blasi finished in fifth place in the July 10, 1910 marathon.
Umberto Blasi competed with five other runners in a race at the Rocky Point baseball grounds.
3,500 spectators witnessed the race at the Rocky Point baseball grounds.
The race at the Rocky Point baseball grounds was a 20-mile race.
Umberto Blasi finished in fourth place in the race at the Rocky Point baseball grounds.
Umberto Blasi ran his marathon personal best with a 2:38:00.8 performance.
Umberto Blasi captured his third and final national title with a time of 2:38:00.8.
Umberto Blasi's third national title race took place in Legnano, Italy, on November 29, 1914.
The International Association of Athletics Federations does not recognize Umberto Blasi's 2:38:00.8 mark as a world best.
The Association of Road Racing Statisticians lists Umberto Blasi's 2:38:00.8 mark in their progression of world records in the marathon.
The Association of Road Racing Statisticians lists Umberto Blasi's 2:38:00.8 mark as the world's fastest for 1914.
Umberto Blasi was born in Rome, Italy.

**********Claims for hard query**********

The supporters crowded the track and attempted to trip Patrick Dineen of Boston, who was the leader in the July 10, 1910 marathon.
The race at the Rocky Point baseball grounds was a 20-mile race.
3,500 spectators witnessed the race at the Rocky Point baseball grounds.

**********Formulated hard query**********

The supporters crowded the track and attempted to trip someone, who was the leader in the July 10, 1910 marathon.
The race at a certain location was a 20-mile race.
A certain number of spectators witnessed the race at the Rocky Point baseball grounds.

**********Claims for medium query**********

Umberto Blasi was born in Rome, Italy.
Umberto Blasi captured his third and final national title with a time of 2:38:00.8.
Arturo deMaria had set the previous Italian marathon record three months prior to Umberto Blasi's mark in Voltri.

**********Formulated medium query**********

Umberto Blasi was born in a certain place.
Umberto Blasi captured his third and final national title with a certain time.
Someone had set the previous Italian marathon record three months prior to Umberto Blasi's mark in Voltri.

**********Claims for easy query**********

Umberto Blasi was an Italian long-distance runner.
Umberto Blasi competed in the men's marathon at the 1908 Summer Olympics.
Umberto Blasi was one of ten professional competitors in a marathon held on April 2, 1910.

**********Formulated easy query**********

Umberto Blasi was a something.
Umberto Blasi competed in the men's marathon at a certain event.
Umberto Blasi was one of ten professional competitors in a marathon held on a certain date.

**********Page content extracted**********

Title: Eli Beer
URL: https://en.wikipedia.org/wiki/Eli_Beer
Content: Jump to content

From Wikipedia, the free encyclopedia

Israeli activist; founder of United Hatzalah

| Eli Beer |
| --- |
| ! |
| Born | (1973-09-13) September 13, 1973 (age 51) |
| Nationality | Israeli |
| Known for | Founder of United Hatzalah |

**El

**********Extracted claims**********

Eli Beer was born on September 13, 1973, in Israel.
Eli Beer is the founder of United Hatzalah of Israel.
Eli Beer is the President of the U.S.-based organization Friends of United Hatzalah.
United Hatzalah of Israel is an independent, non-profit, fully-volunteer emergency medical services organization.
United Hatzalah of Israel provides fast emergency medical first response throughout Israel.
United Hatzalah of Israel provides free emergency medical first response throughout Israel.
Eli Beer witnessed the bombing of the #12 bus on June 2, 1978.
Eli Beer was inspired by the 1978 bus bombing to volunteer on an ambulance.
Eli Beer volunteered on an ambulance at the age of 15.
Eli Beer attended school and worked in his family's bookstore and real estate business while volunteering.
Eli Beer was seriously ill with Covid-19.
Eli Beer was placed in a coma twice due to Covid-19.
Eli Beer began working with Hatzalah Jerusalem in 1992.
Eli Beer served as a fundraiser and operational coordinator for Hatzalah Jerusalem.
Hatzalah Jerusalem grew and changed its name to Hatzalah Israel.
Hatzalah Israel reflected a nationwide scope.
Hatzalah Israel functioned as an umbrella organization.
Hatzalah Israel incorporated many Hatzalah chapters from across the country.
A terror attack occurred in the Beit Yisroel neighborhood of Jerusalem in 2002.
First response was slowed by narrow roadways and congestion in the Beit Yisroel neighborhood of Jerusalem in 2002.
A volunteer from the organization conceived the idea of first responders arriving with medical equipment on motorcycles.
The 'ambucycle' concept was created.
The term 'ambucycle' was coined by the organization.
An ambucycle is an ambulance-motorcycle.
Ambucycles carry a full complement of medical equipment, similar to a regular ambulance.
Ambucycles do not carry a backboard, stair-chair, or bed.
The Second Lebanon War occurred in 2006.
Eli Beer unified numerous smaller Hatzalah organizations after the Second Lebanon War.
The organization's name was changed to United Hatzalah.
United Hatzalah is divided into branches.
United Hatzalah includes Jewish, Muslim, Druze, and Christian volunteers from all religious spectrums.
United Hatzalah established its reputation as an EMS organization.
United Hatzalah has been at the forefront of medical innovation.
United Hatzalah was the first EMS to introduce the Ambucycle.
Ambucycles allow volunteer first responders to reach patients in an average of 3 minutes across Israel.
Ambucycle response times are typically 8 to 15 minutes faster than the first ambulance.
United Hatzalah launched Israel's first GPS-based dispatch system in 2008.
The GPS-based dispatch system locates and dispatches the five closest EMS responders within 3 seconds of an emergency.
United Hatzalah has grown to include more than 8,000 volunteer medical first responders.
United Hatzalah's volunteer medical first responders include EMTs, paramedics, and doctors.
United Hatzalah volunteers responded to more than 700,000 medical emergencies in 2024.
United Hatzalah's services are provided free of charge.
United Hatzalah's services are provided to all people regardless of race, nationality, or religion.
Eli Beer expanded United Hatzalah internationally in 2015.
Branches of United Hatzalah were established in South America and other countries.
"United Rescue" was established in Jersey City, N.J., in the United States.
The response time in Jersey City, N.J. was reduced to two minutes and thirty-five seconds as a result of United Rescue.
Eli Beer has been a medical responder at the scenes of the Ben Yehuda Street bombings.
Eli Beer has been a medical responder at the Versailles Wedding Hall disaster.
Eli Beer has been a medical responder during the Second Lebanon War in the north.
Eli Beer has been a medical responder during Operation Cast Lead in the south.
Eli Beer has been a medical responder at dozens of other major terror attacks and mass casualty incidents.
Eli Beer played a pivotal role in providing critical humanitarian assistance and medical care during the Gaza war.
Eli Beer helped set up a United Hatzalah field hospital and dispatch.
Eli Beer helped send over 1,500 volunteer EMTs to the Gaza periphery.
Volunteer EMTs treated civilian and military personnel wounded in the Hamas terror attacks in the Gaza periphery.
Eli Beer helped mobilize tens of thousands of donors worldwide to raise funds for critical medical supplies.
Medical supplies were depleted due to United Hatzalah's humanitarian response to wounded people in Israel.
Eli Beer met with U.S. President Joe Biden during President Biden's visit to Israel.
Eli Beer disseminated a story about an Israeli baby being placed in an oven and burned to death at a Republican Jewish Coalition’s Annual Leadership Summit on October 28, 2023.
The story disseminated by Eli Beer about an Israeli baby being burned to death was unable to be verified.
Eli Beer was featured in interviews discussing United Hatzalah volunteers' response on October 7.
These interviews included appearances on Fox News with Jake Tapper, CNN, and CBS News.
Eli Beer received the Social Entrepreneur Award from the Schwab Foundation for Social Entrepreneurship in cooperation with the World Economic Forum of Davos in 2010.
Eli Beer received the Presidential Award for Volunteerism from Shimon Peres in 2011.
Eli Beer was chosen as one of the World Economic Forum's Young Global Leaders in 2012.
Eli Beer was nominated for the Young Global Leader award by a committee chaired by Queen Rania of Jordan.
Eli Beer was recognized for his efforts to create a multicultural, apolitical medical rescue organization.
Eli Beer received the Victor J. Goldberg IIE Prize for Peace in the Middle East in 2013.
Eli Beer received the Victor J. Goldberg IIE Prize jointly with Murad Alian.
Murad Alian is the Coordinator of United Hatzalah's Team in Israeli-occupied East Jerusalem.
Eli Beer received the Champion of Human Life Award in 2016.
The Champion of Human Life Award was presented at the Fourth Annual Champions of Jewish Values International Awards Gala.
The World Values Network sponsored the Champions of Jewish Values International Awards Gala.
Eli Beer was awarded the CER Internet Entrepreneur Prize in Helsinki in 2017.
Eli Beer received the CER Internet Entrepreneur Prize for developing United Hatzalah's LifeCompass app.
The LifeCompass app automatically dispatches the five closest EMT responders within three seconds of an emergency.
Eli Beer was invited to speak on TEDMED in April 2013.
Eli Beer's TEDMED talk was featured on the TED website.
Eli Beer spoke at the TEDx Gateway conference in India in February 2020.
Eli Beer was selected as one of the Jerusalem Post's 50 most influential Jews in October 2024.
The selection was based on United Hatzalah's lifesaving response to October 7th.
The selection was based on United Hatzalah's innovations, including the ambucycle and GPS-based dispatch.
United Hatzalah was awarded the 2024 Health Minister’s Shield for Volunteering.
The Health Minister’s Shield recognized United Hatzalah's lifesaving efforts during the October 7th attacks.
The Health Minister’s Shield recognized United Hatzalah's lifesaving efforts during the Iron Swords War.
The Health Minister’s Shield recognized United Hatzalah's ongoing contribution to public health in Israel.

**********Claims for hard query**********

An ambucycle is an ambulance-motorcycle.
Ambucycle response times are typically 8 to 15 minutes faster than the first ambulance.
Ambucycles do not carry a backboard, stair-chair, or bed.

**********Formulated hard query**********

An ambucycle is something.
Ambucycle response times are in a certain way than the first ambulance.
Ambucycles do not carry certain things.

**********Claims for medium query**********

United Hatzalah of Israel is an independent, non-profit, fully-volunteer emergency medical services organization.
United Hatzalah has been at the forefront of medical innovation.
United Hatzalah's volunteer medical first responders include EMTs, paramedics, and doctors.

**********Formulated medium query**********

Something is an independent, non-profit, fully-volunteer emergency medical services organization.
United Hatzalah has been in a certain state.
United Hatzalah's volunteer medical first responders include certain kinds of people.

**********Claims for easy query**********

Eli Beer is the founder of United Hatzalah of Israel.
Eli Beer was featured in interviews discussing United Hatzalah volunteers' response on October 7.
Eli Beer expanded United Hatzalah internationally in 2015.

**********Formulated easy query**********

Someone is the founder of United Hatzalah of Israel.
Eli Beer was featured in interviews discussing something.
Eli Beer expanded United Hatzalah in a certain way.

**********Page content extracted**********

Title: 80th Birthday Stadium
URL: https://en.wikipedia.org/wiki/80th_Birthday_Stadium
Content: Jump to content

Coordinates: !14°55′38″N102°02′56″E﻿ / ﻿14.927096°N 102.048956°E﻿ / 14.927096; 102.048956

From Wikipedia, the free encyclopedia

Soccer stadium in Korat, Thailand

|     |     |
| --- | --- |
| ! | This article includes a list of general

**********Extracted claims**********

The 80th Birthday Stadium is a soccer stadium located in Korat, Thailand.
The full name of the stadium is His Majesty the King's 80th Birthday Anniversary, 5th December 2007 Stadium.
The stadium was formerly known as 333rd Nakhon Ratchasima Anniversary Stadium.
The stadium is located in Mueang Nakhon Ratchasima, Thailand.
The stadium's coordinates are 14°55′38″N 102°02′56″E.
The stadium has a capacity of 25,000 spectators.
The playing surface of the stadium is grass.
Construction of the stadium broke ground on March 28, 2005.
The stadium was built between March 2005 and July 2007.
The stadium officially opened in December 2007.
The construction cost of the entire SEA Games complex, which includes the stadium, was US$65 million.
Nakhon Ratchasima F.C. has been a tenant of the stadium since 2009.
The 80th Birthday Stadium is the main stadium in His Majesty the King's 80th Birthday Anniversary, 5 December 2007, Sports Complex.
Nakhon Ratchasima FC, a professional team, uses the stadium as its home.
The stadium was used for the 2007 Southeast Asian Games.
The 2007 Southeast Asian Games coincided with the 80th birthday of King Bhumibol Adulyadej.
The venue's name, 80th Birthday Stadium, reflects the 80th birthday of King Bhumibol Adulyadej.
The stadium is located in the former SEA Games sports complex on Highway 304 (Pak Thong Chai Road).
The stadium is located southwest of the city of Nakhon Ratchasima.
The stadium provides all-seated accommodation.
The stadium has space for 24,641 spectators.
The stadium's tribunes form a continuous ring around the pitch and running track.
The stands of the stadium are uncovered on three sides.
A large cantilevered roof provides cover for approximately 7,000 seats on one side of the stadium.
The stadium's ring rises to approximately double the height of the tribune it faces on one side.
Most of the seats in the stadium are bright orange.
The bright orange color of the stadium seats matches Nakhon Ratchasima FC's home kit.
The stadium seats are of the fixed-bucket style.
Some seats at the top of the main stand tribune are red.
The seats in the VIP section of the main stand are of the tip-up type.
The initials "SAT" (Sports Authority of Thailand) are depicted in blue in the lower sections of the main stand.
Equivalent letters in Thai script are also depicted in blue in the lower sections of the main stand.
Commentary boxes and private suites are located at the top of the main stand.
A large royal box is located in the middle of the main stand.
A large scoreboard is located at the north end of the stadium.
Three flagpoles used for the SEA Games are located at the end opposite the scoreboard.
The place where the "Olympic" flame burned is located at the end opposite the scoreboard.
The stadium's concourses are basic.
The concourses extend around the entire stadium.
The stadium's entrances lead directly into the seating areas.
The stadium has modern and well-appointed toilets for supporters.
The stadium pitch is known to drain well in the rainy season.
Two floodlight systems are in use at the stadium.
Roof-mounted lights are installed on the main stand side.
Four very tall concrete pylons serving as floodlights stand outside the stadium.
Both floodlight systems were installed to allow simultaneous illumination of the running track, pitch, sand pits, high-jump, pole vault, and shot-put areas during the Southeast Asian Games.
A floodlit pitch, complete with a running track and a small stand, is located opposite the main entrance to the stadium.
This secondary ground does not meet league standards.
This secondary ground is not enclosed.
The floodlights of the secondary ground are not powerful enough for evening matches.
Nakhon Ratchasima FC used this secondary ground for a pre-season friendly in March 2009 against Khonkaen FC.
Nakhon Ratchasima FC moved into the stadium in June 2008.
Nakhon Ratchasima FC previously played at the Nakhon Ratchasima Municipal Stadium.
The club's move to the stadium was initially on a trial basis.
The club's switch to the stadium has been successful.
Nakhon Ratchasima FC continues to use the stadium for home matches.
The Yemen national football team used the stadium for its home matches for the 2027 AFC Asian Cup qualification in 2025.
The stadium hosted a 2010 King's Cup match between Thailand and Singapore on January 17, 2010, which Thailand won 1–0.
The stadium hosted a 2010 King's Cup match between Poland and Thailand on January 20, 2010, which Poland won 3–1.
The stadium hosted a 2010 King's Cup match between Poland and Singapore on January 23, 2010, which Poland won 6–1.
The stadium hosted a friendly match between Thailand and Philippines on November 9, 2014, which Thailand won 3–0.
The stadium hosted a friendly match between Thailand and New Zealand on November 18, 2014, which Thailand won 2–0.
Yemen is scheduled to play Lebanon at the stadium on March 25, 2025, as part of the 2027 AFC Asian Cup qualification.
Yemen is scheduled to play Brunei at the stadium on October 14, 2025.
Yemen is scheduled to play Bhutan at the stadium on November 18, 2025.

**********Claims for hard query**********

Roof-mounted lights are installed on the main stand side.
The seats in the VIP section of the main stand are of the tip-up type.
This secondary ground is not enclosed.

**********Formulated hard query**********

Roof-mounted lights are in a certain way on the main stand side.
The seats in the VIP section of the main stand are in a certain state.
Something is not enclosed.

**********Claims for medium query**********

The stadium has modern and well-appointed toilets for supporters.
The stadium officially opened in December 2007.
Both floodlight systems were installed to allow simultaneous illumination of the running track, pitch, sand pits, high-jump, pole vault, and shot-put areas during the Southeast Asian Games.

**********Formulated medium query**********

The stadium has `something` for supporters.
The stadium officially opened `at a certain time`.
Both floodlight systems were installed to allow simultaneous illumination of the running track, pitch, sand pits, high-jump, pole vault, and shot-put areas during `a certain event`.

**********Claims for easy query**********

The 80th Birthday Stadium is a soccer stadium located in Korat, Thailand.
The stadium is located in Mueang Nakhon Ratchasima, Thailand.
The stadium was formerly known as 333rd Nakhon Ratchasima Anniversary Stadium.

**********Formulated easy query**********

The 80th Birthday Stadium is a soccer stadium located in a certain place.
The stadium is located in a certain area, Thailand.
The stadium was formerly known as something.

**********Page content extracted**********

Title: IEEE Rebooting Computing
URL: https://en.wikipedia.org/wiki/IEEE_Rebooting_Computing
Content: Jump to content

From Wikipedia, the free encyclopedia

Initiative to rethink the concept of computing

|     |     |
| --- | --- |
| ! | **A major contributor to this article appears to have a close connection with its subject.** It may require cleanup t

**********Extracted claims**********

The Task Force on Rebooting Computing (TFRC) is housed within the IEEE Computer Society.
The Task Force on Rebooting Computing (TFRC) is the new home for the IEEE Rebooting Computing Initiative.
The IEEE Rebooting Computing Initiative was founded in 2013 by the IEEE Future Directions Committee.
Rebooting Computing has provided an international and interdisciplinary environment.
This environment allows experts from a wide variety of computer-related fields to explore novel approaches to future computing.
IEEE Rebooting Computing began as a global initiative launched by IEEE.
IEEE Rebooting Computing proposes to rethink the concept of computing through a holistic look at all aspects of computing.
The initiative considers aspects ranging from the computing device itself to the user interface.
IEEE Rebooting Computing provides access to various resources, including conferences, educational events, feature articles, scholarly articles, reports, and videos.
The IEEE Future Directions Committee established an "IEEE Rebooting Computing" working group in late 2012.
The broad vision of the working group is to "reboot" the entire field of computer technology.
The activities of the working group are carried out by the IEEE Rebooting Computing Committee.
The IEEE Rebooting Computing Committee is a team of volunteers from ten participating IEEE Societies and Councils.
The term "rebooting computing" was coined by IEEE Life Fellow Peter Denning.
The term "rebooting computing" was part of an early U.S. National Science Foundation-sponsored project focused on revamping computer education.
IEEE Rebooting Computing hosted four invitation-only summits between 2013 and 2015.
These summits were held in Washington, D.C., and Santa Cruz, California.
The summits addressed the future of computing from a holistic point of view.
IEEE Rebooting Computing adopted its logo in 2014.
The logo consists of an exploding infinity symbol.
The logo is intended to suggest the absence of limits for future computing technology.
IEEE Rebooting Computing announced the signing of a Memorandum of Understanding (MOU) with the International Technology Roadmap for Semiconductors (ITRS) in March 2015.
The MOU led to the formation of the IEEE International Roadmap for Devices and Systems (IRDS) in May 2016.
The IRDS incorporated the previous mission of the ITRS in semiconductor device fabrication.
The IRDS expanded its scope to encompass alternative technologies, computer architectures, and system applications.
IEEE Rebooting Computing announced support for the National Strategic Computing Initiative (NSCI) in September 2015.
The NSCI was established under Executive Order 13702, issued by U.S. President Barack Obama in July 2015.
The NSCI calls for a coordinated Federal strategy in high-performance computing (HPC) research, development, and deployment.
The National Nanotechnology Initiative (NNI) announced a "Nanotechnology-Inspired Grand Challenge in Future Computing" in October 2015.
A key document cited by the NNI as part of this grand challenge is a white paper entitled _Sensible Machines_.
_Sensible Machines_ was co-sponsored by IEEE Rebooting Computing and ITRS.
The IEEE New Initiatives Committee renewed the mandate of the Rebooting Computing Initiative in 2017.
The renewed mandate included five major activities: the International Conference on Rebooting Computing (ICRC), IRDS, the Industry Summit on the Future of Computing, the Low-Power Image Recognition Challenge (LPIRC), and a Workshop on the Confluence of Artificial Intelligence and Cybersecurity.
A new activity was added in 2018 to promote the development of quantum computing.
The IEEE Rebooting Computing Task Force aims to help return the computing industry to exponential computer-performance scaling.
Computer-performance scaling stalled in 2005.
The stall was due to energy inefficiencies of CMOS-based classical computers.
Historically, computer processing power doubled every 18 months due to increasing densities of transistors per semiconductor unit.
A move toward instruction-level parallelism and superscalar microprocessors occurred to alleviate challenges and sustain regular processing performance gains.
Rising costs associated with greater power consumption signaled the end of Moore's Law.
The IEEE introduced the IEEE Rebooting Computing initiative due to these rising costs and the signaling of Moore's Law's end.
The initiative incorporates three fundamental pillars of rebooting computing: energy efficiency, security, and Human Computer Interface (HCI).
The initiative seeks to overcome setbacks and challenges related to the deceleration of computational power and capacity.
These efforts may also be applied in other technology sectors, such as the Internet of Things.
IEEE Rebooting Computing encompasses a variety of activities, products, and services.
These efforts include an online web portal, a technical community, publications, conferences, and events.
IEEE Rebooting Computing maintains a collaborative partnership with IRDS.
The initiative responds to and participates in national and international initiatives, including the National Strategic Computing Initiative (NSCI) and the "Nanotechnology Inspired Grand Challenge for Future Computing".
The web portal is the primary online home for IEEE Rebooting Computing.
The website provides relevant news, information, and resources to users.
Resources include articles authored by IEEE experts and third-party publications.
The web portal includes access to a list of both IEEE-sponsored and general industry conferences and events, videos, and historical data from past summits.
The web portal also hosts the IEEE Rebooting Computing Podcast.
The podcast is a collection of interviews with leaders in the field.
The podcast is updated monthly.
The podcast collection is also hosted on the video website IEEE.tv.
IEEE Technical Communities are virtual communities for practitioners, subject matter experts, researchers, and other technology professionals.
The IEEE Computer Society Rebooting Computing Technical Community serves as a venue for the distribution and dissemination of news, announcements, and other information.
An email newsletter is distributed monthly to several thousand community members.
The newsletter includes free access to specially selected recent articles of interest from the IEEE Xplore library of journals and conference proceedings.
IEEE membership is not required to become a member of the IEEE Rebooting Computing Technical Community.
IEEE Rebooting Computing sponsors, co-sponsors, and participates in a variety of technology conferences and events worldwide.
Conference and event programming is designed to stimulate discussion of existing and emerging technologies, including challenges, benefits, and opportunities.
Conference and event programming generally encompasses keynote addresses, panel discussions, paper presentations, poster sessions, tutorials, and workshops.
During its first several years, the initiative's flagship event series was its Rebooting Computing Summits.
The inaugural IEEE Rebooting Computing Summit was held in December 2013 in Washington, D.C.
The event drew business, industry, government, and academic representatives from the U.S. and internationally.
A second IEEE Rebooting Computing Summit was held in May 2014 in Santa Cruz, California.
A group of invited business, trade, academia, and government experts discussed neuromorphic engineering, approximate computing, and adiabatic/reversible computing at the second summit.
IEEE Rebooting Computing held a third summit in October 2014 in Scotts Valley, California.
The theme for the third summit was "Rethinking Structures of Computation".
The third summit focused on the topics of parallel computing, security, approximation, and Human-Computer Interaction.
A fourth IEEE Rebooting Computing Summit (RCS4) was held in December 2015 in Washington D.C.
The theme for RCS4 was "Roadmapping the Future of Computing: Discovering How We May Compute".
The fourth summit included plenary talks and breakout groups in three tracks.
The tracks were "Probabilistic/Approximate Computing", "Neuromorphic Computing", and "Beyond CMOS/3D Computing", with a fourth track on "Superconducting Computing".
The fourth summit also hosted speakers from other programs promoting future computing.
The IEEE International Conference on Rebooting Computing (ICRC 2016) was held in October 2016 in San Diego, California.
The goal of ICRC 2016 was to discover and foster novel methodologies to reinvent computing technology.
This includes new materials and physics, devices and circuits, system and network architectures, and algorithms and software.
Proceedings of the ICRC 2016 have been published by IEEE.
Videos of many of the ICRC 2016 presentations are available online.
The second conference in this series, ICRC 2017, was held in November 2017 in Washington, DC.
A third conference in this series, ICRC 2018, was held in Washington, DC in November 2018.
IEEE Rebooting Computing sponsored a distinct one-day summit in November 2017.
This Industry Summit featured plenary presentations by industry, government, and academic leaders.
The summit featured a new public announcement from IBM Research on a breakthrough in quantum computing technology.
Other topics of interest included artificial intelligence, machine learning, memory-driven computing, and heterogeneous computing.
A second Industry Summit was held in 2018.
IEEE Rebooting Computing held the first-ever Low-Power Image Recognition Competition (LPIRC) in June 2015.
The LPIRC was held as a one-day workshop during the 2015 Design Automation Conference in San Francisco, California.
The competition aimed to assess the state of low-power approaches to object detection in images.
The competition fielded competitors from four different countries, including teams from Carnegie Mellon, Rice University, Tsinghua University, and Huawei.
Before the competition, training data was released for detection from the ImageNet Large-Scale Visual Recognition Challenge (ILSVRC).
Source code of the referee system was released to the public in March 2015.
An intranet was established for contestants to retrieve provided image files from and return answers to the competition's referee system.
Teams were given 10 minutes to process images.
Images were ranked by detection accuracy and energy usage.
A second LPIRC was held during the June 2016 Design Automation Conference in Austin, Texas.
A third LPIRC was held in July 2017 as part of the Computer Vision and Pattern Recognition Conference (CVPR) in Honolulu, Hawaii.
Two LPIRC competitions were held in 2018.
One 2018 LPIRC was held at CVPR in Salt Lake City, Utah in June, and a second online competition was held in November.
These competitions included major new sponsors Google and Facebook.
An overview of the first three years of LPIRC was presented at the 2018 IEEE Conference on Design Automation and Test in Europe.
A three-day IEEE Confluence Event, the IEEE Workshop on Cybersecurity and Artificial Intelligence, was held in October 2017.
This workshop was co-chaired by Dr. Dejan Milojicic, a co-chair of Rebooting Computing.
The aim of the workshop was to develop a strategy to coordinate efforts to apply AI/ML to improve cybersecurity worldwide.
Following this workshop, an IEEE Trend Paper was published.
The paper was entitled "Artificial Intelligence and Machine Learning Applied to Cybersecurity".
The paper included recommendations for new standards and regulations for industry and government.
A second workshop was held in November 2018.
An invitation-only IEEE Quantum Computing Summit was held in August 2018 in Atlanta, Georgia.
This effort has been led by Dr. Erik DeBenedictis, one of the co-chairs of Rebooting Computing.
The summit led to a White Paper on the subject of quantum computing.
"Rebooting Computing Week" was created in 2017.
Rebooting Computing Week was created to have a common location for annual conferences and workshops associated with Rebooting Computing.
In 2017 and 2018, Rebooting Computing Week was held in November in the Washington, DC area.
Events in 2018 included ICRC, the Industry Summit, the IRDS Workshop, the Cybersecurity Workshop, and the Quantum Computing Workshop.
IEEE Rebooting Computing members and societies regularly publish papers, manuscripts, journals, magazines, and other documents.
IEEE Rebooting Computing contributes to or features articles from various IEEE publications.
These publications include _Computer_, _IEEE Journal on Emerging and Selected Topics in Circuits and Systems_, _IEEE Journal on Exploratory Solid-State Computational Devices and Circuits_, _IEEE Solid-State Circuits Magazine_, _IEEE Spectrum_, and _Proceedings of the IEEE_.
In December 2015, _Computer_ published a special issue on rebooting computing.
Members of the IEEE Rebooting Committee served as guest editors and contributors for the _Computer_ special issue.
In November 2016, the Italian online magazine _Mondo Digitale_ published an article.
The article was entitled "Rebooting Computing: Developing a Roadmap for the Future of the Computer Industry."
In March 2017, _Computing in Science and Engineering_ published a special issue on "The End of Moore's Law".
This issue addressed alternative approaches to maintaining exponential growth in performance.
Since 2016, _Computer_ has published a series of columns under the heading "Rebooting Computing".
The columns are coordinated by RC co-chair Dr. Erik DeBenedictis.
IEEE Rebooting Computing also contributes to a variety of trade publications and news outlets.
These outlets include _EE Times_ and _Scientific Computing_.
IEEE Rebooting Computing began as a multi-society participation from a cross-section of IEEE societies.
This participation comes from a cross-section of IEEE societies with interest in numerous aspects of computing.
These aspects include circuits and systems design, architectures, design automation, magnetics, nanotechnology, reliability, and superconductors.
Ten IEEE Societies and Councils participate in the IEEE Rebooting Computing initiative.
These participating entities are the IEEE Circuits and Systems Society, IEEE Components, Packaging, and Manufacturing Technology Society, IEEE Computer Society, IEEE Council on Electronic Design Automation, IEEE Technical Council on Superconductivity, IEEE Electron Devices Society, IEEE Magnetics Society, IEEE Nanotechnology Council, IEEE Reliability Society, and IEEE Solid-State Circuits Society.
IEEE Rebooting Computing has established a collaborative relationship with the ITRS.
This collaboration began with an exchange of information in 2014.
Following the signing of a formal collaboration agreement, IEEE Rebooting Computing and ITRS arranged and held joint international workshops in 2015.
The objective of these workshops was to identify computer performance scaling challenges and establish a roadmap to successfully restart computer performance scaling.
IEEE Rebooting Computing further collaborated with ITRS on a new effort known as ITRS 2.0.
ITRS 2.0 extends beyond traditional Moore's Law scaling of chips.
ITRS 2.0 includes roadmaps covering systems and applications.
ITRS Chairman Paolo Gargini has stated that ITRS shares IEEE Rebooting Computing's mission.
The shared mission is to restore computing to its historic exponential performance scaling trends.
The agreement between the two organizations will ensure they help fundamentally shift the computer industry's focus, resources, time, and attention onto new possibilities for computational performance.
On May 4, 2016, the IEEE announced the launch of the "International Roadmap for Devices and Systems" (IRDS).
IRDS operates as part of the IEEE Standards Association's (IEEE-SA) Industry Connections program.
IRDS is sponsored by IEEE Rebooting Computing in consultation with the IEEE Computer Society and ITRS.
IRDS will provide guidance on future trends in computer systems, architectures, software, chips, and other components across the entire computer industry.
IRDS is modeled on ITRS roadmaps.
ITRS roadmaps previously guided the semiconductor industry during the Moore's Law era.
The first IRDS Roadmap was released in the first quarter of 2018.
The IEEE Rebooting Computing initiative has begun to influence both the technology industry and national policy efforts.
The initiative is releasing the IRDS _Roadmap of Future Computing_.
The roadmap includes the development of performance benchmarks and standards for new classes of computer systems.
Addressing roadblocks in future high-performance computing, also known as exascale computing, is a key area of focus for IEEE Rebooting Computing.
The initiative has been actively pursuing and aiding the industry in making progress toward possible solutions.
Possible solutions include specialized chip architectures, millivolt switches, and 3D integrated circuits.
These solutions were noted by Dr. Erik DeBenedictis of Sandia National Laboratories in "Power Problems Threaten to Strangle Exascale Computing".
In February 2015, IEEE Rebooting Computing Senior Program Director Bichlien Hoang and co-author Sin-Kuen Hawkins received a "Best Presentation Award".
The award was for their paper, "How Will Rebooting Computing Help IoT".
The paper was presented at the 18th International Conference on Intelligence in Next Generation Networks (ICIN 2015) in Paris, France.
The paper described IEEE Rebooting Computing's approach to addressing technical challenges generated by IoT and other key computing trends.
One of the key features of the future computing environment is its heterogeneous nature.
This involves combining different types of processors.
In January 2018, the Office of Advanced Scientific Computing Research of the US Department of Energy held a Workshop on Extreme Heterogeneity.
The invited plenary talk of the workshop was on the IEEE Rebooting Computing Initiative.
This talk was presented by Professor Tom Conte of Georgia Tech, a co-chair of the Initiative.
Media coverage of IEEE Rebooting Computing's efforts has increased.
In May 2016, a New York Times feature article quoted IEEE Rebooting Co-Chair, Professor Thomas M. Conte.
The New York Times article was on the technological and economic implications of the ending of Moore's Law.
Other publications reporting on IEEE Rebooting Computing activities include _EE Times_, _HPCWire_, _IEEE Spectrum_, _Inside HPC_, _Scientific Computing_, _SiliconANGLE_, and _VR World_.
In November 2018, _Forbes Magazine_ published an article featuring IRDS.
The article was entitled "IEEE Roadmaps Guide Future Memories and Applications".
The 2017 ICRC was featured in an _IEEE Spectrum_ news article.
The _IEEE Spectrum_ article was entitled "Four Strange New Ways to Compute".
The IEEE Rebooting Computing organization was founded in December 2012.
The IEEE Rebooting Computing is a professional organization.
The focus of IEEE Rebooting Computing is computing.
The location of IEEE Rebooting Computing is Piscataway, New Jersey, U.S.
The IEEE Rebooting Computing originated as a global initiative launched by IEEE.
The IEEE Rebooting Computing serves a worldwide area.
The methods of IEEE Rebooting Computing include communications, conferences, digital media, education, industry standards, marketing, publications, and a web portal.

**********Claims for hard query**********

A second workshop was held in November 2018.
The logo consists of an exploding infinity symbol.
The podcast is updated monthly.

**********Formulated hard query**********

A second workshop was held at a certain time.
The logo consists of something.
The podcast is updated in a certain way.

**********Claims for medium query**********

These participating entities are the IEEE Circuits and Systems Society, IEEE Components, Packaging, and Manufacturing Technology Society, IEEE Computer Society, IEEE Council on Electronic Design Automation, IEEE Technical Council on Superconductivity, IEEE Electron Devices Society, IEEE Magnetics Society, IEEE Nanotechnology Council, IEEE Reliability Society, and IEEE Solid-State Circuits Society.
The 2017 ICRC was featured in an _IEEE Spectrum_ news article.
In March 2017, _Computing in Science and Engineering_ published a special issue on "The End of Moore's Law".

**********Formulated medium query**********

These participating entities are some organizations.
A certain event was featured in an _IEEE Spectrum_ news article.
In March 2017, a certain publication published a special issue on "The End of Moore's Law".

**********Claims for easy query**********

The IEEE Rebooting Computing initiative has begun to influence both the technology industry and national policy efforts.
The IEEE New Initiatives Committee renewed the mandate of the Rebooting Computing Initiative in 2017.
The IEEE Rebooting Computing Initiative was founded in 2013 by the IEEE Future Directions Committee.

**********Formulated easy query**********

The IEEE Rebooting Computing initiative has begun to influence **something**.
**Someone** renewed the mandate of the Rebooting Computing Initiative in 2017.
The IEEE Rebooting Computing Initiative was founded **in a certain time** by the IEEE Future Directions Committee.

**********Page content extracted**********

Title: Marcus Adams (footballer)
URL: https://en.wikipedia.org/wiki/Marcus_Adams_(footballer)
Content: Jump to content#bodyContent)

From Wikipedia, the free encyclopedia

Australian rules footballer

Australian rules footballer

| Marcus Adams |
| --- |
| ! Adams training with the Western Bulldogs in August 2018 |
| Personal information |
| Full name | Ma

**********Extracted claims**********

Marcus Adams is an Australian rules footballer.
Marcus Adams' full name is Marcus Adams.
Marcus Adams' nickname is The Specimen.
Marcus Adams was born on 30 June 1993.
Marcus Adams' original team was West Perth.
Marcus Adams was drafted as pick No. 35 in the 2015 national draft.
Marcus Adams' height is 192 cm (6 ft 4 in).
Marcus Adams' weight is 98 kg (216 lb).
Marcus Adams played as a key defender.
Marcus Adams played for the Western Bulldogs from 2016 to 2018.
Marcus Adams played 27 games and scored 4 goals for the Western Bulldogs.
Marcus Adams played for the Brisbane Lions from 2019 to 2023.
Marcus Adams played 46 games and scored 1 goal for the Brisbane Lions.
Marcus Adams played a total of 73 games and scored 5 goals in his career.
Marcus Adams is a former Australian rules footballer.
Marcus Adams played for the Western Bulldogs and the Brisbane Lions in the Australian Football League (AFL).
Marcus Adams was drafted as a mature-aged selection.
Marcus Adams played 27 games for the Bulldogs over three seasons.
Marcus Adams was traded to the Brisbane Lions ahead of the 2019 season.
Marcus Adams played 46 games for the Brisbane Lions.
Marcus Adams retired due to concussion issues in 2023.
Marcus Adams made his debut in round 1, 2016 against Fremantle.
Marcus Adams played 10 further games in his debut season.
A foot injury sustained in the round 15 clash against Sydney cut short Marcus Adams' 2016 season.
Marcus Adams made his first appearance in 2017 in the round 2 grand final rematch against the Swans.
Marcus Adams was a direct replacement for injured veteran Dale Morris in his 2017 return game.
Marcus Adams recorded 20 disposals in his 2017 return game.
9 of Marcus Adams' disposals in his 2017 return game were contested.
Marcus Adams played 10 games in his first season for the Brisbane Lions in 2019.
A foot injury limited Marcus Adams to a single match in 2020.
Marcus Adams was a consistent presence in the Lions' backline in 2021 and 2022.
Marcus Adams played 35 games across the 2021 and 2022 seasons.
Marcus Adams was moved to the inactive list after the conclusion of the 2022 season due to long-term concussion symptoms.
Marcus Adams announced his retirement ahead of the 2023 finals series.
Doctors recommended Marcus Adams no longer play contact sport due to lingering concussion issues.

**********Claims for hard query**********

Marcus Adams' weight is 98 kg (216 lb).
Marcus Adams played as a key defender.
Marcus Adams was drafted as pick No. 35 in the 2015 national draft.

**********Formulated hard query**********

Marcus Adams' weight is in a certain state.
Marcus Adams played in a certain position.
Marcus Adams was drafted in a certain way.

**********Claims for medium query**********

Marcus Adams recorded 20 disposals in his 2017 return game.
Marcus Adams' original team was West Perth.
Marcus Adams made his first appearance in 2017 in the round 2 grand final rematch against the Swans.

**********Formulated medium query**********

Marcus Adams recorded something in his 2017 return game.
Marcus Adams' original team was something.
Marcus Adams made his first appearance in 2017 in something.

**********Claims for easy query**********

Marcus Adams played for the Western Bulldogs and the Brisbane Lions in the Australian Football League (AFL).
Marcus Adams is an Australian rules footballer.
Marcus Adams played for the Brisbane Lions from 2019 to 2023.

**********Formulated easy query**********

Marcus Adams played for something in the Australian Football League (AFL).
Marcus Adams is something.
Marcus Adams played for the Brisbane Lions for a certain period.

**********Page content extracted**********

Title: Christian Wolkersdorfer
URL: https://en.wikipedia.org/wiki/Christian_Wolkersdorfer
Content: Jump to content

From Wikipedia, the free encyclopedia

German hydrogeologist

|     |     |
| --- | --- |
| ! | hide **This article has multiple issues.** Please help **improve it** or discuss these issues on the **talk page**. _( Learn how and when to r

**********Extracted claims**********

Christian Wolkersdorfer is a German hydrogeologist and mining hydrogeologist.
Christian Wolkersdorfer is known for his work in mine water management and environmental remediation.
Christian Wolkersdorfer has held academic positions across Europe, North America, and Africa.
Christian Wolkersdorfer contributed to research on water management in abandoned mines.
Christian Wolkersdorfer is a member of the South African Academy of Sciences.
Christian Wolkersdorfer is the President of the International Mine Water Association.
Christian Wolkersdorfer was born on February 17, 1964.
Christian Wolkersdorfer was born in Schwabach/Mittelfranken, Germany.
Christian Wolkersdorfer's alma mater is Clausthal University of Technology.
Christian Wolkersdorfer has two children, Karoline and Franziska.
Christian Wolkersdorfer's thesis, completed in 1996, was titled _Hydrogeochemische Verhältnisse im Flutungswasser eines Uranbergwerks – Die Lagerstätte Niederschlema/Alberoda \Hydrogeochemical conditions in the mine water of a uranium mine – The Niederschlema/Alberoda deposit\]_.
Christian Wolkersdorfer grew up in Wendelstein near Nürnberg, Germany, and Ehrwald/Tirol, Austria.
Christian Wolkersdorfer completed his secondary education at Gymnasium Roth in 1984.
Christian Wolkersdorfer obtained the Allgemeine Hochschulreife with a final grade of 1.8 in 1984.
Christian Wolkersdorfer attended Friedrich-Alexander-Universität Erlangen-Nürnberg, Germany, focusing on Geology and Paleontology between 1984 and 1986.
Christian Wolkersdorfer furthered his education in Applied Geology (Economic Geology) at Technische Universität Clausthal, Germany, from 1986 to 1989.
Christian Wolkersdorfer graduated with a grade of 1.3 for his master's thesis on Lead (Pb)- Zinc (Zn) deposits in the Northern Tyrolian Mieminger Gebirge.
Christian Wolkersdorfer served with the Air Force in Roth, Middle Franconia, Germany, in 1990.
Christian Wolkersdorfer worked at the Air Force Geological Survey in Karlsruhe, Germany.
Christian Wolkersdorfer completed his PhD on hydrogeochemical conditions in uranium mine water at Technical University Clausthal in November 1995.
Christian Wolkersdorfer obtained a Habilitation at TU Bergakademie Freiberg, Germany, specializing in water management in abandoned underground mines.
Christian Wolkersdorfer started his professional career with several internships.
Christian Wolkersdorfer gained employment as a computer operator after graduation.
Christian Wolkersdorfer transitioned to a role as an Engineering geologist for Gesellschaft für Baugeologie und Meßtechnik Limburg, Germany.
From 1991 to 1996, Christian Wolkersdorfer worked as a research associate in Engineering geology and hydrogeology at TU Clausthal in Germany.
Christian Wolkersdorfer took on the role of Head of the Freiberg Branch Office at Ingenieurbüro für Geotechnik Bautzen, Germany.
Christian Wolkersdorfer began working at TU Bergakademie Freiberg as a DFG-Grant researcher in 1999.
Christian Wolkersdorfer later worked as a postdoctoral researcher at TU Bergakademie Freiberg in 1999.
Christian Wolkersdorfer participated in global research at Universidade Federal de Ouro Preto in Brazil.
Christian Wolkersdorfer worked as a research fellow at the University of Newcastle in the United Kingdom.
Between 2006 and 2008, Christian Wolkersdorfer served as a professor at LMU München.
Christian Wolkersdorfer assumed the position of "Industrial Research Chair in Mine Water Remediation and Management" at Cape Breton University in Nova Scotia, Canada.
In 2014, Christian Wolkersdorfer was named a Finnish Distinguished Professor at LUT University.
In 2014, Christian Wolkersdorfer became the South African Research Chair for Acid Mine Drainage Treatment at Tshwane University of Technology.
Christian Wolkersdorfer has been awarded several grants from institutions including the Tyrolean Government and the DFG German Research Foundation.
Christian Wolkersdorfer has been publishing research since 1989.
Christian Wolkersdorfer is an expert in mine water management, mine water tracer tests, and hydrogeochemistry.
Christian Wolkersdorfer is known for his work on remediating contaminated mine water.
Christian Wolkersdorfer has written several books.
Christian Wolkersdorfer wrote "Water Management at Abandoned Flooded Underground Mines" in 2008.
Christian Wolkersdorfer wrote "Mine Water Treatment" in 2022.
The book "Mine Water Treatment" addresses the environmental effects of mining.
Christian Wolkersdorfer has helped develop sustainable mine closure practices and water treatment technologies.
Christian Wolkersdorfer is the author of more than 230 publications, including papers, books, and book chapters on hydrogeology, geoarchaeology, and mining-related topics.
Christian Wolkersdorfer's publications have appeared in various journals and conference proceedings.
Christian Wolkersdorfer has contributed to research about mine flooding and mine water stratification in his active role in the Board of Directors of the "Forum Bergbau and Wasser \[Mining and Water Forum\]" since 2017.
Christian Wolkersdorfer is engaged in multiple professional organizations.
Christian Wolkersdorfer has served as General Secretary of the International Mine Water Association (IMWA) since 1999.
Christian Wolkersdorfer has held leadership roles in organizations dedicated to mine water management and environmental protection.
Christian Wolkersdorfer has held leadership roles in the German Federal Geothermal Advisory Board.
Christian Wolkersdorfer engages in community service through volunteer roles in historical mining organizations and advisory positions in environmental committees.
Christian Wolkersdorfer co-authored "Mining History of the Montafon" in 2013.

**********Claims for hard query**********

Christian Wolkersdorfer obtained the Allgemeine Hochschulreife with a final grade of 1.8 in 1984.
Christian Wolkersdorfer completed his secondary education at Gymnasium Roth in 1984.
Christian Wolkersdorfer has two children, Karoline and Franziska.

**********Formulated hard query**********

Christian Wolkersdorfer obtained **something** with a final grade of 1.8 in 1984.
Christian Wolkersdorfer completed his secondary education at **a certain place** in 1984.
Christian Wolkersdorfer has two children, **someone and someone else**.

**********Claims for medium query**********

Christian Wolkersdorfer co-authored "Mining History of the Montafon" in 2013.
Christian Wolkersdorfer worked at the Air Force Geological Survey in Karlsruhe, Germany.
Christian Wolkersdorfer is engaged in multiple professional organizations.

**********Formulated medium query**********

Someone co-authored "Mining History of the Montafon" in 2013.
Christian Wolkersdorfer worked at something in Karlsruhe, Germany.
Christian Wolkersdorfer is engaged in something.

**********Claims for easy query**********

Christian Wolkersdorfer has contributed to research about mine flooding and mine water stratification in his active role in the Board of Directors of the "Forum Bergbau and Wasser \[Mining and Water Forum\]" since 2017.
Christian Wolkersdorfer is a German hydrogeologist and mining hydrogeologist.
Christian Wolkersdorfer is an expert in mine water management, mine water tracer tests, and hydrogeochemistry.

**********Formulated easy query**********

Someone is a German hydrogeologist and mining hydrogeologist.
Someone has contributed to research about something in their active role in the Board of Directors of the "Forum Bergbau and Wasser [Mining and Water Forum]" since 2017.
Someone is an expert in certain subjects.

**********Page content extracted**********

Title: MV Liberty Star
URL: https://en.wikipedia.org/wiki/MV_Liberty_Star
Content: Jump to content

From Wikipedia, the free encyclopedia

NASA ship

| !.jpg) |
| History |
| !United States |
| Name | MV _Liberty Star_ |
| Owner | NASA |
| Operator | United Space Alliance |
| Builder | Atlantic Marine Shipyard, Fort George Island, Flori

**********Extracted claims**********

MV _Liberty Star_ was formerly owned by NASA.
MV _Liberty Star_ was operated by United Space Alliance.
MV _Liberty Star_ primarily served as a Solid Rocket Booster (SRB) recovery ship following Space Shuttle missions.
MV _Liberty Star_ also performed tugboat duties.
MV _Liberty Star_ also acted as a research platform.
The vessel was transferred to the U.S. Department of Transportation in 2012.
The vessel is currently used as a training vessel at the United States Merchant Marine Academy.
The vessel was renamed TV _Kings Pointer_.
MV _Freedom Star_ is the sister ship of MV _Liberty Star_.
MV _Liberty Star_ was built by Atlantic Marine Shipyard, located on Fort George Island, Florida, U.S.
MV _Liberty Star_ was christened on September 27, 1980.
MV _Liberty Star_ was acquired in October 1980.
MV _Liberty Star_ began service in January 1981.
MV _Liberty Star_ was taken out of service on September 14, 2012.
The homeport of MV _Liberty Star_ was Port Canaveral, Florida, U.S.
The call sign for MV _Liberty Star_ is WRPH.
The IMO number for MV _Liberty Star_ is 7925302.
The MMSI number for MV _Liberty Star_ is 338990000.
MV _Liberty Star_ was transferred to the Maritime Administration upon being taken out of service by NASA.
The vessel's post-transfer name is TV _Kings Pointer_.
The owner of TV _Kings Pointer_ is the U.S. Department of Transportation.
The operator of TV _Kings Pointer_ is the U.S. Maritime Administration.
TV _Kings Pointer_ was acquired on September 14, 2012.
The homeport of TV _Kings Pointer_ is Kings Point, New York, U.S.
TV _Kings Pointer_ is currently in service.
The tonnage of the vessel is 484 Gross Tonnage (GT) and 743 Gross Registered Tonnage (GRT).
The tonnage of the vessel is 239 Net Tonnage (NT) and 222 Net Registered Tonnage (NRT).
The displacement of the vessel is 1,052 short tons (954 metric tons).
The length of the vessel is 176 feet (53.6 meters).
The beam of the vessel is 37 feet (11.3 meters).
The height of the vessel is 72 feet (21.9 meters).
The draft of the vessel is 12 feet (3.7 meters).
The depth of the vessel is 15 feet (4.6 meters).
The installed power of the vessel includes two 223 horsepower (166 kW) Kato generators.
The propulsion of the vessel includes two 1,450 horsepower (1,080 kW) GM EMD 12-645E6A diesel engines.
The diesel engines drive two propellers.
The propulsion of the vessel also includes two 450 horsepower (340 kW) Detroit Diesel 8V71 engines.
The Detroit Diesel engines drive bow and stern thrusters.
The speed of the vessel is 15 knots (28 km/h; 17 mph).
The range of the vessel is 6,900 miles (11,100 km).
The endurance of the vessel is 30 days.
The maximum capacity of the vessel is 24 persons.
The vessel's complement includes 10 crew members.
The vessel's complement includes 9 retrieval specialists.
The vessel's complement includes 1 retrieval supervisor.
The towing capacity of the vessel is 60,000 pounds (27,200 kg).
The recovery ships were delivered in January 1981.
The original owner of the recovery ships was United Technologies Corporation.
MV _Liberty Star_ has been used to tow Space Shuttle external fuel tanks since 1998.
The Space Shuttle external fuel tanks were towed from their assembly plant at Michoud Assembly Facility near New Orleans, Louisiana.
The Space Shuttle external fuel tanks were towed to the Vehicle Assembly Building at the Kennedy Space Center in Florida.
MV _Liberty Star_ served a similar role in recovering the first test flight of the Ares I.
MV _Liberty Star_ was anticipated to continue recovering boosters for the Constellation program.
The Constellation program was canceled in 2010.
MV _Liberty Star_ underwent special strengthening enhancements.
The strengthening enhancements were performed to withstand the greater burden of towing external fuel tanks.
The stern of MV _Liberty Star_ was strengthened at critical points.
New bulwark fairings were added to MV _Liberty Star_.
An H-bitt was installed on MV _Liberty Star_.
Cabling is threaded through the H-bitt to keep it centered during towing operations.
A hydraulic towing winch, also referred to as a double-drum waterfall winch, was installed on MV _Liberty Star_.
The double-drum waterfall winch holds 2,000 feet (610 meters) or more of wire rope on each drum.
One drum of the winch supports booster retrievals.
The other drum of the winch is devoted to external tank towing.
MV _Liberty Star_ has occasionally been used to support scientific research operations.
Scientific research operations included research for the National Oceanic and Atmospheric Administration.
Scientific research operations included research for several universities.
MV _Liberty Star_ is usually docked alongside its sister ship.
MV _Liberty Star_ is docked at the Solid Rocket Booster processing facility.
The Solid Rocket Booster processing facility is located at the Cape Canaveral Space Force Station in Florida.
Each ship (referring to MV _Liberty Star_ and its sister) is propelled by two main engines.
The main engines provide a total of 2,900 horsepower.
The main engines turn two seven-foot (2.1-meter) propellers.
The propellers have controllable pitch.
Controllable pitch provides greater response time and maneuverability for the ships.
The ships are equipped with two thrusters.
The stern thruster is a water jet system.
The water jet system allows the ship to move in any direction without the use of propellers.
The water jet system was installed to protect the endangered manatee population.
The manatee population inhabits regions of the Banana River where the ships are based.
The water jet system allows divers to work near the ship during operations at a greatly reduced risk.
NASA agreed to transfer the _Liberty Star_ to the U.S. Department of Transportation on August 21, 2012.
The transfer was for the vessel's use as a training vessel at the United States Merchant Marine Academy.
The ship arrived at Kings Point, New York, on September 13, 2012.
Formal turnover of the ship occurred on September 14, 2012.
The vessel was refit for training duty.
The refit included additional berthing.
TV _Kings Pointer_ is the fifth vessel of the Academy to carry that name.
The transfer agreement stipulated that NASA could again use the vessel on future missions if the vessel was available.

**********Claims for hard query**********

The propellers have controllable pitch.
Scientific research operations included research for several universities.
The double-drum waterfall winch holds 2,000 feet (610 meters) or more of wire rope on each drum.

**********Formulated hard query**********

The propellers have pitch in a certain state.
Scientific research operations included research for something.
The double-drum waterfall winch holds something of wire rope on each drum.

**********Claims for medium query**********

The Solid Rocket Booster processing facility is located at the Cape Canaveral Space Force Station in Florida.
The ships are equipped with two thrusters.
TV _Kings Pointer_ is the fifth vessel of the Academy to carry that name.

**********Formulated medium query**********

The Solid Rocket Booster processing facility is located at a certain place in Florida.
The ships are equipped with a certain number of thrusters.
TV _Kings Pointer_ is in a certain position among vessels of the Academy to carry that name.

**********Claims for easy query**********

MV _Liberty Star_ was transferred to the Maritime Administration upon being taken out of service by NASA.
MV _Liberty Star_ also performed tugboat duties.
MV _Liberty Star_ has been used to tow Space Shuttle external fuel tanks since 1998.

**********Formulated easy query**********

MV _Liberty Star_ was transferred to something upon being taken out of service by NASA.
MV _Liberty Star_ also performed something.
MV _Liberty Star_ has been used to tow something since 1998.

**********Page content extracted**********

Title: Born to Win
URL: https://en.wikipedia.org/wiki/Born_to_Win
Content: Jump to content

From Wikipedia, the free encyclopedia

1971 film by Ivan Passer

For the Bini song, see Born to Win (song) "Born to Win (song)"). For the Bini album, see Born to Win (album) "Born to Win (album)").

| Born to Win |
| --- |
| ! |
| Directe

**********Extracted claims**********

*Born to Win* is a 1971 film.
Ivan Passer directed *Born to Win*.
David Scott Milton wrote the story for *Born to Win*.
Ivan Passer also wrote the screenplay for *Born to Win*.
Philip Langner produced *Born to Win*.
George Segal, Paula Prentiss, and Karen Black starred in *Born to Win*.
Richard C. Kratina and Jack Priestley were the cinematographers for *Born to Win*.
Ralph Rosenblum edited *Born to Win*.
William S. Fisher composed the music for *Born to Win*.
United Artists distributed *Born to Win*.
*Born to Win* was released on December 1, 1971.
*Born to Win* has a running time of 88 minutes.
*Born to Win* is a film from the United States.
The language of *Born to Win* is English.
*Born to Win* is a crime thriller.
*Born to Win* was Ivan Passer's first American film.
The film's cast includes George Segal, Karen Black, Paula Prentiss, Hector Elizondo, Jay Fletcher, and Robert De Niro.
Filming locations for *Born to Win* were in Manhattan, specifically Times Square.
J is a character in the film.
J is a former hairdresser.
J has broken up with his wife.
J is an aimless drug addict.
J frequents Times Square.
J deals drugs from time to time for Vivian.
Vivian is a successful and intimidating drug dealer.
J and Billy Dynamite attempt to steal a safe.
J meets Parm while trying to steal a car.
Parm is the owner of the car J attempts to steal.
J and Parm fall in love.
Parm finds a tattoo on J's arm that says "Born to Win."
Stanley is a prominent member of Vivian's supply chain.
J and Billy steal drugs from Stanley's girlfriend.
Two dirty policemen confront J and Billy.
J is apprehended by the policemen.
J agrees to work as a narc and report on Vivian.
Stanley catches up to J.
J and Parm flee the city to a beach on Long Island.
J insists on returning to the city for payment.
J faces increasing pressure from Stanley and Vivian upon returning to the city.
Detectives force J to arrange a meeting with Vivian.
Vivian senses a setup and refuses to make a deal.
J reunites with Billy.
Billy dies from a "hot shot" of drugs.
J abandons his dead friend in the elevator.
J and Parm make one last attempt to leave the city.
Detectives plant drugs on Parm.
Parm is taken away for arrest.
J goes to Vivian's club.
Vivian gives J free drugs.
J sits on a bench in the middle of Times Square.
George Segal plays the role of J.
Karen Black plays the role of Parm.
Paula Prentiss plays the role of Veronica.
Hector Elizondo plays the role of Vivian.
Jay Fletcher plays the role of Billy Dynamite.
Robert De Niro plays the role of Danny.
Ed Madsen plays the role of a Detective.
Marcia Jean Kurtz plays the role of Marlene.
Irving Selbst plays the role of Stanley.
Burt Young plays the role of the First hood.
Ivan Passer and David Scott Milton started interviewing ex-addicts at the Phoenix House.
The resulting screenplay was originally more serious in tone when shot.
The comic elements were played up during editing.
David Scott Milton owned a Manhattan diner.
Milton based the film's characters on addicts who frequented his diner.
Milton adapted his observations of these characters into a play titled *Scraping Bottom*.
The screenplay for the film was titled *Scraping Bottom*.
The copyright for the film is credited to Scraping Bottom Productions.
Some of the characters in the film are played by actual junkies.
Ivan Passer encountered these individuals when researching the film.
The film was chosen to be screened at the New York Film Festival in October 1971.
The film was the first effort of a production company founded by George Segal and Jerry Tokofsky.
Ed Madsen slipped and fell while chasing George Segal down the hallway.
The fall was not written in the screenplay.
Passer decided to leave the unscripted fall in the movie.
Robert De Niro was nearly fired many times throughout shooting.
Robert De Niro was a devoted Stella Adler student.
Paula Prentiss receives top billing in the film.
Paula Prentiss appears onscreen for about three minutes.
Paula Prentiss's agent demanded her top billing.
*Born to Win* received mixed reviews.
Many critics praised parts of the film.
Segal's performance was praised by critics.
The film's uniqueness was praised by critics.
Roger Ebert, a film critic for *Chicago Sun-Times*, commented on the film.
Roger Ebert stated that the film is "...a good-bad movie that doesn't always work but has some really brilliant scenes."
Roger Greenspun of *The New York Times* wrote about the film.
Fun City Editions released a restored edition of the film.
The restored edition was released on Blu-ray.
The Blu-ray release date was May 31, 2022.
The restoration was from a 35mm print.

**********Claims for hard query**********

J insists on returning to the city for payment.
J has broken up with his wife.
Stanley is a prominent member of Vivian's supply chain.

**********Formulated hard query**********

J insists on returning to **a certain place** for payment.
J has broken up with **someone**.
**Someone** is a prominent member of Vivian's supply chain.

**********Claims for medium query**********

Billy dies from a "hot shot" of drugs.
Robert De Niro was a devoted Stella Adler student.
Robert De Niro was nearly fired many times throughout shooting.

**********Formulated medium query**********

Someone dies from a "hot shot" of drugs.
Robert De Niro was in a certain state.
Robert De Niro was nearly fired many times during something.

**********Validation Result**********

subquestion 'Robert De Niro was in a certain state.' is NOT supported by the context.
<reject> The content states that Robert De Niro was a cast member in the film "Born to Win" and that the filming locations were in Manhattan and Long Island. While these locations are within New York State, the text does not explicitly state that "Robert De Niro was in New York State" or "Robert De Niro was in a certain state." It only mentions his involvement in the film and the film's shooting locations. </reject>

**********Claims for easy query**********

Ivan Passer directed *Born to Win*.
*Born to Win* was Ivan Passer's first American film.
George Segal, Paula Prentiss, and Karen Black starred in *Born to Win*.

**********Formulated easy query**********

Someone directed *Born to Win*.
*Born to Win* was Ivan Passer's film in a certain state.
Some people starred in *Born to Win*.

