**********Page content extracted**********

Title: Nine months after Hurricane Helene: Still mud and mess, but a powerful lesson in small-town resilience
URL: https://edition.cnn.com/2025/07/10/politics/north-carolina-fema-hurricane-helene-recovery-aotm
Content: # Nine months after Hurricane Helene: Still mud and mess, but a powerful lesson in small-town resilience

\- Source:
—

Korey Hampton sees progress every day as she works along the French Broad River. But, nine months after Hurricane Helene, there are sti

**********Extracted claims**********

Mud and mess remained in the affected area nine months after Hurricane Helene.
Small towns in the affected area demonstrated powerful resilience.
Korey Hampton works along the French Broad River.
Korey Hampton observes daily progress in the recovery efforts.
Korey Hampton experiences persistent painful reminders and flashbacks related to Hurricane Helene.
Korey Hampton continues to see piles of debris and wonders if people are within them.
Korey Hampton continues to smell certain odors and feels compelled to investigate debris piles.
Korey Hampton finds it challenging to return to a carefree state of mind.
Korey Hampton is actively engaged in recovery efforts.
Korey Hampton and Mitch Hampton own French Broad Adventures.
French Broad Adventures is an outdoor activity company.
French Broad Adventures offers rafting, ziplining, and other activities.
French Broad Adventures operates in Western North Carolina.
The French Broad River serves as Korey Hampton's workplace.
The French Broad River is Korey Hampton's source of income and joy.
Tourists are drawn to the area for its scenic views.
The Appalachian Trail winds through the mountains above the French Broad River.
The French Broad River below is a recreational area for rafting and kayaking.
The Hamptons volunteer for the local raft rescue squad.
The floodwaters following Hurricane Helene resulted in days of exhausting rescues for the Hamptons.
Weeks following the rescues involved the recovery of bodies.
Korey Hampton stated that the river was perceived differently after the events.
Korey Hampton stated that French Broad Adventures typically takes tourists, families, school groups, and wedding parties on the river for enjoyable experiences.
Korey Hampton stated that she and others performed gruesome work on the river for a significant duration.
Korey Hampton stated that her personal recovery will require a substantial amount of time.
Korey Hampton's personal recovery process runs parallel to the physical, financial, and emotional challenges faced by small towns devastated by floods in their pursuit of a new normal.
Obvious progress is visible in the affected areas.
Some businesses in downtown Marshall have reopened.
The consistent sound of saws, hammers, and drills indicates that other businesses in downtown Marshall are nearing reopening.
Significant challenges remain apparent throughout the town.
Some buildings in the town remain closed.
Some buildings in the town are still filled with dirt and mud.
Some buildings are still awaiting insurance checks or government assistance.
Some building owners are in the process of deciding if they can afford to rebuild or risk future similar events.
Debris piles persist in harder-to-reach locations along the river.
Some debris piles bear the logos of businesses located 20 miles or more upstream.
A rocky and sandy bend had been lined with mature trees before Hurricane Helene.
The water level rose 27 vertical feet during the flood.
Floodwater sometimes covered hundreds of horizontal feet.
Many trees are missing from the river area.
The river appears wider after the flood.
The visit described in the article was part of the "All Over the Map" project.
The "All Over the Map" project tracks major events through the eyes and experiences of everyday Americans.
A significant disparity often exists between information seen on social media or in national political discussions and the perspectives of those directly affected by a storm.
The blame game and finger-pointing observed after recent Texas flooding serve as a flashback for residents of Western North Carolina.
Hurricane Helene made landfall in Florida as a Category 4 hurricane on September 26.
Churning horror reached the small towns along the rivers and streams below the eastern slopes of the Blue Ridge Mountains on September 27.
These small towns are characterized by their location dotting rivers and streams.
Korey Hampton stated that the first emergency call was received around 6:30 in the morning.
People were rescued from second-story windows in a river that was calmer the day before the flood.
Cellular service was lost during the emergency.
Radio communication was intermittent during the emergency.
Saving lives and property was the immediate priority during the emergency.
It took several days, and sometimes longer, for local residents to regain internet access or communicate with family and friends living elsewhere.
Local residents received information that felt disconnected from their reality.
The internet was saturated with misinformation regarding the death toll, federal and state response, and various other aspects.
Hot Springs Mayor Abby Norton walks the town’s Old Red Bridge.
Potter Josh Copus's ceramics studio is mentioned.
Josh Copus utilizes several wood-burning kilns to dry and cure his ceramic work.
The Madison County Courthouse is located in downtown Marshall.
Big Pillow Brewery is situated in Hot Springs, North Carolina.
Amy Rubin is the owner of Big Pillow Brewing.
Korey Hampton stated that people were actively dying during the event, and external debates were irrelevant.
Korey Hampton stated that locals did not comprehend the situation until the initial Black Hawk helicopter arrived with water and food.
Discussions regarding the pace and scope of federal help and the future of FEMA persist.
The conversation in the epicenter of the affected area is notably calm and respectful.
Korey Hampton stated that residents are not taking political sides but desire assistance.
Korey Hampton stated that political disagreements over residents' futures should cease.
The 2020 census recorded Marshall's population as 846.
The 2020 census listed Hot Springs' population as 520.
Hot Springs is approximately 16 miles northwest of Marshall.
Madison County, where North Carolina meets Tennessee, is home to 22,000 people.
Madison County is located northwest of Asheville.
Small towns like those described are distinct.
Small towns like those described offer valuable lessons.
Amy Rubin is a Democrat residing in Hot Springs.
Madison County voted 60 percent for Trump.
Amy Rubin discusses her disagreements with former President Trump with likeminded friends in private.
Amy Rubin prioritizes community assistance.
Amy Rubin stated that the community tried to ignore political issues and focus on helping each other.
Amy Rubin stated that the community's mutual help was a positive aspect.
Amy Rubin and her husband own Big Pillow Brewing.
Big Pillow Brewing was one of the first businesses to reopen in Hot Springs.
Big Pillow Brewing is awaiting a check from its flood insurance.
The owners of Big Pillow Brewing decided to proceed with cleanup and rebuilding despite the insurance wait.
An unpainted board inside Big Pillow Brewing marks the high water level during the flood.
Amy Rubin recalls the water rising to approximately "thigh high" within the building.
The outdoor music stage at Big Pillow Brewing is constructed from new lumber.
The presence of a crowd on a recent Friday night at Big Pillow Brewing indicated that locals and visitors appreciated a return to normalcy.
Significant work remains visible just a few steps away.
The building housing the sheriff's office, mayor's office, and other town offices remains in disarray.
Most of the mud has been removed from the basement of the town offices building.
The hardware store is closed.
The inn where Korey Hampton performed a second-story rescue is closed.
The flood was primarily caused by debris forming a dam on Spring Creek's bridge.
Replacing or significantly redesigning the bridge's support beams on Spring Creek is a top priority on residents' lists of necessary actions.
Amy Rubin stated that she is unsure of the bridge's jurisdiction but affirms its necessity.
Amy Rubin stated that people are expressing concerns that this type of event will recur.
Hot Springs Mayor Abby Norton took her first days off since September 27.
Abby Norton stated that she felt somewhat recharged.
Abby Norton stated that the town has achieved approximately 40 percent recovery.
Abby Norton's initial expectations about the recovery timeline were unrealistic.
Abby Norton initially anticipated recovery would take months.
Abby Norton stated that the extent of the damages was not clearly visible at the time.
Abby Norton stated that the town still requires one to two years for full recovery.
Abby Norton's initial expectations about financial responsibility for recovery were unrealistic.
Abby Norton initially believed Washington would immediately provide full repairs or funding.
Abby Norton stated that the process does not work that way.
Abby Norton now possesses knowledge about FEMA rules, environmental studies, and other bureaucratic obstacles, which she wishes she did not.
Abby Norton acknowledges that some members of her community may hold different views on Washington's role.
Mayoral elections in the area are nonpartisan.
Abby Norton is a Christian.
Abby Norton stated that prayer guides her major decisions.
Abby Norton stated that she cast a third-party vote in November, following the flood.
Abby Norton stated that she could not bring herself to support either Trump or Harris.
Abby Norton stated her opinion that the situation has improved under the Trump administration compared to the Biden administration.
Abby Norton stated that processes, such as obtaining a federal check for town office repairs, take too long.
Abby Norton is concerned when former President Trump and his team discuss eliminating FEMA or significantly reducing the federal role in disaster relief.
Abby Norton stated that FEMA should not be eliminated.
Abby Norton stated that FEMA processes need to be simpler and more user-friendly.
Abby Norton stated that FEMA's functions should not be transferred to the states.
Residing in a river town implies an understanding that water levels will rise periodically.
Residing in a river town necessitates keeping sandbags readily available.
Residing in a river town requires careful consideration of first-floor furnishings.
Marshall is nearly 500 miles east of the Atlantic Ocean.
Marshall is over 500 miles south of the Florida panhandle coast.
Madison County was not included on any hurricane watch list.
Josh Copus woke up early on September 27.
Josh Copus's initial thoughts involved sandbags and moving valuables to the second floor of his Old Marshall Jail Hotel.
Josh Copus also considered moving or securing furniture on the restaurant patio adjacent to the railroad tracks along the French Broad River.
Josh Copus initially believed he could manage the flood situation.
At 9 o'clock, the water overflowed the railroad tracks.
The water overflowing the railroad tracks had not occurred since 1977.
Within an hour, 4 feet of water was present in the town.
Josh Copus immediately recognized the event as distinct from others.
Josh Copus proceeded to the top step of the Madison County Courthouse.
The Madison County Courthouse provided the highest vantage point of the river and his hotel.
After two hours of observation, Josh Copus had to leave because water was rapidly entering the courthouse.
At its peak, the water surged 27 feet up the flood ruler painted on the side of the old jail.
Josh Copus had meticulously restored the old jail into a hotel and gathering place.
Josh Copus stated that the initial phase involved shock, characterized by feeling detached from his body.
Josh Copus believed the town and its businesses were ruined.
Josh Copus felt isolated.
Cellular service was unavailable during the event.
Witnessing the destruction led to a feeling of complete ruin.
Josh Copus headed to town early on a Sunday.
Josh Copus realized that the flood could not break one specific thing.
Communication between people was impossible during the immediate aftermath.
Everyone shared the same idea to go to town.
People gathered in town and began working with shovels.
Dump trucks arrived.
Backhoes arrived.
Neighbors brought supplies.
A woman was observed walking into town with a mop.
People did not await external rescue.
Josh Copus stated that he altered his way of speaking about the situation.
Josh Copus stated that the buildings were destroyed, but the town is defined by its people, not its structures.
Josh Copus stated that the people are still present and are excellent.
Josh Copus was still shoveling on Election Day.
Josh Copus took a break to vote.
Josh Copus encountered a disconnect from reality while voting.
A woman from the community stated she heard FEMA had condemned Marshall.
Josh Copus informed the woman that Marshall was recovering, having just come from there.
The woman stated she saw the condemnation information on the internet.
The situation in the affected area is distinct.
No one engaged in mud shoveling inquired about others' voting preferences.
No one inquired about the political affiliation of building or business owners.
Fixing new pipes, bridges, and railroad crossings presents challenges for all residents of Marshall and Hot Springs.
Josh Copus stated that residents are simply people in the area.
Josh Copus stated that a positive aspect of the flood was the realization that people have more commonalities than differences.
Josh Copus stated that residents identify as "Appalachian Americans."
Josh Copus stated that culture unifies residents regardless of political affiliation.
Josh Copus stated that residents' value systems are not significantly different.
Josh Copus is a potter.
Josh Copus is a skilled ceramics artist.
Josh Copus operates a studio and kilns in the woods outside Marshall.
Josh Copus arranged for musicians to record an album at the hotel during the restoration efforts.
Proceeds from the album will contribute to the recovery.
Josh Copus has been actively seeking positive aspects throughout the situation.
Josh Copus stated that the flood is a terrible situation and not what anyone desired.
Josh Copus stated that it is the reality they face.
Josh Copus stated that self-pity will not be helpful.
Josh Copus believes artists excel at finding beauty within darkness.
Josh Copus has been endeavoring to perceive beauty within darkness.

**********Claims for hard query**********

Mayoral elections in the area are nonpartisan.
The hardware store is closed.
Cellular service was unavailable during the event.

**********Formulated hard query**********

Mayoral elections in the area are conducted in a certain way.
The hardware store is in a certain state.
Cellular service was in a certain state during the event.

**********Claims for medium query**********

Weeks following the rescues involved the recovery of bodies.
Josh Copus headed to town early on a Sunday.
After two hours of observation, Josh Copus had to leave because water was rapidly entering the courthouse.

**********Formulated medium query**********

Weeks following the rescues involved a certain process.
Someone headed to town early on a Sunday.
After two hours of observation, Josh Copus had to leave because something was happening.

**********Claims for easy query**********

Korey Hampton's personal recovery process runs parallel to the physical, financial, and emotional challenges faced by small towns devastated by floods in their pursuit of a new normal.
Josh Copus stated that a positive aspect of the flood was the realization that people have more commonalities than differences.
The blame game and finger-pointing observed after recent Texas flooding serve as a flashback for residents of Western North Carolina.

**********Formulated easy query**********

Someone's personal recovery process runs parallel to the physical, financial, and emotional challenges faced by small towns devastated by floods in their pursuit of a new normal.
Josh Copus stated that a positive aspect of a certain event was the realization that people have more commonalities than differences.
A certain type of behavior observed after recent Texas flooding serves as a flashback for residents of Western North Carolina.

**********Page content extracted**********

Title: It’s not just humans – chimpanzees also like to follow trends, study shows
URL: https://edition.cnn.com/2025/07/10/science/chimpanzees-grass-behavior-scli-intl
Content: # It’s not just humans – chimpanzees also like to follow trends, study shows

—

Chimpanzees living in a sanctuary in Africa have developed a “fashion trend” for dangling blades of grass or sticks from their ear holes and their behinds, a new study shows.

**********Extracted claims**********

Chimpanzees follow trends, according to a study.
Chimpanzees living in an African sanctuary developed a "fashion trend" of dangling blades of grass or sticks from their ear holes and behinds, according to a new study.
In 2010, researchers at Chimfunshi Wildlife Orphanage Trust chimpanzee sanctuary in Zambia observed a female chimpanzee dangling objects from her ear.
The behavior of dangling objects from the ear was copied by other members of the female chimpanzee's group.
There was no evidence that the chimpanzees were using the grass or sticks to deal with pain or itches.
Chimpanzees were "very relaxed" when they engaged in the dangling behavior.
The dangling behavior is considered a "fashion trend" or "social tradition."
Chimpanzees in a different group at the sanctuary started demonstrating the same behavior more than a decade later.
Some chimpanzees in the second group also inserted objects into their rectums.
The second chimpanzee group lived approximately nine miles from the first group.
The second chimpanzee group could not have copied the behavior directly from the first group.
Staff in one area of the reserve had developed a habit of cleaning their ears with matchsticks or twigs.
Staff on the other side of the reserve did not clean their ears with matchsticks or twigs.
Study lead author Ed van Leeuwen believes the behavior was picked up by chimpanzees from caregivers in the first area.
Study lead author Ed van Leeuwen believes the behavior was then passed on to other members of the chimpanzee group.
Caregivers influenced the behavior in the second chimpanzee group years later.
The second group of chimpanzees developed the practice of inserting sticks and grass into their rectums.
The behavior is a trend that spreads through social learning.
A female chimpanzee at a zoo in the Netherlands started walking as if she were carrying a baby, even though she was not.
All females in that chimpanzee group adopted the walking style.
When two new female chimpanzees were introduced to the group, the one that adopted the walking style swiftly was integrated quickly.
The new female chimpanzee who refused to adopt the group's walking style took longer to be accepted into the group.
Study lead author Ed van Leeuwen believes these chimpanzee behaviors are about fitting in.
Study lead author Ed van Leeuwen believes these chimpanzee behaviors are about smoothing social relationships.
The grass-dangling behavior was mostly observed during leisure time.
Chimpanzees engaged in the grass-dangling behavior when they congregated to groom and play.
Chimpanzees living in the sanctuary do not need to worry about predators.
Chimpanzees living in the sanctuary do not need to worry about competition with other groups.
Sanctuary chimpanzees have more leisure time than wild chimpanzees.
Study lead author Ed van Leeuwen believes wild chimpanzees are probably capable of developing such behavior.
Study lead author Ed van Leeuwen believes such behavior in wild chimpanzees might not have been documented yet.
Study lead author Ed van Leeuwen plans to study whether chimpanzees can repeatedly innovate new foraging techniques.
Study lead author Ed van Leeuwen plans to examine whether chimpanzees can develop cumulative culture similar to humans.
Elodie Freymann states that observations of this kind are key to advancing understanding of the origins and transmission patterns of cultural behaviors in chimpanzees.
Elodie Freymann states that observations of this kind are key to advancing understanding of the origins and transmission patterns of cultural behaviors in other non-human animals.
Elodie Freymann states that the study suggests there may have been interspecies copying between chimpanzees and their human caretakers.

**********Claims for hard query**********

Staff in one area of the reserve had developed a habit of cleaning their ears with matchsticks or twigs.
The dangling behavior is considered a "fashion trend" or "social tradition."
Staff on the other side of the reserve did not clean their ears with matchsticks or twigs.

**********Formulated hard query**********

Staff `in a certain area` had developed a habit of cleaning their ears with matchsticks or twigs.
The dangling behavior is considered `in a certain way`.
Staff on the other side of the reserve did not clean their ears with `something`.

**********Claims for medium query**********

The second group of chimpanzees developed the practice of inserting sticks and grass into their rectums.
Caregivers influenced the behavior in the second chimpanzee group years later.
The second chimpanzee group could not have copied the behavior directly from the first group.

**********Formulated medium query**********

The second group of chimpanzees developed the practice of doing something in a certain way.
Caregivers influenced the behavior in the second chimpanzee group at a certain time.
The second chimpanzee group could not have copied the behavior directly from somewhere.

**********Claims for easy query**********

Chimpanzees follow trends, according to a study.
Chimpanzees living in an African sanctuary developed a "fashion trend" of dangling blades of grass or sticks from their ear holes and behinds, according to a new study.
Study lead author Ed van Leeuwen believes wild chimpanzees are probably capable of developing such behavior.

**********Formulated easy query**********

Chimpanzees follow something, according to a study.
Chimpanzees living in an African sanctuary developed a "fashion trend" in a certain way, according to a new study.
Someone believes wild chimpanzees are probably capable of developing such behavior.

**********Page content extracted**********

Title: Trump and his allies mount a pressure campaign against US elections ahead of the midterms
URL: https://edition.cnn.com/2025/08/02/politics/trump-elections-pressure-campaign
Content: # Trump and his allies mount a pressure campaign against US elections ahead of the midterms

A few weeks ago, Republican election officials in Colorado began receiving unsolicited calls and texts from a GOP consultant who said he was working with the Trum

**********Extracted claims**********

Republican election officials in Colorado began receiving unsolicited calls and texts from a GOP consultant.
The consultant, Jeff Small, claimed he was working with the Trump administration on “election integrity.”
Jeff Small indicated he was acting on a request from Stephen Miller, the White House deputy chief of staff.
Jeff Small told a clerk he was coordinating with the White House and the Justice Department to implement an elections executive order signed by Donald Trump.
Jeff Small requested that Colorado election officials give a third party access to their election equipment.
Justin Grantham and Carly Koppes declined Jeff Small's request.
The outreach to Colorado clerks is one of a flurry of recent federal actions launched by the Trump administration and groups aligned with Donald Trump.
The White House distanced itself from Jeff Small.
Donald Trump and his allies are collecting vast amounts of voter data.
Donald Trump and his allies are working to change the ground rules for the 2026 midterms.
These actions often involve invoking federal government authority.
Democrats need to gain three seats in the US House in 2026 to flip control of the chamber from Republicans.
Samantha Tarazi, CEO of the nonprofit Voting Rights Lab, stated she believes Donald Trump is preparing to use the power of his office to interfere in the 2026 election.
Samantha Tarazi stated that an unconstitutional executive order has grown into a full federal mobilization to seize power over elections.
White House spokesperson Harrison Fields stated that Donald Trump is fighting for election integrity.
Harrison Fields stated that Donald Trump will keep fighting for election integrity despite Democrat objections.
Harrison Fields stated that Democrat objections reveal disdain for safeguards like verifying citizenship.
Harrison Fields stated that free and fair elections are the bedrock of the Constitutional Republic.
Harrison Fields stated confidence in securing an ultimate victory in the courtroom.
Restricting who can access election machines and sensitive voting software has grown more important to election officials in recent years.
This increased importance followed voting system breaches in states such as Colorado and Georgia.
Donald Trump's allies sought access to machines to find evidence to support claims that widespread fraud marred the 2020 election.
Election watchdogs and some Democratic election officials state that activity by Donald Trump and aligned groups has raised fears of a broader effort to reshape elections.
Donald Trump signed an executive order in March that sought to force states to require proof of citizenship to register to vote.
The executive order also sought to force "enforcement action" against states that accept mail ballots after Election Day.
Federal judges have blocked parts of Donald Trump's executive order.
Federal judges noted that the power to regulate elections rests with the states and Congress, not the president.
The Republican National Committee is pushing to obtain voter registration records from states.
On the day Donald Trump signed the executive order, the Republican National Committee sent records requests to 48 states and Washington, DC.
These requests sought information on how states maintain voter registration lists.
The Republican National Committee has sued New Jersey.
The lawsuit alleges that New Jersey officials have failed to respond to requests for voter data and documents related to voting machine audits.
A spokesperson for New Jersey’s elections division declined to comment on the litigation.
The Justice Department recently asked more than a dozen states to provide voter lists.
The Justice Department also asked states to explain their procedures for removing potential ineligible voters from their rolls.
The Justice Department also asked states to discuss entering into information-sharing agreements to help the agency root out election fraud.
The Justice Department's demands range from seeking copies of voting rolls in Michigan to a broad request in Colorado for election records as far back as 2020.
Republicans in Texas are undertaking a rare mid-decade redistricting.
The Texas redistricting follows entreaties from Donald Trump.
A map released by GOP lawmakers in Texas aims to take over five additional Democratic seats.
The map would give the GOP an advantage in 30 of Texas’s 38 congressional districts.
The Republican-controlled House approved the SAVE Act in April.
The SAVE Act mirrors parts of Donald Trump’s executive order requiring proof of citizenship to register to vote.
The proposed SAVE Act would make it a crime for election officials to mistakenly register someone to vote who has not provided proof of citizenship.
Critics state that it is already illegal for noncitizens to cast ballots in federal elections.
Critics state that requiring proof of citizenship could disenfranchise eligible voters.
Texas Governor Greg Abbott justified the redistricting in his state by citing a letter from Harmeet Dhillon.
Harmeet Dhillon is the head of the Justice Department’s civil rights division.
Harmeet Dhillon's letter challenged the legality of four existing congressional districts.
Harmeet Dhillon stated that clean voter rolls and basic election safeguards are requisites for free, fair, and transparent elections.
Harmeet Dhillon stated that the agency has a statutory mandate to enforce federal voting rights laws.
Harmeet Dhillon stated that ensuring the voting public’s confidence in the integrity of elections is a top priority of the administration.
Donald Trump has been blunt about his partisan goals in Texas.
Donald Trump has suggested that other GOP-controlled states should pursue their own redistricting efforts.
The administration’s recent actions have unsettled some election officials.
Election officials have endured years of threats and harassment following the 2020 election.
Conspiracy theories about election fraud flourished after the 2020 election.
David Becker stated that election officials "are surfing on quicksand."
David Becker stated that election officials do not know what the executive order means or if it has any meaning.
David Becker stated that election officials do not know if they will be investigated for having done their jobs.
David Becker stated that election officials do not know if the vast power of the federal government is going to be weaponized against them.
David Becker stated that election officials do not know if the Department of Justice is going to be suing them.
A survey of 858 local election officials was conducted by the Brennan Center for Justice at New York University’s Law School.
59% of local election officials are concerned about political leaders engaging in efforts to interfere with how election officials do their jobs.
46% of local election officials are concerned about politically motivated investigations of their work or that of their fellow election officials.
Jeff Small worked for Colorado GOP Representative Lauren Boebert.
Jeff Small worked for the US Interior Department during Donald Trump’s first term.
Jeff Small is currently a principal with a Denver public affairs firm.
County officials stated that Jeff Small told them he was reaching out specifically to Republican clerks in blue states to help advance Donald Trump’s executive order.
Justin Grantham stated that Jeff Small’s outreach to only Republican officials was an early red flag.
Justin Grantham stated that a concern arose when Jeff Small mentioned gaining access to the county’s election equipment.
Justin Grantham stated that he did not believe the president had the constitutional authority to write executive orders to affect elections.
Justin Grantham stated that he would not let anybody access his voting equipment until the Supreme Court found the president could do so.
Suzanne Taheri, Jeff Small's attorney, responded to CNN’s inquiry.
Suzanne Taheri stated that Jeff Small’s outreach supported efforts by administration allies to encourage officials to participate in Donald Trump’s election security executive order.
Suzanne Taheri stated that Jeff Small undertook the activity on a volunteer basis, during his own free time, while on paternity leave.
Jeff Small and Suzanne Taheri did not answer questions about who in the administration asked him to contact the clerks.
A White House spokesperson stated that Jeff Small does not speak for the White House.
A White House spokesperson stated that Jeff Small was never authorized to do official business on behalf of the White House.
Stephen Miller did not respond to CNN requests for comment.
Colorado election officials report heightened sensitivity around who can access election equipment.
This heightened sensitivity followed the high-profile prosecution of former Mesa County elections clerk, Tina Peters.
Tina Peters became a celebrity among pro-Donald Trump activists.
Pro-Donald Trump activists have advanced false claims that voting machines had been rigged to flip votes in the 2020 election.
Many state laws set strict security standards for voting machines to prevent tampering with elections.
Colorado has specifically barred third parties from accessing election equipment.
A judge sentenced Tina Peters to nine years in prison.
Tina Peters was convicted on state charges for her role in a breach of her county’s election system.
The breach was part of an unsuccessful hunt for fraud.
Donald Trump and his administration have supported Tina Peters’ cause.
The Justice Department stated earlier this year that it was reviewing Tina Peters’ case.
The review is part of a broad mandate from Donald Trump to counter prosecutions.
The Justice Department stated these prosecutions were aimed more at inflicting political pain than pursuing actual justice.
Donald Trump called Tina Peters an “innocent Political Prisoner” in a social media post in May.
Donald Trump directed the Justice Department to take all necessary action to help secure Tina Peters' release.
Colorado Secretary of State Jena Griswold stated that her office has provided recent voter data to the Justice Department.
This voter data is generally available to the public.
Jena Griswold declined to comply with a Justice Department request related to records from the 2020 election.
Jena Griswold stated the federal government has no legal basis to seek 2020 election records.
Federal law only requires the preservation of election data in federal races for 22 months.
Jena Griswold stated that Donald Trump’s recent actions demonstrate he is using the power of the federal government to undermine American elections.
Jena Griswold stated that Donald Trump's actions undermine voter confidence in elections.
Donald Trump lost Colorado in all three of his White House bids.
Tensions over election administration remain high in Colorado.
Carly Koppes stated she faced threats for her outspoken defense of the 2020 election results and her county’s use of Dominion Voting machines.
Carly Koppes began varying her routes to and from work due to these threats.
The head of the clerk’s association stated it took courage for county clerks to rebuff the recent overtures.
An elections office in southern Colorado housing Dominion machines was recently firebombed.
No one was injured in the after-hours firebombing incident.
The head of the clerk’s association stated that threats against election officials are real.

**********Claims for hard query**********

Harrison Fields stated confidence in securing an ultimate victory in the courtroom.
No one was injured in the after-hours firebombing incident.
Suzanne Taheri stated that Jeff Small undertook the activity on a volunteer basis, during his own free time, while on paternity leave.

**********Formulated hard query**********

Harrison Fields stated confidence in securing an ultimate victory in a certain place.
No one was injured in the firebombing incident at a certain time.
Suzanne Taheri stated that Jeff Small undertook the activity in a certain way, during his own free time, while on paternity leave.

**********Claims for medium query**********

Federal judges noted that the power to regulate elections rests with the states and Congress, not the president.
The lawsuit alleges that New Jersey officials have failed to respond to requests for voter data and documents related to voting machine audits.
Donald Trump lost Colorado in all three of his White House bids.

**********Formulated medium query**********

Someone noted that the power to regulate elections rests with the states and Congress, not the president.
The lawsuit alleges that officials in a certain place have failed to respond to requests for voter data and documents related to voting machine audits.
Someone lost Colorado in all three of their White House bids.

**********Claims for easy query**********

Tensions over election administration remain high in Colorado.
Election officials have endured years of threats and harassment following the 2020 election.
Colorado election officials report heightened sensitivity around who can access election equipment.

**********Formulated easy query**********

Tensions over election administration are in a certain state in Colorado.
Election officials have endured years of a certain type of experience following the 2020 election.
Colorado election officials report being in a certain state of mind around who can access election equipment.

**********Page content extracted**********

Title: Ancient Peruvian city more than 3,000 years old unveiled
URL: https://edition.cnn.com/2025/07/08/science/penico-ancient-city-peru-scli-intl
Content: # Ancient Peruvian city more than 3,000 years old unveiled

—

An ancient Peruvian city that was a thriving hub of trade more than 3,000 years ago has been unveiled by archaeologists.

Peñico is located in the Huaura province, north of the capital Lima, a

**********Extracted claims**********

An ancient Peruvian city, more than 3,000 years old, has been unveiled by archaeologists.
The ancient Peruvian city was a thriving hub of trade more than 3,000 years ago.
The ancient city is named Peñico.
Peñico is located in the Huaura province.
Peñico is located north of Lima, the capital.
Details of the Peñico site were unveiled following eight years of excavation and conservation.
The unveiling of Peñico constituted its official opening to the public.
Peñico was built 600 meters above sea level.
Peñico, an urban center, developed following the cultural tradition of the Caral.
Ruth Shady is the lead researcher and director of the Caral Archaeological Zone (ZAC).
The Caral Archaeological Zone (ZAC) is attached to Peru’s Ministry of Culture.
Peñico's strategic location allowed it to connect coastal and mountain towns of Supe and Huaura.
Peñico's strategic location allowed it to connect towns in the Andean-Amazonian region.
Peñico's strategic location allowed it to connect towns in the high Andean region.
Approximately 18 structures have been identified in Peñico.
The identified structures in Peñico include public buildings and residential units.
A significant structure in Peñico is a monumental public building known as B1-B3.
Archaeologists uncovered clay sculptures in building B1-B3.
Archaeologists uncovered ceremonial tools in building B1-B3.
Archaeologists uncovered conch-shell trumpets, called "pututus," in building B1-B3.
"Pututus" are instruments that once echoed across ancient Andean landscapes to summon gatherings and invoke gods.
Peñico's prestige may have been linked to its role in the trade of hematite.
Hematite is a red pigment with symbolic meaning in Andean cosmology.
Peñico is now open for tourism.
The Peñico site includes a modern interpretation center, reception areas, and walking routes through the preserved ruins.
The first ever Peñico Raymi is a public festival.
The first ever Peñico Raymi is set to be held on a Saturday.
Peñico Raymi will celebrate the site’s cultural legacy.
Peñico Raymi will include traditional rituals.
Peñico Raymi will include art.
Peñico Raymi will include a ceremony to honor the goddess Pachamama.

**********Claims for hard query**********

Hematite is a red pigment with symbolic meaning in Andean cosmology.
Ruth Shady is the lead researcher and director of the Caral Archaeological Zone (ZAC).
Archaeologists uncovered clay sculptures in building B1-B3.

**********Formulated hard query**********

Something is a red pigment with symbolic meaning in Andean cosmology.
Someone is the lead researcher and director of the Caral Archaeological Zone (ZAC).
Archaeologists uncovered clay sculptures in something.

**********Claims for medium query**********

Peñico Raymi will include traditional rituals.
Peñico's strategic location allowed it to connect coastal and mountain towns of Supe and Huaura.
Peñico's strategic location allowed it to connect towns in the high Andean region.

**********Formulated medium query**********

Peñico Raymi will include **something**.
Peñico's strategic location allowed it to connect **something**.
Peñico's strategic location allowed it to connect **something**.

**********Claims for easy query**********

An ancient Peruvian city, more than 3,000 years old, has been unveiled by archaeologists.
The ancient Peruvian city was a thriving hub of trade more than 3,000 years ago.
Peñico Raymi will celebrate the site’s cultural legacy.

**********Formulated easy query**********

Something, more than 3,000 years old, has been unveiled by archaeologists.
The ancient Peruvian city was a certain kind of hub more than 3,000 years ago.
Something will celebrate the site’s cultural legacy.

**********Page content extracted**********

Title: Tom Holland says ‘Spider-Man 4’ will be a ‘breath of fresh air’ after Covid forced last movie to be shot on sound stages
URL: https://edition.cnn.com/2025/07/15/entertainment/tom-holland-spider-man-4-covid
Content: # Tom Holland says ‘Spider-Man 4’ will be a ‘breath of fresh air’ after Covid forced last movie to be shot on sound stages

—

Tom Holland is “over the moon” to soon be slinging webs again as everyone’s favorite neighborhood Spider-Man, but he’s “so excit

**********Extracted claims**********

Tom Holland stated that "Spider-Man 4" will be a "breath of fresh air."
Tom Holland stated that the COVID-19 pandemic forced the last Spider-Man movie to be shot on sound stages.
The new Spider-Man film is the fourth movie in the Marvel Cinematic Universe series.
The new Spider-Man film is titled "Spider-Man: Brand New Day."
The previous Spider-Man film was "Spider-Man: No Way Home."
"Spider-Man: No Way Home" was released in 2021.
Tom Holland stated that "Spider-Man: Brand New Day" will be a return to form for the franchise.
Tom Holland stated that the COVID-19 pandemic hampered the filmmaking team's abilities with "Spider-Man: No Way Home."
Tom Holland stated that the entirety of "Spider-Man: No Way Home" was shot on stages.
Tom Holland stated that the next Spider-Man film will shoot in real locations.
Tom Holland stated that Glasgow, Scotland will be one of the filming locations for the next Spider-Man movie.
Production for the next Spider-Man movie will begin soon in Glasgow, Scotland.
Tom Holland stated that the streets of Glasgow will be used for a massive set piece in the next Spider-Man movie.
"Spider-Man: Homecoming" was released in 2017.
"Spider-Man: No Way Home" was the third film in its franchise.
"Spider-Man: No Way Home" grossed $1.9 billion worldwide.
Tom Holland acknowledged creative challenges in making "Spider-Man: No Way Home."
"Spider-Man: No Way Home" featured Tobey Maguire and Andrew Garfield.
Tobey Maguire and Andrew Garfield previously portrayed Peter Parker, also known as Spider-Man.
"Spider-Man: Brand New Day" is slated for release in summer 2026.

**********Claims for hard query**********

"Spider-Man: Homecoming" was released in 2017.
"Spider-Man: No Way Home" grossed $1.9 billion worldwide.
"Spider-Man: No Way Home" featured Tobey Maguire and Andrew Garfield.

**********Formulated hard query**********

Someone says ‘Spider-Man 4’ will be a ‘breath of fresh air’ after Covid forced last movie to be shot on sound stages.
Tom Holland is “over the moon” to soon be doing something again as everyone’s favorite neighborhood Spider-Man, but he’s “so excited” about the next sequel for a particular reason.
In a recent interview for something, Holland explained the new film – the fourth in the MCU series, titled “Spider-Man: Brand New Day” – will be a return to form for the franchise after the Covid-19 pandemic hampered the filmmaking team’s abilities with the last entry, 2021’s “Spider-Man: No Way Home.”
“I think we were really restricted with what we could do in the last movie because of Covid. We shot the entire film in a certain place,” Holland said.
“Now we’re really going to lean into something and shoot in real locations.”
He added that one of those locations will be a certain place, where production will soon be starting.
“We are going to use the streets of Glasgow for something that we are putting together,” he teased.
Holland also said that “playing Spider-Man is like being in a certain state,” and that filming the next entry is “going to feel like making ‘Spider-Man 1’ (2017’s ‘Spider-Man: Homecoming’) again.”
“It’s been such a long time that I’ve done it that it’s going to feel in a certain state. I think the fans are going to be over the moon with what we’re putting together.”
While Holland acknowledged that there were some creative challenges in making “No Way Home,” those certainly did not impact the film’s massive box office success – the third film in the franchise ended up grossing a certain amount.
That surely had to do with the fact that the movie welcomed back the actors who portrayed Peter Parker a.k.a. Spider-Man in the previous two franchises, someone.
“Spider-Man: Brand New Day” is slated for release in a certain time.
"Spider-Man: Homecoming" was released in a certain year.
Something grossed $1.9 billion worldwide.
"Spider-Man: No Way Home" involved someone.

**********Validation Result**********

subquestion '“I think we were really restricted with what we could do in the last movie because of Covid. We shot the entire film in a certain place,” Holland said.' is NOT supported by the context.
<reject> The information states "We shot the entire film in a certain place," as part of Holland's quote. The provided content, however, explicitly states Holland's quote as "We shot the entire film on stages." While "on stages" is a type of "certain place," the exact wording "in a certain place" is not explicitly mentioned in the content. </reject>

**********Validation Result**********

subquestion '“Now we’re really going to lean into something and shoot in real locations.”' is NOT supported by the context.
<reject> The information provided quotes "Now we’re really going to lean into something and shoot in real locations," but the content explicitly states, "Now we’re really going to lean into that old school filmmaking and shoot in real locations.” The wording is slightly different ("something" vs. "that old school filmmaking"). </reject>

**********Validation Result**********

subquestion '“We are going to use the streets of Glasgow for something that we are putting together,” he teased.' is NOT supported by the context.
<reject> The provided content states, "“We are going to use the streets of Glasgow for this massive set piece that we are putting together,” he teased," which is slightly different from "“We are going to use the streets of Glasgow for something that we are putting together,” he teased." </reject>

**********Validation Result**********

subquestion 'Holland also said that “playing Spider-Man is like being in a certain state,” and that filming the next entry is “going to feel like making ‘Spider-Man 1’ (2017’s ‘Spider-Man: Homecoming’) again.”' is NOT supported by the context.
<reject> The information states that Holland said "playing Spider-Man is like being in a certain state," but the content actually quotes him as saying, "playing Spider-Man is like hanging out with an old pal." While the second part of the quote matches, the first part does not, making the information not explicitly mentioned as a whole. </reject>

**********Validation Result**********

subquestion '“It’s been such a long time that I’ve done it that it’s going to feel in a certain state. I think the fans are going to be over the moon with what we’re putting together.”' is NOT supported by the context.
<reject> The provided information states "It’s been such a long time that I’ve done it that it’s going to feel in a certain state.", whereas the content explicitly states, "It’s been such a long time that I’ve done it that it’s going to feel like a breath of fresh air." The phrasing "in a certain state" is not present. </reject>

**********Claims for medium query**********

Tom Holland stated that the entirety of "Spider-Man: No Way Home" was shot on stages.
The new Spider-Man film is the fourth movie in the Marvel Cinematic Universe series.
Tom Holland stated that the COVID-19 pandemic hampered the filmmaking team's abilities with "Spider-Man: No Way Home."

**********Formulated medium query**********

Tom Holland stated that the entirety of "Spider-Man: No Way Home" was shot in a certain way.
The new Spider-Man film is the fourth movie in something.
Tom Holland stated that something hampered the filmmaking team's abilities with "Spider-Man: No Way Home."

**********Claims for easy query**********

Tom Holland stated that "Spider-Man 4" will be a "breath of fresh air."
Tom Holland stated that "Spider-Man: Brand New Day" will be a return to form for the franchise.
Tom Holland stated that the streets of Glasgow will be used for a massive set piece in the next Spider-Man movie.

**********Formulated easy query**********

Tom Holland stated that 'Spider-Man 4' will be in a certain state.
Tom Holland stated that 'Spider-Man: Brand New Day' will be in a certain way for the franchise.
Tom Holland stated that something will be used for a massive set piece in the next Spider-Man movie.

**********Page content extracted**********

Title: England beats Spain on penalties to win Women’s Euro 2025 final
URL: https://edition.cnn.com/2025/07/27/sport/england-spain-womens-euro-2025-final-spt
Content: # England beats Spain on penalties to win Women’s Euro 2025 final

Video 
\- Source:

England has been crowned champion of Europe for the second successive time after defeating Spain 3-1 on penalties in the Women’s Euro 2025 final.

Just as she was when t

**********Extracted claims**********

England won the Women’s Euro 2025 final.
England defeated Spain 3-1 on penalties in the Women’s Euro 2025 final.
England was crowned champion of Europe for the second successive time.
The Women’s Euro 2025 final ended in a 1-1 draw before penalties.
Chloe Kelly scored the decisive penalty in the Women’s Euro 2025 final shootout.
Chloe Kelly scored the decisive penalty when the Lionesses beat Germany in 2022.
England lost to Spain in the 2023 World Cup final.
Alessia Russo scored a header in the 57th minute of the Women's Euro 2025 final.
Alessia Russo's goal equalized the score in the Women's Euro 2025 final.
Mariona Caldentey scored the opening goal in the Women's Euro 2025 final.
Lucy Bronze played almost two hours of the Women’s Euro 2025 final.
Lucy Bronze played the entire tournament with a fractured tibia.
Chloe Kelly scored a winning goal in the Women's Euro 2025 semifinal.
Chloe Kelly scored a winning goal in the 2022 Women's Euro final.
Hannah Hampton saved two penalties in the Women’s Euro 2025 final shootout.
Hannah Hampton saved two penalties in the quarterfinal against Sweden.
Michelle Agyemang won the Young Player of the Tournament award.
Michelle Agyemang scored crucial goals in the quarterfinal and semifinal of the tournament.
The Lionesses celebrated their victory.
Chloe Kelly led a rendition of "Sweet Caroline" during the celebration.
King Charles offered congratulations to the team.
King Charles wrote a message of congratulations to the team.
The Prince and Princess of Wales, William and Charlotte, offered congratulations on X.
England's win is the latest chapter of a rivalry in women's international soccer.
The rivalry in women's international soccer was notably seen in the 2023 World Cup final.
Spain was the underdog in the 2023 World Cup final.
Spain was the eventual champion in the 2023 World Cup final.
Spain is regarded by most as the best team in the world.
Jenni Hermoso was kissed by Luis Rubiales on the lips during the on-field medal ceremony.
Luis Rubiales was the Royal Spanish Football Federation (RFEF) chief at the time of the incident with Jenni Hermoso.
The incident involving Jenni Hermoso and Luis Rubiales overshadowed Spain's victory.
Women’s soccer has continued to grow in popularity in Europe.
The total attendance at this year’s tournament was 657,291.
The total attendance at this year’s tournament was a record-breaking figure.
Alessia Russo had an opportunity to open the scoring within three minutes of the Women's Euro 2025 final.
Alessia Russo's shot was saved by Cata Coll in the Women's Euro 2025 final.
Ona Batlle cleared the ball in the Women's Euro 2025 final.
Esther González had two scoring chances in the Women's Euro 2025 final.
Lauren Hemp had a scoring opportunity before the 20-minute mark in the Women's Euro 2025 final.
Cata Coll made a save against a close-range shot from Lauren Hemp.
Cata Coll made an error in distribution that gifted the ball to Lauren Hemp.
Spain took the lead in the Women's Euro 2025 final.
Aitana Bonmatí, Athenea del Castillo, and Ona Batlle combined on the right side for Spain's opening goal.
Ona Batlle provided a cross for Spain's opening goal.
Mariona Caldentey scored a header for Spain's opening goal by getting in front of Lucy Bronze.
Lauren James was substituted in the Women's Euro 2025 final due to an ankle injury.
Chloe Kelly replaced Lauren James in the Women's Euro 2025 final.
Chloe Kelly scored a 119th-minute winner against Italy in the semifinal.
Alessia Russo scored by getting between Irene Paredes and Laia Aleixandri.
Chloe Kelly provided a cross for Alessia Russo's goal.
Chloe Kelly had a shot on goal that was tipped wide by Cata Coll.
The Women's Euro 2025 final went to extra time.
England's quarterfinal and semifinal matches in the tournament also went to extra time.
Salma Paralluelo was a substitute in the Women's Euro 2025 final.
Salma Paralluelo had a scoring chance during extra time from an Ona Batlle cross.
Salma Paralluelo missed her penalty kick in the shootout.
Chloe Kelly had missed a penalty against Italy previously.
Chloe Kelly converted the rebound after missing a penalty against Italy.
Chloe Kelly scored her penalty in the Women's Euro 2025 final shootout by shooting high into Cata Coll’s net.

**********Claims for hard query**********

Cata Coll made an error in distribution that gifted the ball to Lauren Hemp.
The total attendance at this year’s tournament was 657,291.
The Prince and Princess of Wales, William and Charlotte, offered congratulations on X.

**********Formulated hard query**********

Someone made an error in distribution that gifted the ball to Lauren Hemp.
The total attendance at this year’s tournament was something.
Someone offered congratulations on X.

**********Claims for medium query**********

Lauren James was substituted in the Women's Euro 2025 final due to an ankle injury.
Alessia Russo scored a header in the 57th minute of the Women's Euro 2025 final.
Mariona Caldentey scored a header for Spain's opening goal by getting in front of Lucy Bronze.

**********Formulated medium query**********

Someone was substituted in the Women's Euro 2025 final due to an ankle injury.
Alessia Russo scored a header at a certain time of the Women's Euro 2025 final.
Mariona Caldentey scored a header for a certain goal by getting in front of Lucy Bronze.

**********Claims for easy query**********

Chloe Kelly scored the decisive penalty in the Women’s Euro 2025 final shootout.
England won the Women’s Euro 2025 final.
England defeated Spain 3-1 on penalties in the Women’s Euro 2025 final.

**********Formulated easy query**********

Someone scored the decisive penalty in the Women’s Euro 2025 final shootout.
Something won the Women’s Euro 2025 final.
England defeated Spain in a certain way in the Women’s Euro 2025 final.

**********Page content extracted**********

Title: Explosives found during arrest of Tennessee man who threatened public officials, police say
URL: https://edition.cnn.com/2025/08/02/us/tennessee-improvised-explosives-arrest
Content: # Explosives found during arrest of Tennessee man who threatened public officials, police say

—

Officers found 14 improvised explosive devices while executing a search warrant for a man who had threatened to kill public officials and tried to detonate t

**********Extracted claims**********

Officers found 14 improvised explosive devices during the execution of a search warrant.
The search warrant was for a man who had threatened to kill public officials.
The man tried to detonate the devices during his arrest.
Tennessee authorities provided information about the incident.
Detectives and deputies went to a home in Old Fort.
Old Fort is located approximately 45 miles east of Chattanooga.
The purpose of the visit to the home was to apprehend a 54-year-old suspect.
The Polk County Sheriff’s Office provided a statement regarding the apprehension.
After the suspect was taken into custody, officers noticed something smoldering.
The smoldering item was found in the bedroom where the suspect was located.
The sheriff's office reported the observation of the smoldering item.
Officers identified an item as an improvised explosive device.
The home was evacuated.
Bomb squad officers and agents with the federal Bureau of Alcohol, Tobacco, Firearms and Explosives (ATF) found the 14 devices.
The sheriff’s office confirmed the discovery of the 14 devices by the bomb squad and ATF.
The suspect was charged with 11 counts of attempted first-degree murder.
The suspect was charged with 14 counts of prohibited weapons.
The suspect was charged with one count of possession of explosive components.
The sheriff’s office provided information regarding the suspect’s charges.
The suspect is being held at the Polk County Jail.
The suspect had active warrants for threatening to kill public officials in the county.
The suspect had active warrants for threatening to kill law enforcement personnel in the county.
None of the devices detonated.
Elisa Myzal, public affairs director for Chattanooga police, stated that none of the devices detonated.

**********Claims for hard query**********

Detectives and deputies went to a home in Old Fort.
Old Fort is located approximately 45 miles east of Chattanooga.
The home was evacuated.

**********Formulated hard query**********

Officers found something while executing a search warrant for a man who had threatened to kill public officials and tried to detonate the devices as he was being arrested, Tennessee authorities said Saturday.
Detectives and deputies went to a home Friday in Old Fort, about 45 miles east of Chattanooga, seeking to apprehend the 54-year-old suspect, something said in a statement.
After taking him into custody, the officers noticed in a certain state in the bedroom where he was found, the sheriff’s office said.
They saw what appeared to be something and evacuated the home.
Subsequently, someone found the 14 devices, the sheriff’s office said.
The suspect was charged with something, according to the sheriff’s office.
He was being held at something, which could not confirm whether he had a lawyer who could speak on his behalf when reached by phone Saturday.
The suspect had active warrants for something in the county.
Someone said via email that none of the devices detonated.
Myzal did not comment on something.
Someone referred further inquiries to the sheriff’s office, which said nobody was available at the moment to answer questions.
Detectives and deputies went to a home in somewhere.
Old Fort is located in a certain place.
The home was in a certain way.

**********Validation Result**********

subquestion 'After taking him into custody, the officers noticed in a certain state in the bedroom where he was found, the sheriff’s office said.' is NOT supported by the context.
<reject> The information states that officers noticed "in a certain state" in the bedroom. The content, however, states that officers noticed "something was smoldering" in the bedroom. These are different observations. </reject>

**********Claims for medium query**********

The suspect was charged with 11 counts of attempted first-degree murder.
The sheriff’s office provided information regarding the suspect’s charges.
Officers identified an item as an improvised explosive device.

**********Formulated medium query**********

The suspect was charged with something.
Someone provided information regarding the suspect’s charges.
Officers identified an item as something.

**********Claims for easy query**********

The suspect had active warrants for threatening to kill public officials in the county.
The suspect had active warrants for threatening to kill law enforcement personnel in the county.
The sheriff’s office confirmed the discovery of the 14 devices by the bomb squad and ATF.

**********Formulated easy query**********

The suspect had active warrants for threatening to kill **someone** in the county.
The suspect had active warrants for threatening to kill law enforcement personnel **in a certain place**.
The sheriff’s office confirmed the discovery of **something** by the bomb squad and ATF.

**********Page content extracted**********

Title: What are your questions about lifestyle changes and cognitive decline?
URL: https://edition.cnn.com/2025/07/28/health/lifestyle-changes-cognitive-decline
Content: # What are your questions about lifestyle changes and cognitive decline?

Healthy habits like eating a nutritious diet and getting regular exercise can protect your brain as you age. Research shows that it may even help after physical signs of cognitive p

**********Extracted claims**********

Healthy habits, including eating a nutritious diet and getting regular exercise, can protect a person's brain as they age.
Research indicates that healthy habits may provide benefits even after physical signs of cognitive problems have started.

**********Claims for hard query**********

Healthy habits, including eating a nutritious diet and getting regular exercise, can protect a person's brain as they age.
Research indicates that healthy habits may provide benefits even after physical signs of cognitive problems have started.

**********Formulated hard query**********

Healthy habits, including doing something, can protect a person's brain as they age.
Someone suggests that healthy habits may provide benefits even after physical signs of cognitive problems have started.
Cognitive decline can include conditions such as something.

**********Claims for medium query**********

Healthy habits, including eating a nutritious diet and getting regular exercise, can protect a person's brain as they age.
Research indicates that healthy habits may provide benefits even after physical signs of cognitive problems have started.

**********Formulated medium query**********

Healthy habits can protect something as you age.
Research indicates that healthy habits may provide benefits even after something has started.
The article asks what people want to know about how something might affect their risk.

**********Claims for easy query**********

Healthy habits, including eating a nutritious diet and getting regular exercise, can protect a person's brain as they age.
Research indicates that healthy habits may provide benefits even after physical signs of cognitive problems have started.

**********Formulated easy query**********

Healthy habits, *in a certain way*, can protect your brain as you age.
Research shows that it may even help after *something*.

**********Page content extracted**********

Title: Fed-up Italian farmers set up mountain turnstiles to charge access to Instagram hot spots
URL: https://edition.cnn.com/2025/07/31/travel/italy-dolomites-farmers-turnstiles-instagram-tourism
Content: # Fed-up Italian farmers set up mountain turnstiles to charge access to Instagram hot spots

Sign up for Unlocking the World, CNN Travel’s weekly newsletter. Get news about destinations, plus the latest in aviation, food and drink, and where to stay.

If 

**********Extracted claims**********

Carlo Zanella is the president of the Alto Adige Alpine Club.
Carlo Zanella blames travel influencers for a new Italian social media trend.
The new Italian social media trend has lured hundreds of thousands of tourists to the Dolomites.
Many tourists are traipsing across private land in the Dolomites to take photos.
Local farmers have set up turnstiles in response to the influx of tourists.
Tourists must pay 5 euros (nearly $6) to access several “Instagrammable” spots through the turnstiles.
The "Instagrammable" spots include the Seceda and Drei Zinnen (Three Peaks) mountain ranges.
Photos show lines of up to 4,000 people a day at the turnstiles.
Images of the lines have acted as a magnet rather than deterring people.
Carlo Zanella states that media attention on the turnstiles has caused people to go where others go.
Italian law mandates free access to natural parks, including the Alps and Dolomites.
The landowners who set up the turnstiles have not received official pushback from authorities.
Georg Rabanser is a former Italian national team snowboarder.
Georg Rabanser owns land in a meadow on Seceda.
Georg Rabanser states that he and others started charging tourists to cross their land to make a point.
Georg Rabanser states that many people come through their properties daily and leave trash.
Georg Rabanser describes the landowners' action as a "cry for help."
Georg Rabanser states they expected a call from provincial authorities but received nothing concrete.
Georg Rabanser states they have not received warning letters.
Georg Rabanser states they are moving forward with charging tourists.
Carlo Zanella avoids his alpine hiking trails during the summer months.
Carlo Zanella supports landowners charging admission to cross their property.
Carlo Zanella believes the government should pay for the upkeep of the entrance system.
Carlo Zanella likens the overtourism to Venice.
Visitors to Venice have to pay a 10-euro entrance fee (around $12) on busy weekends.
Carlo Zanella states he would increase the price from 5 to 100 euros.
Carlo Zanella states he would close the accounts of travel influencers.
Carlo Zanella fears the naivete of social media tourists puts them at risk.
Carlo Zanella states that those who came to the mountains in the past were prepared, dressed for the mountains, and came for hiking.
Carlo Zanella states that Germans, in particular, had maps and knew where to go.
Carlo Zanella states that Italians set off, go, and take a cable car.
Carlo Zanella states he has seen people go up to Seceda with sun umbrellas and flip-flops.
Carlo Zanella states that people get stuck because the cable car closed and they had not checked the lift schedules.
The local tourism body has petitioned authorities to close the turnstiles.
The local tourism body insists the issue is being overblown.
The Santa Cristina Tourist Board oversees part of the area where the turnstiles have appeared.
The Santa Cristina Tourist Board has hired four park rangers.
The park rangers ensure tourists stay on trails, do not cross meadows, and do not fly drones.
Lukas Demetz is the president of the Santa Cristina Tourist Board.
Lukas Demetz states things have improved significantly.
Lukas Demetz states the litter problem is not as serious as people say.
Lukas Demetz states the litter problem has significantly reduced.
Parking lots have appeared across the Aosta Valley to stop people from driving up the mountainside.
Hikers are required to take a paid shuttle bus to Monte Rosa.
At the Pian del Re peat bog in Piedmont, only 150 cars are allowed to park in the closest parking area to discourage visitors.
Some regions, including Lake Braies, now charge 40 euros per car to access the area to deter visitors.
Arno Kompatscher is the governor of South Tyrol province.
South Tyrol province includes part of the Dolomites range.
Arno Kompatscher has called on the national government to set restrictions.
The restrictions are intended to protect fragile alpine ecosystems.
The restrictions are intended to dissuade local residents from renting out their chalets to tourists.
New ordinances have been a hallmark of the 2025 summer across Italy.
Wearing only a swimsuit or going bare-chested in some Italian towns will attract attention.
Semi-nudity could lead to a 500-euro fine in some Italian towns.
The Tuscan island of Elba has introduced summer ordinances that prohibit shirtless and swimsuit-only strutting outside the beach.
The Ligurian city of Diano Marina has introduced summer ordinances that prohibit shirtless and swimsuit-only strutting outside the beach.
These prohibitions apply to both men and women.
If attire is deemed vulgar or “indecent,” authorities can levy fines starting at 25 euros.
In Livorno, walking barefoot is prohibited.
On Sardinian beaches, digging holes for umbrellas is prohibited.
On Sardinian beaches, smoking is prohibited.
On Sardinian beaches, lying on the sand without a mat is prohibited.
At the La Pelosa beach area, only 1,500 bathers are allowed at a time.
The limit at La Pelosa beach is to prohibit overcrowding.
San Felice Circeo is a party town south of Rome.
In San Felice Circeo, take-away alcohol is banned both in town and on the beach.
Loud music can only be blared during certain hours across much of Italy.
In the southern region of Puglia, boaters risk a fine if they play music within 500 meters of the coast.

**********Claims for hard query**********

Georg Rabanser is a former Italian national team snowboarder.
Georg Rabanser states they expected a call from provincial authorities but received nothing concrete.
Georg Rabanser states they have not received warning letters.

**********Formulated hard query**********

Georg Rabanser is `in a certain state`.
Georg Rabanser states they `in a certain way`.
Georg Rabanser states they have not received `something`.

**********Validation Result**********

subquestion 'Georg Rabanser states they `in a certain way`.' is NOT supported by the context.
<reject> Georg Rabanser is quoted saying, "Ours was a cry for help." He does not use the phrase "in a certain way" or any similar expression. </reject>

**********Claims for medium query**********

Carlo Zanella states that media attention on the turnstiles has caused people to go where others go.
Carlo Zanella states that Italians set off, go, and take a cable car.
On Sardinian beaches, lying on the sand without a mat is prohibited.

**********Formulated medium query**********

Carlo Zanella states that something has caused people to go where others go.
Carlo Zanella states that Italians set off, go, and behave in a certain way.
On Sardinian beaches, lying on the sand in a certain state is prohibited.

**********Claims for easy query**********

Many tourists are traipsing across private land in the Dolomites to take photos.
Tourists must pay 5 euros (nearly $6) to access several “Instagrammable” spots through the turnstiles.
Semi-nudity could lead to a 500-euro fine in some Italian towns.

**********Formulated easy query**********

Tourists must pay a certain amount of money to access several “Instagrammable” spots through the turnstiles.
Semi-nudity could lead to a certain penalty in some Italian towns.
Many tourists are traipsing across private land in a certain mountain range to take photos.

**********Page content extracted**********

Title: Social Security says it will no longer send paper checks. What you need to know
URL: https://edition.cnn.com/2025/08/04/business/social-security-paper-checks?utm_source=business_ribbon
Content: # Social Security says it will no longer send paper checks. What you need to know

,

The Trump administration will soon stop sending out paper checks for Social Security beneficiaries, as part of an effort to fully modernize federal benefits payments. Th

**********Extracted claims**********

The Trump administration will stop sending out paper checks for Social Security beneficiaries.
The cessation of paper checks is part of an effort to fully modernize federal benefits payments.
Approximately 0.8% of all Social Security program beneficiaries, a little over half a million recipients, must choose another way to receive their benefits.
The Social Security Administration announced in mid-July that it would no longer issue paper checks starting on September 30.
Beneficiaries who have been receiving paper checks must choose one of two alternatives: direct deposit or a pre-paid debit card called Direct Express.
The switch to electronic payments is part of a broader government-wide initiative to modernize payment systems and enhance service delivery.
The US Treasury Department stated at the end of May that all federal payments would be made electronically starting on September 30.
Federal payments include Social Security benefits, tax refunds, and vendor payments.
President Donald Trump issued an executive order to transition to all electronic payments by September 30.
Paper checks are increasingly a point of entry for fraud.
The Treasury is committed to raising awareness of growing fraud risks associated with paper checks.
The Treasury aims to provide Americans with knowledge and tools to fight financial fraud and make informed financial decisions.
Issuing paper checks costs about 50 cents each.
Sending funds electronically costs less than 15 cents.
Exceptions will be made to the policy of not sending paper checks.
Senator Elizabeth Warren stated that Social Security Commissioner Frank Bisignano committed to allowing some exceptions to the new policy.
Commissioner Bisignano stated that the plan is to start with people who have checking accounts.
Commissioner Bisignano committed that no one will be left behind and people who still need access to paper checks will have it.
A Social Security spokesperson stated that the SSA is proactively contacting beneficiaries to alert them about the change.
The Social Security spokesperson stated that the SSA is alerting beneficiaries about the process to enroll in direct deposit or receive Direct Express cards.
The Social Security spokesperson stated that paper checks will continue to be issued where a beneficiary has no other means to receive payment.
The mandate for federal payments to be made electronically has been a matter of law for years for most payments.
The law has allowed agencies to make exceptions to electronic payment mandates.
At the GoDirect site, there is a section about how recipients who still need a paper check can request a waiver.
Exceptions for paper checks are granted only in rare circumstances.
One circumstance for an exception is if electronic payments would impose a hardship due to a mental impairment.
Another circumstance for an exception is if the benefits recipient lives in a remote geographic location lacking infrastructure to support electronic financial transactions.
A third circumstance for an exception is if the recipient is age 90 or older.
People who want a waiver can contact the Waiver Line at the US Treasury Electronic Payment Solution at 1-855-290-1545 to request a waiver application.
Recipients may print out a form and mail it to the listed address to request a waiver.

**********Claims for hard query**********

Sending funds electronically costs less than 15 cents.
A third circumstance for an exception is if the recipient is age 90 or older.
The Treasury aims to provide Americans with knowledge and tools to fight financial fraud and make informed financial decisions.

**********Formulated hard query**********

Sending funds electronically costs a certain amount.
A third circumstance for an exception is if the recipient is a certain age.
The Treasury aims to provide Americans with knowledge and tools to fight financial fraud and make informed financial decisions in a certain way.

**********Claims for medium query**********

Another circumstance for an exception is if the benefits recipient lives in a remote geographic location lacking infrastructure to support electronic financial transactions.
The switch to electronic payments is part of a broader government-wide initiative to modernize payment systems and enhance service delivery.
Approximately 0.8% of all Social Security program beneficiaries, a little over half a million recipients, must choose another way to receive their benefits.

**********Formulated medium query**********

Another circumstance for an exception is if the benefits recipient lives in a certain kind of location.
The switch to electronic payments is part of a broader government-wide initiative for a certain purpose.
A certain number of people must choose another way to receive their benefits.

**********Claims for easy query**********

The Trump administration will stop sending out paper checks for Social Security beneficiaries.
The Social Security Administration announced in mid-July that it would no longer issue paper checks starting on September 30.
The Social Security spokesperson stated that paper checks will continue to be issued where a beneficiary has no other means to receive payment.

**********Formulated easy query**********

An administration will stop sending out paper checks for Social Security beneficiaries.
The Social Security Administration announced in mid-July that it would no longer issue paper checks starting on a certain date.
Someone stated that paper checks will continue to be issued where a beneficiary has no other means to receive payment.

**********Page content extracted**********

Title: NFL shaken as America’s most popular sport is affected by a uniquely American problem days before games begin
URL: https://edition.cnn.com/2025/07/30/sport/nfl-nyc-shooting-spt
Content: # NFL shaken as America’s most popular sport is affected by a uniquely American problem days before games begin

Late July is usually a time of great optimism and excitement for the NFL. Training camps are underway, preseason games are set to offer chance

**********Extracted claims**********

NFL training camps are underway.
Preseason NFL games are set to offer chances for rookies to shine.
The NFL regular season is described as being a little more than a month away.
A shooting occurred on a Monday at the New York City building that houses the NFL’s offices.
The NFL, described as America’s most popular sport, has been affected by gun violence.
The issue of brain trauma from the game’s repeated violent hits in the NFL has gained increased attention.
Preseason NFL games are beginning with the Hall of Fame game.
The Hall of Fame game is scheduled for a Thursday in Canton, Ohio.
The Detroit Lions and Los Angeles Chargers are playing in the Hall of Fame game.
Shane Devon Tamura, 27, from Las Vegas, entered an office building on Park Avenue in midtown Manhattan.
Shane Devon Tamura killed four people and himself in midtown Manhattan on a Monday.
The shooting on that Monday was the deadliest in New York City since 2000.
The shooting impacted one of the world’s largest sporting leagues.
NFL Commissioner Roger Goodell issued a memo.
An NFL employee was seriously injured in the incident.
Roger Goodell stated in a memo that the injured league employee is surrounded by family and NFL community members.
A virtual town hall was scheduled for a Wednesday.
Roger Goodell's memo described the time as challenging for the NFL team.
Roger Goodell's memo urged people to take care of themselves and one another.
Roger Goodell's memo expressed hope and optimism for healing and brighter days ahead.
Shane Devon Tamura was placed on psychiatric holds in 2022 and 2024.
Police described Shane Devon Tamura as having a "documented mental health history."
The rifle used by Shane Devon Tamura was assembled using a part purchased by someone described by police as an “associate.”
The purchase method of the rifle part circumvented background checks required by Nevada law for Shane Devon Tamura.
Papers found on Shane Devon Tamura’s body indicated he had grievances with the NFL.
Shane Devon Tamura’s grievances included the NFL’s handling of chronic traumatic encephalopathy (CTE).
CTE is a degenerative brain disease.
CTE can be caused by repeated head trauma.
CTE is associated with memory loss, confusion, impulse control problems, aggression, depression, impaired judgment, and suicidal behavior.
Researchers are examining whether contact sports can increase athletes’ risk for CTE.
The NFL publicly acknowledged a connection between CTE and football in 2016.
There is no proof that Shane Devon Tamura had CTE.
CTE can only be confirmed by examining the brain after death.
New York City Police Commissioner Jessica Tisch stated that Shane Devon Tamura apparently called for his brain to be studied.
A note found on Shane Devon Tamura included the phrase: “Study my brain, I’m sorry.”
Shane Devon Tamura was a former high school football player.
Shane Devon Tamura shot himself in the chest.
Other football players who have died by suicide have shot themselves in the chest to facilitate brain study.
A former teammate of Shane Devon Tamura stated that Tamura suffered multiple concussions while playing at Golden Valley High School in the Los Angeles area.
Authorities determined Shane Devon Tamura had no previous connection to the NFL.
Shane Devon Tamura’s brain will be examined for CTE.
The NFL publicly stated that football and CTE were linked in 2016.
A federal judge approved a class-action lawsuit settlement between the NFL and thousands of former players.
The class-action lawsuit settlement has resulted in more than $1.5 billion in claims being paid out.
The NFL is developing safer protective equipment, including helmets, to reduce concussions.
The NFL reported a record-low number of concussions in the 2024-25 season.
The NFL saw an increase in players self-reporting concussion symptoms in the 2024-25 season.
Guardian Caps are soft-shell padding that fit over traditional football helmets.
Guardian Caps are more commonly seen in practice.
Guardian Caps can be used in games.
The NFL instituted a more robust concussion protocol.
Players suspected of having a brain injury are examined by an independent third-party doctor on the sidelines.
Players must clear the concussion protocol to return to play.
The NFL announced a 17% reduction in concussions in the 2024-25 season.
The 17% reduction in concussions includes all practices and games in the preseason and regular season.
The NFL introduced a new kickoff rule.
The new kickoff rule drastically changed how players set up on kickoffs.
The new kickoff rule was an effort to slow down a play that resulted in high-speed collisions leading to concussions.
The NFL stated that the new kickoff rule effort was successful.
Concussions on kickoffs were down 43% from the 2021-2023 seasons.
The NFL is funding research into better understanding CTE.
There is widespread agreement that more needs to be learned about brain injuries.
Bob Costas stated that the NFL has answered calls for action in the last several years regarding head injuries.

**********Claims for hard query**********

A virtual town hall was scheduled for a Wednesday.
Guardian Caps can be used in games.
Guardian Caps are more commonly seen in practice.

**********Formulated hard query**********

A virtual town hall was scheduled for a certain day.
Guardian Caps can be used in a certain context.
Guardian Caps are more commonly seen in a certain way.

**********Claims for medium query**********

Authorities determined Shane Devon Tamura had no previous connection to the NFL.
Players suspected of having a brain injury are examined by an independent third-party doctor on the sidelines.
CTE is a degenerative brain disease.

**********Formulated medium query**********

Authorities determined someone had no previous connection to the NFL.
Players suspected of having a brain injury are examined by someone on the sidelines.
CTE is in a certain state.

**********Validation Result**********

subquestion 'CTE is in a certain state.' is NOT supported by the context.
<reject> The text explains what CTE is, its connection to the NFL, and its relevance to a specific incident involving a shooter whose brain will be examined for CTE in New York City. However, it does not state that "CTE is in a certain state" as a geographical location or a state of being for the disease itself. </reject>

**********Claims for easy query**********

The NFL, described as America’s most popular sport, has been affected by gun violence.
The issue of brain trauma from the game’s repeated violent hits in the NFL has gained increased attention.
The shooting impacted one of the world’s largest sporting leagues.

**********Formulated easy query**********

The NFL, described as `something`, has been affected by gun violence.
The issue of brain trauma from `in a certain way` in the NFL has gained increased attention.
The shooting impacted `something`.

**********Page content extracted**********

Title: South Korea’s jailed ex-leader Yoon resists questioning by taking off clothes
URL: https://edition.cnn.com/2025/08/01/asia/yoon-south-korea-clothes-prison-martial-law-latam-intl
Content: # South Korea’s jailed ex-leader Yoon resists questioning by taking off clothes

SEOUL, South Korea (AP) — South Korea’s jailed ex-President Yoon Suk Yeol again refused to attend questioning by investigators Friday, using a new method to resist: He took o

**********Extracted claims**********

Former South Korean President Yoon Suk Yeol refused to attend questioning by investigators.
Yoon Suk Yeol resisted questioning by taking off his prison uniform.
Yoon Suk Yeol resisted questioning by lying down on the floor in his detention room.
Yoon Suk Yeol had previously defied requests to attend questioning.
Yoon Suk Yeol was removed from office in April.
Yoon Suk Yeol's removal from office was linked to his imposition of martial law.
Yoon Suk Yeol was sent to prison as he faces a trial for rebellion and other charges.
Yoon Suk Yeol is described as a conservative.
Yoon Suk Yeol faces investigations into additional criminal allegations.
The additional allegations are not related to Yoon Suk Yeol's December 3 martial law decree.
The additional allegations target Yoon Suk Yeol, his wife, and other individuals.
Min Joong-ki is a special counsel.
Special counsel Min Joong-ki was appointed by President Lee Jae Myung.
President Lee Jae Myung is described as a liberal rival of Yoon Suk Yeol.
Special counsel Min Joong-ki sent investigators to retrieve Yoon Suk Yeol from a detention center near Seoul.
Min Joong-ki's team is tasked with investigating allegations concerning Yoon Suk Yeol's wife, Kim Keon Hee.
Allegations include that Kim Keon Hee and Yoon Suk Yeol improperly influenced the then-ruling party’s election nomination process in 2022.
Min Joong-ki's team possessed a court-issued detention warrant for Yoon Suk Yeol.
The court-issued warrant authorized Min Joong-ki's team to use force to bring Yoon Suk Yeol out of his detention facility.
Min Joong-ki's team stated they hoped for Yoon Suk Yeol's voluntary cooperation.
Assistant special counsel Oh Jeong-hee stated that Yoon Suk Yeol was not wearing his prison uniform.
Assistant special counsel Oh Jeong-hee stated that Yoon Suk Yeol lay down on the floor.
Assistant special counsel Oh Jeong-hee stated that Yoon Suk Yeol strongly resisted his detention.
Justice Minister Jung Sung-ho informed lawmakers that Yoon Suk Yeol removed his shorts and short-sleeved shirt.
Justice Minister Jung Sung-ho informed lawmakers that Yoon Suk Yeol put his shorts and short-sleeved shirt back on after investigators departed.
Oh Jeong-hee's team members refrained from using physical force.
Oh Jeong-hee's team refrained from using physical force due to safety concerns.
Oh Jeong-hee's team informed Yoon Suk Yeol that they would execute the warrant at a future time.
Oh Jeong-hee urged Yoon Suk Yeol to cooperate.
Oh Jeong-hee stated that the Korean people are closely observing the equal enforcement of law.
Yu Jeong-hwa is a lawyer for Yoon Suk Yeol.
Yu Jeong-hwa accused the special counsel team of trampling on Yoon Suk Yeol’s dignity and honor.
Yu Jeong-hwa's accusation was made concerning the special counsel team discussing Yoon Suk Yeol's prison attire.
Local media reports conveyed Yu Jeong-hwa's accusation.
Yoon Suk Yeol's defense team stated that he was unable to attend his trial due to health problems.
Yoon Suk Yeol's defense team stated that he was unable to undergo questioning by investigators due to health problems.
Yoon Suk Yeol's defense team stated that Yoon Suk Yeol has cardiovascular issues.
Yoon Suk Yeol's defense team stated that Yoon Suk Yeol has autonomic nervous system issues.
Yoon Suk Yeol's defense team stated that Yoon Suk Yeol has eye issues.
Yoon Suk Yeol's defense team cited an unidentified hospital regarding Yoon Suk Yeol's health.
The unidentified hospital reportedly stated that Yoon Suk Yeol faces the risk of blindness.
The alleged risk of blindness is attributed to Yoon Suk Yeol's failure to receive medical treatment for three months.
Yoon Suk Yeol imposed martial law.
Yoon Suk Yeol's martial law decree led to armed troops appearing on Seoul streets.
Yoon Suk Yeol's martial law imposition lasted only several hours.
Lawmakers unanimously voted down Yoon Suk Yeol's martial law decree.
Yoon Suk Yeol argued that his decree was an attempt to gain public support for his fight against the "wickedness" of Lee Jae Myung's Democratic Party.
The Democratic Party was the main opposition party at the time of the martial law decree.
The Democratic Party had obstructed Yoon Suk Yeol's agenda.
The Democratic Party had impeached top officials.
The Democratic Party had reduced the government's proposed budget.

**********Claims for hard query**********

Oh Jeong-hee's team members refrained from using physical force.
Oh Jeong-hee's team refrained from using physical force due to safety concerns.
The Democratic Party had reduced the government's proposed budget.

**********Formulated hard query**********

Someone refrained from using physical force.
Oh Jeong-hee's team refrained from using physical force in a certain way.
Someone had reduced the government's proposed budget.

**********Claims for medium query**********

Lawmakers unanimously voted down Yoon Suk Yeol's martial law decree.
Yoon Suk Yeol argued that his decree was an attempt to gain public support for his fight against the "wickedness" of Lee Jae Myung's Democratic Party.
The additional allegations are not related to Yoon Suk Yeol's December 3 martial law decree.

**********Formulated medium query**********

Lawmakers unanimously voted down someone's martial law decree.
Yoon Suk Yeol argued that his decree was an attempt to gain public support for his fight against the "wickedness" of something.
The additional allegations are not related to Yoon Suk Yeol's at a certain time martial law decree.

**********Claims for easy query**********

Former South Korean President Yoon Suk Yeol refused to attend questioning by investigators.
Yoon Suk Yeol resisted questioning by taking off his prison uniform.
Yoon Suk Yeol resisted questioning by lying down on the floor in his detention room.

**********Formulated easy query**********

Former South Korean President Yoon Suk Yeol did something.
Yoon Suk Yeol resisted questioning in a certain way.
Yoon Suk Yeol resisted questioning in a certain state.

**********Page content extracted**********

Title: ‘Dyson spheres’ were theorized as a way to detect alien life. Scientists say they’ve found potential evidence
URL: https://edition.cnn.com/2024/06/13/science/dyson-spheres-alien-life-evidence-scn
Content: # ‘Dyson spheres’ were theorized as a way to detect alien life. Scientists say they’ve found potential evidence

Sign up for CNN’s Wonder Theory science newsletter. Explore the universe with news on fascinating discoveries, scientific advancements and mor

**********Extracted claims**********

Renowned British American physicist Freeman Dyson theorized that a shell made up of mirrors or solar panels completely surrounding a star would be the ultimate solution to an advanced civilization's energy problems.
Freeman Dyson explained this concept in a 1960 paper.
In his 1960 paper, Freeman Dyson stated that an intelligent species, within a few thousand years of industrial development, would likely occupy an artificial biosphere which completely surrounds its parent star.
Freeman Dyson took the idea for Dyson spheres from Olaf Stapledon’s 1937 novel “Star Maker.”
The hypothetical megastructures designed to harness a star's energy became known as Dyson spheres.
Freeman Dyson later clarified that Dyson spheres would actually consist of a loose collection or swarm of objects traveling on independent orbits around a star.
Freeman Dyson noted in his paper that Dyson spheres would give off waste heat detectable as infrared radiation.
Freeman Dyson suggested that looking for that byproduct would be a viable method for searching for extraterrestrial life.
Freeman Dyson also stated that infrared radiation by itself would not necessarily mean extraterrestrial intelligence.
Freeman Dyson believed that one of the strongest reasons for searching for such sources was that new types of natural astronomical objects might be discovered.
Scientists in the past were largely receptive to the idea that a search for waste heat would be a good place to look for alien civilizations.
Freeman Dyson argued that technology is the only thing humans have any chance of seeing in the search for intelligence.
In the 1960s, there was no way to actually search for Dyson spheres.
In more recent times, many researchers have looked for Dyson spheres, including those at the SETI Institute and Fermi National Accelerator Laboratory (Fermilab).
The SETI Institute is a nonprofit organization with a mission to search for extraterrestrial intelligence.
A new study that looked at 5 million stars in the Milky Way galaxy suggests that seven candidates could potentially be hosting Dyson spheres.
The new study was published on May 6 in the journal Monthly Notices of the Royal Astronomical Society.
The authors of the study specifically set out to search for Dyson spheres in the form of infrared heat near stars that could not be explained in any other way.
The research team used historical data from telescopes that pick up infrared signatures.
The research team looked at stars located within 1,000 light-years from Earth.
The study started with a sample of 5 million stars.
Filters were applied to the data to reduce contamination.
Lead study author Matías Suazo stated that seven sources are known to glow in the infrared for unknown reasons.
Matías Suazo cautioned that there is no conclusive evidence that the seven stars have Dyson spheres around them.
Matías Suazo stated that it is difficult to find an explanation for these sources because there is not enough data to prove the real cause of the infrared glow.
Matías Suazo stated that the sources could be Dyson spheres because they behave like predictive models.
Matías Suazo stated that the sources could also be something else.
Natural causes that could explain the infrared glow include an unlucky alignment in the observation, with a galaxy in the background overlapping with the star.
Natural causes that could explain the infrared glow include planetary collisions creating debris.
Natural causes that could explain the infrared glow include the stars being young and still surrounded by disks of hot debris from which planets would later form.
The data used by the researchers comes from NASA’s Wide-field Infrared Survey Explorer (WISE) and the European Space Agency’s Gaia telescope.
The researchers also used data from The Two Micron All Sky Survey (2MASS).
2MASS was a collaboration between the University of Massachusetts and NASA’s Jet Propulsion Laboratory.
2MASS took place between 1997 and 2001.
The candidate stars are all red dwarfs.
Red dwarfs are the most common type of star in our galaxy.
Red dwarfs are dimmer and smaller than the Sun.
The dimness and small size of red dwarfs make follow-up observations more difficult.
It is currently unclear whether the candidate stars have planets around them.
Many thousands of exoplanets scientists have identified so far orbit red dwarfs.
According to NASA, planets orbiting red dwarfs have a higher chance of being inhabitable.
An earlier study, published in March, also found infrared anomalies among a sample dataset of 5 million stars in the galaxy.
The earlier study used data from the same sources as the new report.
Gabriella Contardo, who led the earlier study, stated her study found 53 candidates for anomalies that cannot be well explained.
Gabriella Contardo stated that not all of those 53 candidates are Dyson sphere candidates.
Gabriella Contardo stated that all other hypotheses and explanations need to be eliminated before identifying a source as a Dyson sphere.
Gabriella Contardo and Matías Suazo agree that more research is needed on the data.
NASA’s James Webb Space Telescope is powerful enough to observe the candidate stars directly.
Matías Suazo stated that having as much energy as the sun provides every second could enable interstellar travel.
Matías Suazo stated that having as much energy as the sun provides every second could enable moving an entire solar system.
The technology and the raw materials required to build hypothetical Dyson spheres are far beyond humanity’s grasp.
Matías Suazo stated that Dyson spheres are so big that everything on Earth would not be enough to build them.
Freeman Dyson suggested dismantling Jupiter, the whole planet, for the raw materials to build Dyson spheres.
The supercolossal scale of Dyson spheres probably means that, if they exist at all, they are very rare.
Study coauthor Jason Wright stated that this work provides the first strong evidence that there are not many Dyson Spheres in our galaxy.
Jason Wright stated that some had expected Dyson spheres might be an inevitable end-state of technological species’ expansion out into their solar systems.
Jason Wright stated that the candidates Matías Suazo has found are rare and interesting objects worthy of further study.
Jason Wright stated that the candidates are likely stars surrounded by material from some sort of rare event, like a planetary collision.
Jason Wright stated that the candidates could be Dyson spheres.
Freeman Dyson died in 2020.
More than one dozen ideas bear Freeman Dyson's name.
William Press stated that as a young scientist, Freeman Dyson showed that three competing quantum theories were actually the same theory.
William Press stated that Freeman Dyson applied his genius to areas of astronomy, cosmology, the extraterrestrial realm, and the problem of nuclear proliferation.
William Press stated that Freeman Dyson was recognized as a provocative and creative thinker at the time of his death.
George Dyson stated that his father, Freeman Dyson, contributed to five fields of mathematics and eleven fields of physics.
George Dyson stated that Freeman Dyson also contributed to theoretical biology, engineering, operations research, literature, and public affairs.
Many of Freeman Dyson's ideas were controversial.
One of Freeman Dyson's guiding principles was "It is better to be wrong than to be vague."
Tomotsugu Goto stated that the approach of the researchers behind the new study could offer a more fruitful path in the search for extraterrestrial intelligence.
Tomotsugu Goto stated that contamination by circumstellar debris disks, which mimic Dyson Sphere infrared signatures, remains a concern.
Tomotsugu Goto noted that the study authors argue that debris disks around dwarf stars are rare.
Tomotsugu Goto noted that the seven candidate sources selected out of 5 million are also rare.
Tomotsugu Goto stated that the seven candidates warrant further investigation with powerful telescopes for a more definitive evaluation.
A May 23 paper, published in response to the one by Suazo and his colleagues, suggests that at least three of the seven stars have been "misidentified" as Dyson spheres.
The May 23 paper suggests these misidentified stars could instead be "hot DOGs," which are hot dust-obscured galaxies.
The May 23 paper suggests that the remaining four candidates could probably be explained as "hot DOGs" as well.
Zaza Osmanov stated that the search for Dyson candidates straddles different fields, including basic sciences, philosophy, and religion.
Zaza Osmanov stated that the search for Dyson candidates might therefore increase the involvement of young scientists and the interest of the scientific world in the topic.
Zaza Osmanov stated that the radiation fingerprint of the seven Dyson sphere candidates might be explained by natural phenomena.
Zaza Osmanov stated that the hypothesis of artificial origin of any radiation should be the last consideration, when all possible natural explanations are exhausted.
Zaza Osmanov stated that future research is necessary for evaluating the origin of the radiation.
George Dyson stated that his father, Freeman Dyson, would have been highly skeptical that these observations represent a technological signature.
George Dyson stated that Freeman Dyson believed the discovery of new, non-technological astronomical phenomena was exactly why people should look for such observations.

**********Claims for hard query**********

2MASS took place between 1997 and 2001.
The earlier study used data from the same sources as the new report.
Filters were applied to the data to reduce contamination.

**********Formulated hard query**********

Something took place between 1997 and 2001.
The earlier study used data in a certain way.
Filters were applied to the data for a certain purpose.

**********Claims for medium query**********

George Dyson stated that his father, Freeman Dyson, contributed to five fields of mathematics and eleven fields of physics.
Tomotsugu Goto noted that the study authors argue that debris disks around dwarf stars are rare.
It is currently unclear whether the candidate stars have planets around them.

**********Formulated medium query**********

Someone stated that his father, Freeman Dyson, contributed to five fields of mathematics and eleven fields of physics.
Someone noted that the study authors argue that debris disks around dwarf stars are rare.
It is currently in a certain state whether the candidate stars have planets around them.

**********Claims for easy query**********

The authors of the study specifically set out to search for Dyson spheres in the form of infrared heat near stars that could not be explained in any other way.
A new study that looked at 5 million stars in the Milky Way galaxy suggests that seven candidates could potentially be hosting Dyson spheres.
In more recent times, many researchers have looked for Dyson spheres, including those at the SETI Institute and Fermi National Accelerator Laboratory (Fermilab).

**********Formulated easy query**********

The authors of the study specifically set out to search for Dyson spheres in the form of something near stars that could not be explained in any other way.
A new study that looked at a certain number of stars in the Milky Way galaxy suggests that seven candidates could potentially be hosting Dyson spheres.
In more recent times, many researchers have looked for Dyson spheres, including those at some organizations.

**********Page content extracted**********

Title: 4,000-year-old teeth reveal the earliest use of this psychoactive substance
URL: https://edition.cnn.com/2025/07/31/science/thailand-betel-chewing-neolithic-archaeology-intl-hnk
Content: # 4,000-year-old teeth reveal the earliest use of this psychoactive substance

For the first time, archaeologists have used advanced scientific techniques on 4,000-year-old dental plaque to confirm traces of betel nut chewing in ancient Thai communities.


**********Extracted claims**********

Archaeologists have used advanced scientific techniques on 4,000-year-old dental plaque to confirm traces of betel nut chewing in ancient Thai communities for the first time.
Betel nuts are typically chewed as "quids."
A "quid" consists of a mix of slaked lime and ground betel nuts, wrapped in a betel leaf.
Betel nuts contain psychoactive compounds.
These psychoactive compounds boost energy, alertness, euphoria, and relaxation.
The stimulant from betel nut chewing can leave red, brown, or black stains on the teeth.
Betel nut is considered the world's fourth most commonly used psychoactive substance.
Caffeine, alcohol, and nicotine are the three most commonly used psychoactive substances globally.
Hundreds of millions of people globally use betel nut.
Betel nuts have been identified at archaeological sites via plant fragments.
Betel nuts have been identified at archaeological sites via stained teeth.
Past archaeological identifications provided circumstantial evidence that betel nut use dates back at least 8,000 years.
An international team of researchers identified betel nut chewing in an individual with no dental discoloration using advanced scientific techniques.
The study, published in Frontiers in Environmental Archaeology, provides the earliest direct biochemical proof of betel nut consumption in Southeast Asia.
The evidence from the study predates previous evidence of betel nut consumption by at least 1,000 years.
Piyawit Moonkham is an archaeologist at Chiang Mai University in Thailand and an author of the study.
The discovery of “invisible” traces of betel nut chewing in molars suggests that visible evidence might not reveal the complete story for some prehistoric practices.
The method used in the study is highly sensitive.
The method used in the study is minimally invasive.
The method used in the study requires only tiny samples of plaque.
The method offers a way of finding more clues about the past.
Thanik Lertcharnrit is an associate professor at Silpakorn University in Bangkok, Thailand.
Thanik Lertcharnrit is an expert in Southeast Asian archaeology.
Few archaeologists use residue analysis to infer the life, tradition, or culture of prehistoric people.
The paper represents pioneering archaeological research.
The paper’s methodology is considered state-of-the-art in archaeological research in mainland South Asia, particularly in Thailand.
Researchers began collecting ancient dental plaque, also known as calculus, from Nong Ratchawat in 2021.
Nong Ratchawat is a Neolithic burial site located in central Thailand.
The research team removed tiny, five-milligram scrapes of plaque from 36 dental samples.
The 36 dental samples were taken from six individuals.
The method used is called liquid chromatography-mass spectrometry (LC-MS).
LC-MS extracts, separates, and identifies chemical compounds.
LC-MS identifies chemical compounds by measuring a molecule's weight compared to its electrical charge.
The research team used control samples to demonstrate what traces of betel nut liquid might look like before testing ancient samples.
Control samples included dried betel nut, red limestone paste, and piper betel leaves as core ingredients.
Some control samples also included catechu bark and tobacco.
The ingredients in the control samples were ground together with human saliva.
Modern control samples were tested first to validate the method.
Trace plant alkaloids, including arecoline and arecaidine, were detected in three samples from one individual known as “Burial 11.”
Arecoline and arecaidine are betel nut’s main psychoactive compounds.
Individual “Burial 11” was likely a woman aged around 25.
The technique used in the study does not destroy the original samples.
The technique leaves remains intact for future study.
LC-MS is currently used in pharmaceuticals, food safety, and environmental testing.
The use of LC-MS in archaeology has been limited.
Dr. Melandri Vlok is a bioarchaeologist.
Dr. Melandri Vlok is a lecturer in anatomy and physiology at Charles Sturt University in Australia.
Much work using the LC-MS method has focused on finding proteins in dental calculus for dietary reasons.
Using LC-MS to detect compounds trapped in dental plaque is innovative.
This specific application of LC-MS to detect betel nut compounds in plaque had not been done before the study.
The LC-MS method requires expensive machinery.
An Orbitrap is an advanced mass spectrometer.
An Orbitrap identifies molecules by measuring their mass-to-charge ratio.
Many researchers do not have access to the required expensive machinery.
LC-MS is becoming more routinely used by larger labs, such as Harvard and Max Planck.
The paper has a Thai first-author.
The research team included researchers from eight institutions across three continents.
The chemical residue analysis was performed at Washington State University.
Piyawit Moonkham studied for his PhD at Washington State University.
The study’s control samples are considered a novelty.
Control samples created a "standard" for testing.
Future studies could refine the method by considering how compounds degrade over thousands of years.
The method is likely to be used frequently in the region in the future.
Betel nuts have historically been linked to hospitality.
Betel nuts have historically been linked to religious rituals.
Recent research focuses on betel nut’s classification as a carcinogen.
Recent research focuses on the correlation between betel quid use and oral cancers.
Betel nut chewing has significant implications for human health.
Betel nut chewing affects millions of people in tropical Asia-Pacific.
The Thai government has strongly discouraged betel nut practice since the 1940s.
Betel nut chewing remains popular in rural areas of Thailand.
Betel nut chewing is uncommon in Thai cities.
Betel nut chewing is uncommon among younger generations in Thailand.
Piyawit Moonkham believes the practice of betel nut chewing has been overly “demonized.”
Piyawit Moonkham hopes the research can illustrate the long history of betel nuts in Thailand.
Piyawit Moonkham hopes the research can illustrate the importance of betel nuts in Thai society.
Piyawit Moonkham’s grandparents regularly chewed betel quids.
Piyawit Moonkham’s grandparents often chewed betel quids while gossiping with friends or relaxing after a family meal.
Piyawit Moonkham’s grandmother stated that chewing betel nuts cleans teeth.
Piyawit Moonkham’s grandmother stated that chewing betel nuts helps her relax.
Piyawit Moonkham’s grandmother shared betel nuts with friends, family, or colleagues while chewing.
Piyawit Moonkham believes betel nut chewing creates a social bond.
Researchers are exploring reasons for the absence of tooth stains in the individual examined in the study.
Possible reasons for the absence of tooth stains include different chewing methods, cleaning habits, or decay over thousands of years.
The research team plans to analyze more individuals from the Nong Ratchawat site.
An additional 150 individuals from the Nong Ratchawat site could be tested for betel nut use.
Piyawit Moonkham intends to investigate the social, religious, and medicinal roles of betel nut in ancient societies in future projects.
The technique used could be applied to a wide range of plant residues.
The technique used could be applied to a wide range of food residues.
Applying the technique to plant and food residues could open new avenues for understanding ancient practices.

**********Claims for hard query**********

An Orbitrap identifies molecules by measuring their mass-to-charge ratio.
An Orbitrap is an advanced mass spectrometer.
Control samples created a "standard" for testing.

**********Formulated hard query**********

An Orbitrap identifies something in a certain way.
An Orbitrap is a certain kind of something.
Control samples created something in a certain state.

**********Claims for medium query**********

Possible reasons for the absence of tooth stains include different chewing methods, cleaning habits, or decay over thousands of years.
Betel nuts are typically chewed as "quids."
Much work using the LC-MS method has focused on finding proteins in dental calculus for dietary reasons.

**********Formulated medium query**********

Possible reasons for the absence of tooth stains include different chewing methods, cleaning habits, or decay over a certain period of time.
Betel nuts are typically chewed as something.
Much work using the LC-MS method has focused on in a certain way.

**********Claims for easy query**********

Archaeologists have used advanced scientific techniques on 4,000-year-old dental plaque to confirm traces of betel nut chewing in ancient Thai communities for the first time.
The study, published in Frontiers in Environmental Archaeology, provides the earliest direct biochemical proof of betel nut consumption in Southeast Asia.
The discovery of “invisible” traces of betel nut chewing in molars suggests that visible evidence might not reveal the complete story for some prehistoric practices.

**********Formulated easy query**********

Archaeologists have used advanced scientific techniques on 4,000-year-old dental plaque to confirm traces of betel nut chewing in certain places for the first time.
The study, published in something, provides the earliest direct biochemical proof of betel nut consumption in Southeast Asia.
The discovery of “invisible” traces of betel nut chewing in something suggests that visible evidence might not reveal the complete story for some prehistoric practices.

**********Page content extracted**********

Title: You can slow cognitive decline as you age, large study finds. Here’s how
URL: https://edition.cnn.com/2025/07/28/health/cognitive-decline-pointer-study-wellness
Content: # You can slow cognitive decline as you age, large study finds. Here’s how

Video 
\- Source:

At 62, Phyllis Jones felt trapped in darkness. She was traumatized by her mother’s recent death, ongoing pandemic stress and an increasingly toxic work environm

**********Extracted claims**********

The Protect Brain Health Through Lifestyle Intervention to Reduce Risk is also known as the US POINTER study.
The US POINTER study is the largest randomized clinical trial in the United States.
The US POINTER study was designed to examine whether lifestyle interventions can protect cognitive function in older adults.
Participants in the US POINTER study were cognitively healthy individuals aged 60 to 79.
Participants in the US POINTER study had to be completely sedentary and at risk for dementia due to health issues.
Health issues putting participants at risk for dementia included prediabetes and borderline high blood pressure.
Laura Baker is the principal investigator of the US POINTER study.
Laura Baker is a professor of gerontology, geriatrics, and internal medicine at Wake Forest University School of Medicine in Winston-Salem, North Carolina.
The US POINTER study had 2,111 participants.
Approximately half of the US POINTER study participants attended 38 structured team meetings over two years.
Structured team meetings were held in local neighborhoods near Chicago, Houston, Winston-Salem, Sacramento, California, and Providence, Rhode Island.
Trained facilitators provided guidance on exercise, brain-healthy eating, socialization, brain-training games, and brain health basics during structured sessions.
Team leaders held structured groups accountable for logging blood pressure and other vitals.
Physical and cognitive exams were conducted by a physician every six months for all study participants.
The other half of study participants attended six team meetings and formed a self-guided group.
The self-guided group learned about brain health and selected lifestyle changes without goal-directed coaching.
The US POINTER study lasted two years.
The US POINTER study cost $50 million.
The US POINTER study was funded by the Alzheimer’s Association.
The two-year results of the US POINTER study were presented at the 2025 Alzheimer’s Association International Conference in Toronto.
The two-year results of the US POINTER study were published in the journal JAMA.
Participants in the structured program appeared to delay normal cognitive aging by one to nearly two years more than the self-guided group.
The self-guided group also improved their cognitive scores over time.
Participants in the study received YMCA memberships and lessons on how to use gym equipment.
Participants were advised to use aerobic exercise to raise their heart rate for 30 minutes a day and to add strength training and stretching several times a week.
Study participants wore fitness trackers to monitor their activity.
The Mediterranean-DASH Intervention for Neurodegenerative Delay (MIND) diet was introduced to participants.
The MIND diet combines elements of the Mediterranean diet and the Dietary Approaches to Stop Hypertension (DASH) diet.
The MIND diet required eating berries and vegetables most days, including green leafy vegetables as a separate item.
The MIND diet required consuming 2 tablespoons of extra-virgin olive oil once every day.
The MIND diet limited fried food, processed meat, dairy, cheese, butter, and sugary sweets.
Participants on the MIND diet were allowed dessert four times a week.
The program required participants to familiarize themselves with their vital signs and encouraged monitoring blood sugar.
Brain training was provided through memberships to a Web-based cognitive training app.
Socializing was a key part of the program, with teams given assignments related to it.
Researchers reduced the frequency of check-ins as the study progressed.
Researchers closely tracked each team in the study.
The US POINTER study has a wealth of unmined data.
The data collected includes information on exercise, brain training engagement, MIND diet scores, meeting attendance, sleep, blood biomarkers, and brain scans.
The US POINTER study has limitations, including the potential for a phenomenon known as the practice effect.
Repeated testing can lead to familiarity with the testing situation and improved test performance due to increased comfort.
Both groups in the US POINTER study appeared to have improved their global cognition.
Global cognition includes thinking, learning, and problem-solving.
Interpretations of the US POINTER study results require caution due to potential limitations.
The POINTER study was not designed to provide immersive lifestyle interventions for people with early stages of Alzheimer’s.
Dean Ornish is a professor of medicine at the University of California, San Francisco.
Dean Ornish published a clinical trial in June 2024.
Ornish's trial found that a strict vegan diet, daily exercise, structured stress reduction, and frequent socialization could stop or improve cognitive decline in people with early-stage Alzheimer’s disease.
The US POINTER randomized clinical trial is a landmark study.
The US POINTER study shows that moderate lifestyle changes, including diet, exercise, and socialization, can improve cognition in people at risk for dementia.
Dean Ornish is the creator of the Ornish diet and lifestyle medicine program.
Dean Ornish is a coauthor of “Undo It!: How Simple Lifestyle Changes Can Reverse Most Chronic Diseases.”
More intensive multiple lifestyle changes often improve cognition in those diagnosed with early-stage Alzheimer’s disease.
The US POINTER study suggests that more moderate lifestyle changes may be sufficient to help prevent cognitive decline.
Lifestyle interventions can help delay cognitive aging.
Lifestyle interventions include exercise, a healthy diet, an active social life, and managing other health issues.
Two years is not sufficient to track brain changes over time.
Maria Carillo is a study coauthor.
Maria Carillo is the chief science officer of the Alzheimer’s Association.
An additional $40 million has been invested in a four-year follow-up to the US POINTER study.
Over 80% of the original participants have joined the four-year follow-up study.
Brain health is difficult to track over short periods.

**********Claims for hard query**********

Socializing was a key part of the program, with teams given assignments related to it.
Repeated testing can lead to familiarity with the testing situation and improved test performance due to increased comfort.
Structured team meetings were held in local neighborhoods near Chicago, Houston, Winston-Salem, Sacramento, California, and Providence, Rhode Island.

**********Formulated hard query**********

`Something` was a key part of the program, with teams given assignments related to it.
Repeated testing can lead to familiarity with the testing situation and `in a certain way` due to increased comfort.
Structured team meetings were held in local neighborhoods `at certain places`.

**********Claims for medium query**********

The US POINTER study is the largest randomized clinical trial in the United States.
Brain training was provided through memberships to a Web-based cognitive training app.
The US POINTER study had 2,111 participants.

**********Formulated medium query**********

The US POINTER study is in a certain state in the United States.
Brain training was provided through memberships to something.
The US POINTER study had a certain number of participants.

**********Claims for easy query**********

The US POINTER study suggests that more moderate lifestyle changes may be sufficient to help prevent cognitive decline.
Lifestyle interventions can help delay cognitive aging.
The US POINTER study shows that moderate lifestyle changes, including diet, exercise, and socialization, can improve cognition in people at risk for dementia.

**********Formulated easy query**********

The US POINTER study suggests that more moderate lifestyle changes may be sufficient to help prevent something.
Lifestyle interventions can help in a certain way cognitive aging.
The US POINTER study shows that moderate lifestyle changes, including diet, exercise, and socialization, can improve cognition in people at risk for a certain condition.

**********Page content extracted**********

Title: The Trump administration takes a very Orwellian turn
URL: https://edition.cnn.com/2025/08/02/politics/the-trump-administration-takes-a-very-orwellian-turn
Content: # The Trump administration takes a very Orwellian turn

Back in March, President Donald Trump signed an executive order targeted at the Smithsonian Institution that began as follows: “Over the past decade, Americans have witnessed a concerted and widespre

**********Extracted claims**********

President Donald Trump signed an executive order targeted at the Smithsonian Institution in March.
The executive order stated that Americans had witnessed a concerted and widespread effort to rewrite the Nation’s history over the past decade.
The executive order stated that this effort replaced objective facts with a distorted narrative driven by ideology rather than truth.
The executive order cited a desire to remove “improper ideology” from properties like the Smithsonian.
Historical information, specifically a reference to Donald Trump's two impeachments, vanished from the Smithsonian.
The vanished information was objective history that Donald Trump reportedly disliked.
The Smithsonian stated that a board containing the information about Donald Trump's impeachments was removed from the National Museum of American History.
The board's removal occurred after a review of the museum’s “legacy content.”
The board had been placed in front of an existing impeachment exhibit in September 2021.
The exhibit is titled “Limits of Presidential Power.”
The Washington Post reported that a source stated the content review at the Smithsonian followed pressure from the White House to remove an art museum director.
The Smithsonian stated in a statement on Saturday that it was not asked by any administration or government official to remove content.
The Smithsonian stated that an updated version of the exhibit will ultimately mention all impeachment efforts, including Donald Trump’s.
Donald Trump fired the commissioner of the Bureau of Labor Statistics on Friday.
The firing occurred hours after the Bureau of Labor Statistics delivered job numbers that were the worst non-Covid three-month jobs numbers since 2010.
Donald Trump told Newsmax that the commissioner was fired because he did not believe the numbers.
The commissioner fired was Dr. Erika McEntarfer.
CNN’s Daniel Dale documented on Friday that any evidence-based case Donald Trump presented for firing Dr. McEntarfer was conspiratorial and wrong.
Senator Cynthia Lummis of Wyoming called the firing of the Bureau of Labor Statistics head “kind of impetuous.”
Senator Rand Paul of Kentucky expressed worry that Donald Trump’s move would cause people to distrust the data the administration is releasing.
Senator Lisa Murkowski of Alaska expressed worry that Donald Trump’s move would cause people to distrust the data the administration is releasing.
Donald Trump engaged in an effort to portray January 6 defendants as sympathetic patriots.
Donald Trump called January 6 defendants “hostages.”
Donald Trump pardoned January 6 defendants.
The Trump administration’s efforts to remove diversity, equity, and inclusion initiatives from the government included actions against things that celebrated Black people and women.
Donald Trump and his administration have at times viewed free speech rights of those who disagree with them unfavorably.
Donald Trump and his administration have referred to protests as “illegal.”
A loyalist US attorney at one point threatened to pursue people who criticized Elon Musk, even for non-criminal behavior.
Donald Trump has repeatedly suggested that criticism of judges he favors should be illegal.
Donald Trump’s term began with the removal of portraits of military leaders who clashed with him from the Pentagon.
Donald Trump’s term also began with a significant removal of independent inspectors general.
Independent inspectors general are charged with holding the administration to account.

**********Claims for hard query**********

The board's removal occurred after a review of the museum’s “legacy content.”
Independent inspectors general are charged with holding the administration to account.
The commissioner fired was Dr. Erika McEntarfer.

**********Formulated hard query**********

The board's removal occurred after a review of the museum’s something.
Independent inspectors general are charged with doing something.
The commissioner fired was someone.

**********Claims for medium query**********

Donald Trump told Newsmax that the commissioner was fired because he did not believe the numbers.
Donald Trump engaged in an effort to portray January 6 defendants as sympathetic patriots.
The Washington Post reported that a source stated the content review at the Smithsonian followed pressure from the White House to remove an art museum director.

**********Formulated medium query**********

Donald Trump told `a certain media outlet` that the commissioner was fired because he did not believe the numbers.
Donald Trump engaged in an effort to portray `a group of individuals` as sympathetic patriots.
The Washington Post reported that a source stated the content review at the Smithsonian followed pressure from `a governmental entity` to remove an art museum director.

**********Claims for easy query**********

The executive order stated that Americans had witnessed a concerted and widespread effort to rewrite the Nation’s history over the past decade.
Historical information, specifically a reference to Donald Trump's two impeachments, vanished from the Smithsonian.
CNN’s Daniel Dale documented on Friday that any evidence-based case Donald Trump presented for firing Dr. McEntarfer was conspiratorial and wrong.

**********Formulated easy query**********

The executive order stated that Americans had witnessed a concerted and widespread effort to rewrite something over the past decade.
Historical information, specifically a reference to something, vanished from the Smithsonian.
Someone documented on Friday that any evidence-based case Donald Trump presented for firing Dr. McEntarfer was conspiratorial and wrong.

**********Page content extracted**********

Title: Popular 1980s actor Loni Anderson of the hit TV series ‘WKRP in Cincinnati’ has died
URL: https://edition.cnn.com/2025/08/03/entertainment/loni-anderson-dead
Content: # Popular 1980s actor Loni Anderson of the hit TV series ‘WKRP in Cincinnati’ has died

—

Loni Anderson, who played a struggling radio station’s empowered receptionist on the hit TV comedy “WKRP in Cincinnati,” died Sunday, just days before her 80th birt

**********Extracted claims**********

Loni Anderson, an actor, has died.
Loni Anderson played a receptionist on the TV comedy “WKRP in Cincinnati.”
Loni Anderson died on a Sunday.
Loni Anderson died days before her 80th birthday.
Loni Anderson died at a Los Angeles hospital.
Loni Anderson’s death followed a prolonged illness.
Cheryl J. Kagan, Loni Anderson’s longtime publicist, stated the cause and location of death.
“WKRP in Cincinnati” aired from 1978 to 1982.
“WKRP in Cincinnati” was set in an Ohio radio station.
The radio station in “WKRP in Cincinnati” was trying to reinvent itself with rock music.
The cast of “WKRP in Cincinnati” included Gary Sandy, Tim Reid, Howard Hesseman, Frank Bonner, Jan Smithers, and Loni Anderson.
Loni Anderson portrayed Jennifer Marlowe in “WKRP in Cincinnati.”
Jennifer Marlowe was the station’s receptionist.
Loni Anderson received two Emmy Award nominations for her role in “WKRP in Cincinnati.”
Loni Anderson received three Golden Globe nominations for her role in “WKRP in Cincinnati.”
Loni Anderson starred alongside Burt Reynolds in the 1983 comedy “Stroker Ace.”
Loni Anderson and Burt Reynolds were married.
Loni Anderson and Burt Reynolds divorced in 1994.
Loni Anderson is survived by her husband Bob Flick.
Loni Anderson is survived by her daughter Deidra.
Loni Anderson is survived by her son-in-law Charlie Hoffman.
Loni Anderson is survived by her son Quinton Anderson Reynolds.
Loni Anderson is survived by her grandchildren McKenzie and Megan Hoffman.
Loni Anderson is survived by her stepson Adam Flick.
Loni Anderson is survived by her daughter-in-law Helene.
Loni Anderson is survived by her step-grandchildren Felix and Maximilian.

**********Claims for hard query**********

“WKRP in Cincinnati” was set in an Ohio radio station.
The radio station in “WKRP in Cincinnati” was trying to reinvent itself with rock music.
Jennifer Marlowe was the station’s receptionist.

**********Formulated hard query**********

WKRP in Cincinnati” was set in a certain state radio station.
The radio station in “WKRP in Cincinnati” was trying to reinvent itself with something.
Someone was the station’s receptionist.

**********Claims for medium query**********

Loni Anderson is survived by her son-in-law Charlie Hoffman.
Loni Anderson is survived by her daughter-in-law Helene.
Loni Anderson is survived by her stepson Adam Flick.

**********Formulated medium query**********

Loni Anderson is survived by her son-in-law someone.
Loni Anderson is survived by her daughter-in-law someone.
Loni Anderson is survived by her stepson someone.

**********Claims for easy query**********

Loni Anderson played a receptionist on the TV comedy “WKRP in Cincinnati.”
Loni Anderson, an actor, has died.
Loni Anderson received three Golden Globe nominations for her role in “WKRP in Cincinnati.”

**********Formulated easy query**********

Loni Anderson played `something` on the TV comedy “WKRP in Cincinnati.”
Loni Anderson, `something`, has died.
Loni Anderson received `something` for her role in “WKRP in Cincinnati.”

**********Page content extracted**********

Title: Roman-era ‘church’ in Spain may have been a synagogue
URL: https://edition.cnn.com/2025/07/30/science/synagogue-castulo-spain-scli-intl
Content: # Roman-era ‘church’ in Spain may have been a synagogue

Archaeologists working at a site in Spain say they have uncovered evidence of what may have been a synagogue used by a hitherto unknown Jewish community.

While excavating the site, previously belie

**********Extracted claims**********

Archaeologists are working at a site in Spain.
Evidence has been uncovered at the Spanish site.
The site was previously believed to be a church.
The previously believed church dated from the 4th century.
Experts found materials and architectural evidence during excavation at the site.
A study about the findings was published.
Artifacts were found during excavations in Cástulo.
Cástulo is a former Roman settlement in southern Spain.
Fragments of oil lamps were found at the Cástulo site.
A piece of roof tile decorated with menorahs was found at the Cástulo site.
No materials with a clear association with the Christian faith have been found at the Cástulo site.
Archaeologists have found evidence of Christian worship at another site in Cástulo.
Bautista Ceprián is a study author.
Bautista Ceprián is an archaeologist with the Cástulo Sefarad Primera Luz project.
The building at the site has a squarer shape.
Christian churches tend to be more rectangular.
Archaeologists found a hole in the building that could have supported a large menorah.
Archaeologists found the foundations of a central raised platform in the building.
A central raised platform is known as a bimah.
A bimah is common in synagogues.
A bimah is not common in churches.
No tombs were discovered at the building.
The building was built near an abandoned Roman temple.
Christian residents would have feared the association of abandoned Roman temples with paganism.
The site is a hidden, discreet, and isolated spot.
The reinterpretation of the building from a church to a possible synagogue followed a process of logical reasoning.
The reasoning for reinterpretation was based on historical and archaeological data.
There is a lack of written records of a Jewish community in Cástulo.
The study authors acknowledged that the lack of written records leaves room for doubt regarding the synagogue hypothesis.
The Cástulo population is thought to have disappeared.
The Cástulo population is not named in the anti-Jewish law enacted by Visigoth King Sisebut.
Visigoth King Sisebut ruled what is now Spain from 612 to 621.
Jewish communities in other nearby towns are specifically named in the anti-Jewish law enacted by Visigoth King Sisebut.
It is difficult to know what happened to the Cástulo population.
One possible explanation for the population's disappearance is that Christian clergy feared the local population would convert to Judaism.
Close and friendly relations existed between Christian and Jewish groups in the region at the time.
Christian leaders were becoming increasingly influential in the Roman Empire.
Episodes started around the end of the 4th century.
In these episodes, Jewish citizens were pressured to convert to Christianity.
Jewish citizens who refused conversion were invited to leave their hometowns in these episodes.

**********Claims for hard query**********

A bimah is not common in churches.
A central raised platform is known as a bimah.
The building at the site has a squarer shape.

**********Formulated hard query**********

Something is not common in churches.
Something is known as a bimah.
Something has a squarer shape.

**********Claims for medium query**********

Archaeologists found the foundations of a central raised platform in the building.
Experts found materials and architectural evidence during excavation at the site.
It is difficult to know what happened to the Cástulo population.

**********Formulated medium query**********

Archaeologists found **something** in the building.
Experts found materials and architectural evidence **in a certain way** at the site.
It is difficult to know **a certain occurrence**.

**********Claims for easy query**********

Archaeologists have found evidence of Christian worship at another site in Cástulo.
The study authors acknowledged that the lack of written records leaves room for doubt regarding the synagogue hypothesis.
Archaeologists found a hole in the building that could have supported a large menorah.

**********Formulated easy query**********

Archaeologists have found evidence of Christian worship at a certain place.
The study authors acknowledged that a certain condition leaves room for doubt regarding the synagogue hypothesis.
Archaeologists found a hole in the building that could have supported something.

**********Page content extracted**********

Title: ‘It’s just PR’: Skittles, Hershey and Nestle are removing artificial colors
URL: https://edition.cnn.com/2025/08/04/business/maha-rfk-food-artificial-colors
Content: # ‘It’s just PR’: Skittles, Hershey and Nestle are removing artificial colors

—

The Trump administration declared victory after Kraft Heinz, Skittles and General Mills made splashy announcements to remove artificial colors — even taking credit for Coca-

**********Extracted claims**********

The Trump administration declared victory after Kraft Heinz, Skittles, and General Mills announced the removal of artificial colors.
The Trump administration took credit for Coca-Cola's plan to replace high-fructose corn syrup with US cane sugar in a new version of its product.
The White House stated that President Trump delivers on the MAHA (Make America Healthy Again) push.
The White House touted companies' changes as confronting the chronic health crisis plaguing Americans.
Nutritionists and public health researchers state that companies have made only performative changes.
Nutritionists and public health researchers state that many company changes were long in the works due to consumer demand for natural ingredients.
Dr. Barry Popkin, a professor of nutrition at the University of North Carolina, states that company changes are cosmetic with no health impact.
Dr. Barry Popkin states that the changes allow MAHA proponents to claim a victory.
Health advocates credit Robert F. Kennedy Jr. for bringing attention to unhealthy foods, chronic disease, and major companies’ influence on the food system in America.
Robert F. Kennedy Jr. is the Health and Human Services Department secretary.
Researchers state that Robert F. Kennedy Jr.’s focus on synthetic dyes overlooks the issue of the prevalence of cheap, convenient foods high in salt, sugar, and fat.
Dr. Popkin stated that ice cream and soda remain the same even without artificial flavors.
An HHS spokesperson stated that Robert F. Kennedy Jr. is dismantling the status quo that fueled a nationwide chronic disease epidemic.
An HHS spokesperson stated that Robert F. Kennedy Jr. is eliminating bureaucracy and restoring integrity to federal health programs.
An HHS spokesperson stated that HHS is confronting the root causes of chronic illness.
Researchers state that implementing policies to tightly regulate ultraprocessed foods is necessary for the administration to make a substantive impact on Americans’ diets.
Ultraprocessed foods constitute up to 70% of the US food supply.
Ultraprocessed foods include popular brands of chips, cookies, candy, ice cream, and pre-made meals.
Studies have frequently linked ultraprocessed foods to obesity, cancer, diabetes, heart disease, and other health disorders.
Robert F. Kennedy Jr. has called the easy availability of ultraprocessed foods a crisis.
Robert F. Kennedy Jr. oversaw the White House’s Make America Healthy Again Commission report.
The White House’s Make America Healthy Again Commission report was released in May.
The White House’s Make America Healthy Again Commission report identifies ultraprocessed foods as a key contributor to a national rise in chronic illnesses.
The report particularly highlights the rise in chronic illnesses among children.
The Health and Human Services Department has not yet enacted significant measures to reduce ultraprocessed foods.
Dr. Popkin stated that the administration is not currently targeting the real food culprit.
Dr. Popkin stated that significant action by Robert F. Kennedy Jr. on ultraprocessed foods would be hugely important for health.
Synthetic dyes are made from petroleum.
Synthetic dyes are often used to make food and beverages brightly colored and appealing to customers, especially children.
Synthetic dyes have potential negative effects on animal and human health.
Potential negative effects of synthetic dyes include a possible increased risk of cancer.
Potential negative effects of synthetic dyes include neurobehavioral issues in some children.
The US Food and Drug Administration banned red dye No. 3 in food, beverages, and ingested drugs in January.
Robert F. Kennedy Jr. has been pressuring food companies to voluntarily remove all food dyes from their products.
Many food companies have been moving away from synthetic dyes for years.
This shift is due to pressure from consumers and health advocates.
This shift is also due to bans or restrictions in states such as California, Virginia, and West Virginia.
Kraft Heinz and General Mills have already removed synthetic color additives from most of their products.
The administration recently celebrated Kraft Heinz and General Mills for pledging to remove synthetic colors.
Dr. Marion Nestle, an emeritus professor of nutrition and food studies at New York University, stated that removing artificial colors is nutritionally meaningless.
Dr. Marion Nestle stated that removing artificial colors gives compliant junk foods the aura of health foods.
Roughly 64% of consumers actively look for snacks perceived as “good for them.”
This figure has increased sharply.
Market research firm Circana provided this information.
Yogurt, cheeses, and foods/drinks with protein have proliferated.
Their proliferation is due to their nutritional appeal.
Companies have previously made voluntary pledges to remove artificial dyes from their products.
Many companies have backtracked on their commitments regarding artificial dyes.
Aviva Musicus, science director at the Center for Science in the Public Interest, hopes industry will voluntarily improve the food supply.
The Center for Science in the Public Interest is a nonprofit consumer advocacy group.
The Consumer Brands Association stated in April that the industry has always prioritized transparency.
The Consumer Brands Association stated that the industry will continue to lead to ensure consumers have needed information for informed purchasing decisions.
The Consumer Brands Association stated that defining foods as "ultraprocessed" may demonize safe, shelf-ready foods.
The Consumer Brands Association stated that defining foods as "ultraprocessed" may limit consumers’ access to nutritious foods.
A Congressional Budget Office estimate predicts that Trump’s tax and spending cuts package will result in 10 million more people without health insurance in 2034.
The Urban Institute states that over 22 million families will lose some or all of their Supplemental Nutrition Assistance Program (SNAP) benefits.
The law eliminated funding for programs offering cooking classes and nutrition education for SNAP recipients.
The Agriculture Department cut two pandemic-era programs.
The cut programs helped schools and food banks buy from local farmers.
Aviva Musicus stated that the federal government cut SNAP benefits for millions of Americans.
Aviva Musicus stated that millions of Americans lost health insurance coverage.
Aviva Musicus stated that programs helping farmers bring local foods into schools were slashed.
The administration slashed billions in research funding.
The administration fired thousands of employees at the National Institutes of Health (NIH), Centers for Disease Control (CDC), and other agencies.
The top nutrition researcher at NIH, who focused on ultraprocessed foods, left the agency.
The researcher cited censorship under Robert F. Kennedy Jr. as the reason for leaving.
HHS previously denied the claims of censorship.
Dr. Jerold Mande, an adjunct professor at the Harvard School of Public Health, stated that research cuts and layoffs may hinder the enactment of stricter rules.
Dr. Jerold Mande stated that research cuts and layoffs may hinder investigations of the food industry.
Dr. Jerold Mande was a senior policy official in the Obama and Clinton administrations.
Dr. Jerold Mande stated that tens of thousands of government employees needed for investigations have been lost.
Dr. Mande credits Robert F. Kennedy Jr. for making chronic disease caused by food, principally obesity, a political priority.
The MAHA Commission will release its second report on the strategy for improving childhood chronic obesity in August.

**********Claims for hard query**********

This shift is also due to bans or restrictions in states such as California, Virginia, and West Virginia.
Market research firm Circana provided this information.
This figure has increased sharply.

**********Formulated hard query**********

Something provided this information.
This shift is also due to bans or restrictions in a certain area.
This figure has increased in a certain way.

**********Claims for medium query**********

Ultraprocessed foods constitute up to 70% of the US food supply.
The MAHA Commission will release its second report on the strategy for improving childhood chronic obesity in August.
Many food companies have been moving away from synthetic dyes for years.

**********Formulated medium query**********

Ultraprocessed foods constitute `a certain percentage` of the US food supply.
`A certain commission` will release its second report on the strategy for improving childhood chronic obesity in August.
Many food companies have been moving away from `something` for years.

**********Claims for easy query**********

Dr. Popkin stated that significant action by Robert F. Kennedy Jr. on ultraprocessed foods would be hugely important for health.
Health advocates credit Robert F. Kennedy Jr. for bringing attention to unhealthy foods, chronic disease, and major companies’ influence on the food system in America.
Researchers state that Robert F. Kennedy Jr.’s focus on synthetic dyes overlooks the issue of the prevalence of cheap, convenient foods high in salt, sugar, and fat.

**********Formulated easy query**********

Dr. Popkin stated that significant action by Robert F. Kennedy Jr. on ultraprocessed foods would be `in a certain state` for health.
Health advocates credit `someone` for bringing attention to unhealthy foods, chronic disease, and major companies’ influence on the food system in America.
Researchers state that Robert F. Kennedy Jr.’s focus on `something` overlooks the issue of the prevalence of cheap, convenient foods high in salt, sugar, and fat.

**********Page content extracted**********

Title: OPEC+ makes another large oil output hike in market share push
URL: https://edition.cnn.com/2025/08/03/business/oil-prices-market-opec
Content: # OPEC+ makes another large oil output hike in market share push

OPEC+ agreed on Sunday to raise oil production by 547,000 barrels per day for September, the latest in a series of accelerated output hikes to regain market share, as concerns mount over po

**********Extracted claims**********

OPEC+ agreed to increase oil production by 547,000 barrels per day for September.
The increase in oil production by OPEC+ is part of a series of accelerated output hikes.
OPEC+ aims to regain market share through increased oil output.
Concerns exist over potential supply disruptions related to Russia.
OPEC+ has fully and early reversed its largest tranche of output cuts.
A separate increase in output for the United Arab Emirates amounts to about 2.5 million barrels per day.
2.5 million barrels per day represents approximately 2.4% of world demand.
Eight OPEC+ members held a virtual meeting.
The United States is pressuring India to stop purchasing Russian oil.
U.S. efforts aim to bring Moscow to the negotiating table for a peace deal with Ukraine.
President Donald Trump expressed a desire for a peace deal by August 8.
OPEC+ cited a healthy economy as a reason for its decision to raise output.
OPEC+ cited low stocks as a reason for its decision to raise output.
Oil prices have remained elevated despite OPEC+ raising output.
Brent crude closed near $70 a barrel on Friday.
Brent crude was near $58 in April 2025.
Rising seasonal demand supports oil prices.
Amrita Sen, co-founder of Energy Aspects, stated that strong oil prices give OPEC+ confidence about market fundamentals.
Amrita Sen also stated that the market structure indicates tight stocks.
The eight OPEC+ countries are scheduled to meet again on September 7.
OPEC+ sources stated that the eight countries may consider reinstating about 1.65 million barrels per day of output cuts.
Output cuts totaling around 1.65 million barrels per day are currently in place until the end of next year.
OPEC+ includes 10 non-OPEC oil producing countries.
Russia and Kazakhstan are notable non-OPEC oil producing countries within OPEC+.
The OPEC+ group pumps about half of the world's oil.
The OPEC+ group had been curtailing production for several years to support oil prices.
OPEC+ reversed its course on production curtailment to regain market share.
Calls from President Trump for OPEC to ramp up production partly spurred the reversal.
The eight members of OPEC+ began raising output in April with a 138,000 barrels per day hike.
Larger-than-planned hikes of 411,000 barrels per day occurred in May, June, and July.
A 548,000 barrels per day hike occurred in August.
Giovanni Staunovo of UBS stated that the market has absorbed the additional barrels well.
Stockpiling activity in China contributed to the market absorbing additional barrels.
OPEC+ still has a 2-million-barrel-per-day cut across all members.
The 2-million-barrel-per-day cut expires at the end of 2026.
Jorge Leon of Rystad Energy stated that OPEC+ has passed its first test by reversing its largest cut without crashing prices.
Jorge Leon stated that the next task for OPEC+ will be harder.
The next task for OPEC+ involves deciding if and when to unwind the remaining 1.66 million barrels per day of cuts.
The next task for OPEC+ requires navigating geopolitical tension.
The next task for OPEC+ requires preserving cohesion among members.

**********Claims for hard query**********

President Donald Trump expressed a desire for a peace deal by August 8.
U.S. efforts aim to bring Moscow to the negotiating table for a peace deal with Ukraine.
Amrita Sen also stated that the market structure indicates tight stocks.

**********Formulated hard query**********

President Donald Trump expressed a desire for a peace deal by a certain date.
U.S. efforts aim to bring Moscow in a certain way.
Someone also stated that the market structure indicates tight stocks.

**********Claims for medium query**********

Eight OPEC+ members held a virtual meeting.
Rising seasonal demand supports oil prices.
Output cuts totaling around 1.65 million barrels per day are currently in place until the end of next year.

**********Formulated medium query**********

Someone held a virtual meeting.
Something supports oil prices.
Output cuts totaling around 1.65 million barrels per day are currently in place for a certain period.

**********Claims for easy query**********

OPEC+ agreed to increase oil production by 547,000 barrels per day for September.
OPEC+ sources stated that the eight countries may consider reinstating about 1.65 million barrels per day of output cuts.
OPEC+ has fully and early reversed its largest tranche of output cuts.

**********Formulated easy query**********

OPEC+ agreed on Sunday to raise oil production by `a certain amount` for September.
OPEC+ sources stated that `a certain number of countries` may consider reinstating about 1.65 million barrels per day of output cuts.
OPEC+ has reversed its largest tranche of output cuts `in a certain way`.

**********Page content extracted**********

Title: Disrupted US vaccine meetings could threaten timelines, access and transparency around shots
URL: https://edition.cnn.com/2025/02/28/health/vaccine-meetings-rfk-flu-shots
Content: # Disrupted US vaccine meetings could threaten timelines, access and transparency around shots

—

Two long-planned vaccine meetings — one at the US Centers for Disease Control and another at the US Food and Drug Administration — have now been disrupted u

**********Extracted claims**********

Two long-planned vaccine meetings, one at the US Centers for Disease Control (CDC) and another at the US Food and Drug Administration (FDA), have been disrupted.
The February meeting of the CDC’s Advisory Committee on Immunization Practices (ACIP) was postponed.
The postponed ACIP meeting was scheduled to review the safety and effectiveness of vaccines for meningococcal disease, RSV, flu, chikungunya, and mpox.
The postponed ACIP meeting included two votes related to Vaccines for Children.
Vaccines for Children is a government program that buys and distributes vaccines to state and local health departments for children whose families would not otherwise be able to pay for them.
ACIP typically meets three times a year, in February, June, and October.
The FDA canceled a March 13 meeting of its Vaccines and Related Biological Products Advisory Committee (VRBPAC).
The canceled VRBPAC meeting was scheduled to discuss the recipe manufacturers must follow to make fall flu shots.
No explanation was provided for the cancellation of the FDA's VRBPAC meeting.
The FDA stated it would still make recommendations on the makeup of flu shots.
The FDA did not indicate whether it would seek its advisers’ guidance or allow for public discussion and debate when making recommendations on flu shot makeup.
The FDA stated it would make its recommendations to manufacturers public in time for updated vaccines for the 2025-2026 influenza season.
The US is currently experiencing a severe flu season.
Measles, a vaccine-preventable disease, is experiencing a resurgence in the US.
Experts state that infections are increasing due to growing vaccine hesitancy.
Robert F. Kennedy Jr. maintains he is not anti-vaccine.
Robert F. Kennedy Jr. has repeatedly questioned the safety and effectiveness of immunizations.
Robert F. Kennedy Jr. has repeatedly questioned the research and regulations concerning immunizations.
Robert F. Kennedy Jr.'s financial disclosures indicate he has earned money from law firms that sue vaccine manufacturers.
During his confirmation hearings, Robert F. Kennedy Jr. incorrectly stated that 97% of the CDC’s vaccine advisory committee members had conflicts of interest.
The CDC’s vaccine advisory committee has strict policies to prevent conflicts of interest.
The CDC’s vaccine advisory committee has a screening process for members to ensure impartiality during voting.
Members of the FDA’s vaccine committee are subject to strict conflict of interest rules.
Members of the FDA’s vaccine committee are required to disclose potential conflicts during meetings.
Former CDC Director Dr. Tom Frieden stated that false claims about ACIP members voting based on financial ties are among the most damaging falsehoods about vaccines.
Dr. Tom Frieden stated the 97% figure originated from a 2009 report.
Dr. Tom Frieden is the president and CEO of the nonprofit Resolve to Save Lives.
The 97% figure referred to an audit of conflict of interest forms submitted by CDC advisers in 2007.
Dr. Tom Frieden stated that 97% of the audited forms had at least one missing response.
Dr. Tom Frieden stated that a missing response is not equivalent to a conflict of interest.
Dr. Tom Frieden raised concerns about the postponed ACIP meeting.
ACIP is comprised of pediatricians, public health specialists, and parents.
ACIP is considered the gold standard for open and transparent recommendations on vaccine safety and effectiveness, according to Dr. Tom Frieden.
Healthcare providers express concern that delays or limited access to vaccines may occur without the vaccine committees' input.
Dr. Tina Tan, president of the Infectious Diseases Society of America, stated that canceling the FDA meeting may prevent vaccine makers from having vital information and time to produce and distribute targeted vaccines before the next flu season.
A coalition of groups called the Partnership to Fight Infectious Disease, along with Acting CDC Director Dr. Susan Monarez and Senator Bill Cassidy, urged the prompt rescheduling of the ACIP meeting in an open letter.
The letter from the Partnership to Fight Infectious Disease stated that each ACIP meeting holds tremendous weight and relevance.
The letter from the Partnership to Fight Infectious Disease stated that vaccines are among the best tools for adapting to public health threats.
The most common method to make flu vaccines involves growing selected candidate viruses in chicken eggs.
Growing selected candidate viruses in chicken eggs for flu vaccines is a time-consuming operation.
The selection of flu vaccine strains is carefully orchestrated to ensure timely delivery to manufacturers.
Flu vaccines sold in the US must contain strains officially selected by the FDA.
The FDA's flu strain selection decision typically follows a meeting of the World Health Organization’s Global Influenza Surveillance and Response System.
The World Health Organization’s Global Influenza Surveillance and Response System is a network of seven collaborating centers and four essential regulatory labs.
The centers and labs of the Global Influenza Surveillance and Response System are located in the US, UK, Japan, China, Russia, and Australia.
Both the CDC and FDA are members of the World Health Organization’s Global Influenza Surveillance and Response System.
Representatives from the CDC and FDA participated in the Global Influenza Surveillance and Response System deliberations.
Dr. Maria Van Kerkhove, WHO’s technical lead for Covid-19, stated that the US participated in a recent meeting.
Experts within the Global Influenza Surveillance and Response System meet twice a year to choose flu strains for the Southern and Northern Hemispheres.
The WHO announced its recommended flu strains.
The WHO's recommended strains involve replacing the H3N2 component from the previous year's vaccine.
The 17-member FDA vaccine committee typically meets to publicly discuss and endorse flu strain recommendations.
The FDA makes the final decision on flu strains.
The FDA's final decision on flu strains can differ from its advisers' recommendations, though they generally align.
There will be no FDA advisory meeting on flu strains this year.
Dr. LJ Tan of Immunize.org stated that without FDA-recommended strains, US manufacturers would face difficulties.
Flu vaccine manufacturers stated the canceled VRBPAC meeting would not disrupt their production.
Sanofi stated it has begun production for the 2025-2026 flu season and will be ready for final strain selections.
GSK stated it will continue to collaborate with the FDA on its flu strain recommendation in the US.
Dr. LJ Tan of Immunize.org stated that canceling the VRBPAC meeting reduces transparency and public discussion.
In his Senate confirmation hearings, Robert F. Kennedy Jr. promised "radical transparency" at HHS.
Vaccine advocates state that canceling advisory committee meetings undermines the goal of transparency.
Dr. Stanley Perlman, a member of FDA’s VRBPAC, stated that advisory committee meetings allow the public to see how conclusions are reached.
Dr. Stanley Perlman expressed concern that skipping committee meetings would reduce public insight into government vaccine decisions.
Experts agree that advisory committees provide an important layer of independent review.
Dr. William Moss, director of the International Vaccine Access Center, stated that skipping advisory committee meetings removes experts from the conversation.
Decisions regarding vaccines and diseases are tricky and nuanced, according to Dr. William Moss.
Open discussion among experts familiar with vaccines and diseases is critically important, according to Dr. William Moss.
The FDA has not specified how it will select vaccine strains for the upcoming fall.
Following WHO's recommendations would mean the US relies on WHO data.
President Donald Trump previously ordered the US to withdraw support from WHO and cease information sharing.

**********Claims for hard query**********

The World Health Organization’s Global Influenza Surveillance and Response System is a network of seven collaborating centers and four essential regulatory labs.
ACIP typically meets three times a year, in February, June, and October.
The 97% figure referred to an audit of conflict of interest forms submitted by CDC advisers in 2007.

**********Formulated hard query**********

Something is a network of seven collaborating centers and four essential regulatory labs.
ACIP typically meets three times a year, at certain times.
The 97% figure referred to an audit of conflict of interest forms submitted by CDC advisers in a certain year.

**********Claims for medium query**********

Both the CDC and FDA are members of the World Health Organization’s Global Influenza Surveillance and Response System.
The selection of flu vaccine strains is carefully orchestrated to ensure timely delivery to manufacturers.
The WHO announced its recommended flu strains.

**********Formulated medium query**********

Both the CDC and FDA are members of `a certain system`.
The selection of flu vaccine strains is done `in a certain way` to ensure timely delivery to manufacturers.
The WHO announced `something`.

**********Claims for easy query**********

Dr. Tina Tan, president of the Infectious Diseases Society of America, stated that canceling the FDA meeting may prevent vaccine makers from having vital information and time to produce and distribute targeted vaccines before the next flu season.
Two long-planned vaccine meetings, one at the US Centers for Disease Control (CDC) and another at the US Food and Drug Administration (FDA), have been disrupted.
Dr. William Moss, director of the International Vaccine Access Center, stated that skipping advisory committee meetings removes experts from the conversation.

**********Formulated easy query**********

Someone, president of the Infectious Diseases Society of America, stated that canceling the FDA meeting may prevent vaccine makers from having vital information and time to produce and distribute targeted vaccines before the next flu season.
Two long-planned vaccine meetings, one at a certain organization and another at the US Food and Drug Administration (FDA), have been disrupted.
Dr. William Moss, director of the International Vaccine Access Center, stated that in a certain way removes experts from the conversation.

**********Page content extracted**********

Title: He tried building smartphones in the US over a decade ago. He has advice for companies trying it today
URL: https://edition.cnn.com/2025/08/04/tech/smartphones-made-in-the-us-motorola-tariffs?utm_source=business_ribbon
Content: # He tried building smartphones in the US over a decade ago. He has advice for companies trying it today

In 2013, Motorola tried to claw its way into a bigger share of a smartphone market dominated by Apple and Samsung with four words: Made in the USA.



**********Extracted claims**********

Motorola attempted to gain a larger share of the smartphone market in 2013.
The smartphone market in 2013 was dominated by Apple and Samsung.
Motorola's 2013 attempt to increase market share involved the phrase "Made in the USA."
Dennis Woodside served as the CEO of Motorola.
Dennis Woodside is the current CEO of Freshworks, an enterprise software service provider.
A segment of customers stated they were more likely to consider products produced in the United States.
Motorola's efforts to produce products in the United States were short-lived.
Motorola closed its Texas factory in 2014.
Motorola stopped domestic assembly of the Moto X.
The Moto X was Motorola's flagship phone at that time.
The Moto X was intended to compete with the latest iPhone and Samsung Galaxy device.
Dennis Woodside's experience highlights reasons why many tech products like smartphones are primarily assembled in Asia and South America rather than in America.
Proximity to crucial suppliers and lower labor costs are partial reasons for this manufacturing trend.
A gap in necessary skills and difficulty in filling factory jobs make it challenging to bring smartphone production to the United States.
The manufacturing challenges Motorola faced over a decade ago are currently relevant.
President Donald Trump is pressuring Apple and Samsung to manufacture their mobile devices in the United States.
Apple and Samsung face tariffs if they do not produce their mobile devices in the United States.
Higher tariffs on imports from China are set to take effect on August 12.
Many electronics are assembled in China.
India is currently the world's top exporter of smartphones to the United States.
India will face 25% tariffs starting August 7.
Dennis Woodside managed Motorola when it was owned by Google from May 2012 until its sale to Lenovo in 2014.
Companies attempting to make smartphones in America today should not underestimate the difficulty of finding and retaining skilled workers.
Companies need a strong value proposition for employees.
Companies should be thoughtful about using automation.
Companies must manage all economic aspects to ensure price competitiveness in the market.
Motorola, then owned by Google, made an ambitious decision in 2013 to produce its Moto X smartphone in Fort Worth, Texas.
Producing the Moto X in the US appealed to American shoppers who desired domestically made products.
Domestic production enabled Motorola to offer more customization for the Moto X than available with the latest iPhone or Galaxy phone.
Consumers could customize details like button and back panel color for the Moto X through Motorola's website.
The ability to customize was a key selling point of the Moto X.
Manufacturing closer to the consumer was necessary for offering customization.
Motorola assembled Moto X units sold in the US in Texas.
Components for the Moto X, including the battery, screen, and motherboard, were sourced from Asian suppliers.
The Moto X did not sell sufficiently to sustain its assembly in the United States.
Strategy Analytics reported that 500,000 Moto X units were sold in the third quarter of 2013.
By May 2014, Motorola confirmed plans to close the Fort Worth factory.
Motorola also planned to assemble the Moto X in other locations after closing the Fort Worth factory.
Higher costs were a challenge for Motorola's domestic manufacturing efforts.
Motorola faced a very fragmented supply chain.
Motorola's efforts may represent the only attempt to build smartphones in America at scale.
Tech startup Purism manufactures its Liberty phone in America.
Purism's manufacturing scale is not comparable to Motorola's scale at that time.
Motorola's Texas facility assembled approximately 100,000 phones per week.
Motorola needed to manufacture millions of phones annually due to its market.
Training and retaining employees was one of the biggest challenges encountered by Dennis Woodside.
Workers had alternative job options, such as positions in retail or food service.
The availability of other job options made it difficult to attract and retain staff for Motorola.
The specific nature of the work made attracting and retaining staff more difficult.
A smartphone contains several hundred tiny parts.
Most people in the United States were not accustomed to the type of work required for smartphone assembly.
Motorola had to train people for the specific type of work involved in smartphone assembly.
Dennis Woodside's experience highlights America's skill and demand shortage.
America's skill and demand shortage makes it difficult to fill factory jobs.
America's skill and demand shortage makes it difficult to onshore the production of tech products like smartphones.
The US manufacturing sector experienced an estimated loss of 11,000 jobs between June and July.
This job loss data comes from the US Bureau of Labor Statistics.
The job loss in manufacturing between June and July is lower than the approximately 15,000 manufacturing positions eliminated between May and June.
The manufacturing sector is one of the hardest-hit sectors in terms of job cuts for the past month.
Donald Trump's tariff policies have made it challenging to create new factory jobs.
There is evidence suggesting that factories struggled to find suitable workers prior to Trump's tariff policies.
There is evidence suggesting that Americans may not desire factory jobs.
A survey by the Cato Institute in August 2024 found that most Americans disagreed with the statement: "I would be better off if I worked in a factory instead of my current field of work."
Attracting and retaining a quality workforce was identified as a top business challenge for US manufacturers.
This challenge was reported in the National Association of Manufacturers outlook survey from the first quarter of this year.
The situation in China differs from that in the United States regarding manufacturing.
China has a plentiful labor market for assembling smartphones.
China's manufacturing sector has been expanding significantly.
Approximately 123 million people were employed in manufacturing in China in 2023.
Manufacturing was China's largest industry by employment in 2023.
This data is from China's fifth economic census, published in December 2024.
China hosts Foxconn's large Zhengzhou facility.
Foxconn is an Apple partner.
Approximately 350 iPhones were assembled per minute at Foxconn's Zhengzhou facility in 2016.
Apple has moved some of its manufacturing to India and Vietnam.
Apple's relocation of manufacturing aims to reduce its dependence on China.
India has become the top exporter of phones to the United States for the first time.
Apple CEO Tim Cook described China's workforce as ideal for smartphone manufacturing in 2017.
Tim Cook stated that China offers a combination of "craftsman" skills, "sophisticated robotics," and "the computer science world."
Smartphone assembly involves mounting small components such as camera parts and chips onto a device.
This task requires significant dexterity to perform throughout the day.
China's method of developing talent for manufacturing jobs differs from that of the United States.
In the United States, technical training and vocational education vary by state or industry.
The variation in technical training and vocational education in the United States can make it difficult to develop a qualified workforce at scale.
Sujai Shivakumar is the director and fellow at the Center for Strategic and International Studies.
Most smartphones globally are manufactured in China.
Smartphones manufactured in India hold a slightly higher market share among US customers compared to those from China.
China's share of the global smartphone manufacturing market was 67% in Q1 2025.
China's share of the US smartphone market by manufacturing country was 35% in the first half of the year.
India's share of the global smartphone manufacturing market was 17% in Q1 2025.
India's share of the US smartphone market by manufacturing country was 40% in the first half of the year.
Other countries accounted for 11% of the global smartphone manufacturing market in Q1 2025.
Other countries accounted for 25% of the US smartphone market by manufacturing country in the first half of the year.
Global smartphone manufacturing data is from Q1 2025.
US smartphone manufacturing data is from the first half of the year.
Data for other countries in the chart is rounded.
Sujai Shivakumar stated that a workforce is as crucial as electricity and transportation infrastructure for a manufacturing strategy.
China anticipates the need for a workforce and incorporates it into its planning.
Many new manufacturing jobs will likely require new skills, including coding and data analytics.
Artificial intelligence and automation will have a larger role in factories.
Carolyn Lee is the executive director of the Manufacturing Institute.
Dennis Woodside advises companies considering manufacturing electronics in the United States to carefully assess their ability to find staff with the necessary skills.
Companies should consider whether they will need to fully train the workforce to understand specific products.

**********Claims for hard query**********

This task requires significant dexterity to perform throughout the day.
Sujai Shivakumar is the director and fellow at the Center for Strategic and International Studies.
Data for other countries in the chart is rounded.

**********Formulated hard query**********

This task requires something to perform throughout the day.
Someone is the director and fellow at the Center for Strategic and International Studies.
Data for other countries in the chart is in a certain state.

**********Claims for medium query**********

Other countries accounted for 11% of the global smartphone manufacturing market in Q1 2025.
Smartphone assembly involves mounting small components such as camera parts and chips onto a device.
By May 2014, Motorola confirmed plans to close the Fort Worth factory.

**********Formulated medium query**********

Someone tried building smartphones in the US over a decade ago.
Motorola attempted to gain a larger share of the smartphone market in a certain way.
The Moto X was Motorola's something meant to compete with the latest iPhone and Samsung Galaxy device.
Proximity to crucial suppliers and lower labor costs are in a certain state.
President Donald Trump pressures Apple and Samsung in a certain way.
Higher levies on imports from China are set to take effect on a certain date.
India will grapple with tariffs of something when the new rates kick in on August 7.
Someone ran Motorola under Google from May 2012 until it was sold to Lenovo in 2014.
Motorola's site allowed consumers to tailor certain details of the phone’s aesthetic in a certain way.
Analysis firm Strategy Analytics reported that only something had been sold in the third quarter of 2013.
Motorola was assembling roughly something per week from its Texas facility.
The US manufacturing sector lost an estimated something jobs between June and July.
A survey from the Cato Institute from a certain date found that most Americans disagreed with the statement.
In something, roughly 123 million people were employed in manufacturing in China.
China is home to Apple partner Foxconn’s something facility, where roughly 350 iPhones were assembled per minute.
Apple CEO Someone described what makes China’s workforce ideal for smartphone manufacturing.
China offers a combination of “craftsman” skills, “sophisticated robotics” and something.
Smartphone assembly, from what Woodside remembers, involved mounting small components like camera parts and chips onto a device in a certain way.
Someone is director and fellow at the Center for Strategic and International Studies.
Many new manufacturing jobs will likely require fresh skills such as coding and data analytics as something plays a bigger role in factories.
Someone is the executive director of the Manufacturing Institute.
Other countries accounted for something of the global smartphone manufacturing market in Q1 2025.
Smartphone assembly involves mounting something onto a device.
By a certain date, Motorola confirmed plans to close the Fort Worth factory.

**********Claims for easy query**********

Companies attempting to make smartphones in America today should not underestimate the difficulty of finding and retaining skilled workers.
A gap in necessary skills and difficulty in filling factory jobs make it challenging to bring smartphone production to the United States.
America's skill and demand shortage makes it difficult to onshore the production of tech products like smartphones.

**********Formulated easy query**********

Companies attempting to make **something** in America today should not underestimate the difficulty of finding and retaining skilled workers.
A gap in necessary skills and difficulty in filling factory jobs make it challenging to bring smartphone production to **a certain place**.
**A certain country's** skill and demand shortage makes it difficult to onshore the production of tech products like smartphones.

**********Page content extracted**********

Title: Did the Fed just royally screw up?
URL: https://edition.cnn.com/2025/08/02/economy/fed-rate-cuts-jobs
Content: # Did the Fed just royally screw up?

—

It took only a few days for the Federal Reserve’s latest decision on interest rates to age like milk.

The central bank on Wednesday said it was holding borrowing costs steady yet again, extending a wait-and-see pa

**********Extracted claims**********

The Federal Reserve, the central bank, stated on Wednesday that it was holding borrowing costs steady.
Holding borrowing costs steady extended a wait-and-see pattern that began in January.
On Wednesday, Fed Chair Jerome Powell told reporters that a solid labor market meant central bankers could wait to observe the impact of President Donald Trump’s tariffs on prices before resuming rate cuts.
Rate cuts could help boost jobs.
Rate cuts could reignite inflation.
Two days after the Federal Reserve's decision, the job market appeared shakier than Fed Chair Jerome Powell had suggested.
On Friday, the Labor Department reported that employers added 73,000 jobs in July.
The reported July job growth of 73,000 was below the threshold of monthly job growth necessary to keep up with population growth.
The unemployment rate increased to 4.2% from 4.1%.
The Labor Department revised downward the job gains for the two months prior to July.
Based on newly revised data, job growth has been anemic.
The average pace of monthly job growth from May through July was the weakest for any three-month period since 2009, excluding the 2020 pandemic recession.
The Federal Reserve declined CNN’s request for comment.
Jamie Cox, managing partner at Harris Financial Group, stated that Fed Chair Jerome Powell would regret holding rates steady during that week.
The Federal Reserve’s latest decision generated internal pushback on a scale not seen in decades.
Fed Governor Christopher Waller cast a dissenting vote regarding the latest Fed decision.
Fed Vice Chair for Supervision Michelle Bowman cast a dissenting vote regarding the latest Fed decision.
This marked the first time that more than one Fed governor cast a dissenting vote since 1993.
In statements issued on Friday, Fed Governor Christopher Waller and Fed Vice Chair Michelle Bowman cited signs of weakness in the labor market as a major reason for their dissent.
Fed Governor Christopher Waller and Fed Vice Chair Michelle Bowman downplayed the potential effects of President Trump’s tariffs on prices.
Congress tasks the Fed with addressing both high inflation and a weakening labor market.
Michelle Bowman wrote that the labor market has become less dynamic and shows increasing signs of fragility.
Michelle Bowman stated that few industries have propelled job growth this year.
Few industries continued to propel job growth in July, according to the latest data.
Cleveland Fed President Beth Hammack told Bloomberg on Friday that the July jobs report was disappointing.
Cleveland Fed President Beth Hammack told Bloomberg on Friday that she felt confident with the decision made earlier that week.
Last year, the unemployment rate climbed quickly in a short period of time.
Last year, calls were made that the central bank was too late to lower rates.
Last year, the Fed implemented a bold, half-point rate cut to stave off any further weakening.
By the end of last year, the labor market was not experiencing a significant decline.
In December of last year, employers added 323,000 jobs.
In December of last year, the unemployment rate slightly decreased from the prior month to 4.1%.

**********Claims for hard query**********

Few industries continued to propel job growth in July, according to the latest data.
In December of last year, the unemployment rate slightly decreased from the prior month to 4.1%.
In December of last year, employers added 323,000 jobs.

**********Formulated hard query**********

Some industries continued to propel job growth in July, according to the latest data.
In December of last year, the unemployment rate slightly decreased from the prior month to a certain percentage.
In December of last year, employers added a certain number of jobs.

**********Claims for medium query**********

Rate cuts could reignite inflation.
Based on newly revised data, job growth has been anemic.
The Labor Department revised downward the job gains for the two months prior to July.

**********Formulated medium query**********

Rate cuts could reignite something.
Based on newly revised data, job growth has been in a certain state.
Something revised downward the job gains for the two months prior to July.

**********Claims for easy query**********

Two days after the Federal Reserve's decision, the job market appeared shakier than Fed Chair Jerome Powell had suggested.
On Wednesday, Fed Chair Jerome Powell told reporters that a solid labor market meant central bankers could wait to observe the impact of President Donald Trump’s tariffs on prices before resuming rate cuts.
In statements issued on Friday, Fed Governor Christopher Waller and Fed Vice Chair Michelle Bowman cited signs of weakness in the labor market as a major reason for their dissent.

**********Formulated easy query**********

Two days after the Federal Reserve's decision, the job market appeared in a certain state than Fed Chair Jerome Powell had suggested.
On Wednesday, someone told reporters that a solid labor market meant central bankers could wait to observe the impact of President Donald Trump’s tariffs on prices before resuming rate cuts.
In statements issued on Friday, some people cited signs of weakness in the labor market as a major reason for their dissent.

**********Page content extracted**********

Title: Rupert Everett says he was dumped from ‘Emily in Paris’: ‘For me, it was a tragedy’
URL: https://edition.cnn.com/2025/07/31/entertainment/rupert-everett-dumped-emily-in-paris
Content: # Rupert Everett says he was dumped from ‘Emily in Paris’: ‘For me, it was a tragedy’

Rupert Everett didn’t have a huge role on “Emily in Paris,” but now he no longer has any part whatsoever.

The actor who played interior design firm director Giorgio Ba

**********Extracted claims**********

Rupert Everett no longer has any part on "Emily in Paris."
Rupert Everett played interior design firm director Giorgio Barbieri on "Emily in Paris."
Rupert Everett appeared in one episode of "Emily in Paris."
"Emily in Paris" is a Netflix series.
Rupert Everett stated at Marateale that he has been let go from "Emily in Paris."
Marateale is an international film festival.
Marateale is held annually in Maratea, Italy.
Vanity Fair reported Rupert Everett's statement.
Rupert Everett stated he was fired from "Emily in Paris."
Rupert Everett stated he filmed a scene in the latest season of "Emily in Paris."
Rupert Everett stated he was told "Next year we'll speak" regarding his role.
Rupert Everett stated he waited for a call that did not come, and he was ultimately fired.
Rupert Everett stated that show business is always very difficult.
Rupert Everett stated that characters can be lost or changed during screenplay development.
Rupert Everett described being let go from the show as a tragedy.
Rupert Everett stated he was in bed for two weeks due to the incident.
CNN has sought comment from representatives for Rupert Everett.
CNN has sought comment from representatives for Netflix.
Rupert Everett received the Basilicata International Award at the Marateale festival.
IMDb lists Rupert Everett as having multiple upcoming projects.
One upcoming project for Rupert Everett is a comedy titled "The Liar."
Jeff Goldblum is starring opposite Rupert Everett in "The Liar."
Fans express hope that Rupert Everett will reprise his role as George Downes.
George Downes is described as Julia Roberts’ best friend.
A planned sequel to the film "My Best Friend's Wedding" is reportedly being developed.
"My Best Friend's Wedding" was a hit film released in 1997.

**********Claims for hard query**********

CNN has sought comment from representatives for Netflix.
Marateale is an international film festival.
Marateale is held annually in Maratea, Italy.

**********Formulated hard query**********

Something is an international film festival.
Marateale is held in a certain way in Maratea, Italy.

**********Validation Result**********

subquestion 'Marateale is held in a certain way in Maratea, Italy.' is NOT supported by the context.
<reject> The content explicitly states that Marateale is an "international film festival held annually in Maratea, Italy," which confirms where and when it is held. However, it does not describe "in a certain way" or provide any details about *how* the festival is organized or conducted. </reject>

**********Claims for medium query**********

CNN has sought comment from representatives for Rupert Everett.
Vanity Fair reported Rupert Everett's statement.
Rupert Everett stated he was told "Next year we'll speak" regarding his role.

**********Formulated medium query**********

Someone has sought comment from representatives for Rupert Everett.
Something reported Rupert Everett's statement.
Rupert Everett stated he was told a certain thing regarding his role.

**********Claims for easy query**********

Rupert Everett stated he was fired from "Emily in Paris."
Rupert Everett stated at Marateale that he has been let go from "Emily in Paris."
Rupert Everett no longer has any part on "Emily in Paris."

**********Formulated easy query**********

Rupert Everett stated he was `in a certain way` from "Emily in Paris."
Rupert Everett stated at `something` that he has been let go from "Emily in Paris."
Rupert Everett `in a certain state` on "Emily in Paris."

**********Validation Result**********

subquestion 'Rupert Everett stated he was `in a certain way` from "Emily in Paris."' is NOT supported by the context.
<reject> The information states Rupert Everett said he was "in a certain way" from "Emily in Paris." The article explicitly states that Rupert Everett said he was "fired" and "let go" from the show, and that "they lose your character," but it does not use the phrase "in a certain way." </reject>

**********Validation Result**********

subquestion 'Rupert Everett `in a certain state` on "Emily in Paris."' is NOT supported by the context.
<reject> The text explicitly states that Rupert Everett was "dumped from 'Emily in Paris'" and that he found this to be a "tragedy," leading him to be "in bed for two weeks." However, it does not mention him being "in a certain state" *on* the show itself, only his reaction *to being fired* from the show. </reject>

**********Page content extracted**********

Title: Ghislaine Maxwell moved to federal prison camp in Texas
URL: https://edition.cnn.com/2025/08/01/politics/ghislaine-maxwell-federal-prison-texas
Content: # Ghislaine Maxwell moved to federal prison camp in Texas

,

,

This 2013 photo shows Ghislaine Maxwell in New York City.

Jeffrey Epstein accomplice Ghislaine Maxwell, who had been serving a 20-year prison sentence in Florida, has been moved to a lower-

**********Extracted claims**********

Ghislaine Maxwell, an accomplice of Jeffrey Epstein, has been moved to a lower-security federal prison camp in Bryan, Texas.
Ghislaine Maxwell had been serving a 20-year prison sentence in Florida.
Donald Murphy, a spokesperson for the Bureau of Prisons (BOP), confirmed that Ghislaine Maxwell is in BOP custody at the Federal Prison Camp (FPC) Bryan in Bryan, Texas.
Transfers of individuals convicted of sex offenses to minimum-security prisons are relatively uncommon.
Individuals convicted of sex offenses are almost always deemed a high risk to public safety.
Inmates convicted of sex offenses are typically assigned to a low-security prison at best.
Ghislaine Maxwell was sentenced in 2022.
Ghislaine Maxwell was sentenced for carrying out a years-long scheme with Jeffrey Epstein to groom and sexually abuse underage girls.
Ghislaine Maxwell has continued to appeal her conviction, including to the Supreme Court.
Ghislaine Maxwell's transfer occurred one week after she met in private with Deputy Attorney General Todd Blanche at the US attorney’s office in Tallahassee.
Details of Ghislaine Maxwell's meeting with Deputy Attorney General Todd Blanche have not been made public.
Ghislaine Maxwell's lawyer stated that Ghislaine Maxwell honestly answered every question asked by Mr. Blanche.
Donald Murphy declined to provide an explanation for Ghislaine Maxwell's move.
The Justice Department has not responded to CNN's questions regarding Ghislaine Maxwell's move.
Ghislaine Maxwell's meetings with Deputy Attorney General Todd Blanche lasted two full days.
Ghislaine Maxwell has offered to testify before Congress if specific conditions were met, including immunity and receiving the questions beforehand.
The conditions set by Ghislaine Maxwell for testifying before Congress have been rejected.
A minimum-security prison camp is the least restrictive type of facility among federal prisons.
Minimum-security prison camps house inmates considered to be low-risk, non-violent, and unlikely to escape.
Minimum-security prison camps have very little or no fencing containing the inmates.
Inmates within minimum-security prison camps are able to move relatively freely.
Other inmates at the FPC Bryan camp for women include Jen Shah and Elizabeth Holmes.
Jen Shah was on the TV show "Real Housewives of Salt Lake City."
Elizabeth Holmes was formerly associated with the blood-testing company Theranos.
For an inmate to be transferred to a minimum-security prison, a top official within the Bureau of Prisons must conclude that the inmate's risk to public safety has lowered.
This conclusion must be based on recommendations from prison staff or good behavior.
The administrator of the Designation and Sentence Computation Center makes determinations regarding inmate transfers, according to the BOP.
The Bureau of Prisons declined to explain the specifics of how Ghislaine Maxwell's reassignment was handled.
Ghislaine Maxwell's new facility, a federal prison camp, has limited perimeter fencing.
The federal prison camp has a low staff-to-inmate ratio.
The federal prison camp is work- and program-oriented, according to the BOP website.
The Tallahassee prison houses gang members and violent offenders.
Family members of Virginia Giuffre, Maria Farmer, Annie Farmer, Sky Roberts, Amanda Roberts, Lanette Wilson, and Danny Wilson reacted to the news of the transfer with "horror and outrage."
Virginia Giuffre was one of the women who accused Jeffrey Epstein of sex trafficking.
Virginia Giuffre died by suicide earlier this year.
Federal prosecutors argued that Ghislaine Maxwell should receive no leniency prior to her sentencing hearing.
Ghislaine Maxwell has repeatedly attempted to obtain more comfortable detention conditions.
Prior to her sentencing, Ghislaine Maxwell complained about being held in Manhattan’s Metropolitan Detention Center.
At Manhattan’s Metropolitan Detention Center, Ghislaine Maxwell had more than a dozen hours a day outside of a cell.
At Manhattan’s Metropolitan Detention Center, Ghislaine Maxwell had access to a phone, TV, computers, and a shower.
Ghislaine Maxwell complained about isolation while in detention.
Ghislaine Maxwell complained about believing she might face a death threat from another inmate.
Prosecutors informed the judge in Ghislaine Maxwell's case that Ghislaine Maxwell repeatedly complained to the Bureau of Prisons about physical abuse.
The Bureau of Prisons concluded that Ghislaine Maxwell's complaints of physical abuse were unfounded, according to a filing in her case.
The judge, when imposing Ghislaine Maxwell's 20-year sentence, initially designated her to a low-security prison, not a prison camp.

**********Claims for hard query**********

The administrator of the Designation and Sentence Computation Center makes determinations regarding inmate transfers, according to the BOP.
Elizabeth Holmes was formerly associated with the blood-testing company Theranos.
Jen Shah was on the TV show "Real Housewives of Salt Lake City."

**********Formulated hard query**********

The administrator of a certain department makes determinations regarding inmate transfers, according to the BOP.
Someone was formerly associated with the blood-testing company Theranos.
Jen Shah was on a certain TV show.

**********Claims for medium query**********

Ghislaine Maxwell's meetings with Deputy Attorney General Todd Blanche lasted two full days.
Ghislaine Maxwell has offered to testify before Congress if specific conditions were met, including immunity and receiving the questions beforehand.
Details of Ghislaine Maxwell's meeting with Deputy Attorney General Todd Blanche have not been made public.

**********Formulated medium query**********

Ghislaine Maxwell's meetings with Deputy Attorney General Todd Blanche lasted for a certain duration.
Ghislaine Maxwell has offered to testify before Congress if under certain conditions.
Something of Ghislaine Maxwell's meeting with Deputy Attorney General Todd Blanche have not been made public.

**********Claims for easy query**********

Ghislaine Maxwell, an accomplice of Jeffrey Epstein, has been moved to a lower-security federal prison camp in Bryan, Texas.
The judge, when imposing Ghislaine Maxwell's 20-year sentence, initially designated her to a low-security prison, not a prison camp.
Prior to her sentencing, Ghislaine Maxwell complained about being held in Manhattan’s Metropolitan Detention Center.

**********Formulated easy query**********

Ghislaine Maxwell, an accomplice of someone, has been moved to a lower-security federal prison camp in Bryan, Texas.
The judge, when imposing Ghislaine Maxwell's a certain duration of sentence, initially designated her to a low-security prison, not a prison camp.
Prior to her sentencing, Ghislaine Maxwell complained about being held in a specific place.

**********Page content extracted**********

Title: Giant shoes found near Hadrian’s Wall spark mystery around the soldiers of ancient Rome
URL: https://edition.cnn.com/2025/07/12/science/giant-shoes-ancient-roman-fort-magna
Content: # Giant shoes found near Hadrian’s Wall spark mystery around the soldiers of ancient Rome

—

An ancient Roman mystery is afoot in the rolling hills of northern Britain.

Archaeologists have unearthed a stash of unusually large shoes at the ruins of a fir

**********Extracted claims**********

Archaeologists have unearthed a stash of unusually large shoes at the ruins of a first-century military fort along Hadrian’s Wall.
Hadrian’s Wall is a 73-mile (117-kilometer) stone barrier.
Hadrian’s Wall famously shielded the Roman Empire’s northwestern perimeter from foreign invaders.
The discovery of the shoes is raising new questions about the lives and origins of the fort’s inhabitants.
Giant leather soles were found at Magna Fort in May.
34 pieces of footwear were found at Magna Fort.
The footwear found at Magna Fort includes work boots and baby-sized shoes.
The footwear found at Magna Fort is helping to paint a picture of the 4,000 men, women, and children who once lived in and around the English site.
Magna Fort is located just south of the Scottish border.
Eight of the shoes found at Magna Fort are over 11.8 inches (30 centimeters) in length.
An 11.8-inch (30-centimeter) shoe length corresponds to a US men’s size 13.5 or greater according to Nike’s size chart.
The shoes found at Magna Fort are larger than average by today’s standard.
The large shoe size has sparked suspicions that unusually tall troops may have guarded the fortress at the empire’s edge.
The average ancient shoe found at a neighboring Roman fort was closer to a US men’s size 8.
A news release about the discovery provided information about the average ancient shoe size at a neighboring Roman fort.
Rachel Frame is a senior archaeologist leading the excavation at Magna Fort.
Rachel Frame believes the large shoes were worn by people with really large feet.
Digging continues at Magna Fort.
A basic sketch of Magna Fort’s past is just starting to come together.
Magna Fort was built around AD 85.
Archaeologists suspect multiple different Roman military troops and their families moved into Magna Fort every few years when it was in use.
Inscriptions on Magna Fort’s walls and altars recount settlements of Hamian archers from what is now Syria.
Inscriptions on Magna Fort’s walls and altars recount settlements of Dalmatian mountain soldiers from Croatia and Serbia.
Inscriptions on Magna Fort’s walls and altars recount settlements of Batavians from the Netherlands.
The length of time each group stayed at the Magna Fort stronghold remains unknown.
Troops at Magna Fort would often leave the fort for distant regions.
Troops at Magna Fort ditched shoes, clothing, and other belongings in the surrounding trenches.
New occupants at Magna Fort would have built larger structures on top of the existing fort.
New occupants at Magna Fort packed rubble and clay between the walls.
The packing of rubble and clay trapped belongings left by previous tenants at Magna Fort.
Dr. Elizabeth Greene is an associate professor of classics at the University of Western Ontario.
Dr. Elizabeth Greene has studied thousands of shoes collected from the Vindolanda Roman Fort.
Vindolanda Roman Fort is located near Magna Fort.
Vindolanda Roman Fort has been excavated since the 1970s.
Vindolanda Roman Fort is among the most well-studied Roman forts along Hadrian’s Wall.
The recently discovered Magna shoes share similarities with shoes in the Vindolanda Fort collection.
Dr. Elizabeth Greene was not involved in the Magna excavation process.
Dr. Elizabeth Greene has viewed the Magna artifacts.
The soles of the shoes from both Magna and Vindolanda sites are made from thick layers of cowhide leather.
The soles of the shoes from both Magna and Vindolanda sites are held together with iron hobnails.
Only a couple of the shoes discovered at Magna Fort have some of the upper portions still intact.
Vindolanda Fort shoe styles include closed military boots.
Vindolanda Fort shoe styles include open work boots.
Vindolanda Fort shoe styles include sneaker-like shoes reaching just below the ankle.
Vindolanda Fort shoe styles include sandals with leather fasteners.
The leather soles of the Magna shoes likely survived thousands of years in the ground due to ancient tanning techniques.
Ancient tanning techniques used crushed up vegetative matter.
Ancient tanning techniques created a water and heat resistant coating.
Testing is still underway to confirm the hypothesis about tanning techniques used on the Magna shoes.
The length of the extra-large shoes found at Magna Fort suggests the original owners may have been exceptionally tall.
At Vindolanda, only 16 out of 3,704 collected shoes measured over 11.8 inches (30 centimeters).
Ancient Roman military manuals often described the ideal recruit as being 5 feet, 8 inches or 5 feet, 9 inches in height.
Rob Collins is a professor of frontier archaeology at Newcastle University in England.
Soldiers stationed around Hadrian’s Wall came from all around the far-reaching Roman Empire.
Soldiers stationed around Hadrian’s Wall brought a wide diversity of physical traits to their settlements.
The reason why Magna Fort might have needed troops of towering stature remains unclear.
Researchers will examine the Magna shoes for any signs of wear to piece together the shoe owners’ identities.
Foot impressions left in the shoes could be used to model the feet of the original wearers.
Linking the shoes to real human remains could prove difficult.
The Romans near Hadrian’s Wall generally cremated their dead.
The Romans near Hadrian’s Wall used a headstone to mark graves.
Any bones remaining around Roman settlements near Hadrian’s Wall are likely from enemy, illegal, or accidental burials.
Bones found at the Magna site were too soft and crumbly to provide insight.
The team continues to search for new burial spots at the Magna site.
Pottery and other artifacts found around Magna Fort may help with dating the site.
Pottery and other artifacts found around Magna Fort may help with matching the timelines of known occupants.
Researchers are concerned about running out of time for excavations.
Leather found at both the Vindolanda and Magna sites is 2,000 years old.
Leather found at both the Vindolanda and Magna sites is preserved by anaerobic (low-oxygen) conditions of the soil.
The 34 shoes found at Magna Fort are in worse condition than shoes retrieved from Vindolanda decades ago.
Rachel Frame attributes the worse condition of the Magna shoes to the changing climate.
Climate change leads to more heat waves and droughts.
Climate change leads to scenarios like months’ worth of rain in one weekend.
Climate change influences underground soil conditions.
Climate change introduces more oxygen into underground environments.
In oxygen-rich soil, microbes thrive.
Microbes contribute to decay in oxygen-rich soil.
Acidic pH levels erode natural materials like leather.
Rapid weather changes make the excavation of Magna Fort more urgent.

**********Claims for hard query**********

Climate change leads to scenarios like months’ worth of rain in one weekend.
Climate change leads to more heat waves and droughts.
Dr. Elizabeth Greene is an associate professor of classics at the University of Western Ontario.

**********Formulated hard query**********

Climate change leads to certain scenarios.
Climate change leads to certain weather phenomena.
Someone is an associate professor of classics at the University of Western Ontario.

**********Claims for medium query**********

The Romans near Hadrian’s Wall used a headstone to mark graves.
Vindolanda Fort shoe styles include open work boots.
Pottery and other artifacts found around Magna Fort may help with matching the timelines of known occupants.

**********Formulated medium query**********

Someone used a headstone to mark graves.
Vindolanda Fort shoe styles include something.
Pottery and other artifacts found around Magna Fort may help in a certain way.

**********Claims for easy query**********

Archaeologists have unearthed a stash of unusually large shoes at the ruins of a first-century military fort along Hadrian’s Wall.
A news release about the discovery provided information about the average ancient shoe size at a neighboring Roman fort.
The discovery of the shoes is raising new questions about the lives and origins of the fort’s inhabitants.

**********Formulated easy query**********

Archaeologists have unearthed something at the ruins of a first-century military fort along Hadrian’s Wall.
A news release about the discovery provided information in a certain state at a neighboring Roman fort.
The discovery of the shoes is raising new questions about someone.

**********Page content extracted**********

Title: What you eat may impact your lung cancer risk, according to a new study
URL: https://edition.cnn.com/2025/07/29/health/ultraprocessed-foods-lung-cancer-wellness
Content: # What you eat may impact your lung cancer risk, according to a new study

Video 
\- Source:

There are many reasons to avoid ultraprocessed foods, including a link with heart disease, diabetes and obesity,but an increased risk of lung cancer may be yet a

**********Extracted claims**********

A new study suggests that dietary intake may influence an individual's lung cancer risk.
An increased risk of lung cancer may be linked to the consumption of ultraprocessed foods.
Ultraprocessed foods are associated with an increased risk of heart disease, diabetes, and obesity.
According to the Food and Agriculture Organization of the United Nations, ultraprocessed foods contain ingredients "never or rarely used in kitchens, or classes of additives whose function is to make the final product palatable or more appealing."
Ingredients found in ultraprocessed foods can include preservatives against mold or bacteria, artificial coloring, emulsifiers to prevent separation, and added or altered sugar, salt, and fats to enhance appeal.
Ultraprocessed foods include items such as sodas, chips, packaged soups, chicken nuggets, and ice cream.
People who consume the most ultraprocessed foods are 41% more likely to be diagnosed with lung cancer than those who consume the least.
This increased likelihood of lung cancer diagnosis among consumers of the most ultraprocessed foods remains consistent even after accounting for other factors like smoking.
The study linking ultraprocessed foods and lung cancer risk was published in the journal Thorax.
Researchers analyzed data from more than 100,000 individuals for the study.
The data analyzed included information from the National Health and Nutrition Examination Survey’s Food Frequency Questionnaire on dietary habits.
Researchers compared the dietary habit information with medical records for lung cancer diagnoses.
On average, study participants consumed nearly three servings of ultraprocessed foods daily.
The most commonly consumed ultraprocessed foods in the study were lunch meat, diet or caffeinated soft drinks, or decaffeinated soft drinks.
Industrial food processing alters the food matrix.
Altering the food matrix affects nutrient availability and absorption.
Industrial food processing generates harmful contaminants.
Acrolein is a harmful contaminant that can originate from burning tobacco, wood, plastics, and gasoline.
Acrolein can originate from cooking fats and oils at high temperatures, according to the US Centers for Disease Control and Prevention.
The study on ultraprocessed foods and lung cancer is observational.
An observational study cannot definitively prove that certain foods cause lung cancer.
An observational study can indicate a connection between foods and lung cancer.
Lung cancer is a common form of cancer.
The World Health Organization estimated 2.4 million new cases of lung cancer globally in 2022.
Smoking is the primary contributor to lung cancer risk.
Individuals who do not smoke can still develop lung cancer.
Factors other than smoking contribute to lung cancer risk.
The authors of the study adjusted for other potential factors that could increase lung cancer diagnoses, including a person's smoking status.
The measurements used for smoking adjustment in the study were not nuanced, according to Dr. Fang Fang Zhang.
The association between ultraprocessed food consumption and lung cancer risk was stronger among never-smokers.
Limited research exists specifically on the link between ultraprocessed foods and lung cancer risk.
Extensive existing evidence demonstrates the importance of diet quality in predicting premature death from all causes in the United States.
Consumption of ultraprocessed foods is often linked to a lower overall diet quality.
Lower diet quality includes a higher intake of saturated fats, chemicals, salt, and sugar.
Lower diet quality also includes higher calorie consumption.
These dietary factors can drive inflammation.
Inflammation is a primary pathway in the development and progression of cancer.
These dietary factors can damage the microbiome, which impairs immune system function.
A combination of excess inflammation and impaired immunity gives rogue cells an advantage.
Cancer initiation occurs in scenarios characterized by excess inflammation and impaired immunity.
Ultraprocessed foods tend to have low levels of omega-3s.
Omega-3s are essential healthy fats that the body cannot produce on its own, according to the National Institutes of Health Office of Dietary Supplements.
Omega-3s limit the shelf life of food products.
The study contributes lung cancer risk to the list of reasons to avoid ultraprocessed foods.
The study reinforces the importance of improving overall diet quality.
Health and diet quality improve when people primarily consume whole, unprocessed foods.
Health and diet quality improve when diets largely consist of plants such such as vegetables, fruits, whole grains, beans, lentils, nuts, and seeds.

**********Claims for hard query**********

Altering the food matrix affects nutrient availability and absorption.
A combination of excess inflammation and impaired immunity gives rogue cells an advantage.
Acrolein is a harmful contaminant that can originate from burning tobacco, wood, plastics, and gasoline.

**********Formulated hard query**********

Altering the food matrix affects something.
A combination of excess inflammation and impaired immunity gives something.
Something is a harmful contaminant that can originate from burning tobacco, wood, plastics, and gasoline.

**********Claims for medium query**********

The authors of the study adjusted for other potential factors that could increase lung cancer diagnoses, including a person's smoking status.
Ultraprocessed foods include items such as sodas, chips, packaged soups, chicken nuggets, and ice cream.
Extensive existing evidence demonstrates the importance of diet quality in predicting premature death from all causes in the United States.

**********Formulated medium query**********

The authors of the study adjusted for other potential factors that could increase `something`, including a person's smoking status.
Ultraprocessed foods include `something`.
Extensive existing evidence demonstrates the importance of diet quality in predicting premature death from all causes `somewhere`.

**********Claims for easy query**********

The study contributes lung cancer risk to the list of reasons to avoid ultraprocessed foods.
An increased risk of lung cancer may be linked to the consumption of ultraprocessed foods.
People who consume the most ultraprocessed foods are 41% more likely to be diagnosed with lung cancer than those who consume the least.

**********Formulated easy query**********

Something contributes lung cancer risk to the list of reasons to avoid ultraprocessed foods.
An increased risk of lung cancer may be linked to the `in a certain way` of ultraprocessed foods.
People who consume the most ultraprocessed foods are `a certain amount` more likely to be diagnosed with lung cancer than those who consume the least.

**********Page content extracted**********

Title: Trump’s tariffs are sending African countries into China’s hands
URL: https://edition.cnn.com/2025/08/02/africa/trumps-tariffs-africa-and-china-intl
Content: # Trump’s tariffs are sending African countries into China’s hands

Africa is adjusting to the new reality of US President Donald Trump’s tariffs, with countries on the continent facing some of the highest export charges.

But what could become a crisis i

**********Extracted claims**********

African countries are adjusting to the reality of US President Donald Trump’s tariffs.
African countries are facing some of the highest export charges due to US President Donald Trump's tariffs.
Nigerian economist Bismarck Rewane stated that Africa is moving directly into China's influence.
China has emerged as Africa's largest bilateral trading partner in recent years.
Libya, South Africa, Algeria, and Tunisia face export tariffs from the Trump administration ranging from 25% to 30%.
Eighteen other African countries were subjected to 15% levies under a modified tariff package released by the White House.
In April, when US import levies were first announced, Trump described them as "reciprocal."
Trump stated that the US import levies targeted countries with trade deficits with the US.
Trump based his tariffs on countries' trade deficits with the United States.
South Africa challenged the imposition of a 30% tariff on its exports to the US.
South Africa stated that Trump's decision on tariffs was not based on an accurate representation of available trade data.
China offered to mitigate the impact of US tariffs on Africa.
China stated in June that it would stop charges on imports for nearly all its African partners.
South African researcher Neo Letswalo stated there is no better opportunity for African countries to strengthen South-South trade.
Letswalo stated that America is gradually losing its global leadership status.
Letswalo added that reduced dependence on the US by countries creates a greater opportunity for China to become an alternative.
The US did not make a trade deal with any African nation before the tariff deadline.
Letswalo described America’s failure to negotiate a deal with Africa as "an open goal for China."
The impact of Trump’s tariffs is already being felt in some of Africa’s strongest and poorest economies.
Lesotho was subjected to a 15% tariff.
Lesotho had previously faced a 50% tariff before the charges were modified.
Lesotho’s Prime Minister Samuel Matekane stated in June that the large tariff and the halt of US aid have crippled industries that previously supported thousands of jobs in Lesotho.
Trump described Lesotho as a country "nobody has ever heard of."
Trade between the US and Lesotho totaled over $240 million in the previous year.
Most of the trade between the US and Lesotho was in textiles.
Lesotho is a landlocked nation surrounded by South Africa.
Before the tariffs, Lesotho and other eligible sub-Saharan countries could export goods to the US duty-free under a US trade agreement.
Authorities in Lesotho have declared a two-year national state of disaster due to the tariffs.
Lesotho's textile industry is already experiencing significant job losses.
Thousands of jobs are threatened in South Africa.
Citrus growers in South Africa expressed great anxiety before the August 1 tariff deadline.
South Africa’s Citrus Growers’ Association (CGA) warned that job losses would be certain if tariffs became effective.
Hundreds of thousands of cartons of citrus are prepared in South African packhouses for shipment to the US.
Implementing the charges would result in most of this fruit remaining unsold.
Analysts stated that other South African industries, including the automobile sector, face the risk of economic shocks.
Letswalo stated that companies within South Africa's automobile sector are threatening to leave due to plummeting business.
Gwede Mantashe, South Africa’s minister of mineral and petroleum resources, stated that alternative routes are being sought for South African goods.
Mantashe stated that China is South Africa's biggest trading partner.
Mantashe added that the US is South Africa's second-largest trading partner.
South African citrus growers have voiced reservations that their products suit designated markets, making finding alternative markets difficult.
Boitshoko Ntshabele, CEO of the citrus growers’ group, stated that the US market remains a priority.
Ntshabele also stated that improving access to China and other markets should be a priority.
US consumers have a deep appreciation for South African citrus.
South African citrus exports to the US market have almost doubled since 2017.
Letswalo believes there are risks associated with relying on Beijing to cushion the impact of Trump’s tariffs.
Letswalo stated that alternating the US with China as a primary partner could be risky, especially for nascent industries within African countries.
Letswalo warned that if nascent industries are not protected, Chinese products will flood and outcompete them because many African countries are price-sensitive markets.
China has imposed imbalanced trade deals in Africa with trade deficits skewed in its favor.
The China-Global South Project (CGSP) states that China has imposed imbalanced trade deals in Africa.
The China-Global South Project (CGSP) is an organization that monitors China’s engagement with developing countries.
The majority of China’s exports to Africa consist of manufactured products.
Africa’s exports to China are commonly raw materials.
South Africa’s Ramaphosa advocated for balanced trade with China when he met Xi Jinping in Beijing.
Letswalo advised that Africa should seek domestic alternatives for trade while relying on China.
Letswalo recommended the swift implementation of the African Continental Free Trade Area (AfCFTA).
The AfCFTA is an agreement signed by African nations to boost trade among themselves.
The AfCFTA was established in 2020.
The implementation of AfCFTA has been slow.
Just over 20 of Africa’s 55 countries are trading under the AfCFTA deal.
Rewane believes that US tariffs could inspire Africa to build economic resilience and become less dependent on lopsided trade.
Rewane added that Africa must be more inward-looking rather than outward-dependent.

**********Claims for hard query**********

Lesotho is a landlocked nation surrounded by South Africa.
The China-Global South Project (CGSP) is an organization that monitors China’s engagement with developing countries.
Implementing the charges would result in most of this fruit remaining unsold.

**********Formulated hard query**********

Lesotho is a landlocked nation in a certain state.
The China-Global South Project (CGSP) is an organization that monitors something.
Implementing the charges would result in something remaining unsold.

**********Claims for medium query**********

Citrus growers in South Africa expressed great anxiety before the August 1 tariff deadline.
Nigerian economist Bismarck Rewane stated that Africa is moving directly into China's influence.
South Africa stated that Trump's decision on tariffs was not based on an accurate representation of available trade data.

**********Formulated medium query**********

Citrus growers in South Africa expressed in a certain state before the August 1 tariff deadline.
Someone stated that Africa is moving directly into China's influence.
South Africa stated that Trump's decision on tariffs was not based on something.

**********Claims for easy query**********

Rewane believes that US tariffs could inspire Africa to build economic resilience and become less dependent on lopsided trade.
African countries are adjusting to the reality of US President Donald Trump’s tariffs.
The impact of Trump’s tariffs is already being felt in some of Africa’s strongest and poorest economies.

**********Formulated easy query**********

Someone believes that US tariffs could inspire Africa to build economic resilience and become less dependent on lopsided trade.
African countries are adjusting to the reality of something.
The impact of Trump’s tariffs is already being felt in some places.

**********Page content extracted**********

Title: Rescuers find body of last trapped Chile miner, bringing death toll to 6
URL: https://edition.cnn.com/2025/08/02/americas/chilean-miners-trapped-copper-latam-intl
Content: # Rescuers find body of last trapped Chile miner, bringing death toll to 6

All five workers who were trapped in a Chilean copper mine that partially collapsed last week have been found dead, authorities said on Sunday, bringing the total number of fatali

**********Extracted claims**********

All five workers trapped in a Chilean copper mine that partially collapsed were found dead.
The total number of fatalities in the Chilean copper mine incident reached six.
The partial collapse occurred at El Teniente, a copper mine.
El Teniente is one of the world’s largest copper mines.
One worker had died in the El Teniente collapse before the discovery of the five trapped workers.
Five workers were trapped under a significant amount of debris at El Teniente.
Chilean President Gabriel Boric stated that the last missing miner had been found dead.
Rescue workers completed their search through the debris.
The deadly incident followed a shaft collapse after an earthquake.
Codelco, a state-run firm, operates the El Teniente mine.
The National Seismological Center of the University of Chile recorded a 4.3 magnitude earthquake in the area around the mine.
The earthquake and subsequent collapse caused injuries to nine additional people.
Codelco identified Gonzalo Núñez Caroca as one of the victims.
Gonzalo Núñez Caroca's body was retrieved from the mine.
Codelco CEO Rubén Alvarado stated that the first 48 hours are critical for finding trapped individuals alive.
20 meters (65 feet) of debris needed to be removed from the mine tunnel by rescue workers to reach the location where the men were believed to be trapped.
El Teniente is located in central Chile’s O’Higgins region.
El Teniente is the largest copper deposit in the world, according to company data.
The shaft collapse at El Teniente forced a halt in operations.
Codelco chairman Maximo Pacheco asserted that the company had not received complaints from its workers regarding working conditions at El Teniente mine.
President Boric declared three days of national mourning.
Workers and relatives of the dead miners heckled President Boric’s motorcade.
The heckling occurred as the motorcade left Codelco’s offices in the city of Rancagua.
President Boric stated his government would make every effort to find the missing miners.
President Boric instructed the Minister of Mining, Aurora Williams, to be in the area to coordinate necessary actions.
President Boric extended condolences to the family of Paulo Marín Tapia.
Paulo Marín Tapia died in the collapse.
President Boric is in contact with the loved ones of the other workers.
Edgar Rodrigo Quesada is a miner and former union leader.
There is a shelter within the mine tunnel in case of a collapse.
The shelter is not close to where the miners were believed to be trapped.
The Chilean prosecutor’s office launched an investigation into the collapse.
Codelco is also investigating the cause of the collapse.
Andrés Music is the general manager of the mine.
The mine's general manager, Andrés Music, stated that the accident was not caused by the use of explosives.

**********Claims for hard query**********

President Boric extended condolences to the family of Paulo Marín Tapia.
El Teniente is located in central Chile’s O’Higgins region.
President Boric declared three days of national mourning.

**********Formulated hard query**********

President Boric extended condolences to the family of someone.
Something is located in central Chile’s O’Higgins region.
President Boric declared for a certain duration of national mourning.

**********Claims for medium query**********

20 meters (65 feet) of debris needed to be removed from the mine tunnel by rescue workers to reach the location where the men were believed to be trapped.
The mine's general manager, Andrés Music, stated that the accident was not caused by the use of explosives.
Codelco, a state-run firm, operates the El Teniente mine.

**********Formulated medium query**********

A certain amount of debris needed to be removed from the mine tunnel by rescue workers to reach the location where the men were believed to be trapped.
Someone stated that the accident was not caused by the use of explosives.
Codelco, a state-run firm, operates something.

**********Claims for easy query**********

All five workers trapped in a Chilean copper mine that partially collapsed were found dead.
The total number of fatalities in the Chilean copper mine incident reached six.
Chilean President Gabriel Boric stated that the last missing miner had been found dead.

**********Formulated easy query**********

A certain number of people trapped in a Chilean copper mine that partially collapsed were found dead.
The total number of fatalities in the Chilean copper mine incident reached a certain number.
Someone stated that the last missing miner had been found dead.

**********Page content extracted**********

Title: Is the ‘fibermaxxing’ trend good for you? Yes, and here’s why
URL: https://edition.cnn.com/2025/07/26/health/fibermaxxing-tiktok-trend-fiber-benefits-wellness
Content: # Is the ‘fibermaxxing’ trend good for you? Yes, and here’s why

Chia seeds, goji berries, strawberries and raspberries: A TikTok user going by the name “impamibaby” is filling her pretty wooden breakfast bowl with fiber-rich foods and filming it, inspiri

**********Extracted claims**********

"Fibermaxxing" is the practice of consuming meals that help individuals meet or exceed daily fiber intake recommendations.
Fibermaxxing aims to improve gut health.
Fibermaxxing aims to support weight loss.
Videos with the "#fibermaxxing" tag have garnered tens of millions of views and likes.
Fibermaxxing videos typically feature people making and eating fiber-rich meals.
Fibermaxxing videos are sometimes overlaid with text detailing the nutrient amount in the dish.
Fibermaxxing videos are sometimes overlaid with text detailing the health benefits of the dishes.
TikTok has presented many questionable eating trends.
Registered dietitian Lauren Manaker stated that fibermaxxing is a trend worth trying.
Most Americans do not consume adequate fiber in their diets.
The Dietary Guidelines for Americans recommend adults consume 22 to 34 grams of fiber daily.
The recommended daily fiber intake for adults is generally dependent on age and gender.
More than 90% of women in the United States do not meet the recommended daily fiber intake.
More than 97% of men in the United States do not meet the recommended daily fiber intake.
Low fiber intake has been linked to colon cancer.
Rates of colon cancer have been rising among people aged 20 to 54.
Adequate fiber intake has been a consistent recommendation for many years.
Fiber is considered a consistently beneficial dietary component.
Fibermaxxing can have drawbacks if substantial dietary changes are made too quickly.
There are two types of dietary fiber: soluble and insoluble.
Soluble fiber dissolves in water.
Soluble fiber absorbs water to form a gel-like substance.
Soluble fiber is more associated with certain digestive benefits of fiber.
Insoluble fiber does not dissolve in water.
Insoluble fiber helps promote more frequent bowel movements.
Insoluble fiber helps promote heavier bowel movements.
A balance of both soluble and insoluble fiber is key for overall health.
Consuming too much of one type of fiber and not enough of the other can lead to digestive issues.
Digestive issues that may arise from imbalanced fiber intake include bloating.
Digestive issues that may arise from imbalanced fiber intake include constipation.
Most fibrous foods contain both types of fiber.
Foods richer in soluble fiber include apples, bananas, citrus fruits, barley, carrots, oats, and beans.
Psyllium is a food richer in soluble fiber.
Psyllium derives from the husks of Plantago ovata plant seeds.
Foods with mostly insoluble fiber include green beans, cauliflower, potatoes, whole-wheat flour, wheat bran, nuts, and beans.
Other forms and characteristics of fiber are also critical for gut health.
The viscosity of fiber affects how well it flows through the digestive tract.
Fiber fermentability influences how much the gut microbiome can ferment the fiber into helpful compounds.
Helpful compounds from fermented fiber can be used as an energy source.
The way fiber is packaged affects digestive health.
More processed foods have different effects on digestive health.
Cut-up foods have different effects on digestive health.
Raw foods have different effects on digestive health.
Cooked foods have different effects on digestive health.
These different forms of fiber-containing foods have different effects on digestive health even if the foods contain the same type of fiber.
Eating a variety of whole or minimally processed foods provides adequate fiber.
Higher fiber intake is linked to decreased rates of colon cancer.
Higher fiber intake is linked to decreased rates of rectal cancer.
Fiber increases stool bulk.
Increased stool bulk decreases the amount of time waste is in contact with the intestinal tract.
Gut bacteria ferment fiber.
Fermented fiber creates short-chain fatty acids.
Butyrate is an example of a short-chain fatty acid.
Short-chain fatty acids can nourish critical cells in the colon.
Short-chain fatty acids can inhibit cancer cells.
Short-chain fatty acids can inhibit inflammation.
Recent research suggests people with colon cancer may have greater odds of surviving if they increase their fiber consumption.
Fiber can reduce the risk of type 2 diabetes.
Fiber can reduce the risk of high cholesterol.
Fiber can reduce the risk of cardiovascular disease.
Fiber can reduce the risk of premature death.
Fiber improves digestion.
Improving digestion reduces the risk of constipation-induced issues.
Hemorrhoids are constipation-induced issues.
Pelvic floor problems are constipation-induced issues.
Fiber aids in blood sugar regulation.
Fiber slows digestion to a healthy degree.
Fiber slows the absorption of sugar into the bloodstream.
Slowing sugar absorption reduces blood sugar spikes after meals.
Fiber helps maintain a healthy weight.
Fiber contributes to maintaining a healthy weight through blood sugar regulation.
Fiber keeps individuals feeling fuller longer.
Feeling fuller for longer likely reduces overall calorie intake.
Fiber helps individuals poop.
Fiber helps remove toxins from the body.
Some fibrous foods support liver health.
Leafy vegetables support liver health.
Nuts support liver health.
The liver plays an important role in detoxification.
Experts are increasingly learning more about the connections between gut health and mental health.
Diets high in fiber-rich foods affect mood.
Diets low in fiber-rich foods affect mood.
Rapidly increasing fiber intake from very low levels can lead to negative outcomes.
Fiber pulls water into the digestive tract.
When fiber pulls water into the digestive tract, the tract expands.
Digestive tract expansion can cause discomfort in people unaccustomed to normal fiber intake.
Digestive tract expansion can cause bloating in people unaccustomed to normal fiber intake.
Fiber supplements can be helpful if individuals have problems eating enough fiber.
Fiber supplements can be helpful for medical problems that need to be addressed more aggressively, such as high cholesterol.
Fiber supplements predominantly made of psyllium husk are particularly helpful.
Fiber supplements should not replace fibrous foods.
Fibrous foods offer nutrients, minerals, and vitamins that supplements may lack.
The Dietary Guidelines for Americans website has a list of hundreds of commonly available foods.
The list includes the fiber content per standard serving size for these foods.
Drinking plenty of water is important when increasing fiber intake.
Insufficient water with fiber can cause more bloating.
Insufficient water with fiber can cause more gas.
Insufficient water with fiber can cause more constipation.
Dry stools can result from insufficient water intake with fiber.

**********Claims for hard query**********

Hemorrhoids are constipation-induced issues.
Butyrate is an example of a short-chain fatty acid.
The liver plays an important role in detoxification.

**********Formulated hard query**********

Hemorrhoids are in a certain state issues.
Butyrate is an example of something.
The liver plays an important role in a certain way.

**********Claims for medium query**********

Fiber supplements should not replace fibrous foods.
Low fiber intake has been linked to colon cancer.
Gut bacteria ferment fiber.

**********Formulated medium query**********

Fiber supplements should not replace something.
Low fiber intake has been linked to something.
Someone ferments fiber.

**********Claims for easy query**********

Registered dietitian Lauren Manaker stated that fibermaxxing is a trend worth trying.
Fibermaxxing videos typically feature people making and eating fiber-rich meals.
"Fibermaxxing" is the practice of consuming meals that help individuals meet or exceed daily fiber intake recommendations.

**********Formulated easy query**********

Someone stated that fibermaxxing is a trend worth trying.
Fibermaxxing videos typically feature people making and eating something.
"Fibermaxxing" is the practice of consuming meals in a certain way.

**********Page content extracted**********

Title: Scientists recover proteins from a 24 million-year-old rhino fossil. Are dinosaurs next?
URL: https://edition.cnn.com/2025/07/15/science/ancient-protein-rhino-fossil
Content: # Scientists recover proteins from a 24 million-year-old rhino fossil. Are dinosaurs next?

—

Scientists have recovered ancient proteins from a fossilized rhinoceros tooth, breaking new ground in the study of ancient life on Earth.

The 24 million-year-o

**********Extracted claims**********

Scientists have recovered ancient proteins from a fossilized rhinoceros tooth.
The recovery of ancient proteins from a fossilized rhinoceros tooth breaks new ground in the study of ancient life on Earth.
A 24-million-year-old fossilized rhinoceros tooth was unearthed in the Canadian Arctic.
The 24-million-year-old rhinoceros tooth contains proteins.
The proteins found in the 24-million-year-old rhinoceros tooth are 10 times older than the most ancient known DNA.
Scientists have analyzed the oldest detailed protein sequence on record using the sample from the rhinoceros tooth.
Ryan Sinclair Paterson stated that enamel is hard and protects proteins over long time scales.
Ryan Sinclair Paterson is a postdoctoral researcher at the Globe Institute at the University of Copenhagen in Denmark.
Ryan Sinclair Paterson led the Canadian research.
The study of ancient DNA preserved in bones, fossils, and dirt has revolutionized archaeological science.
Ancient DNA has provided information about lost empires, mysterious clans, ice age creatures, and previously unknown human species.
Ancient proteins hold the potential for a revolution in the study of fossils that are many millions of years old.
Fossils that are many millions of years old are currently beyond the chronological reach of ancient DNA.
The study on the rhino tooth was published on July 9 in the scientific journal Nature.
The study showcases the enormous potential of the field known as paleoproteomics.
The field of studying ancient proteins is known as paleoproteomics.
Proteins are made up of sequences of amino acids.
Proteins are more robust than DNA.
DNA is a fragile molecule that degrades relatively easily.
Proteins contain less detailed information than DNA.
Proteins can help to elucidate a specimen’s evolutionary history.
Proteins can help to elucidate a specimen’s diet.
Proteins can help determine the sex of a fossil in some cases.
Enrico Cappellini is a coauthor of the study.
Enrico Cappellini is a professor at the University of Copenhagen’s Globe Institute.
Enrico Cappellini has pioneered methods to extricate proteins from fossils.
Enrico Cappellini was involved in the Canadian research.
Cappellini, Paterson, and colleagues at the University of York and the Canadian Museum of Nature recovered sequences from seven proteins.
The seven proteins recovered were preserved inside the fossilized rhino tooth.
Sequencing ancient proteins involves determining the order of amino acids in a sample.
Scientists can glean information about the evolution of a rhino by comparing its protein sequences with those of living and extinct relatives.
The analysis of the rhino protein sequences revealed that the rhino diverged from the same family as living rhinos approximately 41 million to 25 million years ago.
Ryan Sinclair Paterson stated that the fossil record includes various rhinoceros species forms, such as the woolly rhinoceros and the Siberian unicorn.
Ryan Sinclair Paterson stated that researchers were able to compare the mystery rhino with other forms to determine its place in the family tree.
Separate research was also published on July 9 in the journal Nature.
The separate research sampled fossils from Kenya’s Turkana Basin.
The separate research suggests biomolecules can survive for millions of years in searing, tropical environments.
The Kenyan study analyzed 10 mammal fossils.
The mammal fossils analyzed in the Kenyan study included relatives of modern elephants, hippos, and rhinos.
The Kenyan study was published by researchers at the Smithsonian Institution’s Museum Conservation Institute and Harvard University.
Proteins were recovered from five of the Kenyan fossils.
The five Kenyan fossils from which proteins were recovered are dated between 1.5 million and 18 million years ago.
Scientists can extract prehistoric proteins even in tropical regions with high temperatures.
Prehistoric proteins can reveal links between ancient elephants and rhinos and their modern-day relatives.
The authors of the Kenyan study stated that the information in the Kenyan proteins was less detailed than that found in the Canadian fossil.
The authors of the Kenyan study stated that the presence of proteins within enamel tissues in one of the world’s warmest regions holds promise that proteins in much older fossils could be discovered.
Timothy Cleland is a study author.
Timothy Cleland is a physical scientist at the Museum Conservation Institute.
Maarten Dhaenens is a researcher at the University of Ghent in Belgium.
Maarten Dhaenens specializes in proteomics.
Maarten Dhaenens stated that the research on the Canadian fossil was "sound and super interesting."
Maarten Dhaenens stated that the methodology used on the Kenyan fossils was complex and less tested.
Maarten Dhaenens argued that the Kenyan researchers’ findings are harder to interpret and warranted a more thorough assessment.
Maarten Dhaenens stated that the data from the Kenyan study is publicly available.
Evan Saitta is a paleontologist and research associate at Chicago’s Field Museum of Natural History.
Evan Saitta stated that finding proteins preserved within fossils at tropical latitudes was "shocking."
Evan Saitta stated that the findings from tropical latitudes needed replication.
It was previously assumed that cold temperatures were necessary to slow down the breakdown of proteins.
Matthew Collins is the McDonald Professor in Palaeoproteomics at the UK’s University of Cambridge.
Matthew Collins stated that getting proteins from very old fossils would be a palaeontologist’s dream come true.
Matthew Collins agreed that the research on the Canadian fossil was more convincing.
Matthew Collins has tried to recover proteins from dinosaur fossils.
Collins and Saitta were part of a team that detected amino acids in a titanosaur eggshell fragment.
Research detecting amino acids in a titanosaur eggshell fragment was published in 2024.
The titanosaur egg was laid by a plant-eating sauropod.
Sauropods were huge, long-necked dinosaurs.
Sauropods lived in the Late Cretaceous period.
Dinosaurs went extinct 66 million years ago.
The dinosaur eggshell lacked identifiable protein sequences.
Evan Saitta stated that the results from the dinosaur eggshell showed a pattern of decay.
Evan Saitta stated that the pattern of decay indicated there were once proteins in the eggshell.
Matthew Collins stated that there was no protein sequence left in the dinosaur eggshell.
Matthew Collins stated that only individual amino acids remained in the dinosaur eggshell.
Evan Saitta has given up looking for proteins in dinosaur fossils.
Evan Saitta stated that dinosaur fossils are far older than the fossils in the Canadian and Kenyan studies.
Evan Saitta stated that dinosaur fossils mostly date back to a hothouse period in the global climate.
Evan Saitta stated that there were no ice caps during the hothouse period when most dinosaur fossils date back to.
Evan Saitta stated that, on average, dinosaur fossils are buried far deeper.
Evan Saitta stated that dinosaur fossils have experienced far greater geothermal heat due to deeper burial.
Evan Saitta stated that it is not clear whether dinosaur teeth had thick enough enamel to preserve proteins.

**********Claims for hard query**********

Enrico Cappellini is a coauthor of the study.
Enrico Cappellini was involved in the Canadian research.
Enrico Cappellini is a professor at the University of Copenhagen’s Globe Institute.

**********Formulated hard query**********

Someone is a coauthor of the study.
Enrico Cappellini was involved in something.
Enrico Cappellini is a professor at something.

**********Claims for medium query**********

Evan Saitta stated that, on average, dinosaur fossils are buried far deeper.
The Kenyan study analyzed 10 mammal fossils.
The separate research suggests biomolecules can survive for millions of years in searing, tropical environments.

**********Formulated medium query**********

Someone stated that, on average, dinosaur fossils are buried far deeper.
The Kenyan study analyzed a certain number of mammal fossils.
The separate research suggests biomolecules can survive for millions of years in certain environments.

**********Claims for easy query**********

Scientists have recovered ancient proteins from a fossilized rhinoceros tooth.
The recovery of ancient proteins from a fossilized rhinoceros tooth breaks new ground in the study of ancient life on Earth.
Ancient proteins hold the potential for a revolution in the study of fossils that are many millions of years old.

**********Formulated easy query**********

Scientists have recovered ancient proteins from something.
The recovery of ancient proteins from a fossilized rhinoceros tooth is in a certain way in the study of ancient life on Earth.
Ancient proteins hold the potential for something in the study of fossils that are many millions of years old.

**********Page content extracted**********

Title: Gaza and Ukraine will show whether Trump is a true leader or just a bully
URL: https://edition.cnn.com/2025/07/29/politics/trump-scotland-trip-russia-gaza-analysis
Content: # Gaza and Ukraine will show whether Trump is a true leader or just a bully

Donald Trump looked like the last king of Scotland.

To the skirl of bagpipes, the president welcomed Keir Starmer to one of his Scottish golfing palaces in his mother’s ancestra

**********Extracted claims**********

The US President welcomed Keir Starmer to one of the President's Scottish golfing palaces.
Keir Starmer flew in as a guest.
The US President held a news conference that addressed topics including wind power, window frames in the President's ballroom, and Windsor Castle.
The US President flew Keir Starmer across Scotland on Air Force One to another of the President's exclusive clubs.
Top European Union official Ursula von der Leyen arrived at Turnberry links for an audience carrying a trade deal.
Some Europeans described the trade deal as a surrender.
The US President sent US stealth bombers globally to bombard Iran’s nuclear program.
The US President secured promises of increased military spending from NATO members.
The US President promised supporters that a high volume of wins would be achieved.
The US President made tonal shifts concerning Gaza and Ukraine.
The US President contradicted Israeli Prime Minister Benjamin Netanyahu’s claim about starvation in Gaza.
Israeli Prime Minister Benjamin Netanyahu claimed there is no starvation in the Gaza enclave following months of Israeli bombardments.
The US President stated, “We have to get the kids fed.”
The US President promised to establish food distribution centers to alleviate famine in Gaza.
The US President offered few details about how food distribution would operate in the Gaza war zone.
Civilians have been killed while waiting for food in the Gaza war zone.
The US President ignored US complicity in the Gaza aid crisis.
A Washington-backed Israeli program bypassed UN experts and encountered difficulties.
The US President previously suggested that Gazans should leave to facilitate the creation of a “Middle East Riviera” beach resort.
The US President has expressed frustration with Russian President Vladimir Putin’s refusal to accept the US President's peace deal suggestions for Ukraine.
The US President reduced a previous 50-day deadline for action on Ukraine to 10 or 12 days.
The US President stated, “We have such nice conversations, such respectful and nice conversations. And then people die the following night.”
The US President’s trade negotiators held high-level talks with China in Sweden.
The European Union opted not to use its economic power to harm the US economy.
The European Union accepted a deal involving the imposition of a 15% tariff on European exports.
French Prime Minister François Bayrou posted on X, stating: “An alliance of free peoples, gathered to assert their values and defend their interests, resolves to submission.”
Tariffs are part of recent trade deals announced with Japan and the Philippines.
Europe’s economic growth is currently sluggish.
Europe’s economic growth is expected to be negatively impacted by the trade deal.
Wolfgang Große Entrup, head of the German Chemical Industry Association, stated: “Those who expect a hurricane are grateful for a storm.”
The US President estimated the European Union agreement was “the biggest deal ever.”
The short framework agreement is not a detailed agreement.
A detailed agreement may require years to negotiate and thousands of pages to detail.
The White House framework announcement is insubstantial and contains conditional language.
The specific concessions made by the European Union in the framework agreement are unclear.
No clear indication exists that Europeans have conceded to US demands regarding hormone-treated beef.
No clear indication exists that Europeans have conceded to US demands regarding eased regulation of Silicon Valley firms.
A pledge was made for NATO members to increase defense spending to 5% by 2035 during the US President's last transatlantic trip.
Keir Starmer’s willingness to meet the US President has resulted in a friendship with the US President.
The United Kingdom has a 10% tariff rate from the United States, which is lower than the rate imposed on the European Union.
US alliances and leadership of like-minded democracies were fundamental to Washington’s power since the end of World War II.
The United States required its allies after the September 11 attacks in 2001.
Some traditional allies of the United States are considering closer ties to China.
Kori Schake, a former foreign policy official for the Bush administration, writes in Foreign Affairs that the Trump team is accelerating a future in which countries will either leave the current US-led international order or establish a new order hostile to American interests.
Imposing a 15% tariff on European goods imposes a consumption tax on Americans.
Fredrik Persson, president of BusinessEurope, stated that the 15% tariff will negatively impact both the US and EU economies.

**********Claims for hard query**********

A detailed agreement may require years to negotiate and thousands of pages to detail.
The short framework agreement is not a detailed agreement.
Civilians have been killed while waiting for food in the Gaza war zone.

**********Formulated hard query**********

A detailed agreement may require years to negotiate and a certain quantity of pages to detail.
Something is not a detailed agreement.
Civilians have been killed while waiting for food in a certain place.

**********Claims for medium query**********

A pledge was made for NATO members to increase defense spending to 5% by 2035 during the US President's last transatlantic trip.
The US President sent US stealth bombers globally to bombard Iran’s nuclear program.
The European Union accepted a deal involving the imposition of a 15% tariff on European exports.

**********Formulated medium query**********

A pledge was made for NATO members to increase defense spending to a certain amount in a certain timeframe during the US President's last transatlantic trip.
Someone sent US stealth bombers globally to bombard Iran’s nuclear program.
The European Union accepted something involving the imposition of a 15% tariff on European exports.

**********Claims for easy query**********

Kori Schake, a former foreign policy official for the Bush administration, writes in Foreign Affairs that the Trump team is accelerating a future in which countries will either leave the current US-led international order or establish a new order hostile to American interests.
The US President made tonal shifts concerning Gaza and Ukraine.
US alliances and leadership of like-minded democracies were fundamental to Washington’s power since the end of World War II.

**********Formulated easy query**********

Someone writes in Foreign Affairs that the Trump team is accelerating a future in which countries will either leave the current US-led international order or establish a new order hostile to American interests.
Someone made tonal shifts concerning Gaza and Ukraine.
US alliances and leadership of like-minded democracies were fundamental to Washington’s power in a certain period.

**********Page content extracted**********

Title: Mother killed in Arkansas stabbings went back to help husband after getting her children to safety, police say
URL: https://edition.cnn.com/2025/08/01/us/arkansas-devils-den-killings-andrew-mcgann
Content: # Mother killed in Arkansas stabbings went back to help husband after getting her children to safety, police say

Cristen Brink witnessed the unthinkable. Then she did the unimaginable.

While on a family hike at Devil’s Den State Park on Saturday, Criste

**********Extracted claims**********

Clinton Brink was ambushed and stabbed by an attacker on a family hike at Devil’s Den State Park.
Arkansas State Police reported the ambush and stabbing of Clinton Brink.
Cristen Brink ran away with her young daughters to remove them from danger.
Investigators stated that Cristen Brink ran away with her young daughters to remove them from danger.
Cristen Brink returned to the location of the attack to attempt to save Clinton Brink.
State police Major Stacie Rhoads stated that Cristen Brink did not return completely to the car with her children.
Major Stacie Rhoads stated that investigators believe Cristen Brink took her children to safety before returning to help her husband.
The suspected attacker is identified as 28-year-old Andrew McGann.
Andrew McGann killed Cristen Brink and Clinton Brink.
The killings occurred as the daughters of Cristen Brink and Clinton Brink, aged 9 and 7, informed other adults at the park about the events.
Andrew McGann faces two counts of capital murder.
Washington County Prosecuting Attorney Brandon Carter stated that Cristen Brink and Clinton Brink protected their daughters to the fullest extent, resulting in their deaths.
A hiker on the trail observed the Brink children and escorted them to safety.
The hiker subsequently discovered the bodies of Cristen Brink and Clinton Brink.
A probable cause document filed by prosecutors provides details about the hiker's actions.
The hiker was delayed in calling 911 to report the deaths due to the absence of cell service in that part of the park.
Andrew McGann was taken into custody at a hair salon.
Andrew McGann's arrest occurred 30 miles from the initial location of a manhunt.
Andrew McGann's arrest occurred four days after the murders.
Andrew McGann admitted to the crimes during police questioning, according to state police.
Andrew McGann has no known adult criminal history.
Andrew McGann made a court appearance in Fayetteville.
Andrew McGann wore a striped jail uniform during his court appearance.
Andrew McGann spoke only to acknowledge his name in court.
A judge granted Andrew McGann a public defender.
A judge ordered Andrew McGann to remain jailed without bond.
Andrew McGann's arraignment is scheduled for August 25.
Investigators are still attempting to determine the motive for the killings.
Investigators are releasing more details about the circumstances of the crime.
Washington County Prosecuting Attorney Brandon Carter stated there is no reason to believe any known association existed between Andrew McGann and the victims.
Washington County Prosecuting Attorney Brandon Carter stated the event appears to be completely random.
Initially, the only description of the suspect available to police was provided by the Brink children.
Washington County Prosecuting Attorney Brandon Carter stated that all information investigators were using originated from the two young daughters of the victims.
Another witness observed a man leaving the trail with blood on his face.
The witness identified the suspected killer’s car as a Kia Stinger.
Investigators believe tape on the vehicle was designed to obscure its model.
A search of Arkansas registration records led investigators to identify Andrew McGann as their chief suspect, according to Major Stacie Rhoads.
Major Stacie Rhoads stated there is speculation that significant thought went into concealing Andrew McGann's identity.
Major Stacie Rhoads stated that Andrew McGann was also very sloppy.
The car identified in public advisories as the suspect's vehicle was parked at Lupita’s Beauty Salon & Barber Shop.
A lanky man with stringy blonde hair entered Lupita’s Beauty Salon & Barber Shop and requested a fade haircut.
Andrew McGann acknowledged the car was his when officers arrived, according to police.
Investigators observed several cuts on Andrew McGann's hands, as stated in a court document.
Surveillance video showed Andrew McGann did not resist while being handcuffed.
The salon shared surveillance video with CNN.
Major Stacie Rhoads stated that Andrew McGann was completely cooperative.
Andrew McGann’s car was searched.
Blood was found inside Andrew McGann’s car, according to a probable cause statement.
Andrew McGann made statements indicating he had committed the two homicides after receiving his Miranda warnings, according to a court document.
The motive for the killings of Clinton Brink, 43, and Cristen Brink, 41, remains unknown, according to investigators.
Andrew McGann had moved to Arkansas earlier in the year of the report.
Andrew McGann was scheduled to become an elementary teacher in the Springdale Public Schools, according to the district.
Andrew McGann had been hired as a teacher in at least five different school districts in Arkansas, Oklahoma, and Texas since 2022.
The school districts that hired Andrew McGann include Sand Springs Public Schools, Broken Arrow Public Schools, Lewisville Independent School District, Springdale Public Schools, and Plano Independent School District.
Andrew McGann did not accrue any classroom time with students in the Springdale school district.
Andrew McGann did not accrue any classroom time with students in the Plano school district.
Andrew McGann was placed on administrative leave at Donald Elementary in Flower Mound, Texas, in the spring of 2023.
The administrative leave followed concerns related to classroom management, professional judgment, and student favoritism.
The Lewisville Independent School District stated this information in a statement to CNN.
An internal investigation by the Lewisville Independent School District found no evidence of inappropriate behavior by Andrew McGann with students.
Andrew McGann resigned from the Lewisville Independent School District in May 2023.
Andrew McGann worked at Plano Independent School District for four days in August 2024.
Andrew McGann resigned from the Plano Independent School District before the first day of school.
The Plano Independent School District informed CNN of Andrew McGann's resignation.
The Plano Independent School District stated that all district employees must undergo strict hiring processes and procedures as prescribed by law.
These procedures include background checks and fingerprinting, with no adverse findings at the time of Andrew McGann's hire.
The prosecutor stated there was no evidence of any intention to physically harm the Brinks’ daughters.
Washington County Prosecuting Attorney Brandon Carter stated there are no indications that suggest the Brinks' daughters were Andrew McGann's target.
Andrew McGann's DNA matches blood evidence collected by state police.
Washington County Prosecuting Attorney Brandon Carter expressed confidence that Andrew McGann is the correct defendant in the case.
Washington County Prosecuting Attorney Brandon Carter stated that the public does not need to worry regarding other suspects.
Colonel Mike Hagar, director of the Arkansas State Police, stated there is no reason to believe anyone else was involved in the crime.
The lead prosecutor intends to pursue the death penalty if Andrew McGann is convicted.
Washington County Prosecuting Attorney Brandon Carter stated that the case contains aggravators that warrant a jury deciding Andrew McGann's punishment.
Washington County Prosecuting Attorney Brandon Carter intends to present the case to a jury to decide the punishment.
The state will not waive the death penalty in this case.
Officials prioritize ensuring the daughters of Cristen Brink and Clinton Brink receive necessary support.
Two of the daughters witnessed the attack.
A third daughter was not present at the park on the day of the attack.
Colonel Mike Hagar stated that the daughters have very strong family support.
Colonel Mike Hagar stated he has no doubt the three girls will be well taken care of.

**********Claims for hard query**********

The administrative leave followed concerns related to classroom management, professional judgment, and student favoritism.
The Plano Independent School District stated that all district employees must undergo strict hiring processes and procedures as prescribed by law.
A lanky man with stringy blonde hair entered Lupita’s Beauty Salon & Barber Shop and requested a fade haircut.

**********Formulated hard query**********

The administrative leave followed **some concerns**.
**A certain entity** stated that all district employees must undergo strict hiring processes and procedures as prescribed by law.
A lanky man with stringy blonde hair entered **a certain place** and requested a fade haircut.

**********Claims for medium query**********

Andrew McGann's DNA matches blood evidence collected by state police.
A third daughter was not present at the park on the day of the attack.
Washington County Prosecuting Attorney Brandon Carter intends to present the case to a jury to decide the punishment.

**********Formulated medium query**********

Someone's DNA matches blood evidence collected by state police.
A third daughter was not present in a certain place on the day of the attack.
Someone intends to present the case to a jury to decide the punishment.

**********Claims for easy query**********

The motive for the killings of Clinton Brink, 43, and Cristen Brink, 41, remains unknown, according to investigators.
The killings occurred as the daughters of Cristen Brink and Clinton Brink, aged 9 and 7, informed other adults at the park about the events.
Washington County Prosecuting Attorney Brandon Carter stated that Cristen Brink and Clinton Brink protected their daughters to the fullest extent, resulting in their deaths.

**********Formulated easy query**********

Something remains unknown, according to investigators.
The killings occurred as the daughters of Cristen Brink and Clinton Brink, in a certain state, informed other adults at the park about the events.
Someone stated that Cristen Brink and Clinton Brink protected their daughters to the fullest extent, resulting in their deaths.

**********Page content extracted**********

Title: He tried building smartphones in the US over a decade ago. He has advice for companies trying it today
URL: https://edition.cnn.com/2025/08/04/tech/smartphones-made-in-the-us-motorola-tariffs
Content: # He tried building smartphones in the US over a decade ago. He has advice for companies trying it today

In 2013, Motorola tried to claw its way into a bigger share of a smartphone market dominated by Apple and Samsung with four words: Made in the USA.



**********Extracted claims**********

In 2013, Motorola attempted to increase its share in the smartphone market.
Apple and Samsung dominated the smartphone market in 2013.
Motorola's 2013 strategy for smartphone market share involved emphasizing "Made in the USA."
A segment of customers indicated a preference for products manufactured in the United States.
Motorola closed its Texas factory in 2014.
Motorola stopped domestic assembly of the Moto X in 2014.
The Moto X was Motorola's flagship phone.
The Moto X was intended to compete with iPhones and Samsung Galaxy devices.
Proximity to crucial suppliers is a factor in smartphone assembly location.
Lower labor costs are a factor in smartphone assembly location.
A gap in necessary skills makes smartphone production challenging in the United States.
Difficulty in filling factory jobs makes smartphone production challenging in the United States.
President Donald Trump pressured Apple and Samsung to manufacture mobile devices in the United States.
Apple and Samsung faced the threat of tariffs if they did not manufacture mobile devices in the United States.
Higher tariffs on imports from China were set to take effect on August 12.
Many electronics are assembled in China.
The tariffs on imports from China could be averted if a deal or extension was reached.
India became the world’s top exporter of smartphones to the United States.
India was scheduled to face 25% tariffs on smartphones starting August 7.
Dennis Woodside was CEO of Motorola from May 2012 to 2014.
Google owned Motorola from May 2012 until its sale to Lenovo in 2014.
Google-owned Motorola began producing the Moto X smartphone in Fort Worth, Texas, in 2013.
Producing the Moto X in the US appealed to US shoppers who preferred domestically made products.
Manufacturing the Moto X in the US allowed for greater customization compared to iPhones or Galaxy phones.
Motorola offered consumers the ability to customize aesthetic details of the Moto X, such as button and back panel colors, via its website.
Customization was a key selling point for the Moto X.
Motorola assembled Moto X units for the US market in Texas.
Components for the Moto X, including the battery, screen, and motherboard, were sourced from Asian suppliers.
The Moto X did not achieve sufficient sales to sustain its US assembly.
Strategy Analytics reported 500,000 Moto X units were sold in the third quarter of 2013.
Motorola confirmed plans to close its Texas factory and relocate Moto X assembly by May 2014.
Higher costs were associated with Moto X production in the United States.
The supply chain for Moto X production was fragmented.
Motorola's Moto X production effort may be the only attempt to build smartphones in America at scale.
Tech startup Purism manufactures its Liberty phone in America.
Purism's production scale for the Liberty phone is much smaller than Motorola's Moto X production.
Motorola's Texas facility assembled approximately 100,000 phones per week.
Training and retaining employees were major challenges for Motorola's US smartphone production.
Workers in the US had alternative employment options, such as retail or food service jobs.
The availability of other job options made it difficult to attract and retain staff for smartphone manufacturing in the US.
Smartphones contain hundreds of tiny parts.
Most workers in the US were unaccustomed to the specific type of work required for smartphone assembly.
Motorola had to train workers for smartphone assembly in the US.
The United States faces a skill shortage in manufacturing.
The United States faces a demand shortage in manufacturing that makes it difficult to fill factory jobs.
The United States faces a demand shortage in manufacturing that makes it difficult to onshore production of tech products like smartphones.
The US manufacturing sector lost an estimated 11,000 jobs between June and July.
The US Bureau of Labor Statistics reported the loss of manufacturing jobs.
Approximately 15,000 manufacturing positions were eliminated between May and June.
The manufacturing sector was one of the hardest-hit sectors in terms of job cuts for the period reported.
A Cato Institute survey from August 2024 indicated that most Americans disagreed with the statement "I would be better off if I worked in a factory instead of my current field of work."
Attracting and retaining a quality workforce was identified as a top business challenge for US manufacturers in the National Association of Manufacturers outlook survey from the first quarter of the year.
China has a plentiful labor market for smartphone assembly.
China's manufacturing sector has experienced rapid growth.
Approximately 123 million people were employed in manufacturing in China in 2023.
Manufacturing employed the most people of any industry in China in 2023.
China's fifth economic census, published in December 2024, reported these employment figures for manufacturing.
China hosts Foxconn's Zhengzhou facility, an Apple partner.
Approximately 350 iPhones were assembled per minute at Foxconn's Zhengzhou facility in 2016.
Apple has moved some of its manufacturing operations to India.
Apple has moved some of its manufacturing operations to Vietnam.
Apple's manufacturing shift aimed to reduce reliance on China.
Tim Cook stated in 2017 that China's workforce for smartphone manufacturing offers a combination of "craftsman" skills, "sophisticated robotics," and "the computer science world."
Smartphone assembly involves mounting small components such as camera parts and chips onto a device.
Smartphone assembly requires significant dexterity for continuous work.
China's approach to developing manufacturing talent differs from the United States'.
Technical training and vocational education in the United States vary by state or industry.
Sujai Shivakumar, director and fellow at the Center for Strategic and International Studies, observed differences in manufacturing talent development approaches.
Sujai Shivakumar, director and fellow at the Center for Strategic and International Studies, stated that technical training and vocational education in the United States vary by state or industry.
China dominates the global smartphone manufacturing market.
Phones manufactured in India have a slightly higher market share among US customers.
Global smartphone manufacturing data cited is from Q1 2025.
US smartphone manufacturing data cited is from the first half of the year.
Carolyn Lee, executive director of the Manufacturing Institute, stated that many new manufacturing jobs will likely require skills such as coding and data analytics.
Artificial intelligence and automation are increasing their role in factories.

**********Claims for hard query**********

Google owned Motorola from May 2012 until its sale to Lenovo in 2014.
The tariffs on imports from China could be averted if a deal or extension was reached.
Higher tariffs on imports from China were set to take effect on August 12.

**********Formulated hard query**********

Someone owned Motorola from May 2012 until its sale to Lenovo in 2014.
The tariffs on imports from China could be averted if `certain conditions` were reached.
Higher tariffs on imports from China were set to take effect on `a certain date`.

**********Claims for medium query**********

Global smartphone manufacturing data cited is from Q1 2025.
China hosts Foxconn's Zhengzhou facility, an Apple partner.
Sujai Shivakumar, director and fellow at the Center for Strategic and International Studies, observed differences in manufacturing talent development approaches.

**********Formulated medium query**********

Someone, director and fellow at the Center for Strategic and International Studies, observed differences in manufacturing talent development approaches.
Global smartphone manufacturing data cited is from a certain time.
China hosts a certain facility, an Apple partner.

**********Claims for easy query**********

Difficulty in filling factory jobs makes smartphone production challenging in the United States.
The United States faces a demand shortage in manufacturing that makes it difficult to onshore production of tech products like smartphones.
A gap in necessary skills makes smartphone production challenging in the United States.

**********Formulated easy query**********

Difficulty in filling something makes smartphone production challenging in the United States.
The United States faces a something in manufacturing that makes it difficult to onshore production of tech products like smartphones.
A gap in something makes smartphone production challenging in the United States.

