**********Page content extracted**********

Title: Nine months after Hurricane Helene: Still mud and mess, but a powerful lesson in small-town resilience
URL: https://edition.cnn.com/2025/07/10/politics/north-carolina-fema-hurricane-helene-recovery-aotm
Content: # Nine months after Hurricane Helene: Still mud and mess, but a powerful lesson in small-town resilience

\- Source:
—

Korey Hampton sees progress every day as she works along the French Broad River. But, nine months after Hurricane Helene, there are sti

**********Extracted claims**********

Korey Hampton observes daily progress while working by the French Broad River.
Nine months after Hurricane Helene, painful reminders and flashbacks persist.
Korey Hampton and her husband, Mitch Hampton, own French Broad Adventures.
French Broad Adventures is an outdoor activity company.
French Broad Adventures offers rafting, ziplining, and other activities.
French Broad Adventures operates in Western North Carolina.
Tourists are attracted to the area due to its scenic views.
The Appalachian Trail traverses the mountains in the area.
The French Broad River serves as a location for rafting and kayaking.
The Hamptons volunteer for the local raft rescue squad.
Floodwaters after the hurricane resulted in days of exhausting rescue operations.
Weeks after the hurricane, recovery of bodies took place.
Some businesses have reopened in downtown Marshall.
Other businesses in downtown Marshall are nearing reopening, as indicated by the sounds of construction.
Some buildings in the town remain closed.
Some buildings in the town are still filled with dirt and mud.
Debris piles persist along the river in difficult-to-access locations.
Some debris piles along the river contain logos of businesses located 20 miles or more upstream.
The water level rose 27 vertical feet during the flood.
Floodwater sometimes covered hundreds of horizontal feet.
Many trees are missing from the area.
The river appears wider.
Hurricane Helene made landfall as a Category 4 hurricane in Florida on September 26.
On September 27, churning conditions affected small towns located along rivers and streams beneath the eastern slopes of the Blue Ridge Mountains.
Cellular service was unavailable.
Radio communication was intermittent.
Local residents were unable to access online services or contact distant family and friends for days, or sometimes longer.
Misinformation proliferated on the internet in the period leading up to Election Day.
Misinformation was spread regarding the death toll.
Misinformation was spread regarding the federal and state response to the hurricane.
Hot Springs Mayor Abby Norton discussed Helene recovery efforts and challenges while walking the town’s Old Red Bridge.
Potter Josh Copus provided a tour of his ceramics studio.
Josh Copus uses several wood-burning kilns to fire, dry, and cure his ceramic work.
The Madison County Courthouse is located in downtown Marshall.
Big Pillow Brewery is located in Hot Springs, North Carolina.
Amy Rubin, owner of Big Pillow Brewery, spoke in the rebuilt brewing room.
Previously, President Biden was the focus of debate regarding post-hurricane response.
Currently, President Trump is the focus of questions concerning the speed and extent of federal assistance and the future of FEMA.
The 2020 census recorded Marshall's population as 846.
Hot Springs, located approximately 16 miles northwest of Marshall, had a population of 520 according to the census.
Madison County has a population of 22,000 people.
Madison County is situated northwest of Asheville.
Madison County is located where North Carolina meets Tennessee.
Trump and his allies contributed to the disinformation campaign following the floods.
Amy Rubin is a Democrat residing in Hot Springs.
The county where Amy Rubin resides voted 60 percent for Trump.
Amy Rubin and her husband own Big Pillow Brewing.
Big Pillow Brewing was one of the first businesses to reopen in Hot Springs.
Big Pillow Brewing owners are awaiting a check from their flood insurance.
Big Pillow Brewing owners proceeded with cleanup and rebuilding efforts despite not yet receiving their flood insurance check.
An unpainted board on the bar inside Big Pillow Brewing indicates the floodwater height within the building.
The outdoor music stage at Big Pillow Brewing is constructed from new lumber.
The building housing the sheriff's office, mayor's office, and other town offices remains in disarray.
Most of the mud has been removed from the basement of this building.
The hardware store is closed.
The inn where Korey Hampton performed a second-story rescue is closed.
The flood was primarily caused by debris transforming a bridge on Spring Creek into a dam.
Hot Springs Mayor Abby Norton took her first days off since September 27.
Mayoral elections in the area are nonpartisan.
Abby Norton is a Christian who states that prayer influences her major decisions.
Abby Norton stated that she voted third-party in November, following the flood, due to an inability to support either Trump or Harris.
Abby Norton states that processes, such as receiving a federal check for town office repairs, take too long.
Abby Norton is concerned by discussions from Trump and his team regarding the elimination of FEMA or significant reduction of the federal role in disaster relief.
Marshall is nearly 500 miles east of the Atlantic Ocean.
Marshall is more than 500 miles south of the coast along the Florida panhandle.
Madison County was not included on any hurricane watch list.
On September 27, Josh Copus was considering using sandbags and moving valuables to the second floor of his Old Marshall Jail Hotel.
Josh Copus was also considering moving or securing furniture on the restaurant patio located by the railroad tracks along the French Broad River.
At 9 o’clock, the water rose over the railroad tracks.
Water had not gone over the railroad tracks since 1977.
Within one hour, 4 feet of water accumulated in the town.
Josh Copus went to the highest step of the Madison County Courthouse.
The top step of the Madison County Courthouse offered a view of the river and Josh Copus's hotel.
After two hours, Josh Copus had to leave the courthouse as water was entering it.
At its peak, the floodwater surged 27 feet up the flood ruler on the side of the old jail.
Josh Copus had meticulously restored the old jail to serve as a hotel and gathering place.
There was no cell service.
The community began recovery efforts with shovels, dump trucks, and backhoes.
Neighbors contributed items to the recovery.
Buildings in the town were destroyed.
Josh Copus was still involved in shoveling efforts on Election Day.
A woman from the community claimed to have heard that FEMA condemned Marshall.
The woman stated she saw the information on the internet.
Individuals engaged in mud shoveling did not inquire about voting preferences or political affiliations of building or business owners.
Repairing new pipes, bridges, and the railroad crossing presents challenges for residents of Marshall and Hot Springs.
Residents of the area identify as Appalachian Americans.
Josh Copus is a potter.
Josh Copus is a gifted ceramics artist.
Josh Copus has a ceramics studio and kilns located in the woods outside Marshall.
Josh Copus organized musicians to record an album at the hotel during restoration work.
Proceeds from the album will support recovery efforts.

**********Claims for hard query**********

The hardware store is closed.
Radio communication was intermittent.
Cellular service was unavailable.

**********Formulated hard query**********

Something is closed.
Radio communication was in a certain state.
Cellular service was in a certain state.

**********Claims for medium query**********

Josh Copus went to the highest step of the Madison County Courthouse.
Korey Hampton and her husband, Mitch Hampton, own French Broad Adventures.
Abby Norton stated that she voted third-party in November, following the flood, due to an inability to support either Trump or Harris.

**********Formulated medium query**********

Josh Copus went to a certain place.
Korey Hampton and her husband, Mitch Hampton, own something.
Abby Norton stated that she voted third-party in November, following the flood, due to an inability to support certain people.

**********Claims for easy query**********

Hot Springs Mayor Abby Norton discussed Helene recovery efforts and challenges while walking the town’s Old Red Bridge.
Big Pillow Brewing owners proceeded with cleanup and rebuilding efforts despite not yet receiving their flood insurance check.
Nine months after Hurricane Helene, painful reminders and flashbacks persist.

**********Formulated easy query**********

Someone discussed Helene recovery efforts and challenges while walking the town’s Old Red Bridge.
Big Pillow Brewing owners proceeded with cleanup and rebuilding efforts despite not yet receiving something.
A certain period of time after Hurricane Helene, painful reminders and flashbacks persist.

**********Page content extracted**********

Title: It’s not just humans – chimpanzees also like to follow trends, study shows
URL: https://edition.cnn.com/2025/07/10/science/chimpanzees-grass-behavior-scli-intl
Content: # It’s not just humans – chimpanzees also like to follow trends, study shows

—

Chimpanzees living in a sanctuary in Africa have developed a “fashion trend” for dangling blades of grass or sticks from their ear holes and their behinds, a new study shows.

**********Extracted claims**********

A new study indicates that chimpanzees follow trends.
Chimpanzees living in an African sanctuary developed a "fashion trend" of dangling blades of grass or sticks from their ear holes and their behinds.
Researchers at Chimfunshi Wildlife Orphanage Trust chimpanzee sanctuary in Zambia observed a female chimpanzee beginning to dangle objects from her ear in 2010.
The dangling behavior was subsequently copied by other members of the female chimpanzee's group.
Ed van Leeuwen is the lead author of the study.
Ed van Leeuwen is an assistant professor of behavioural biology at Utrecht University in the Netherlands.
No evidence indicated that chimpanzees used the grass or sticks to alleviate pain or itching.
Chimpanzees appeared very relaxed when performing the dangling behavior.
Ed van Leeuwen characterized the behavior as a "fashion trend or social tradition."
Chimpanzees in a different group at the sanctuary began demonstrating the same dangling behavior over a decade after the first group.
Some chimpanzees in the second group also inserted objects into their rectums.
The second group of chimpanzees lived approximately nine miles from the first group.
The second group of chimpanzees could not have copied the behavior directly from the first group due to their distance.
Staff members in one area of the reserve had developed a habit of cleaning their ears with matchsticks or twigs.
Staff members in another area of the reserve did not have this ear-cleaning habit.
Ed van Leeuwen hypothesizes that chimpanzees in the first area learned the behavior from caregivers.
Ed van Leeuwen hypothesizes that the behavior was then transmitted to other members of the chimpanzee group.
Caregivers influenced the behavior in the second group of chimpanzees.
The second chimpanzee group later developed the practice of inserting sticks and grass into their rectums.
Ed van Leeuwen stated that the trend spreads through social learning.
Ed van Leeuwen cited an example of a group of chimpanzees at a zoo in the Netherlands where one female chimpanzee started walking as if she were carrying a baby when she was not.
All female chimpanzees in that zoo group adopted the specific walking style.
A new female chimpanzee who quickly adopted the walking style was integrated rapidly into the group.
A new female chimpanzee who refused to adopt the walking style took longer to be accepted into the group.
Ed van Leeuwen suggests these behaviors are related to fitting in and smoothing social relationships among chimpanzees.
The grass dangling behavior was primarily observed during chimpanzees' leisure time.
Chimpanzees engaged in the dangling behavior when they congregated to groom and play.
Chimpanzees living in the sanctuary do not have to worry about predators.
Chimpanzees living in the sanctuary do not face competition from other groups.
Chimpanzees in the sanctuary have more leisure time compared to their wild counterparts.
Elodie Freymann is a post-doctoral affiliate at the University of Oxford’s Primate Models for Behavioural Evolution Lab.
Elodie Freymann was not involved in the study.
Elodie Freymann stated that these types of observations are key to advancing the understanding of the origins and transmission patterns of cultural behaviors in chimpanzees and other non-human animals.
Elodie Freymann described the potential for interspecies copying between chimpanzees and their human caretakers as "mind blowing."

**********Claims for hard query**********

Staff members in another area of the reserve did not have this ear-cleaning habit.
Ed van Leeuwen is an assistant professor of behavioural biology at Utrecht University in the Netherlands.
Elodie Freymann was not involved in the study.

**********Formulated hard query**********

Chimpanzees living in a sanctuary in Africa have developed a “fashion trend” in a certain way, a new study shows.
In 2010, researchers working in a certain place observed how a female chimp started to dangle objects from her ear, and the behavior was soon copied by other members of her group, study lead author Ed van Leeuwen, an assistant professor of behavioural biology at Utrecht University in the Netherlands, told CNN on Wednesday.
There was no evidence that the chimpanzees were using the grass or sticks to deal with pain or itches, and they were in a certain state when they did it, Van Leeuwen said.

**********Claims for medium query**********

The second group of chimpanzees could not have copied the behavior directly from the first group due to their distance.
The grass dangling behavior was primarily observed during chimpanzees' leisure time.
Some chimpanzees in the second group also inserted objects into their rectums.

**********Formulated medium query**********

The second group of chimpanzees could not have copied the behavior from a certain source due to their distance.
The grass dangling behavior was primarily observed at a certain time.
Some chimpanzees in the second group also inserted objects into something.

**********Claims for easy query**********

A new study indicates that chimpanzees follow trends.
Chimpanzees living in an African sanctuary developed a "fashion trend" of dangling blades of grass or sticks from their ear holes and their behinds.
Elodie Freymann described the potential for interspecies copying between chimpanzees and their human caretakers as "mind blowing."

**********Formulated easy query**********

Something indicates that chimpanzees follow trends.
Chimpanzees living in an African sanctuary developed a "fashion trend" in a certain way.
Someone described the potential for interspecies copying between chimpanzees and their human caretakers as "mind blowing."

**********Page content extracted**********

Title: Trump and his allies mount a pressure campaign against US elections ahead of the midterms
URL: https://edition.cnn.com/2025/08/02/politics/trump-elections-pressure-campaign
Content: # Trump and his allies mount a pressure campaign against US elections ahead of the midterms

A few weeks ago, Republican election officials in Colorado began receiving unsolicited calls and texts from a GOP consultant who said he was working with the Trum

**********Extracted claims**********

Republican election officials in Colorado received unsolicited calls and texts from a GOP consultant.
The GOP consultant stated he was working with the Trump administration on “election integrity.”
The consultant, Jeff Small, indicated in a text to an election official that he was acting on a request from Stephen Miller, the White House deputy chief of staff.
Jeff Small stated in a phone call with an election clerk that he was coordinating with the White House and the Justice Department to implement an elections executive order signed by President Donald Trump.
Justin Grantham, the top election official in Fremont County, recalled Jeff Small's statement about coordinating with the White House and Justice Department.
Justin Grantham and Carly Koppes told CNN that Jeff Small requested they give a third party access to their election equipment.
Carly Koppes oversees elections in Weld County in northern Colorado.
Justin Grantham and Carly Koppes declined Jeff Small's request.
Carly Koppes stated that access to her election equipment would be denied.
The outreach to the Colorado clerks is part of federal actions launched by the Trump administration and groups aligned with the president.
The White House distanced itself from Jeff Small.
Donald Trump and his allies are collecting voter data.
Donald Trump and his allies are working to change the ground rules for the upcoming midterms.
Donald Trump and his allies often invoke federal government authority.
Democrats need to net three seats in the US House in 2026 to flip control of the chamber from Republicans.
Samantha Tarazi, CEO of the nonprofit Voting Rights Lab, stated her belief that Donald Trump is preparing to use his office's power to interfere in the 2026 election.
Samantha Tarazi stated that an executive order, which she described as unconstitutional, has evolved into a federal mobilization to gain power over elections.
White House spokesperson Harrison Fields stated that Donald Trump is fighting for election integrity.
Harrison Fields stated that Donald Trump will continue fighting for election integrity despite Democratic objections.
Harrison Fields stated that Democratic objections reveal disdain for safeguards like verifying citizenship.
Harrison Fields stated that free and fair elections are the bedrock of the Constitutional Republic.
Harrison Fields stated confidence in securing a victory in the courtroom.
Restricting access to election machines and sensitive voting software has become more important to election officials.
Voting system breaches have occurred in states such as Colorado and Georgia.
Donald Trump's allies sought access to machines to find evidence to support the claim of widespread fraud in the 2020 election.
Election watchdogs and some Democratic election officials state that activity by Donald Trump and aligned groups has raised fears of a broader effort to reshape elections.
Donald Trump signed an executive order in March.
Donald Trump's executive order sought to force states to require proof of citizenship for voter registration.
The executive order also sought to force "enforcement action" against states accepting mail ballots after Election Day.
Federal judges have blocked parts of Donald Trump's executive order.
Federal judges noted that the power to regulate elections rests with states and Congress, not the president.
The Republican National Committee (RNC) is attempting to obtain voter registration records from states.
The Republican National Committee sent records requests to 48 states and Washington, DC, on the day Donald Trump signed the executive order.
These RNC requests sought information on how states maintain voter registration lists.
The Republican National Committee has sued New Jersey.
The RNC alleges that New Jersey officials failed to respond to its requests for voter data and documents related to voting machine audits.
New Jersey is the location of a gubernatorial race.
A spokesperson for New Jersey’s elections division declined to comment on the litigation.
The Justice Department asked more than a dozen states to provide voter lists.
The Justice Department asked states to explain procedures for removing potential ineligible voters from their rolls.
The Justice Department asked states to discuss entering into information-sharing agreements to help the agency root out election fraud.
Justice Department demands include seeking copies of voting rolls in Michigan.
Justice Department demands include a broad request in Colorado for election records dating back to 2020.
Republicans in Texas are undertaking a mid-decade redistricting.
This redistricting follows entreaties from Donald Trump.
A map released by Republican lawmakers in Texas aims to gain five additional Democratic seats for the GOP.
This map would give the Republican Party the advantage in 30 of Texas's 38 congressional districts.
Republican lawmakers control the Texas state legislature.
The Republican-controlled House approved the SAVE Act in April.
The SAVE Act mirrors parts of Donald Trump’s executive order.
The SAVE Act requires proof of citizenship to register to vote.
The SAVE Act would make it a crime for election officials to mistakenly register someone to vote who has not provided proof of citizenship.
Texas Gov. Greg Abbott cited a letter from Harmeet Dhillon to justify redistricting in his state.
Harmeet Dhillon is the head of the Justice Department’s civil rights division.
Harmeet Dhillon's letter challenged the legality of four existing congressional districts.
Harmeet Dhillon stated in a statement that clean voter rolls and basic election safeguards are requisites for free, fair, and transparent elections.
Harmeet Dhillon stated that the agency has a statutory mandate to enforce federal voting rights laws.
Harmeet Dhillon stated that ensuring the voting public’s confidence in election integrity is a top priority of the administration.
Donald Trump has been blunt about his partisan goals in Texas.
Donald Trump has suggested that other GOP-controlled states should pursue their own redistricting efforts.
The administration’s actions have unsettled some election officials.
Election officials have endured years of threats and harassment following the 2020 election.
Conspiracy theories about election fraud flourished after the 2020 election.
David Becker, executive director and founder of the Center for Election Innovation & Research, stated that election officials are "surfing on quicksand."
David Becker is a former DOJ voting rights attorney.
David Becker stated that election officials do not know what the executive order means or if it has any meaning.
David Becker stated that election officials do not know if they will be investigated for doing their jobs.
David Becker stated that election officials do not know if the power of the federal government will be weaponized against them.
David Becker stated that election officials do not know if the Department of Justice will sue them.
A survey of 858 local election officials was conducted by the Brennan Center for Justice at New York University’s Law School.
The survey was conducted by email between April 15 and May 17.
The survey has a margin of error of +/-3 percentage points.
59% of local election officials surveyed are concerned about political leaders interfering with their jobs.
46% of local election officials surveyed are concerned about politically motivated investigations of their work.
The Center used a list of 8,491 local election officials, created with help from the US Vote Foundation, to invite participation in the survey.
Republican election clerks in Colorado began receiving calls and texts from Jeff Small in early July.
This outreach was previously reported by The Washington Post and Colorado media outlets.
Jeff Small has worked for Colorado GOP Rep. Lauren Boebert.
Jeff Small worked for the US Interior Department during Donald Trump’s first term.
Jeff Small is currently a principal with a Denver public affairs firm.
County officials interviewed by CNN stated that Jeff Small told them he was reaching out specifically to Republican clerks in blue states.
Jeff Small told officials his outreach aimed to help advance Donald Trump’s executive order.
Justin Grantham, the election clerk in Fremont County, stated that Jeff Small’s outreach to only Republican officials was an early red flag.
Justin Grantham stated that a concern arose when Jeff Small mentioned gaining access to the county’s election equipment.
Justin Grantham stated he did not believe the president had the constitutional authority to write executive orders affecting elections.
Justin Grantham stated he would not allow access to his voting equipment until the Supreme Court found the president could issue such orders.
CNN contacted Jeff Small.
Suzanne Taheri, Jeff Small's attorney, responded to CNN’s inquiry.
Suzanne Taheri stated in a text message that Jeff Small’s outreach supported efforts by administration allies.
Suzanne Taheri stated these efforts aimed to encourage officials to participate in President Trump’s election security executive order.
Suzanne Taheri stated that Jeff Small undertook the activity on a volunteer basis during his free time while on paternity leave.
Neither Jeff Small nor Suzanne Taheri answered questions about who in the administration asked Jeff Small to contact the clerks.
The White House distanced itself from Jeff Small’s actions in a statement.
A White House spokesperson stated in an email to CNN that Jeff Small does not speak for the White House.
A White House spokesperson stated that Jeff Small was never authorized to do official business on behalf of the White House.
Stephen Miller did not respond to CNN requests for comment.
There is heightened sensitivity in Colorado around who can access election equipment.
This heightened sensitivity follows the prosecution of former Mesa County elections clerk, Tina Peters.
Tina Peters became a celebrity among pro-Trump activists.
Pro-Trump activists have advanced false claims that voting machines were rigged in the 2020 election.
Many state laws set strict security standards for voting machines.
These standards aim to prevent tampering with elections.
Colorado has specifically barred third parties from accessing election equipment.
A judge sentenced Tina Peters to nine years in prison.
Tina Peters was convicted on state charges for her role in a breach of her county’s election system.
The breach was part of an unsuccessful effort to find fraud.
Donald Trump and his administration have supported Tina Peters' cause.
The Justice Department stated earlier this year it was reviewing Tina Peters' case.
The review is part of a broad mandate from Donald Trump.
The mandate aims to counter prosecutions that the Justice Department stated were aimed at "inflicting political pain rather than pursuing actual justice."
Donald Trump called Tina Peters an “innocent Political Prisoner” in a social media post in May.
Donald Trump directed the Justice Department to take all necessary action to help secure Tina Peters' release.
Colorado Secretary of State Jena Griswold stated to CNN that her office provided voter data to the Justice Department.
This voter data is generally available to the public.
Jena Griswold stated she declined to comply with a request for 2020 election records.
Jena Griswold stated her refusal was because the federal government has no legal basis to seek these records.
Federal law requires the preservation of election data in federal races for 22 months.
Jena Griswold stated that Donald Trump’s actions demonstrate Donald Trump is using the power of the federal government to undermine American elections and voter confidence.
Tensions over election administration remain high in Colorado.
Donald Trump lost Colorado in all three of his White House bids.
Carly Koppes, the Republican clerk of Weld County, stated she faced many threats for defending the 2020 election results.
Carly Koppes stated she faced threats for her county’s use of Dominion Voting machines.
Carly Koppes began to vary her routes to and from work due to these threats.
Carly Koppes continues to vary her routes to and from work.
Crane, the head of the clerk’s association, stated that it took courage for county clerks to rebuff recent overtures.
Crane noted the persistence of suspicion and harassment.
Crane noted that an elections office in southern Colorado, housing Dominion machines, was firebombed.
No one was injured in the firebombing incident.
Crane stated that threats against election officials are very real.

**********Claims for hard query**********

Suzanne Taheri stated that Jeff Small undertook the activity on a volunteer basis during his free time while on paternity leave.
The survey was conducted by email between April 15 and May 17.
No one was injured in the firebombing incident.

**********Formulated hard query**********

Someone stated that Jeff Small undertook the activity on a volunteer basis during his free time while on paternity leave.
The survey was conducted in a certain way between April 15 and May 17.
No one was injured in a certain incident.

**********Claims for medium query**********

Justin Grantham stated he did not believe the president had the constitutional authority to write executive orders affecting elections.
Donald Trump lost Colorado in all three of his White House bids.
David Becker is a former DOJ voting rights attorney.

**********Formulated medium query**********

Someone stated he did not believe the president had the constitutional authority to write executive orders affecting elections.
Donald Trump lost Colorado in a certain way.
David Becker is a former something voting rights attorney.

**********Claims for easy query**********

Carly Koppes, the Republican clerk of Weld County, stated she faced many threats for defending the 2020 election results.
Tensions over election administration remain high in Colorado.
Election officials have endured years of threats and harassment following the 2020 election.

**********Formulated easy query**********

`Someone`, the Republican clerk of Weld County, stated she faced many threats for defending the 2020 election results.
Tensions over election administration remain high in `a certain place`.
Election officials have endured years of threats and harassment following `a certain event`.

**********Page content extracted**********

Title: Ancient Peruvian city more than 3,000 years old unveiled
URL: https://edition.cnn.com/2025/07/08/science/penico-ancient-city-peru-scli-intl
Content: # Ancient Peruvian city more than 3,000 years old unveiled

—

An ancient Peruvian city that was a thriving hub of trade more than 3,000 years ago has been unveiled by archaeologists.

Peñico is located in the Huaura province, north of the capital Lima, a

**********Extracted claims**********

An ancient Peruvian city, Peñico, has been unveiled by archaeologists.
Peñico was a thriving trade hub more than 3,000 years ago.
Peñico is located in the Huaura province, north of Lima.
The site of Peñico was officially opened to the public.
Details of the Peñico site were unveiled following eight years of excavation and conservation.
Peñico was built 600 meters above sea level.
Peñico developed following the cultural tradition of the Caral.
Due to its strategic location, Peñico connected coastal and mountain towns of Supe and Huaura, as well as those living in the Andean-Amazonian and high Andean regions.
Ruth Shady is the lead researcher and director of the Caral Archaeological Zone (ZAC).
The Caral Archaeological Zone (ZAC) is attached to Peru’s Ministry of Culture.
Some 18 structures have been identified in Peñico.
Identified structures in Peñico include public buildings and residential units.
B1-B3 is a significant monumental public building in Peñico.
Archaeologists uncovered clay sculptures in B1-B3.
Archaeologists uncovered ceremonial tools in B1-B3.
Archaeologists uncovered conch-shell trumpets called “pututus” in B1-B3.
“Pututus” were instruments that once echoed across ancient Andean landscapes to summon gatherings and invoke the gods.
Peñico’s prestige may have been tied to its role in the trade of hematite.
Hematite is a red pigment with symbolic meaning in Andean cosmology.
The Peñico site is now open for tourism.
The Peñico site includes a modern interpretation center.
The Peñico site includes reception areas.
The Peñico site includes walking routes through the preserved ruins.
The first ever Peñico Raymi, a public festival, is scheduled to be held.
Peñico Raymi will celebrate the site’s cultural legacy.
Peñico Raymi will feature traditional rituals.
Peñico Raymi will feature art.
Peñico Raymi will include a ceremony to honor the goddess Pachamama.

**********Claims for hard query**********

Hematite is a red pigment with symbolic meaning in Andean cosmology.
Ruth Shady is the lead researcher and director of the Caral Archaeological Zone (ZAC).
Archaeologists uncovered clay sculptures in B1-B3.

**********Formulated hard query**********

Hematite is a red pigment with something.
Someone is the lead researcher and director of the Caral Archaeological Zone (ZAC).
Archaeologists uncovered clay sculptures in something.

**********Claims for medium query**********

Peñico Raymi will feature traditional rituals.
The Peñico site includes walking routes through the preserved ruins.
“Pututus” were instruments that once echoed across ancient Andean landscapes to summon gatherings and invoke the gods.

**********Formulated medium query**********

Peñico Raymi will feature something.
The Peñico site includes something through the preserved ruins.
“Pututus” were instruments that once echoed across ancient Andean landscapes in a certain way.

**********Claims for easy query**********

An ancient Peruvian city, Peñico, has been unveiled by archaeologists.
Peñico Raymi will celebrate the site’s cultural legacy.
Peñico was a thriving trade hub more than 3,000 years ago.

**********Formulated easy query**********

An ancient Peruvian city, something, has been unveiled by archaeologists.
Something will celebrate the site’s cultural legacy.
Peñico was something more than 3,000 years ago.

**********Page content extracted**********

Title: Tom Holland says ‘Spider-Man 4’ will be a ‘breath of fresh air’ after Covid forced last movie to be shot on sound stages
URL: https://edition.cnn.com/2025/07/15/entertainment/tom-holland-spider-man-4-covid
Content: # Tom Holland says ‘Spider-Man 4’ will be a ‘breath of fresh air’ after Covid forced last movie to be shot on sound stages

—

Tom Holland is “over the moon” to soon be slinging webs again as everyone’s favorite neighborhood Spider-Man, but he’s “so excit

**********Extracted claims**********

Tom Holland will play Spider-Man again.
The next Spider-Man film is the fourth in the Marvel Cinematic Universe series.
The next Spider-Man film is titled “Spider-Man: Brand New Day.”
Tom Holland stated that the Covid-19 pandemic restricted what the filmmakers could do for the last Spider-Man movie.
"Spider-Man: No Way Home" was released in 2021.
Tom Holland stated that "Spider-Man: No Way Home" was entirely shot on sound stages.
Tom Holland stated that the next Spider-Man film will be shot in real locations.
Tom Holland stated that Glasgow, Scotland, will be a filming location for the next Spider-Man movie.
Tom Holland stated that production for the next Spider-Man movie will begin soon.
Tom Holland stated that the streets of Glasgow will be used for a massive set piece in the next Spider-Man movie.
"Spider-Man: Homecoming" was released in 2017.
"Spider-Man: No Way Home" grossed $1.9 billion worldwide.
"Spider-Man: No Way Home" was the third film in its franchise.
"Spider-Man: No Way Home" featured actors Tobey Maguire and Andrew Garfield.
Tobey Maguire and Andrew Garfield previously portrayed Peter Parker/Spider-Man in other franchises.
"Spider-Man: Brand New Day" is scheduled for release in summer 2026.

**********Claims for hard query**********

"Spider-Man: Homecoming" was released in 2017.
"Spider-Man: No Way Home" featured actors Tobey Maguire and Andrew Garfield.
"Spider-Man: No Way Home" grossed $1.9 billion worldwide.

**********Formulated hard query**********

"Spider-Man: Homecoming" was released in a certain year.
"Spider-Man: No Way Home" featured someone.
"Spider-Man: No Way Home" grossed a certain amount worldwide.

**********Claims for medium query**********

The next Spider-Man film is the fourth in the Marvel Cinematic Universe series.
"Spider-Man: Brand New Day" is scheduled for release in summer 2026.
Tom Holland stated that "Spider-Man: No Way Home" was entirely shot on sound stages.

**********Formulated medium query**********

The next Spider-Man film is the fourth in a certain series.
Something is scheduled for release in summer 2026.
Tom Holland stated that "Spider-Man: No Way Home" was shot in a certain way.

**********Claims for easy query**********

The next Spider-Man film is titled “Spider-Man: Brand New Day.”
Tom Holland stated that production for the next Spider-Man movie will begin soon.
Tom Holland will play Spider-Man again.

**********Formulated easy query**********

The next Spider-Man film is titled something.
Someone will play Spider-Man again.
Tom Holland stated that production for the next Spider-Man movie will begin at a certain time.

**********Page content extracted**********

Title: England beats Spain on penalties to win Women’s Euro 2025 final
URL: https://edition.cnn.com/2025/07/27/sport/england-spain-womens-euro-2025-final-spt
Content: # England beats Spain on penalties to win Women’s Euro 2025 final

Video 
\- Source:

England has been crowned champion of Europe for the second successive time after defeating Spain 3-1 on penalties in the Women’s Euro 2025 final.

Just as she was when t

**********Extracted claims**********

England defeated Spain to win the Women’s Euro 2025 final.
England won the Women's Euro 2025 final 3-1 on penalties.
England has been crowned champion of Europe for the second successive time.
Chloe Kelly scored the decisive penalty in the Women’s Euro 2025 final shootout.
The Women’s Euro 2025 final ended in a 1-1 draw before penalties.
England lost to Spain in the 2023 World Cup final.
Chloe Kelly scored the winning goal when the Lionesses defeated Germany in the 2022 tournament final.
Alessia Russo scored a header in the 57th minute of the Women’s Euro 2025 final.
Alessia Russo’s goal canceled out Mariona Caldentey’s opening goal.
Mariona Caldentey scored the opening goal of the Women’s Euro 2025 final.
Lucy Bronze played almost two hours of the Women’s Euro 2025 final.
Lucy Bronze played the entire tournament with a fractured tibia.
Chloe Kelly scored a 119th-minute winning goal against Italy in the semifinal.
Hannah Hampton saved two penalties in the Women’s Euro 2025 final shootout.
Hannah Hampton saved two penalties in the quarterfinal against Sweden.
Mary Earps is described as a legendary England goalkeeper.
Michelle Agyemang won the Young Player of the Tournament award.
Michelle Agyemang scored crucial goals in both the quarterfinal and semifinal matches.
The Lionesses celebrated their victory jubilantly.
Chloe Kelly led a rendition of "Sweet Caroline" after the victory.
"Sweet Caroline" is the Lionesses’ unofficial anthem.
Hannah Hampton spoke to the BBC after the game.
King Charles offered congratulations on England's victory.
The Prince and Princess of Wales, William and Charlotte, expressed congratulations on X.
England’s victory is the latest chapter in a rivalry that dominates women’s international soccer.
The rivalry between England and Spain was most notably seen in the 2023 World Cup final.
Spain was the underdog in the 2023 World Cup final.
Spain was the champion in the 2023 World Cup final.
Spain is regarded by most as the best team in the world.
The Spanish soccer world was affected by an incident that overshadowed Spain’s 2023 World Cup victory.
Jenni Hermoso was kissed on the lips by Luis Rubiales during the 2023 World Cup on-field medal ceremony.
Luis Rubiales was the Royal Spanish Football Federation (RFEF) chief at the time of the Jenni Hermoso incident.
Women’s soccer has continued to grow in popularity in Europe.
The total attendance at the Women’s Euro 2025 tournament was a record-breaking 657,291.
Alessia Russo had a scoring opportunity less than three minutes into the Women’s Euro 2025 final.
Lucy Bronze played the ball to Alessia Russo for an early scoring opportunity.
Cata Coll saved Alessia Russo’s early shot.
Ona Batlle cleared the ball after Alessia Russo’s early shot.
Esther González had two scoring chances in the Women’s Euro 2025 final.
Lauren Hemp had a scoring opportunity just before the 20-minute mark of the Women’s Euro 2025 final.
Cata Coll made a brilliant save to prevent a close-range shot from Lauren Hemp.
Cata Coll gave the ball to Lauren Hemp.
Lauren Hemp is a Manchester City forward.
Spain took the lead in the Women’s Euro 2025 final.
Aitana Bonmatí, Athenea del Castillo, and Ona Batlle combined for Spain’s opening goal.
Ona Batlle delivered a cross for Spain’s opening goal.
Mariona Caldentey scored Spain's opening goal with a header.
Mariona Caldentey got in front of Lucy Bronze to score Spain's opening goal.
Spain was in complete control by the 40th minute of the Women’s Euro 2025 final.
Lauren James was substituted in the Women’s Euro 2025 final due to an ankle injury.
Chloe Kelly replaced Lauren James in the Women’s Euro 2025 final.
The score was leveled in the 57th minute of the Women’s Euro 2025 final.
Alessia Russo scored the leveling goal in the Women’s Euro 2025 final.
Chloe Kelly, an Arsenal forward, provided a cross for Alessia Russo’s leveling goal.
Alessia Russo headed the ball past Cata Coll to score the leveling goal.
Alessia Russo got between Irene Paredes and Laia Aleixandri to score the leveling goal.
Chloe Kelly had a left-foot shot that was tipped wide by Cata Coll.
Spain was the stronger team at the end of 90 minutes in the Women’s Euro 2025 final.
The Women’s Euro 2025 final went to extra time.
England’s quarterfinal match went to extra time.
England’s semifinal match went to extra time.
Salma Paralluelo had the best scoring chance in extra time.
Salma Paralluelo was a substitute in the Women’s Euro 2025 final.
Ona Batlle delivered a cross in extra time.
Salma Paralluelo missed her penalty kick in the shootout.
Chloe Kelly had previously missed a penalty against Italy but converted the rebound.
Chloe Kelly shot her decisive penalty high into Cata Coll’s net.
Chloe Kelly spoke to the BBC after the game.

**********Claims for hard query**********

Luis Rubiales was the Royal Spanish Football Federation (RFEF) chief at the time of the Jenni Hermoso incident.
Lauren Hemp is a Manchester City forward.
The Prince and Princess of Wales, William and Charlotte, expressed congratulations on X.

**********Formulated hard query**********

Someone was the Royal Spanish Football Federation (RFEF) chief at the time of the Jenni Hermoso incident.
Lauren Hemp is a forward for a certain team.
The Prince and Princess of Wales, William and Charlotte, expressed congratulations on a certain platform.

**********Claims for medium query**********

The rivalry between England and Spain was most notably seen in the 2023 World Cup final.
Alessia Russo had a scoring opportunity less than three minutes into the Women’s Euro 2025 final.
Mariona Caldentey got in front of Lucy Bronze to score Spain's opening goal.

**********Formulated medium query**********

The rivalry between England and Spain was most notably seen in a certain event.
Alessia Russo had a scoring opportunity at a certain time into the Women’s Euro 2025 final.
Someone got in front of Lucy Bronze to score Spain's opening goal.

**********Claims for easy query**********

Chloe Kelly scored the decisive penalty in the Women’s Euro 2025 final shootout.
Chloe Kelly scored the winning goal when the Lionesses defeated Germany in the 2022 tournament final.
England defeated Spain to win the Women’s Euro 2025 final.

**********Formulated easy query**********

`Someone` scored the decisive penalty in the Women’s Euro 2025 final shootout.
Chloe Kelly scored the winning goal when the Lionesses defeated `a certain team` in the 2022 tournament final.
England defeated `a certain country` to win the Women’s Euro 2025 final.

**********Page content extracted**********

Title: Explosives found during arrest of Tennessee man who threatened public officials, police say
URL: https://edition.cnn.com/2025/08/02/us/tennessee-improvised-explosives-arrest
Content: # Explosives found during arrest of Tennessee man who threatened public officials, police say

—

Officers found 14 improvised explosive devices while executing a search warrant for a man who had threatened to kill public officials and tried to detonate t

**********Extracted claims**********

Officers found 14 improvised explosive devices.
The improvised explosive devices were found during the execution of a search warrant.
A man had threatened to kill public officials.
The man attempted to detonate devices during his arrest.
Detectives and deputies went to a home in Old Fort.
Old Fort is located approximately 45 miles east of Chattanooga.
The purpose of the visit to the home was to apprehend a 54-year-old suspect.
Officers noticed something smoldering in a bedroom after the suspect was taken into custody.
The suspect was found in the bedroom.
Officers observed what appeared to be an improvised explosive device.
Officers evacuated the home.
Bomb squad officers and agents with the federal Bureau of Alcohol, Tobacco, Firearms and Explosives (ATF) located the 14 devices.
The suspect was charged with 11 counts of attempted first-degree murder.
The suspect was charged with 14 counts of prohibited weapons.
The suspect was charged with one count of possession of explosive components.
The suspect was held at the Polk County Jail.
The Polk County Jail could not confirm if the suspect had a lawyer.
The suspect had active warrants.
The active warrants were for threatening to kill public officials.
The active warrants were for threatening to kill law enforcement personnel in the county.
None of the devices detonated.

**********Claims for hard query**********

The suspect was found in the bedroom.
Officers evacuated the home.
Old Fort is located approximately 45 miles east of Chattanooga.

**********Formulated hard query**********

The suspect was found in a certain place.
Officers dealt with the home in a certain way.
Old Fort is located in a certain location.

**********Claims for medium query**********

Officers found 14 improvised explosive devices.
The improvised explosive devices were found during the execution of a search warrant.
Officers observed what appeared to be an improvised explosive device.

**********Formulated medium query**********

Officers found a certain number of improvised explosive devices.
The improvised explosive devices were found in a certain way.
Officers observed what appeared to be something.

**********Claims for easy query**********

The man attempted to detonate devices during his arrest.
The suspect was charged with one count of possession of explosive components.
A man had threatened to kill public officials.

**********Formulated easy query**********

The man attempted to do something during his arrest.
The suspect was charged with something.
A man had threatened someone.

**********Page content extracted**********

Title: What are your questions about lifestyle changes and cognitive decline?
URL: https://edition.cnn.com/2025/07/28/health/lifestyle-changes-cognitive-decline
Content: # What are your questions about lifestyle changes and cognitive decline?

Healthy habits like eating a nutritious diet and getting regular exercise can protect your brain as you age. Research shows that it may even help after physical signs of cognitive p

**********Extracted claims**********

Healthy habits, such as eating a nutritious diet and getting regular exercise, can protect a person's brain as they age.
Research indicates that healthy habits may provide benefits even after physical signs of cognitive problems have started.

**********Claims for hard query**********

Healthy habits, such as eating a nutritious diet and getting regular exercise, can protect a person's brain as they age.
Research indicates that healthy habits may provide benefits even after physical signs of cognitive problems have started.

**********Formulated hard query**********

Healthy habits, such as doing something, can protect a person's brain as they age.
Something indicates that healthy habits may provide benefits even after physical signs of cognitive problems have started.

**********Claims for medium query**********

Healthy habits, such as eating a nutritious diet and getting regular exercise, can protect a person's brain as they age.
Research indicates that healthy habits may provide benefits even after physical signs of cognitive problems have started.

**********Formulated medium query**********

Healthy habits, such as eating a nutritious diet and getting regular exercise, can protect something.
Research indicates that healthy habits may provide benefits even after in a certain state.

**********Claims for easy query**********

Healthy habits, such as eating a nutritious diet and getting regular exercise, can protect a person's brain as they age.
Research indicates that healthy habits may provide benefits even after physical signs of cognitive problems have started.

**********Formulated easy query**********

Healthy habits, such as certain activities, can protect a person's brain as they age.
Research indicates that healthy habits may provide benefits even after a certain condition has begun.

**********Page content extracted**********

Title: Fed-up Italian farmers set up mountain turnstiles to charge access to Instagram hot spots
URL: https://edition.cnn.com/2025/07/31/travel/italy-dolomites-farmers-turnstiles-instagram-tourism
Content: # Fed-up Italian farmers set up mountain turnstiles to charge access to Instagram hot spots

Sign up for Unlocking the World, CNN Travel’s weekly newsletter. Get news about destinations, plus the latest in aviation, food and drink, and where to stay.

If 

**********Extracted claims**********

Carlo Zanella, president of the Alto Adige Alpine Club, blames travel influencers for a recent social media trend.
The social media trend has attracted hundreds of thousands of tourists to the Dolomites.
Many tourists are traversing private land to capture photographs in the Dolomites.
Local farmers have installed turnstiles in response to the increased tourist influx.
Tourists must pay 5 euros (nearly $6) to access several “Instagrammable” spots through the turnstiles.
The Instagrammable spots include the Seceda and Drei Zinnen (Three Peaks) mountain ranges.
Photos depicting lines of up to 4,000 people per day have appeared on social media.
These images have attracted more people to the locations instead of deterring them.
Italian law mandates free access to natural parks, including the Alps and Dolomites.
The landowners who installed the turnstiles have not received official pushback from authorities.
Georg Rabanser is a former Italian national team snowboarder.
Georg Rabanser owns land in a meadow on Seceda.
Georg Rabanser and other landowners began charging tourists to cross their land to make a point.
Many people pass through the landowners' properties daily and leave trash.
The landowners' action of charging tourists was a cry for help.
The landowners expected communication from provincial authorities but received none.
The landowners have only read statements in newspapers regarding the issue.
The landowners have not received warning letters.
Carlo Zanella avoids alpine hiking trails during the summer months.
Carlo Zanella supports the landowners charging admission for access to their property.
Carlo Zanella believes the government should fund the upkeep of the entrance system.
Visitors to Venice are required to pay a 10-euro entrance fee (around $12) on busy weekends.
Carlo Zanella fears that the lack of preparation among social media tourists puts them at risk.
In the past, visitors to the mountains were prepared and dressed for hiking.
Germans visiting the mountains historically used maps and knew their routes.
Italians often used cable cars when going up the mountains.
People have ascended Seceda wearing sun umbrellas and flip-flops.
Some individuals have become stranded because the cable car closed and they did not check lift schedules.
The local tourism body has formally requested authorities to remove the turnstiles.
The local tourism body maintains that the issue is being exaggerated.
The Santa Cristina Tourist Board oversees a portion of the area where the turnstiles have been installed.
The Santa Cristina Tourist Board has employed four park rangers.
The park rangers are tasked with ensuring tourists remain on trails, avoid crossing meadows, and refrain from flying drones.
Lukas Demetz, president of the Santa Cristina Tourist Board, states that conditions have improved significantly.
Lukas Demetz states that the litter problem is not as severe as people claim and has considerably decreased.
Parking lots have been established across the Aosta Valley to prevent people from driving up the mountainside.
Hikers are mandated to use a paid shuttle bus to reach Monte Rosa.
At the Pian del Re peat bog in Piedmont, only 150 cars are permitted to park in the closest parking area.
Some regions, including Lake Braies, now impose a 40-euro charge per car to access the area.
Arno Kompatscher, the governor of South Tyrol province, has urged the national government to implement restrictions.
South Tyrol province is part of the Dolomites range.
The requested restrictions aim to protect fragile alpine ecosystems.
The restrictions also intend to discourage local residents from leasing their chalets to tourists.
New ordinances have characterized the 2025 summer across Italy.
Wearing only a swimsuit or being bare-chested in some Italian towns can incur a fine.
Semi-nudity can lead to a 500-euro fine in the interest of decorum.
The Tuscan island of Elba has implemented summer ordinances that forbid shirtless or swimsuit-only walking outside beach areas for both men and women.
The Ligurian city of Diano Marina has implemented summer ordinances that forbid shirtless or swimsuit-only walking outside beach areas for both men and women.
If attire is considered vulgar or "indecent," authorities can issue fines starting at 25 euros.
Walking barefoot is prohibited in Livorno.
Digging holes for umbrellas is prohibited on Sardinian beaches.
Smoking is prohibited on Sardinian beaches.
Lying on the sand without a mat is prohibited on Sardinian beaches.
At La Pelosa beach area, a maximum of 1,500 bathers are allowed at any given time to prevent overcrowding.
Take-away alcohol is banned in both the town and on the beach in San Felice Circeo.
San Felice Circeo is a party town located south of Rome.
Loud music can only be played during specific hours across much of Italy.
Boaters in the southern region of Puglia face a fine if they play music within 500 meters of the coast.

**********Claims for hard query**********

Georg Rabanser is a former Italian national team snowboarder.
The landowners have not received warning letters.
The landowners expected communication from provincial authorities but received none.

**********Formulated hard query**********

Georg Rabanser is something.
The landowners have not received something.
The landowners expected something but received none.

**********Claims for medium query**********

Take-away alcohol is banned in both the town and on the beach in San Felice Circeo.
Digging holes for umbrellas is prohibited on Sardinian beaches.
Smoking is prohibited on Sardinian beaches.

**********Formulated medium query**********

Fed-up Italian farmers set up **something** to charge access to Instagram hot spots.
**Someone**, president of the Alto Adige Alpine Club, blames them for the latest Italian social media trend.
Frustrated local farmers have set up turnstiles where tourists must **in a certain way** to access several “Instagrammable” spots, including the Seceda and Drei Zinnen (Three Peaks) mountain ranges.
Photos showing **something**, have been popping up on social media in recent weeks.
Italian law mandates **in a certain way** to natural parks, such as the Alps and Dolomites.
**Someone**, a former Italian national team snowboarder who owns land in a meadow on Seceda, told the Ladin-language magazine La Usc he and others started charging tourists to cross their land to make a point.
**Someone**, president of the Santa Cristina Tourist Board, said in a statement shared with CNN that things have improved significantly.
Across **a certain location**, parking lots have popped up to stop people from driving up the mountainside, and hikers are required to take the paid shuttle bus to Monte Rosa.
At **a certain location** in Piedmont, only 150 cars are allowed to park in the closest parking area to discourage visitors.
Some regions, including **a certain location**, now charge 40 euros a car to access the area to try to deter people from coming in to take pictures.
**Someone**, the governor of South Tyrol province, which includes part of the Dolomites range, has called on the national government to set restrictions to protect the fragile alpine ecosystems and dissuade local residents from renting out their chalets to tourists.
**In a certain way** in some Italian towns will attract more than a few looks.
Semi-nudity could also land you **something** — in the name of decorum.
**A certain location** and the Ligurian city of Diano Marina have both introduced summer ordinances that prohibit shirtless and swimsuit-only strutting — for both men and women — anywhere but the beach.
In **a certain location**, walking barefoot is prohibited.
On Sardinian beaches, you’ll get in trouble for digging holes for umbrellas, smoking, or **in a certain way**.
At **a certain location**, only 1,500 bathers are allowed at a time to prohibit overcrowding.
In **a certain location**, a party town south of Rome where having an aperitivo on the beach is a way of life, take-away alcohol is banned both in town and on the beach.
**Something** can only be blared during certain hours across much of the country, and in the southern region of Puglia, boaters risk a fine if they play music within 500 meters of the coast.

**********Claims for easy query**********

Wearing only a swimsuit or being bare-chested in some Italian towns can incur a fine.
Tourists must pay 5 euros (nearly $6) to access several “Instagrammable” spots through the turnstiles.
Italian law mandates free access to natural parks, including the Alps and Dolomites.

**********Formulated easy query**********

In a certain state in some Italian towns can incur a fine.
Tourists must pay a certain amount to access several “Instagrammable” spots through the turnstiles.
Italian law mandates free access to natural parks, including certain places.

**********Page content extracted**********

Title: Social Security says it will no longer send paper checks. What you need to know
URL: https://edition.cnn.com/2025/08/04/business/social-security-paper-checks?utm_source=business_ribbon
Content: # Social Security says it will no longer send paper checks. What you need to know

,

The Trump administration will soon stop sending out paper checks for Social Security beneficiaries, as part of an effort to fully modernize federal benefits payments. Th

**********Extracted claims**********

The Trump administration intends to stop sending paper checks to Social Security beneficiaries.
This action is part of an effort to fully modernize federal benefits payments.
Approximately 0.8% of all Social Security beneficiaries, representing a little over half a million recipients, must choose an alternative method to receive their benefits.
The Social Security Administration announced in mid-July that it would no longer issue paper checks starting on September 30.
Beneficiaries who have been receiving paper checks must choose between having their payments delivered electronically by direct deposit or receiving payments on a pre-paid debit card known as Direct Express.
The change to electronic payments is part of a broader government-wide initiative to modernize payment systems and enhance service delivery.
The US Treasury Department stated at the end of May that all federal payments, including Social Security benefits, tax refunds, and vendor payments, would be made electronically starting on September 30.
The transition to all electronic federal payments aligns with President Donald Trump’s executive order.
Paper checks are increasingly a gateway for fraud.
The Treasury is committed to raising awareness of the growing fraud risks associated with paper checks.
The Treasury aims to provide Americans with knowledge and tools to fight financial fraud and make informed financial decisions.
Electronic payments are more cost-effective than issuing paper checks.
Issuing paper checks costs about 50 cents each.
Sending funds electronically costs less than 15 cents.
Some exceptions will be made to the policy of not sending paper checks.
Senator Elizabeth Warren stated that Social Security Commissioner Frank Bisignano committed to allowing some exceptions to the new policy.
Commissioner Bisignano's plan is to start with beneficiaries who have checking accounts.
Commissioner Bisignano committed that no one would be left behind.
Commissioner Bisignano committed that people who still need access to paper checks will retain that access.
A Social Security spokesperson stated that the Social Security Administration (SSA) is proactively contacting beneficiaries to inform them about the change and the process to enroll in direct deposit or receive Direct Express cards.
The Social Security Administration spokesperson stated that paper checks will continue to be issued where a beneficiary has no other means to receive payment.
The mandate for federal payments to be made electronically predates the Trump administration.
The electronic payment mandate has been a matter of law for years for most payments.
The law has allowed federal agencies to make exceptions to the electronic payment mandate.
The GoDirect site includes a section on how recipients can request a waiver for paper checks.
Waivers for paper checks are granted only in rare circumstances.
One circumstance for a waiver is if electronic payments would impose a hardship due to a mental impairment.
Another circumstance for a waiver is if the benefits recipient lives in a remote geographic location lacking the infrastructure to support electronic financial transactions.
A third circumstance for a waiver is if the recipient is age 90 or older.
People who want a waiver can contact the Waiver Line at the US Treasury Electronic Payment Solution at 1-855-290-1545 to request a waiver application.
Recipients may print out a specific form and mail it to the listed address to request a waiver.

**********Claims for hard query**********

Sending funds electronically costs less than 15 cents.
The Treasury aims to provide Americans with knowledge and tools to fight financial fraud and make informed financial decisions.
Commissioner Bisignano committed that no one would be left behind.

**********Formulated hard query**********

Sending funds electronically costs something.
The Treasury aims to provide Americans in a certain way.
Someone committed that no one would be left behind.

**********Claims for medium query**********

This action is part of an effort to fully modernize federal benefits payments.
The transition to all electronic federal payments aligns with President Donald Trump’s executive order.
Electronic payments are more cost-effective than issuing paper checks.

**********Formulated medium query**********

Something is part of an effort to fully modernize federal benefits payments.
The transition to all electronic federal payments aligns with something.
Electronic payments are in a certain state than issuing paper checks.

**********Claims for easy query**********

The Trump administration intends to stop sending paper checks to Social Security beneficiaries.
The Social Security Administration announced in mid-July that it would no longer issue paper checks starting on September 30.
The Social Security Administration spokesperson stated that paper checks will continue to be issued where a beneficiary has no other means to receive payment.

**********Formulated easy query**********

The **something** intends to stop sending paper checks to Social Security beneficiaries.
The Social Security Administration announced **at a certain time** that it would no longer issue paper checks starting on September 30.
**Someone** stated that paper checks will continue to be issued where a beneficiary has no other means to receive payment.

**********Page content extracted**********

Title: NFL shaken as America’s most popular sport is affected by a uniquely American problem days before games begin
URL: https://edition.cnn.com/2025/07/30/sport/nfl-nyc-shooting-spt
Content: # NFL shaken as America’s most popular sport is affected by a uniquely American problem days before games begin

Late July is usually a time of great optimism and excitement for the NFL. Training camps are underway, preseason games are set to offer chance

**********Extracted claims**********

A shooting occurred at the New York City building that houses the NFL’s offices.
The shooting affected America's most popular sport.
The NFL has been affected by gun violence.
The issue of brain trauma from football's repeated violent hits is a sensitive matter for the NFL.
Brain trauma from football's repeated violent hits was scrutinized before preseason games began with the Hall of Fame game in Canton, Ohio, between the Detroit Lions and Los Angeles Chargers.
Shane Devon Tamura, a 27-year-old from Las Vegas, killed four people and himself in a midtown Manhattan office building on Park Avenue.
The shooting was the deadliest in New York City since 2000.
NFL Commissioner Roger Goodell stated in a memo that the league employee seriously injured in the incident is surrounded by family and members of the NFL community.
A virtual town hall was scheduled for NFL personnel.
John Miller of CNN reported that Shane Devon Tamura was put on psychiatric holds in 2022 and 2024.
Police described Shane Devon Tamura's mental health history as documented.
The rifle used by Shane Devon Tamura was assembled using a part purchased by an associate, which bypassed background checks required by Nevada law.
Papers found on Shane Devon Tamura's body indicate he had grievances with the NFL and its handling of chronic traumatic encephalopathy (CTE).
CTE is a degenerative brain disease.
CTE can be caused by repeated head trauma.
CTE is associated with memory loss, confusion, impulse control problems, aggression, depression, impaired judgment, and suicidal behavior.
Researchers are examining whether contact sports can increase athletes’ risk for CTE.
The NFL first publicly acknowledged a connection between CTE and football in 2016.
There is no proof that Shane Devon Tamura had CTE.
The only way to confirm whether an individual has CTE is to examine the brain after death.
Shane Devon Tamura apparently called for his brain to be studied.
New York City Police Commissioner Jessica Tisch stated that part of Tamura's note read: “Study my brain, I’m sorry.”
Shane Devon Tamura was a former high school football player.
Shane Devon Tamura shot himself in the chest.
Other football players who died by suicide have shot themselves in the chest to facilitate brain study after death.
A former teammate stated that Shane Devon Tamura suffered multiple concussions while playing at Golden Valley High School in the Los Angeles area.
An NYPD official stated that authorities determined Shane Devon Tamura had no previous connection to the NFL.
A spokesperson for the New York City Medical Examiner’s Office stated that Shane Devon Tamura’s brain will be examined for CTE.
It took until 2016 for the NFL to state that football and CTE were linked.
A federal judge approved a class-action lawsuit settlement between the NFL and thousands of former players in 2015.
The class-action lawsuit settlement has resulted in more than $1.5 billion in claims being paid out.
The NFL is working on developing safer protective equipment, including helmets, that reduce concussions.
The NFL reported a record-low number of concussions in the 2024-25 season.
The 2024-25 NFL season saw an increase in players self-reporting concussion symptoms.
Guardian Caps are a soft-shell padding that fits over traditional football helmets.
Guardian Caps are more commonly seen in practice but can be used in games.
The NFL instituted a more robust concussion protocol.
Players suspected of having a brain injury are examined by an independent third-party doctor on the sidelines.
Players must clear the concussion protocol to return to play.
The NFL announced a 17% reduction in concussions in the 2024-25 season, including all practices and games in the preseason and regular season.
The NFL implemented a new kickoff rule that drastically changed how players set up on kickoffs.
The new kickoff rule was an effort to slow down a play that resulted in high-speed collisions leading to concussions.
The NFL stated that the new kickoff rule effort worked.
Concussions on kickoffs were down 43% from the 2021-2023 seasons.
The NFL is funding research into better understanding CTE.
There is widespread agreement that more needs to be learned about brain injuries.
Bob Costas stated that the NFL has responded to calls for action regarding head injuries in recent years.
Bob Costas stated that the NFL has responded as best it possibly can in the last decade, unless football stops being played.
Bob Costas stated that football can only be made less dangerous, not completely safe.
Kansas City Chiefs head coach Andy Reid commented on the shooting at the league office, stating it was "a bad deal."

**********Claims for hard query**********

Guardian Caps are a soft-shell padding that fits over traditional football helmets.
The class-action lawsuit settlement has resulted in more than $1.5 billion in claims being paid out.
Guardian Caps are more commonly seen in practice but can be used in games.

**********Formulated hard query**********

Something are a soft-shell padding that fits over traditional football helmets.
The class-action lawsuit settlement has resulted in a certain amount of money in claims being paid out.
Guardian Caps are used in a certain way but can be used in games.

**********Claims for medium query**********

CTE can be caused by repeated head trauma.
Concussions on kickoffs were down 43% from the 2021-2023 seasons.
There is no proof that Shane Devon Tamura had CTE.

**********Formulated medium query**********

CTE can be caused in a certain way.
Concussions on kickoffs were down to a certain degree from the 2021-2023 seasons.
There is no proof that someone had CTE.

**********Claims for easy query**********

The NFL has been affected by gun violence.
The issue of brain trauma from football's repeated violent hits is a sensitive matter for the NFL.
NFL Commissioner Roger Goodell stated in a memo that the league employee seriously injured in the incident is surrounded by family and members of the NFL community.

**********Formulated easy query**********

The NFL has been affected by a certain problem.
The issue of something from football's repeated violent hits is a sensitive matter for the NFL.
NFL Commissioner someone stated in a memo that the league employee seriously injured in the incident is surrounded by family and members of the NFL community.

**********Page content extracted**********

Title: South Korea’s jailed ex-leader Yoon resists questioning by taking off clothes
URL: https://edition.cnn.com/2025/08/01/asia/yoon-south-korea-clothes-prison-martial-law-latam-intl
Content: # South Korea’s jailed ex-leader Yoon resists questioning by taking off clothes

SEOUL, South Korea (AP) — South Korea’s jailed ex-President Yoon Suk Yeol again refused to attend questioning by investigators Friday, using a new method to resist: He took o

**********Extracted claims**********

Former South Korean President Yoon Suk Yeol refused to attend questioning by investigators on a specific Friday.
Yoon Suk Yeol removed his prison uniform and lay on the floor of his detention room as a method of resistance.
Yoon Suk Yeol was removed from office in April due to his imposition of martial law.
Yoon Suk Yeol was sent back to prison in the month prior to the described events.
Yoon Suk Yeol is currently undergoing a high-stakes trial.
The charges against Yoon Suk Yeol include rebellion.
Yoon Suk Yeol faces investigations into other criminal allegations.
These other criminal allegations are not related to Yoon Suk Yeol's December 3 martial law decree.
These other criminal allegations target Yoon Suk Yeol and his wife.
Min Joong-ki is a special counsel.
Min Joong-ki was named by Lee Jae Myung, the liberal rival and new president.
Min Joong-ki sent investigators to retrieve Yoon Suk Yeol from a detention center near Seoul.
Yoon Suk Yeol had previously defied two requests to attend questioning.
Min Joong-ki's team is tasked with investigating allegations surrounding Kim Keon Hee, Yoon Suk Yeol's wife.
Allegations against Kim Keon Hee include that she and her husband exerted inappropriate influence on the then-ruling party’s election nomination process in 2022.
Min Joong-ki's team possessed a court-issued detention warrant authorizing them to bring Yoon Suk Yeol out of his detention facility by force.
Assistant special counsel Oh Jeong-hee stated that the suspect lay down on the floor and strongly resisted detention without wearing his prison uniform.
Justice Minister Jung Sung-ho stated that Yoon Suk Yeol took off his shorts and short-sleeved shirt and put them back on after investigators left.
Oh Jeong-hee's team members refrained from using physical means due to safety concerns.
Oh Jeong-hee's team notified Yoon Suk Yeol that they would execute the warrant at a later time.
Yoon Suk Yeol's defense team stated that Yoon Suk Yeol was unable to attend his trial and undergo questioning due to health problems.
Yoon Suk Yeol has cardiovascular, autonomic nervous system, and eye issues, according to his defense team.
An unidentified hospital stated that Yoon Suk Yeol faces the risk of blindness due to a lack of medical treatment for the preceding three months.
Yoon Suk Yeol's imposition of martial law brought armed troops into Seoul streets.
Yoon Suk Yeol's martial law decree lasted only several hours.
Lawmakers unanimously voted down Yoon Suk Yeol's martial law decree.
Yoon Suk Yeol argued his decree was an attempt to gain public support for his fight against the Democratic Party.

**********Claims for hard query**********

Min Joong-ki was named by Lee Jae Myung, the liberal rival and new president.
Min Joong-ki is a special counsel.
Oh Jeong-hee's team members refrained from using physical means due to safety concerns.

**********Formulated hard query**********

Min Joong-ki was named by someone.
Min Joong-ki is something.
Oh Jeong-hee's team members acted in a certain way due to safety concerns.

**********Claims for medium query**********

Min Joong-ki sent investigators to retrieve Yoon Suk Yeol from a detention center near Seoul.
Yoon Suk Yeol was sent back to prison in the month prior to the described events.
Lawmakers unanimously voted down Yoon Suk Yeol's martial law decree.

**********Formulated medium query**********

`Someone` sent investigators to retrieve Yoon Suk Yeol from a detention center near Seoul.
Yoon Suk Yeol was sent back to prison `at a certain time`.
Lawmakers unanimously voted down `something`.

**********Claims for easy query**********

Yoon Suk Yeol removed his prison uniform and lay on the floor of his detention room as a method of resistance.
Former South Korean President Yoon Suk Yeol refused to attend questioning by investigators on a specific Friday.
Justice Minister Jung Sung-ho stated that Yoon Suk Yeol took off his shorts and short-sleeved shirt and put them back on after investigators left.

**********Formulated easy query**********

Yoon Suk Yeol removed **something** and lay on the floor of his detention room as a method of resistance.
Former South Korean President Yoon Suk Yeol refused to attend questioning by investigators **at a certain time**.
**Someone** stated that Yoon Suk Yeol took off his shorts and short-sleeved shirt and put them back on after investigators left.

**********Page content extracted**********

Title: ‘Dyson spheres’ were theorized as a way to detect alien life. Scientists say they’ve found potential evidence
URL: https://edition.cnn.com/2024/06/13/science/dyson-spheres-alien-life-evidence-scn
Content: # ‘Dyson spheres’ were theorized as a way to detect alien life. Scientists say they’ve found potential evidence

Sign up for CNN’s Wonder Theory science newsletter. Explore the universe with news on fascinating discoveries, scientific advancements and mor

**********Extracted claims**********

Freeman Dyson theorized that a shell made up of mirrors or solar panels completely surrounding a star would be the ultimate solution to the energy problems of an advanced civilization.
Freeman Dyson first explained the concept of a shell around a star in a 1960 paper.
Freeman Dyson stated in a 1960 paper that an intelligent species should be found occupying an artificial biosphere completely surrounding its parent star within a few thousand years of entering the stage of industrial development.
Freeman Dyson took the idea of a Dyson sphere from Olaf Stapledon’s 1937 novel “Star Maker.”
Freeman Dyson was a professor emeritus at the Institute of Advanced Study in Princeton, New Jersey.
The hypothetical megastructures became known as Dyson spheres.
Freeman Dyson later clarified that Dyson spheres would actually consist of a loose collection or swarm of objects traveling on independent orbits around a star.
Freeman Dyson noted in his paper that Dyson spheres would give off waste heat detectable as infrared radiation.
Freeman Dyson suggested that looking for waste heat as a byproduct would be a viable method for searching for extraterrestrial life.
Freeman Dyson added that infrared radiation by itself would not necessarily mean extraterrestrial intelligence.
Freeman Dyson stated that one of the strongest reasons for searching for such sources was that new types of natural astronomical objects might be discovered.
Scientists in the 1960s were largely receptive to the idea that a search for waste heat would be a good place to look for alien civilizations.
George Dyson, a technology writer and author, is one of Freeman Dyson's six children.
Freeman Dyson argued that technology is the only thing humanity has any chance of seeing in a search for intelligence.
In the 1960s, there was no way to actually search for Dyson spheres.
In recent times, many researchers have looked for Dyson spheres, including those at the SETI Institute and Fermi National Accelerator Laboratory (Fermilab).
A new study looked at 5 million stars in the Milky Way galaxy.
The new study suggests that seven candidates could potentially be hosting Dyson spheres.
The finding from the new study is attracting scrutiny and alternate theories.
The study was published on May 6 in the journal Monthly Notices of the Royal Astronomical Society.
The authors of the study specifically set out to search for Dyson spheres in the form of infrared heat near stars that could not be explained in any other way.
The research team looked at stars located within less than 1,000 light-years from Earth, using historical data from telescopes that pick up infrared signatures.
Lead study author Matías Suazo is a doctoral student in the department of physics and astronomy of Uppsala University in Sweden.
The study started with a sample of 5 million stars.
The researchers applied filters to get rid of as much data contamination as possible.
Seven sources glow in the infrared, and the reason for their glow is unknown.
There is no conclusive evidence that the seven stars have Dyson spheres around them.
Natural causes that could explain the infrared glow include an unlucky alignment with a galaxy in the background overlapping with the star, planetary collisions creating debris, or the stars being young and surrounded by disks of hot debris.
The data used by the researchers comes from two active space telescopes: NASA’s Wide-field Infrared Survey Explorer (WISE) and the European Space Agency’s Gaia.
The data also comes from The Two Micron All Sky Survey (2MASS).
2MASS was a collaboration between the University of Massachusetts and NASA’s Jet Propulsion Laboratory.
2MASS took place between 1997 and 2001.
The candidate stars are all red dwarfs.
Red dwarfs are the most common type of star in our galaxy.
Red dwarfs are dimmer and smaller than our sun.
It is unclear whether the candidate stars have planets around them, as they have not been observed by planet-spotting telescopes.
Many thousands of exoplanets identified so far orbit red dwarfs.
Planets orbiting red dwarfs have a higher chance of being habitable, according to NASA.
An earlier study published in March also found infrared anomalies among a sample dataset of 5 million stars in our galaxy, using data from the same sources as the new report.
Gabriella Contardo, a postdoctoral research fellow at the International School for Advanced Studies in Trieste, Italy, led the earlier study.
Contardo's study identified 53 candidates for anomalies that cannot be well explained.
More research is needed on the data from the studies.
NASA’s James Webb Space Telescope is powerful enough to observe the candidate stars directly.
Securing access to the James Webb Space Telescope might take time due to lengthy, competitive procedures.
Building hypothetical Dyson spheres would require technology and raw materials far beyond humanity’s grasp.
Freeman Dyson suggested that Jupiter would need to be dismantled for the raw materials to build a Dyson sphere.
The supercolossal scale of Dyson spheres probably means they are very rare.
The work provides the first strong evidence that there are not many Dyson Spheres in our galaxy.
Study coauthor Jason Wright is a professor of astronomy and astrophysics at Penn State University.
The candidates found by Matías Suazo are rare and interesting objects worthy of further study.
Freeman Dyson died in 2020.
Over a dozen ideas bear Freeman Dyson's name.
William Press, the Leslie Surginer Professor of Computer Science and Integrative Biology at the University of Texas at Austin, was not involved in the study.
Freeman Dyson showed that three competing quantum theories were actually the same theory as a young scientist.
Freeman Dyson applied his genius to areas of astronomy, cosmology, the extraterrestrial realm, and nuclear proliferation.
Freeman Dyson was recognized as a provocative and creative thinker at the time of his death.
George Dyson stated that his father contributed to five fields of mathematics and eleven fields of physics, as well as to theoretical biology, engineering, operations research, literature, and public affairs.
Many of Freeman Dyson's ideas were controversial.
One of Freeman Dyson's guiding principles was "It is better to be wrong than to be vague."
The approach of the researchers behind the new study could offer a more fruitful path in the search for extraterrestrial intelligence.
Tomotsugu Goto, an associate professor of astronomy at the National Tsing Hua University in Taiwan, was not involved with the study.
Contamination by circumstellar debris disks remains a concern in identifying Dyson sphere infrared signatures.
A May 23 paper published in response to Suazo's study suggests that at least three of the seven stars have been "misidentified" as Dyson spheres.
The May 23 paper suggests that the misidentified stars could instead be "hot DOGs" (hot dust-obscured galaxies).
The May 23 paper states that the remaining four candidates could probably be explained as hot DOGs as well.
The search for Dyson candidates straddles different fields, including basic sciences, philosophy, and religion.
Zaza Osmanov is an affiliate of SETI and associate dean of the School of Physics at the Free University of Tbilisi in Georgia.
Osmanov was not involved with the research.
The radiation fingerprint of the seven Dyson sphere candidates might be explained by natural phenomena.
Osmanov stated that the hypothesis of artificial origin for any radiation should be the last explanation after exhausting all possible natural explanations.
Future research is necessary to rule out natural explanations for the radiation.
George Dyson believes his father, if alive, would be highly skeptical that these observations represent a technological signature.
George Dyson stated that his father thought searching for such phenomena would lead to the discovery of new, non-technological astronomical phenomena.

**********Claims for hard query**********

Gabriella Contardo, a postdoctoral research fellow at the International School for Advanced Studies in Trieste, Italy, led the earlier study.
2MASS took place between 1997 and 2001.
Osmanov was not involved with the research.

**********Formulated hard query**********

Renowned British American physicist `someone` theorized that a shell made up of mirrors or solar panels that completely surrounds a star would be the ultimate solution to the energy problems of an advanced civilization.
Dyson took the idea from `something`, and he was always open about that.
The late scientist was a professor emeritus at `a certain place`.
Dyson spheres would give off waste heat detectable as infrared radiation, and suggested that looking for that byproduct would be a viable method for searching for `a certain kind of life`.
`someone else` is a technology writer and author and the second of Dyson’s six children.
A new study that looked at `a certain number of stars` in the Milky Way galaxy suggests that seven candidates could potentially be hosting Dyson spheres.
The authors of the study, published `on a certain date` in the journal Monthly Notices of the Royal Astronomical Society, specifically set out to search for Dyson spheres.
Lead study author `another person` is a doctoral student in the department of physics and astronomy of Uppsala University in Sweden.
The data used by the researchers comes from `certain space telescopes` as well as an astronomical survey of the sky in infrared light called The Two Micron All Sky Survey.
The candidate stars are all `a certain type of star`, the most common type of star in our galaxy.
An earlier study, published `in a certain month` and using data from the same sources as the new report, had also found infrared anomalies among a sample dataset of 5 million stars in our galaxy.
`a female researcher`, a postdoctoral research fellow at the International School for Advanced Studies in Trieste, Italy, led the earlier study.
`a professor` is a professor of astronomy and astrophysics at Penn State University.
Dyson died `in a certain year`.
`another professor` is the Leslie Surginer Professor of Computer Science and Integrative Biology at the University of Texas at Austin.
`a third professor` is an associate professor of astronomy at the National Tsing Hua University in Taiwan.
A paper published `on another specific date` in response to the one by Suazo and his colleagues suggests that at least three of the seven stars have been “misidentified” as Dyson spheres.
`a specific affiliate` is an affiliate of SETI and associate dean of the School of Physics at the Free University of Tbilisi in Georgia.
2MASS took place `during a specific period`.
Osmanov was `in a certain state of involvement`.

**********Validation Result**********

subquestion 'Lead study author `another person` is a doctoral student in the department of physics and astronomy of Uppsala University in Sweden.' is NOT supported by the context.
<reject> The name of the lead study author in the provided information is given as `another person`, whereas the text explicitly states the lead study author is Matías Suazo. Although the rest of the details (doctoral student, department of physics and astronomy, Uppsala University, Sweden) match, the name itself does not, making the exact information not explicitly mentioned. </reject>

**********Validation Result**********

subquestion 'Osmanov was `in a certain state of involvement`.' is NOT supported by the context.
<reject> The text explicitly states that Zaza Osmanov "was not involved with the research" discussed in the article. While it mentions his affiliations (affiliate of SETI, associate dean), it does not describe him as being "in a certain state of involvement" in the broader context; rather, it attributes a quote to him about the topic's potential to increase *other scientists'* involvement. </reject>

**********Claims for medium query**********

The research team looked at stars located within less than 1,000 light-years from Earth, using historical data from telescopes that pick up infrared signatures.
Freeman Dyson first explained the concept of a shell around a star in a 1960 paper.
Freeman Dyson showed that three competing quantum theories were actually the same theory as a young scientist.

**********Formulated medium query**********

The research team looked at `something`, using historical data from telescopes that pick up infrared signatures.
Freeman Dyson first explained `something` in a 1960 paper.
Freeman Dyson showed that `something` were actually the same theory as a young scientist.

**********Claims for easy query**********

The authors of the study specifically set out to search for Dyson spheres in the form of infrared heat near stars that could not be explained in any other way.
George Dyson stated that his father thought searching for such phenomena would lead to the discovery of new, non-technological astronomical phenomena.
The new study suggests that seven candidates could potentially be hosting Dyson spheres.

**********Formulated easy query**********

The authors of the study specifically set out to search for Dyson spheres in the form of a certain type of signature.
Someone stated that his father thought searching for such phenomena would lead to the discovery of new, non-technological astronomical phenomena.
The new study suggests that a certain number of candidates could potentially be hosting Dyson spheres.

**********Page content extracted**********

Title: 4,000-year-old teeth reveal the earliest use of this psychoactive substance
URL: https://edition.cnn.com/2025/07/31/science/thailand-betel-chewing-neolithic-archaeology-intl-hnk
Content: # 4,000-year-old teeth reveal the earliest use of this psychoactive substance

For the first time, archaeologists have used advanced scientific techniques on 4,000-year-old dental plaque to confirm traces of betel nut chewing in ancient Thai communities.


**********Extracted claims**********

Archaeologists confirmed traces of betel nut chewing in ancient Thai communities.
The confirmation was made using advanced scientific techniques on 4,000-year-old dental plaque.
Betel nuts are commonly chewed as "quids."
A "quid" consists of a mixture of slaked lime and ground betel nuts, wrapped in a betel leaf.
Betel nuts contain psychoactive compounds.
These psychoactive compounds can boost energy, alertness, euphoria, and relaxation.
Betel nut is a stimulant.
Betel nut chewing can leave red, brown, or black stains on teeth.
Betel nut is considered the world’s fourth most commonly used psychoactive substance.
Caffeine, alcohol, and nicotine are more commonly used psychoactive substances than betel nut.
Hundreds of millions of people globally use betel nut.
Betel nuts have been identified at archaeological sites through plant fragments or stained teeth.
Circumstantial evidence indicates betel nut use dates back at least 8,000 years.
An international team of researchers identified betel nut chewing in an individual without dental discoloration.
Advanced scientific techniques were used for this identification.
The study was published in *Frontiers in Environmental Archaeology*.
The study provides the earliest direct biochemical proof of betel nut consumption in Southeast Asia.
This proof predates previous evidence of betel nut consumption in Southeast Asia by at least 1,000 years.
Piyawit Moonkham is an archaeologist at Chiang Mai University in Thailand.
"Invisible" traces of betel nut chewing were discovered in molars.
The scientific method used is highly sensitive.
The scientific method used is minimally invasive.
The method requires only tiny samples of plaque.
Thanik Lertcharnrit is an associate professor at Silpakorn University in Bangkok, Thailand.
Thanik Lertcharnrit is an expert in Southeast Asian archaeology.
Few archaeologists use residue analysis to infer prehistoric life, tradition, or culture.
The paper is considered pioneering in archaeological research in mainland South Asia, particularly in Thailand.
The paper is considered state-of-the-art in archaeological research in mainland South Asia, particularly in Thailand.
Researchers collected ancient dental plaque, also known as calculus, from Nong Ratchawat.
Nong Ratchawat is a Neolithic burial site in central Thailand.
The research team removed five-milligram scrapes of plaque from 36 dental samples.
The samples were taken from six individuals.
The method employed is liquid chromatography-mass spectrometry (LC-MS).
LC-MS extracts, separates, and identifies chemical compounds.
LC-MS measures a molecule's weight relative to its electrical charge.
A control sample was required before testing the ancient samples.
Control samples included dried betel nut, red limestone paste, piper betel leaves, catechu bark, and tobacco.
The ingredients for control samples were ground with human saliva.
Modern control samples were tested to validate the method.
Trace plant alkaloids were detected in three samples from one individual.
The detected alkaloids included arecoline and arecaidine.
Arecoline and arecaidine are main psychoactive compounds in betel nut.
The individual from whom samples were taken is identified as "Burial 11".
"Burial 11" is estimated to be a woman around 25 years old.
The technique does not destroy original samples.
The technique leaves remains intact for future study.
LC-MS is used in pharmaceuticals, food safety, and environmental testing.
The use of LC-MS in archaeology has been limited.
Dr. Melandri Vlok is a bioarchaeologist and lecturer in anatomy and physiology at Charles Sturt University in Australia.
Much archaeological work with LC-MS focuses on detecting proteins in dental calculus for dietary information.
Using LC-MS to detect compounds trapped in dental plaque is innovative.
The method requires expensive machinery.
An Orbitrap is an advanced mass spectrometer.
An Orbitrap identifies molecules by measuring their mass-to-charge ratio.
Many researchers lack access to the necessary expensive machinery.
LC-MS is used more routinely by larger labs such as Harvard and Max Planck.
The paper has a Thai first-author.
The research team included members from eight institutions across three continents.
Chemical residue analysis was conducted at Washington State University.
Moonkham studied for his PhD at Washington State University.
The study's control samples are a novel aspect.
The control samples created a standard for testing.
Betel nuts have a long association with hospitality and religious rituals.
Recent research on betel nuts focuses on their classification as a carcinogen.
Recent research also focuses on the correlation between betel quid use and oral cancers.
Betel nut chewing has significant implications for human health.
Betel nut chewing affects millions of people in tropical Asia-Pacific.
The Thai government has strongly discouraged betel nut chewing since the 1940s.
Betel nut chewing remains popular in rural areas of Thailand.
Betel nut chewing is uncommon in Thai cities and among younger generations.
Betel nuts have a long history in Thailand.
Betel nuts hold societal importance in Thailand.
Moonkham's grandmother stated that chewing betel nut cleans teeth and aids relaxation.
Moonkham's grandmother shared betel quids with friends, family, or colleagues.
Betel nut chewing can create a social bond.
Researchers are investigating possible reasons for the absence of tooth stains in the examined individual.
Possible reasons for the absence of tooth stains include different chewing methods, cleaning habits, or decay over time.
The research team plans to analyze more individuals from the Nong Ratchawat site.
Approximately 150 additional individuals from Nong Ratchawat could be tested for signs of betel nut use.
The scientific technique can be applied to a wide range of plant and food residues.
Applying the technique could open new avenues for understanding ancient practices.

**********Claims for hard query**********

An Orbitrap identifies molecules by measuring their mass-to-charge ratio.
An Orbitrap is an advanced mass spectrometer.
LC-MS measures a molecule's weight relative to its electrical charge.

**********Formulated hard query**********

An Orbitrap acts in a certain way.
An Orbitrap is something.
LC-MS acts in a certain way.

**********Claims for medium query**********

Using LC-MS to detect compounds trapped in dental plaque is innovative.
Few archaeologists use residue analysis to infer prehistoric life, tradition, or culture.
Trace plant alkaloids were detected in three samples from one individual.

**********Formulated medium query**********

Using **a certain technique** to detect compounds trapped in dental plaque is innovative.
Few archaeologists use **a certain method** to infer prehistoric life, tradition, or culture.
**Certain substances** were detected in three samples from one individual.

**********Claims for easy query**********

Archaeologists confirmed traces of betel nut chewing in ancient Thai communities.
An international team of researchers identified betel nut chewing in an individual without dental discoloration.
The study provides the earliest direct biochemical proof of betel nut consumption in Southeast Asia.

**********Formulated easy query**********

Archaeologists confirmed traces of betel nut chewing in a certain place.
Someone identified betel nut chewing in an individual without dental discoloration.
Something provides the earliest direct biochemical proof of betel nut consumption in Southeast Asia.

**********Page content extracted**********

Title: You can slow cognitive decline as you age, large study finds. Here’s how
URL: https://edition.cnn.com/2025/07/28/health/cognitive-decline-pointer-study-wellness
Content: # You can slow cognitive decline as you age, large study finds. Here’s how

Video 
\- Source:

At 62, Phyllis Jones felt trapped in darkness. She was traumatized by her mother’s recent death, ongoing pandemic stress and an increasingly toxic work environm

**********Extracted claims**********

The Protect Brain Health Through Lifestyle Intervention to Reduce Risk (US POINTER) study is the largest randomized clinical trial in the United States.
The US POINTER study was designed to examine whether lifestyle interventions can protect cognitive function in older adults.
Participants in the US POINTER study were cognitively healthy individuals between the ages of 60 and 79.
To be in the US POINTER study, participants had to be completely sedentary.
US POINTER study participants were at risk for dementia due to health issues such as prediabetes and borderline high blood pressure.
Laura Baker is the principal investigator of the US POINTER study.
Laura Baker is a professor of gerontology, geriatrics, and internal medicine at Wake Forest University School of Medicine in Winston-Salem, North Carolina.
Approximately one-half of the 2,111 US POINTER study participants attended 38 structured team meetings over two years.
Structured team meetings for the US POINTER study were held in local neighborhoods near Chicago, Houston, Winston-Salem, Sacramento, California, and Providence, Rhode Island.
During structured team sessions, a trained facilitator provided guidance on how to exercise and eat for the brain.
The importance of socialization, the use of brain-training games, and the basics of brain health were explained in structured team sessions.
Team leaders in the structured program held groups accountable for logging blood pressure and other vitals.
Physical and cognitive exams were conducted by a physician every six months for participants in the structured program.
The other half of the US POINTER study's participants attended six team meetings to learn about brain health.
The self-guided group of US POINTER study participants was encouraged to select lifestyle changes that best suited their schedules.
The self-guided group of US POINTER study participants received no goal-directed coaching.
Participants in the self-guided group of the US POINTER study also received physical and cognitive exams every six months.
The US POINTER study is a $50 million study.
The US POINTER study was funded by the Alzheimer’s Association.
The two-year results of the US POINTER study were presented at the 2025 Alzheimer’s Association International Conference in Toronto.
The two-year results of the US POINTER study were published in the journal JAMA.
Participants in the structured program of the US POINTER study appeared to delay normal cognitive aging by one to nearly two years more than the self-guided group.
The self-guided group in the US POINTER study also improved their cognitive scores over time.
US POINTER study participants wore fitness trackers that monitored their activity.
US POINTER study teams were introduced to the Mediterranean-DASH Intervention for Neurodegenerative Delay (MIND) diet.
The MIND diet combines the best of the Mediterranean diet with the salt restrictions of the DASH diet.
DASH stands for Dietary Approaches to Stop Hypertension.
Familiarization with vital signs was a pillar of the US POINTER study program.
US POINTER study participants were encouraged to monitor their blood sugar.
Brain training was provided to US POINTER study participants via memberships to a Web-based cognitive training app.
Becoming better at socializing was a key part of the US POINTER study program.
Researchers tasked US POINTER study teams with assignments to encourage socialization, such as speaking to strangers or going out with friends.
As the US POINTER study progressed, researcher check-ins were reduced.
The US POINTER study has a wealth of data that has yet to be analyzed.
The US POINTER study collected data on exercise, brain training engagement, MIND diet scores, team meeting attendance, sleep, blood biomarkers, and brain scans.
The US POINTER study has limitations, including the potential for a practice effect.
Both groups in the US POINTER study appeared to have improved their global cognition, which includes thinking, learning, and problem-solving.
The US POINTER study was not designed to provide immersive lifestyle interventions needed for people with early stages of Alzheimer’s disease.
Dr. Dean Ornish is a professor of medicine at the University of California, San Francisco.
A June 2024 clinical trial found that a strict vegan diet, daily exercise, structured stress reduction, and frequent socialization could often stop the decline or even improve cognition in individuals already experiencing early-stage Alzheimer’s disease.
The US POINTER randomized clinical trial showed that moderate lifestyle changes in diet, exercise, and socialization can improve cognition in individuals at risk for dementia.
Dr. Dean Ornish is the creator of the Ornish diet and lifestyle medicine program.
Dr. Dean Ornish is a coauthor of “Undo It!: How Simple Lifestyle Changes Can Reverse Most Chronic Diseases.”
More intensive multiple lifestyle changes often improve cognition in individuals already diagnosed with early-stage Alzheimer’s disease.
The US POINTER study indicated that more moderate lifestyle changes may be sufficient to help prevent cognitive decline.
Studies have found that lifestyle interventions like getting exercise, eating a healthy diet, keeping an active social life, and staying on top of other health issues can help delay cognitive aging.
Two years is not sufficient time to track brain changes over time.
Maria Carillo is a study coauthor of the US POINTER study.
Maria Carillo is the chief science officer of the Alzheimer’s Association.
An additional $40 million has been invested in a four-year follow-up to the US POINTER study.
Over 80% of the original US POINTER participants have joined the four-year follow-up study.

**********Claims for hard query**********

The MIND diet combines the best of the Mediterranean diet with the salt restrictions of the DASH diet.
Dr. Dean Ornish is a professor of medicine at the University of California, San Francisco.
DASH stands for Dietary Approaches to Stop Hypertension.

**********Formulated hard query**********

The MIND diet combines the best of the Mediterranean diet with the salt restrictions of something.
Someone is a professor of medicine at the University of California, San Francisco.
DASH stands for something.

**********Claims for medium query**********

The two-year results of the US POINTER study were published in the journal JAMA.
Maria Carillo is the chief science officer of the Alzheimer’s Association.
Over 80% of the original US POINTER participants have joined the four-year follow-up study.

**********Formulated medium query**********

The two-year results of the US POINTER study were published in something.
Someone is the chief science officer of the Alzheimer’s Association.
A certain number of the original US POINTER participants have joined the four-year follow-up study.

**********Claims for easy query**********

Studies have found that lifestyle interventions like getting exercise, eating a healthy diet, keeping an active social life, and staying on top of other health issues can help delay cognitive aging.
The US POINTER study indicated that more moderate lifestyle changes may be sufficient to help prevent cognitive decline.
The US POINTER study was designed to examine whether lifestyle interventions can protect cognitive function in older adults.

**********Formulated easy query**********

Studies have found that lifestyle interventions like getting exercise, eating a healthy diet, keeping an active social life, and staying on top of other health issues can help in a certain way.
Something indicated that more moderate lifestyle changes may be sufficient to help prevent cognitive decline.
The US POINTER study was designed to examine whether lifestyle interventions can affect older adults in a certain way.

**********Page content extracted**********

Title: The Trump administration takes a very Orwellian turn
URL: https://edition.cnn.com/2025/08/02/politics/the-trump-administration-takes-a-very-orwellian-turn
Content: # The Trump administration takes a very Orwellian turn

Back in March, President Donald Trump signed an executive order targeted at the Smithsonian Institution that began as follows: “Over the past decade, Americans have witnessed a concerted and widespre

**********Extracted claims**********

President Donald Trump signed an executive order targeting the Smithsonian Institution in March.
The executive order signed by President Donald Trump stated that Americans have witnessed a concerted and widespread effort to rewrite the Nation’s history over the past decade.
The executive order claimed that this effort replaced objective facts with a distorted narrative driven by ideology rather than truth.
The executive order cited a desire to remove "improper ideology" from properties such as the Smithsonian.
Historical information vanished from the Smithsonian.
The vanished historical information included a reference to Donald Trump's two impeachments.
The Smithsonian stated that a board containing information was removed from the National Museum of American History last month.
The removal of the board followed a review of the museum’s “legacy content.”
The board had been placed in front of an existing impeachment exhibit in September 2021.
The exhibit is titled “Limits of Presidential Power.”
The Washington Post reported that a source stated the content review followed pressure from the White House to remove an art museum director.
The Smithsonian stated that it was not asked by any administration or government official to remove content.
The Smithsonian stated that an updated version of the exhibit will eventually mention all impeachment efforts, including Donald Trump’s.
Donald Trump fired the commissioner of the Bureau of Labor Statistics on Friday.
The firing of the commissioner occurred hours after the Bureau of Labor Statistics released negative jobs numbers.
The jobs numbers were the worst non-Covid three-month jobs numbers since 2010.
Some allies of Donald Trump argued that Dr. Erika McEntarfer’s removal was justified due to large revisions in job numbers indicating shoddy work.
Donald Trump stated to Newsmax that he fired the commissioner because he did not believe the jobs numbers.
CNN’s Daniel Dale documented that any evidence-based case Donald Trump presented for firing McEntarfer was conspiratorial and incorrect.
Senator Cynthia Lummis of Wyoming described the firing of the Bureau of Labor Statistics head as “kind of impetuous.”
Senator Lummis stated that it is not the statistician’s fault if numbers are accurate but not what the president desired.
Senator Thom Tillis of North Carolina stated that if Donald Trump fired the commissioner solely because the numbers were disliked, he should "grow up."
Senators Rand Paul of Kentucky and Lisa Murkowski of Alaska expressed concern that Donald Trump’s action would undermine trust in data released by the administration.
Donald Trump engaged in a yearslong effort to portray January 6 defendants as sympathetic patriots.
Donald Trump referred to January 6 defendants as “hostages.”
Donald Trump pardoned January 6 defendants.
The Trump administration’s efforts to remove diversity, equity, and inclusion from the government included actions against initiatives that celebrated Black people and women.
Donald Trump and his administration have at times expressed unfavorable views regarding the free speech rights of those who disagreed with them.
Donald Trump and his administration have described protests, not necessarily involving violence, as “illegal.”
A loyalist US attorney once threatened to pursue individuals who criticized Elon Musk for non-criminal behavior.
Donald Trump has repeatedly suggested that criticism of judges he favors should be illegal.
Donald Trump regularly attacked judges he did not favor.
Donald Trump’s term began with the removal of portraits of military leaders who clashed with him from the Pentagon.
Donald Trump’s term began with a significant purge of independent inspectors general.
Independent inspectors general are charged with holding the administration accountable.

**********Claims for hard query**********

Senator Lummis stated that it is not the statistician’s fault if numbers are accurate but not what the president desired.
The removal of the board followed a review of the museum’s “legacy content.”
Independent inspectors general are charged with holding the administration accountable.

**********Formulated hard query**********

Someone stated that it is not the statistician’s fault if numbers are accurate but not what the president desired.
The removal of the board followed a review of something.
Someone are charged with holding the administration accountable.

**********Claims for medium query**********

Donald Trump engaged in a yearslong effort to portray January 6 defendants as sympathetic patriots.
Senator Thom Tillis of North Carolina stated that if Donald Trump fired the commissioner solely because the numbers were disliked, he should "grow up."
Donald Trump and his administration have described protests, not necessarily involving violence, as “illegal.”

**********Formulated medium query**********

Donald Trump engaged in a prolonged effort to portray January 6 defendants as sympathetic patriots.
Someone stated that if Donald Trump fired the commissioner solely because the numbers were disliked, he should "grow up."
Donald Trump and his administration have described certain gatherings, not necessarily involving violence, as “illegal.”

**********Claims for easy query**********

The executive order signed by President Donald Trump stated that Americans have witnessed a concerted and widespread effort to rewrite the Nation’s history over the past decade.
President Donald Trump signed an executive order targeting the Smithsonian Institution in March.
CNN’s Daniel Dale documented that any evidence-based case Donald Trump presented for firing McEntarfer was conspiratorial and incorrect.

**********Formulated easy query**********

The executive order signed by `someone` stated that Americans have witnessed a concerted and widespread effort to rewrite the Nation’s history over the past decade.
President Donald Trump signed an executive order targeting the Smithsonian Institution `at a certain time`.
`Someone` documented that any evidence-based case Donald Trump presented for firing McEntarfer was conspiratorial and incorrect.

**********Page content extracted**********

Title: Popular 1980s actor Loni Anderson of the hit TV series ‘WKRP in Cincinnati’ has died
URL: https://edition.cnn.com/2025/08/03/entertainment/loni-anderson-dead
Content: # Popular 1980s actor Loni Anderson of the hit TV series ‘WKRP in Cincinnati’ has died

—

Loni Anderson, who played a struggling radio station’s empowered receptionist on the hit TV comedy “WKRP in Cincinnati,” died Sunday, just days before her 80th birt

**********Extracted claims**********

Loni Anderson, a popular 1980s actor known for the hit TV series ‘WKRP in Cincinnati’, has died.
Loni Anderson played an empowered receptionist on the TV comedy “WKRP in Cincinnati.”
Loni Anderson died at a Los Angeles hospital.
Loni Anderson’s death followed a prolonged illness.
Cheryl J. Kagan, Loni Anderson’s longtime publicist, stated that Loni Anderson died following a prolonged illness.
Loni Anderson’s family released a statement announcing Loni Anderson’s passing.
“WKRP in Cincinnati” aired from 1978 to 1982.
“WKRP in Cincinnati” was set in a lagging Ohio radio station trying to reinvent itself with rock music.
The cast of “WKRP in Cincinnati” included Gary Sandy, Tim Reid, Howard Hesseman, Frank Bonner, Jan Smithers, and Loni Anderson.
Loni Anderson portrayed the character Jennifer Marlowe in “WKRP in Cincinnati.”
Jennifer Marlowe was the receptionist at the radio station in “WKRP in Cincinnati.”
Jennifer Marlowe was described as sexy and smart.
Jennifer Marlowe used her sex appeal to deflect unwanted business calls for her boss, Mr. Carlson.
Jennifer Marlowe's efficiency often kept the station running in the face of others’ incompetence.
Loni Anderson received two Emmy Award nominations for her role as Jennifer Marlowe.
Loni Anderson received three Golden Globe nominations for her role as Jennifer Marlowe.
Loni Anderson starred alongside Burt Reynolds in the 1983 comedy “Stroker Ace.”
Loni Anderson and Burt Reynolds were married.
Loni Anderson and Burt Reynolds became tabloid fixtures.
Loni Anderson and Burt Reynolds divorced in 1994.
Loni Anderson is survived by her husband Bob Flick, daughter Deidra, son-in-law Charlie Hoffman, son Quinton Anderson Reynolds, grandchildren McKenzie and Megan Hoffman, stepson Adam Flick, stepdaughter-in-law Helene, and step-grandchildren Felix and Maximilian.

**********Claims for hard query**********

Jennifer Marlowe used her sex appeal to deflect unwanted business calls for her boss, Mr. Carlson.
Jennifer Marlowe's efficiency often kept the station running in the face of others’ incompetence.
Jennifer Marlowe was described as sexy and smart.

**********Formulated hard query**********

Jennifer Marlowe used her sex appeal to deflect unwanted business calls for someone.
Jennifer Marlowe's efficiency often kept the station running in the face of something.
Jennifer Marlowe was described in a certain way.

**********Claims for medium query**********

Loni Anderson and Burt Reynolds were married.
Loni Anderson and Burt Reynolds divorced in 1994.
Loni Anderson starred alongside Burt Reynolds in the 1983 comedy “Stroker Ace.”

**********Formulated medium query**********

Loni Anderson and someone were married.
Loni Anderson and Burt Reynolds divorced in a certain year.
Loni Anderson starred alongside Burt Reynolds in the 1983 comedy something.

**********Claims for easy query**********

Loni Anderson, a popular 1980s actor known for the hit TV series ‘WKRP in Cincinnati’, has died.
Loni Anderson played an empowered receptionist on the TV comedy “WKRP in Cincinnati.”
Loni Anderson’s family released a statement announcing Loni Anderson’s passing.

**********Formulated easy query**********

Someone has died.
Loni Anderson played a certain role on the TV comedy “WKRP in Cincinnati.”
Someone released a statement announcing Loni Anderson’s passing.

**********Page content extracted**********

Title: Roman-era ‘church’ in Spain may have been a synagogue
URL: https://edition.cnn.com/2025/07/30/science/synagogue-castulo-spain-scli-intl
Content: # Roman-era ‘church’ in Spain may have been a synagogue

Archaeologists working at a site in Spain say they have uncovered evidence of what may have been a synagogue used by a hitherto unknown Jewish community.

While excavating the site, previously belie

**********Extracted claims**********

Archaeologists have uncovered evidence of a structure in Spain.
The structure is believed by archaeologists to have potentially been a synagogue.
The synagogue may have been used by a previously unknown Jewish community.
The excavated site was previously believed to be a church.
The previous belief dated the church to the 4th century.
Experts found materials and architectural evidence during the excavation.
The materials and architectural evidence led experts to hypothesize that the building was a synagogue.
A study detailing these findings has been published.
Artifacts, including fragments of oil lamps and a piece of roof tile decorated with menorahs, were found during excavations in Cástulo.
Cástulo was a former Roman settlement in southern Spain.
No materials with a clear association with the Christian faith have been found at the excavated site in Cástulo.
Archaeologists have found evidence of Christian worship at another site in Cástulo.
Bautista Ceprián is a study author.
Bautista Ceprián is an archaeologist with the Cástulo Sefarad Primera Luz project.
The excavated building has a squarer shape compared to Christian churches.
Christian churches typically tend to be more rectangular.
Archaeologists found a hole in the building that could have been for supporting a large menorah.
The foundations of a central raised platform, or bimah, were found in the building.
A bimah is common in synagogues.
A bimah is not common in churches.
No tombs were discovered at the excavated building.
The building was constructed near an abandoned Roman temple.
The association of an abandoned Roman temple with paganism would have been feared by Christian residents.
The collected evidence suggests the existence of a previously unknown Jewish community in Cástulo.
The study authors argue this conclusion.
Bautista Ceprián stated that the reinterpretation of the building from a church to a possible synagogue was based on logical reasoning.
The logical reasoning was based on historical and archaeological data.
There is a lack of written records regarding a Jewish community in Cástulo.
The lack of written records introduces an element of doubt regarding the hypothesis.
The study authors acknowledged this doubt.
The community would have lived alongside Roman citizens in Cástulo.
The population is thought to have disappeared.
The population is not named in the anti-Jewish law enacted by Visigoth King Sisebut.
Visigoth King Sisebut ruled what is now Spain from 612 to 621.
Jewish communities in other nearby towns are specifically named in the anti-Jewish law.
One possible explanation for the population's disappearance is that Christian clergy feared the local population would convert to Judaism.
Close and friendly relations existed between Christians and Jews in the region at the time.
Christian leaders were becoming increasingly influential in the Roman Empire.
Concern over conversion drove Christian leaders to foment fear of and opposition to Jewish communities.
Episodes of pressure on Jewish citizens to convert to Christianity began around the end of the 4th century.
Jewish citizens who refused to convert were invited to leave their hometowns.
This type of incident could have plausibly occurred in Cástulo between the end of the 5th century and the beginning of the 7th century.

**********Claims for hard query**********

A bimah is not common in churches.
A study detailing these findings has been published.
The study authors argue this conclusion.

**********Formulated hard query**********

A bimah is in a certain state in churches.
Something detailing these findings has been published.
The study authors argue something.

**********Validation Result**********

subquestion 'A bimah is in a certain state in churches.' is NOT supported by the context.
<reject> The content states that a bimah "is common in synagogues but not in churches," directly contradicting the idea that a bimah is found in churches. </reject>

**********Claims for medium query**********

This type of incident could have plausibly occurred in Cástulo between the end of the 5th century and the beginning of the 7th century.
Experts found materials and architectural evidence during the excavation.
Concern over conversion drove Christian leaders to foment fear of and opposition to Jewish communities.

**********Formulated medium query**********

This type of incident could have plausibly occurred in a certain place between the end of the 5th century and the beginning of the 7th century.
Experts found something during the excavation.
Concern over conversion drove someone to foment fear of and opposition to Jewish communities.

**********Claims for easy query**********

The synagogue may have been used by a previously unknown Jewish community.
The collected evidence suggests the existence of a previously unknown Jewish community in Cástulo.
The structure is believed by archaeologists to have potentially been a synagogue.

**********Formulated easy query**********

The synagogue may have been used by a certain community.
Certain evidence suggests the existence of a previously unknown Jewish community in Cástulo.
The structure is believed by someone to have potentially been a synagogue.

**********Page content extracted**********

Title: ‘It’s just PR’: Skittles, Hershey and Nestle are removing artificial colors
URL: https://edition.cnn.com/2025/08/04/business/maha-rfk-food-artificial-colors
Content: # ‘It’s just PR’: Skittles, Hershey and Nestle are removing artificial colors

—

The Trump administration declared victory after Kraft Heinz, Skittles and General Mills made splashy announcements to remove artificial colors — even taking credit for Coca-

**********Extracted claims**********

The Trump administration declared victory after Kraft Heinz, Skittles, and General Mills announced the removal of artificial colors.
The Trump administration claimed credit for Coca-Cola’s plan to replace high-fructose corn syrup with US cane sugar in a new product version.
The White House stated that President Trump delivered on the MAHA (Make America Healthy Again) initiative.
The White House touted that changes by companies would address the chronic health crisis affecting Americans.
Nutritionists and public health researchers state that companies have only made performative changes.
Many of the changes made by companies were already in progress due to consumer demand for natural ingredients, according to nutritionists and public health researchers.
The Trump administration's funding cuts for health care, food stamps, research, and public health programs contradict its goal of making Americans healthier.
Dr. Barry Popkin, a professor of nutrition at the University of North Carolina, stated that changes made by companies are cosmetic with no health impact.
Dr. Barry Popkin stated that these changes allow MAHA proponents to claim a victory.
Health advocates credit Robert F. Kennedy Jr., the Health and Human Services Department secretary, and his MAHA movement for raising awareness about unhealthy foods, chronic disease, and major companies’ influence on the American food system.
Researchers state that Robert F. Kennedy Jr.’s focus on synthetic dyes overlooks the broader issue of the widespread availability of cheap, convenient foods high in salt, sugar, and fat.
Dr. Barry Popkin stated that ice cream remains ice cream and soda remains soda, even without artificial flavors.
A spokesperson for the HHS stated that Robert F. Kennedy Jr. is dismantling the status quo that contributed to a nationwide chronic disease epidemic.
A spokesperson for the HHS stated that Robert F. Kennedy Jr. is eliminating bureaucracy and restoring integrity to federal health programs.
A spokesperson for the HHS stated that the HHS is addressing the fundamental causes of chronic illness that prior administrations did not confront.
Ultraprocessed foods constitute up to 70% of the US food supply.
Ultraprocessed foods include many popular brands of chips, cookies, candy, ice cream, and pre-made meals.
Studies have frequently associated ultraprocessed foods with obesity, cancer, diabetes, heart disease, and other health disorders.
Robert F. Kennedy Jr. has described the easy availability of ultraprocessed foods as a crisis.
Robert F. Kennedy Jr. oversaw the White House’s Make America Healthy Again Commission report released in May.
The White House’s Make America Healthy Again Commission report identifies ultraprocessed foods as a significant factor in a national increase of chronic illnesses, especially among children.
The agency has not yet implemented any substantial measures to reduce ultraprocessed foods.
Synthetic dyes are derived from petroleum.
Synthetic dyes are frequently used to make food and beverages brightly colored and appealing to consumers, particularly children.
Synthetic dyes have potential negative effects on animal and human health.
Potential negative effects of synthetic dyes include a possible increased risk of cancer and neurobehavioral issues in some children.
The US Food and Drug Administration banned red dye No. 3 in food, beverages, and ingested drugs in January.
Robert F. Kennedy Jr. has been urging food companies to voluntarily remove all food dyes from their products.
Many companies have been phasing out synthetic dyes for several years due to pressure from consumers, health advocates, and bans or restrictions in states such as California, Virginia, and West Virginia.
Kraft Heinz and General Mills have already eliminated synthetic color additives from most of their products.
The Trump administration recently commended Kraft Heinz and General Mills for pledging to remove synthetic colors.
Dr. Marion Nestle, an emeritus professor of nutrition and food studies at New York University, stated that removing artificial colors is nutritionally meaningless for giving junk foods the appearance of health foods.
Approximately 64% of consumers actively seek out snacks perceived as “good for them,” a figure that has risen significantly in recent years, according to market research firm Circana.
Yogurt, cheeses, and foods and drinks containing protein have become widespread due to their perceived nutritional benefits.
Companies have made voluntary commitments to remove artificial dyes from their products on prior occasions.
Many companies have reversed their prior commitments regarding artificial dyes.
The Consumer Brands Association is a trade group that represents major food, beverage, and household product companies.
The Consumer Brands Association did not directly respond to criticism about accountability.
The Consumer Brands Association issued a statement in April claiming that the industry has always prioritized transparency and will continue to ensure consumers have necessary information for informed purchasing decisions.
The Consumer Brands Association stated that broadly defining foods as ultraprocessed might lead to "demonizing safe, shelf-ready foods" and limit consumers’ access to nutritious foods.
Critics assert that many of the Trump administration’s policies weaken government efforts to improve the food supply and Americans’ health, despite HHS's focus on food additives.
A Congressional Budget Office estimate predicts that Trump’s tax and spending cuts package will result in 10 million additional people lacking health insurance by 2034.
The Urban Institute states that over 22 million families will lose some or all of their Supplemental Nutrition Assistance Program (SNAP) benefits.
The law eliminated funding for programs providing cooking classes and nutrition education to SNAP recipients.
The Agriculture Department terminated two pandemic-era programs that assisted schools and food banks in purchasing from local farmers.
Aviva Musicus stated that the federal government has reduced SNAP benefits for millions of Americans.
Aviva Musicus stated that the federal government has removed health insurance coverage from millions of Americans.
Aviva Musicus stated that the federal government has cut programs designed to help farmers supply local foods to schools.
The Trump administration reduced billions in research funding.
The Trump administration terminated thousands of employees at the National Institutes of Health, Centers for Disease Control, and other agencies.
The top nutrition researcher at NIH, who specialized in ultraprocessed foods, departed from the agency.
The top nutrition researcher cited censorship under Robert F. Kennedy Jr. as the reason for their departure.
The HHS previously denied claims of censorship under Robert F. Kennedy Jr.
Dr. Jerold Mande, an adjunct professor at the Harvard School of Public Health and a senior policy official in the Obama and Clinton administrations, stated that research cuts and layoffs might impede the enactment of stricter regulations or investigations into the food industry.
Dr. Jerold Mande stated that tens of thousands of government personnel have been lost, impacting the ability to conduct investigations.
Dr. Jerold Mande credits Robert F. Kennedy Jr. for making food-related chronic diseases, primarily obesity, a political priority.
The MAHA Commission plans to release its second report on its strategy for improving childhood chronic obesity in August.

**********Claims for hard query**********

Yogurt, cheeses, and foods and drinks containing protein have become widespread due to their perceived nutritional benefits.
Dr. Jerold Mande stated that tens of thousands of government personnel have been lost, impacting the ability to conduct investigations.
Synthetic dyes are derived from petroleum.

**********Formulated hard query**********

Yogurt, cheeses, and foods and drinks containing protein have become **in a certain state** due to their perceived nutritional benefits.
**Someone** stated that tens of thousands of government personnel have been lost, impacting the ability to conduct investigations.
Synthetic dyes are derived from **something**.

**********Claims for medium query**********

The HHS previously denied claims of censorship under Robert F. Kennedy Jr.
The agency has not yet implemented any substantial measures to reduce ultraprocessed foods.
Studies have frequently associated ultraprocessed foods with obesity, cancer, diabetes, heart disease, and other health disorders.

**********Formulated medium query**********

The HHS previously denied claims of censorship under someone.
The agency has not yet implemented any substantial measures to reduce something.
Studies have frequently associated ultraprocessed foods with certain conditions.

**********Claims for easy query**********

Health advocates credit Robert F. Kennedy Jr., the Health and Human Services Department secretary, and his MAHA movement for raising awareness about unhealthy foods, chronic disease, and major companies’ influence on the American food system.
Critics assert that many of the Trump administration’s policies weaken government efforts to improve the food supply and Americans’ health, despite HHS's focus on food additives.
Researchers state that Robert F. Kennedy Jr.’s focus on synthetic dyes overlooks the broader issue of the widespread availability of cheap, convenient foods high in salt, sugar, and fat.

**********Formulated easy query**********

Someone, the Health and Human Services Department secretary, and his MAHA movement are credited by health advocates for raising awareness about unhealthy foods, chronic disease, and major companies’ influence on the American food system.
Critics assert that many of the Trump administration’s policies affect government efforts in a certain way, despite HHS's focus on food additives.
Researchers state that Robert F. Kennedy Jr.’s focus on synthetic dyes overlooks something.

**********Page content extracted**********

Title: OPEC+ makes another large oil output hike in market share push
URL: https://edition.cnn.com/2025/08/03/business/oil-prices-market-opec
Content: # OPEC+ makes another large oil output hike in market share push

OPEC+ agreed on Sunday to raise oil production by 547,000 barrels per day for September, the latest in a series of accelerated output hikes to regain market share, as concerns mount over po

**********Extracted claims**********

OPEC+ agreed to raise oil production by 547,000 barrels per day for September.
This increase is part of a series of accelerated output hikes by OPEC+.
OPEC+ is increasing output to regain market share.
Concerns exist regarding potential supply disruptions linked to Russia.
The latest production hike by OPEC+ represents a full and early reversal of its largest output cuts.
The United Arab Emirates (UAE) has a separate increase in oil output.
The combined increase in output by OPEC+ members and the UAE amounts to approximately 2.5 million barrels per day (bpd).
This combined increase represents about 2.4% of world oil demand.
Eight OPEC+ members held a brief virtual meeting.
The meeting occurred amidst increasing U.S. pressure on India to halt Russian oil purchases.
U.S. pressure on India is part of Washington’s efforts to bring Moscow to the negotiating table for a peace deal with Ukraine.
President Donald Trump stated a desire for a peace deal by August 8.
OPEC+ cited a healthy economy as a reason for its decision to increase output.
OPEC+ cited low stocks as a reason for its decision to increase output.
Oil prices have remained elevated despite OPEC+ raising output.
Brent crude LCOc1 closed near $70 a barrel on a Friday preceding the article's publication.
Brent crude LCOc1 was near $58 in April, identified by the article as a 2025 low.
Rising seasonal demand partly supports oil prices.
Amrita Sen, co-founder of Energy Aspects, stated that strong oil prices at around $70 give OPEC+ confidence about market fundamentals.
Amrita Sen also stated that the market structure indicates tight stocks.
The eight OPEC+ countries are scheduled to meet again on September 7.
These countries may consider reinstating output cuts totaling around 1.65 million bpd at the September 7 meeting.
Two OPEC+ sources reported this potential consideration.
A specific layer of output cuts, totalling around 1.65 million barrels per day, is currently in place until the end of a subsequent calendar year.
OPEC+ in full includes 10 non-OPEC oil producing countries.
Russia is a non-OPEC oil producing country included in OPEC+.
Kazakhstan is a non-OPEC oil producing country included in OPEC+.
OPEC+ pumps about half of the world’s oil.
OPEC+ had been curtailing production for several years.
OPEC+ curtailed production to support oil prices.
OPEC+ reversed its production course during the calendar year in which the article is set.
OPEC+ reversed its production course to regain market share.
Calls from President Trump for OPEC to ramp up production partly spurred OPEC+ to reverse its course.
The eight OPEC+ members began raising output in April of the calendar year in which the article is set.
An output hike of 138,000 bpd occurred in April of the calendar year in which the article is set.
Output hikes of 411,000 bpd occurred in May, June, and July of the calendar year in which the article is set.
An output hike of 548,000 bpd occurred in August of the calendar year in which the article is set.
An output hike of 547,000 bpd is set for September of the calendar year in which the article is set.
The hikes from May onwards were larger than initially planned.
Giovanni Staunovo of UBS stated that the market has absorbed the additional barrels well.
Giovanni Staunovo attributed the absorption to stockpiling activity in China.
Giovanni Staunovo of UBS stated that attention would shift to a Trump decision on Russia scheduled for an upcoming Friday.
A voluntary cut of about 1.65 million bpd exists from the eight OPEC+ members.
OPEC+ also has a 2-million-bpd cut across all its members.
The 2-million-bpd cut across all OPEC+ members expires at the end of 2026.
Jorge Leon of Rystad Energy stated that OPEC+ has passed the first test.
Jorge Leon stated that OPEC+ fully reversed its largest cut without crashing prices.
Jorge Leon stated that the next task for OPEC+ will be harder.
Jorge Leon defined the next task as deciding if and when to unwind the remaining 1.66 million barrels.
Jorge Leon stated this must be done while navigating geopolitical tension and preserving cohesion within OPEC+.

**********Claims for hard query**********

Giovanni Staunovo attributed the absorption to stockpiling activity in China.
Amrita Sen also stated that the market structure indicates tight stocks.
The hikes from May onwards were larger than initially planned.

**********Formulated hard query**********

Someone attributed the absorption to stockpiling activity in China.
Amrita Sen also stated that the market structure indicates stocks in a certain state.
The hikes from May onwards were in a certain way.

**********Claims for medium query**********

Two OPEC+ sources reported this potential consideration.
An output hike of 548,000 bpd occurred in August of the calendar year in which the article is set.
The United Arab Emirates (UAE) has a separate increase in oil output.

**********Formulated medium query**********

An output hike of **a certain amount** occurred in August of the calendar year in which the article is set.
**A certain country** has a separate increase in oil output.

**********Claims for easy query**********

The latest production hike by OPEC+ represents a full and early reversal of its largest output cuts.
OPEC+ agreed to raise oil production by 547,000 barrels per day for September.
OPEC+ cited low stocks as a reason for its decision to increase output.

**********Formulated easy query**********

The latest production hike by OPEC+ represents a full and early reversal of a certain set of output cuts.
OPEC+ agreed to raise oil production by a certain quantity of barrels per day for September.
OPEC+ cited a certain condition of stocks as a reason for its decision to increase output.

**********Page content extracted**********

Title: Disrupted US vaccine meetings could threaten timelines, access and transparency around shots
URL: https://edition.cnn.com/2025/02/28/health/vaccine-meetings-rfk-flu-shots
Content: # Disrupted US vaccine meetings could threaten timelines, access and transparency around shots

—

Two long-planned vaccine meetings — one at the US Centers for Disease Control and another at the US Food and Drug Administration — have now been disrupted u

**********Extracted claims**********

Two long-planned vaccine meetings, one at the US Centers for Disease Control (CDC) and another at the US Food and Drug Administration (FDA), have been disrupted during the tenure of US Health and Human Services Secretary Robert F. Kennedy Jr.
The disruption is raising questions about potential delays or reduced access to seasonal flu shots and other lifesaving vaccines.
The February meeting of the CDC’s Advisory Committee on Immunization Practices (ACIP) was postponed.
An online note stated the ACIP February meeting was postponed to accommodate public comment.
The postponed ACIP meeting was a three-day event.
The ACIP meeting was scheduled to review the safety and effectiveness of vaccines for meningococcal disease, RSV, flu, chikungunya, and mpox.
Meningococcal disease is currently experiencing a resurgence.
The ACIP meeting was also scheduled to include two votes related to the Vaccines for Children program.
Vaccines for Children is a government program.
The Vaccines for Children program buys and distributes vaccines to state and local health departments for children whose families cannot afford them.
The ACIP typically holds three meetings annually, in February, June, and October.
There is no information on whether or when the ACIP February meeting will be rescheduled.
It is unclear if the ACIP meeting delay will hinder access to vaccines.
The FDA canceled a March 13 meeting of its Vaccines and Related Biological Products Advisory Committee.
The FDA meeting was scheduled to discuss the recipe manufacturers must follow to make flu shots for the upcoming fall season.
No explanation was provided for the cancellation of the FDA meeting.
The FDA stated to CNN that it would still make recommendations on the composition of flu shots.
The FDA did not indicate whether it would seek its advisers’ guidance or allow for public discussion and debate regarding flu shot composition.
The FDA will publish its recommendations to manufacturers in time for updated vaccines to be available for the 2025-2026 influenza season.
The US is currently experiencing a severe flu season.
The US is experiencing a resurgence of measles.
Measles is a vaccine-preventable disease.
Experts state that these infections are increasing due to growing vaccine hesitancy.
Robert F. Kennedy Jr. maintains he is not anti-vaccine.
Robert F. Kennedy Jr. has repeatedly expressed doubts about the safety and effectiveness of immunizations.
Robert F. Kennedy Jr. has questioned the research and regulations supporting vaccine use.
Robert F. Kennedy Jr.'s financial disclosures indicate he has earned money from law firms that sue vaccine manufacturers.
Robert F. Kennedy Jr. has criticized some experts who advise federal agencies on vaccines.
During his confirmation hearings, Robert F. Kennedy Jr. incorrectly stated that 97% of the members of the CDC’s vaccine advisory committee had conflicts of interest.
The CDC’s vaccine advisory panel has strict policies to guard against conflicts of interest.
The CDC’s vaccine advisory panel has a screening process for members to ensure their impartiality when voting.
Members of the FDA’s vaccine committee are subject to strict conflict of interest rules.
FDA vaccine committee members are required to disclose potential conflicts of interest during meetings.
Former CDC Director Dr. Tom Frieden wrote that false claims about ACIP members voting based on financial ties are among the most damaging falsehoods concerning vaccines.
Tom Frieden stated that the 97% figure originated from a 2009 report.
The 2009 report was issued when Tom Frieden was the CDC director.
Tom Frieden is currently president and CEO of the nonprofit Resolve to Save Lives.
The 2009 report was an audit of conflict of interest forms submitted by CDC advisers in 2007.
Tom Frieden said that 97% of the forms had at least one missing response.
A missing response could have been something as simple as failing to initial a page, according to Tom Frieden.
Tom Frieden stated that a missing response is not equivalent to a conflict of interest.
Tom Frieden characterized the situation as classic misinformation to CNN.
Tom Frieden expressed alarm regarding the postponed ACIP meeting.
Tom Frieden wrote on LinkedIn that misleading and inaccurate information claiming ACIP members have conflicts of interest is certain to appear.
The ACIP is composed of pediatricians, public health specialists, and parents.
The ACIP is considered the gold standard for open and transparent recommendations on vaccine safety and effectiveness.
Health-care providers are concerned that delays on vaccines or limits on access to them may occur without input from the vaccine committees on regulation or recommendations.
Dr. Tina Tan, president of the Infectious Diseases Society of America, stated that canceling the FDA flu shot meeting means vaccine makers may lack vital information and time to produce and distribute targeted vaccines before the next flu season.
Dr. Tina Tan is the president of the Infectious Diseases Society of America.
Dr. Tina Tan warned that many lives saved by vaccination will be lost if the FDA meeting is not immediately rescheduled.
A coalition of groups known as the Partnership to Fight Infectious Disease called for the prompt rescheduling of the ACIP meeting.
The call for rescheduling was made in a February 20 open letter addressed to Robert F. Kennedy Jr.
Acting CDC Director Dr. Susan Monarez and Sen. Bill Cassidy signed the open letter.
Sen. Bill Cassidy is a doctor.
Sen. Bill Cassidy is the chairman of the Senate Health, Education, Labor, and Pensions Committee.
Each ACIP meeting is highly important and relevant, according to the Partnership to Fight Infectious Disease.
Infectious diseases are continuously evolving, according to the Partnership to Fight Infectious Disease.
Vaccines are considered among the best tools for adapting and responding to public health threats, according to the Partnership to Fight Infectious Disease.
Healthy discussion and timely, evidence-based decisions are necessary to improve public health in America, according to the Partnership to Fight Infectious Disease.
Multiple methods exist for producing flu vaccines.
The most common method for making flu vaccines involves growing selected candidate viruses in chicken eggs.
Growing viruses in chicken eggs for flu vaccine production is a painstaking operation.
The chicken egg method for flu vaccine production takes months to complete.
The selection of flu vaccine strains is carefully coordinated.
The careful coordination ensures manufacturers can deliver vaccines to doctor’s offices and pharmacies on schedule.
Flu vaccines sold in the US must contain strains officially selected by the FDA.
The FDA's decision on flu vaccine strains typically follows a meeting of the World Health Organization’s (WHO) Global Influenza Surveillance and Response System.
The WHO Global Influenza Surveillance and Response System is a network.
The network consists of seven collaborating centers and four essential regulatory labs.
The collaborating centers and regulatory labs are based in the US, UK, Japan, China, Russia, and Australia.
The CDC and FDA are members of the WHO Global Influenza Surveillance and Response System.
Representatives from the CDC and FDA participated in the deliberations of the WHO Global Influenza Surveillance and Response System.
Dr. Maria Van Kerkhove stated that the US participated in the WHO Global Influenza Surveillance and Response System meeting.
Dr. Maria Van Kerkhove is WHO’s technical lead for Covid-19.
The US is still contributing to the global influenza surveillance system, according to Dr. Maria Van Kerkhove.
The importance of the global influenza surveillance system is emphasized by Dr. Maria Van Kerkhove.
Experts from the WHO Global Influenza Surveillance and Response System meet twice annually.
These WHO meetings occur in the fall and spring.
The purpose of these WHO meetings is to choose flu strains for countries in the Southern and Northern Hemispheres.
The WHO announced the flu strains it believes will best match circulating viruses for the upcoming fall season.
The WHO's recommended strains would replace the H3N2 component of the current year's vaccine.
The H3N2 component of the current year's vaccine was only a partial match to circulating viruses.
The 17-member FDA vaccine committee typically meets after WHO recommendations.
The FDA vaccine committee publicly discusses WHO recommendations.
The FDA vaccine committee then makes its own endorsement.
The FDA agency makes the final decision on vaccine strains.
The FDA's final decision can differ from its advisers' recommendations.
The FDA's final decision generally aligns with its advisers' recommendations.
An FDA advisory meeting will not occur this year.
The FDA confirmed it would still issue recommendations to manufacturers.
The FDA did not specify how or when it would make its decision on recommendations.
Dr. LJ Tan stated that US manufacturers would be in a difficult position without FDA-recommended strains.
Dr. LJ Tan is the chief policy and partnerships officer for Immunize.org.
Immunize.org is a nonprofit vaccine advocacy group.
Flu vaccine manufacturers contacted by CNN stated that the missed VRBPAC meeting would not impede their progress.
Sanofi has already begun production for the 2025-2026 flu season in the Northern Hemisphere.
Sanofi stated it will be ready to support final strain selections in time for the 2025-2026 flu season.
GSK stated it will continue to collaborate with the FDA on its flu strain recommendation in the US.
Canceling the VRBPAC meeting will prevent public discussion and debate.
The cancellation of the VRBPAC meeting makes the process less transparent, according to Immunize.org’s Dr. LJ Tan.
Dr. LJ Tan stated that bypassing an expert advisory committee is very dangerous.
Robert F. Kennedy Jr. promised "radical transparency" at HHS during his Senate confirmation hearings.
Robert F. Kennedy Jr. stated that public health agencies should be transparent.
Robert F. Kennedy Jr. stated that transparency is needed for Americans to restore trust in public health agencies.
Vaccine advocates believe canceling advisory committee meetings undermines transparency goals.
Dr. Stanley Perlman is a member of the FDA’s VRBPAC.
Dr. Stanley Perlman is also a pediatrician and immunologist at the University of Iowa.
Dr. Stanley Perlman expressed concern that skipping committee meetings would remove public insight into government vaccine decisions.
The country is currently uncertain about vaccines, medical devices, and drugs, according to Dr. Stanley Perlman.
More transparency might help undecided individuals understand the committee's reasoning, according to Dr. Stanley Perlman.
Other experts concur that the committees provide an important layer of independent review.
Dr. William Moss directs the International Vaccine Access Center at the Johns Hopkins Bloomberg School of Public Health.
Dr. William Moss is a pediatrician.
Dr. William Moss stated that skipping expert meetings removes experts from the conversation.
Many vaccine decisions are complex and nuanced, according to Dr. William Moss.
An open discussion by a group of experts familiar with vaccines and diseases is critically important, according to Dr. William Moss.
The FDA has not announced how it will select vaccine strains for the upcoming fall.
If the FDA follows the WHO’s recommendation, the US will rely on data from the WHO.
President Donald Trump previously ordered the US to withdraw support from the WHO and cease sharing information with it.
Dr. William Moss described the situation as chaos, whether planned or due to incompetence.

**********Claims for hard query**********

Sen. Bill Cassidy is the chairman of the Senate Health, Education, Labor, and Pensions Committee.
The network consists of seven collaborating centers and four essential regulatory labs.
Dr. William Moss is a pediatrician.

**********Formulated hard query**********

Two long-planned vaccine meetings have been disrupted under the watch of someone.
The February meeting of something was postponed to accommodate public comment.
The FDA canceled a March 13 meeting of a certain committee.
Robert F. Kennedy Jr. has behaved in a certain way and questioned the research and regulations that allow them to be used.
Someone else wrote that false claims that ACIP members vote based on their financial ties is among the most damaging falsehoods about vaccines.
A certain organization is a nonprofit vaccine advocacy group.
The Infectious Diseases Society of America is led by another person.
A third person and Sen. Bill Cassidy pushed for the prompt rescheduling of the ACIP meeting.
A certain network is a network of centers and regulatory labs.
A certain country participated in the WHO meeting.
A fifth person is WHO’s technical lead for Covid-19.
A sixth person is a pediatrician and immunologist at the University of Iowa.
Sen. Bill Cassidy is a certain position.
The network consists of a certain number of entities.
An eighth person is a pediatrician.

**********Validation Result**********

subquestion 'A fifth person is WHO’s technical lead for Covid-19.' is NOT supported by the context.
<reject> The text identifies Dr. Maria Van Kerkhove as WHO’s technical lead for Covid-19, but it does not state that a "fifth person" holds this role. </reject>

**********Validation Result**********

subquestion 'An eighth person is a pediatrician.' is NOT supported by the context.
<reject> The content mentions two specific individuals who are pediatricians (Dr. Stanley Perlman and Dr. William Moss), but it does not state that an eighth person is a pediatrician. It also mentions "pediatricians" as a group on the ACIP committee, but not a specific number of eight. </reject>

**********Claims for medium query**********

Experts state that these infections are increasing due to growing vaccine hesitancy.
Multiple methods exist for producing flu vaccines.
Vaccines are considered among the best tools for adapting and responding to public health threats, according to the Partnership to Fight Infectious Disease.

**********Formulated medium query**********

Experts state that these infections are increasing due to a certain factor.
Multiple methods exist for producing something.
Vaccines are considered among the best tools for adapting and responding to public health threats, according to someone.

**********Claims for easy query**********

Two long-planned vaccine meetings, one at the US Centers for Disease Control (CDC) and another at the US Food and Drug Administration (FDA), have been disrupted during the tenure of US Health and Human Services Secretary Robert F. Kennedy Jr.
Dr. Tina Tan, president of the Infectious Diseases Society of America, stated that canceling the FDA flu shot meeting means vaccine makers may lack vital information and time to produce and distribute targeted vaccines before the next flu season.
Flu vaccine manufacturers contacted by CNN stated that the missed VRBPAC meeting would not impede their progress.

**********Formulated easy query**********

Two long-planned vaccine meetings, one at the US Centers for Disease Control (CDC) and another at the US Food and Drug Administration (FDA), have been disrupted during the tenure of someone.
Dr. Tina Tan, president of the Infectious Diseases Society of America, stated that canceling the FDA flu shot meeting means vaccine makers may lack something.
Flu vaccine manufacturers contacted by CNN stated that something would not impede their progress.

**********Page content extracted**********

Title: He tried building smartphones in the US over a decade ago. He has advice for companies trying it today
URL: https://edition.cnn.com/2025/08/04/tech/smartphones-made-in-the-us-motorola-tariffs?utm_source=business_ribbon
Content: # He tried building smartphones in the US over a decade ago. He has advice for companies trying it today

In 2013, Motorola tried to claw its way into a bigger share of a smartphone market dominated by Apple and Samsung with four words: Made in the USA.



**********Extracted claims**********

In 2013, Motorola attempted to increase its share of the smartphone market.
Apple and Samsung dominated the smartphone market in 2013.
Motorola used the slogan "Made in the USA" in 2013.
Dennis Woodside is the former CEO of Motorola.
Dennis Woodside is the current CEO of enterprise software service provider Freshworks.
Dennis Woodside stated that a segment of customers expressed a preference for products manufactured in the United States.
Motorola shut down its Texas factory in 2014.
Motorola ceased domestic assembly of the Moto X.
The Moto X was Motorola's flagship phone at the time of its domestic assembly attempt.
The Moto X was designed to compete with the latest iPhone and Samsung Galaxy devices.
President Donald Trump is pressuring Apple and Samsung to manufacture their mobile devices in the United States.
President Donald Trump's pressure includes the threat of tariffs on imported mobile devices.
Higher tariffs on imports from China are scheduled to take effect on August 12.
The August 12 tariffs on Chinese imports can be avoided if a deal or extension is reached.
India is the world's top exporter of smartphones to the US.
India will face 25% tariffs on smartphones starting August 7.
Dennis Woodside managed Motorola under Google's ownership from May 2012.
Motorola was sold to Lenovo in 2014.
Dennis Woodside advises companies trying to make smartphones in America not to underestimate the difficulty of finding and retaining skilled workers.
Motorola, when owned by Google, attempted to produce its Moto X smartphone in Fort Worth, Texas, in 2013.
Motorola's website allowed consumers to customize the Moto X's aesthetic details, such as button and back panel colors.
Customization was a key selling point of the Moto X.
Motorola assembled Moto X units sold in the US in Texas.
Components for the Moto X, including the battery, screen, and motherboard, were sourced from Asian suppliers.
The Moto X did not sell in sufficient quantities to sustain its stateside assembly efforts.
Strategy Analytics reported that 500,000 Moto X units were sold in the third quarter of 2013.
A Wall Street Journal report cited Strategy Analytics' sales figures for the Moto X.
By May 2014, Motorola confirmed plans to close its factory and assemble the phone elsewhere.
Tech startup Purism manufactures its Liberty phone in America.
Motorola's Texas facility assembled approximately 100,000 phones per week.
Dennis Woodside identified training and retaining employees as major challenges.
Dennis Woodside stated that smartphones consist of several hundred tiny parts.
Dennis Woodside noted that most people in the US were unaccustomed to the specific type of work required for smartphone assembly.
Motorola had to train employees for smartphone assembly work.
The United States manufacturing sector faces a skill and demand shortage.
The skill and demand shortage makes it difficult to fill factory jobs in the US.
The skill and demand shortage makes it difficult to onshore production of tech products like smartphones in the US.
The US manufacturing sector lost an estimated 11,000 jobs between June and July.
The US Bureau of Labor Statistics reported the loss of manufacturing jobs between June and July.
Approximately 15,000 manufacturing positions were eliminated between May and June.
The manufacturing sector is described as one of the hardest-hit sectors in terms of recent job cuts.
A Cato Institute survey from August 2024 found that most Americans disagreed with the statement: "I would be better off if I worked in a factory instead of my current field of work."
Attracting and retaining a quality workforce was identified as a top business challenge for US manufacturers.
The National Association of Manufacturers outlook survey from the first quarter of the current year listed workforce attraction and retention as a top challenge.
China has a plentiful labor market for smartphone assembly.
China's manufacturing sector has been experiencing a boom.
Approximately 123 million people were employed in manufacturing in China in 2023.
Manufacturing employed the largest number of people among all industries in China in 2023.
China's fifth economic census, published in December 2024, provided employment data for 2023.
China is home to Foxconn's Zhengzhou facility.
Foxconn is an Apple partner.
Approximately 350 iPhones were assembled per minute at Foxconn's Zhengzhou facility in 2016.
The New York Times reported on the iPhone assembly rate at Foxconn's Zhengzhou facility in 2016.
Apple has shifted a portion of its manufacturing operations to India.
Apple has shifted a portion of its manufacturing operations to Vietnam.
Apple's manufacturing shift aims to reduce its reliance on China.
India has become the top exporter of phones to the United States.
Apple CEO Tim Cook spoke at a Fortune Magazine event in 2017.
Tim Cook stated that China's workforce is ideal for smartphone manufacturing due to its combination of craftsman skills, sophisticated robotics, and computer science expertise.
Dennis Woodside recalled that smartphone assembly involves mounting tiny components like camera parts and chips onto a device.
Dennis Woodside described smartphone assembly as a task requiring significant dexterity for sustained periods.
Sujai Shivakumar is the director and fellow at the Center for Strategic and International Studies.
Sujai Shivakumar stated that China's approach to developing manufacturing talent differs from that of the United States.
Technical training and vocational education in the United States vary by state or industry.
China dominates the global smartphone manufacturing market.
Phones manufactured in India have a slightly higher market share among US customers than phones manufactured in China.
In Q1 2025, China accounted for 67% of the global smartphone manufacturing market share.
In the first half of the year, phones made in China accounted for 35% of the US smartphone market share.
In Q1 2025, India accounted for 17% of the global smartphone manufacturing market share.
In the first half of the year, phones made in India accounted for 40% of the US smartphone market share.
In Q1 2025, Vietnam accounted for 11% of the global smartphone manufacturing market share.
In the first half of the year, phones made in Vietnam accounted for 25% of the US smartphone market share.
In Q1 2025, other countries combined accounted for 5% of the global smartphone manufacturing market share.
Sujai Shivakumar stated that a workforce is as important as electricity and transportation infrastructure for a manufacturing strategy.
Carolyn Lee is the executive director of the Manufacturing Institute.
Carolyn Lee stated that many new manufacturing jobs will likely require new skills, such as coding and data analytics.
Carolyn Lee stated that artificial intelligence and automation are playing a bigger role in factories.

**********Claims for hard query**********

China's fifth economic census, published in December 2024, provided employment data for 2023.
Dennis Woodside is the current CEO of enterprise software service provider Freshworks.
Sujai Shivakumar is the director and fellow at the Center for Strategic and International Studies.

**********Formulated hard query**********

Dennis Woodside is the current CEO of something.
Sujai Shivakumar is the director and fellow at something.
China's fifth economic census, published in a certain way, provided employment data for 2023.

**********Claims for medium query**********

In the first half of the year, phones made in China accounted for 35% of the US smartphone market share.
President Donald Trump's pressure includes the threat of tariffs on imported mobile devices.
Foxconn is an Apple partner.

**********Formulated medium query**********

Someone is an Apple partner.
Someone's pressure includes the threat of tariffs on imported mobile devices.
In the first half of the year, phones made in China accounted for a certain percentage of the US smartphone market share.

**********Claims for easy query**********

Dennis Woodside advises companies trying to make smartphones in America not to underestimate the difficulty of finding and retaining skilled workers.
The skill and demand shortage makes it difficult to onshore production of tech products like smartphones in the US.
China has a plentiful labor market for smartphone assembly.

**********Formulated easy query**********

Someone advises companies trying to make smartphones in America not to underestimate the difficulty of finding and retaining skilled workers.
The skill and demand shortage makes it difficult to produce something in a certain way in the US.
A certain country has a plentiful labor market for smartphone assembly.

**********Page content extracted**********

Title: Did the Fed just royally screw up?
URL: https://edition.cnn.com/2025/08/02/economy/fed-rate-cuts-jobs
Content: # Did the Fed just royally screw up?

—

It took only a few days for the Federal Reserve’s latest decision on interest rates to age like milk.

The central bank on Wednesday said it was holding borrowing costs steady yet again, extending a wait-and-see pa

**********Extracted claims**********

The Federal Reserve announced on Wednesday that it was holding borrowing costs steady.
The Federal Reserve's decision to hold borrowing costs steady continued a wait-and-see pattern.
The Federal Reserve's wait-and-see pattern began in January.
On Wednesday, Fed Chair Jerome Powell stated that a solid labor market allows central bankers to wait.
Central bankers are waiting to observe the effect of President Donald Trump’s tariffs on prices.
Rate cuts could help boost jobs.
Rate cuts could reignite inflation.
The job market was found to be on shakier ground than previously suggested by Powell.
The Labor Department reported on Friday that employers added 73,000 jobs in July.
The number of jobs added in July was below the threshold of monthly job growth necessary to keep up with population growth.
The unemployment rate increased to 4.2% from 4.1%.
The Labor Department revised downward the job gains for the two months prior to July.
Based on newly revised data, job growth has been anemic.
The average pace of monthly job growth from May through July was the weakest for any three-month period since 2009.
The pandemic recession in 2020 is an exception to the claim about the weakest three-month period since 2009.
The Federal Reserve declined a request for comment from CNN.
Jamie Cox, managing partner at Harris Financial Group, stated that Powell would regret holding rates steady.
Not all members of the Federal Reserve shared Powell's view on the labor market.
The Federal Reserve's latest decision generated internal pushback not seen in decades.
Fed Governor Christopher Waller cast a dissenting vote on the Federal Reserve's latest decision.
Fed Vice Chair for Supervision Michelle Bowman cast a dissenting vote on the Federal Reserve's latest decision.
More than one Federal Reserve governor casting dissenting votes had not occurred since 1993.
Christopher Waller and Michelle Bowman cited signs of weakness in the labor market as a major reason for their dissents.
Christopher Waller and Michelle Bowman downplayed the potential effects of Trump’s tariffs on prices.
Congress has tasked the Federal Reserve with addressing both high inflation and a weakening labor market.
Michelle Bowman stated that the labor market has become less dynamic.
Michelle Bowman stated that the labor market shows increasing signs of fragility.
Michelle Bowman stated that only a few industries have driven job growth this year.
According to the latest data, few industries propelled job growth in July.
Cleveland Fed President Beth Hammack described the July jobs report as disappointing.
Beth Hammack stated that one should not overreact to any single individual report.
Beth Hammack expressed confidence in the decision made by the Federal Reserve.
In the previous year, the unemployment rate climbed quickly over a short period.
In the previous year, there were calls that the central bank was too slow to lower rates.
The Federal Reserve implemented a half-point rate cut in the previous year.
The half-point rate cut was intended to prevent further weakening.
By the end of the previous year, the labor market was not experiencing a collapse.
In December of the previous year, employers added 323,000 jobs.
In December of the previous year, the unemployment rate decreased from the previous month to 4.1%.

**********Claims for hard query**********

In December of the previous year, the unemployment rate decreased from the previous month to 4.1%.
The pandemic recession in 2020 is an exception to the claim about the weakest three-month period since 2009.
Beth Hammack stated that one should not overreact to any single individual report.

**********Formulated hard query**********

In a certain month of the previous year, the unemployment rate decreased from the previous month to 4.1%.
The pandemic recession in a certain year is an exception to the claim about the weakest three-month period since 2009.
Someone stated that one should not overreact to any single individual report.

**********Claims for medium query**********

Fed Vice Chair for Supervision Michelle Bowman cast a dissenting vote on the Federal Reserve's latest decision.
Beth Hammack expressed confidence in the decision made by the Federal Reserve.
The Labor Department revised downward the job gains for the two months prior to July.

**********Formulated medium query**********

Fed Vice Chair for Supervision Michelle Bowman cast something on the Federal Reserve's latest decision.
Someone expressed confidence in the decision made by the Federal Reserve.
The Labor Department revised downward the job gains for a certain period.

**********Claims for easy query**********

On Wednesday, Fed Chair Jerome Powell stated that a solid labor market allows central bankers to wait.
Not all members of the Federal Reserve shared Powell's view on the labor market.
The job market was found to be on shakier ground than previously suggested by Powell.

**********Formulated easy query**********

On Wednesday, Fed Chair someone stated that a solid labor market allows central bankers to wait.
Not all members of a certain organization shared Powell's view on the labor market.
The job market was found to be in a certain state than previously suggested by Powell.

**********Page content extracted**********

Title: Rupert Everett says he was dumped from ‘Emily in Paris’: ‘For me, it was a tragedy’
URL: https://edition.cnn.com/2025/07/31/entertainment/rupert-everett-dumped-emily-in-paris
Content: # Rupert Everett says he was dumped from ‘Emily in Paris’: ‘For me, it was a tragedy’

Rupert Everett didn’t have a huge role on “Emily in Paris,” but now he no longer has any part whatsoever.

The actor who played interior design firm director Giorgio Ba

**********Extracted claims**********

Rupert Everett stated he was dumped from "Emily in Paris."
Rupert Everett stated he described his removal from "Emily in Paris" as a tragedy.
Rupert Everett previously had a role on "Emily in Paris."
Rupert Everett no longer has any role on "Emily in Paris."
Rupert Everett's role on "Emily in Paris" was not large.
Rupert Everett played interior design firm director Giorgio Barbieri on "Emily in Paris."
Rupert Everett appeared in one episode of "Emily in Paris."
"Emily in Paris" is a Netflix series.
Rupert Everett shared that he had been let go from the show while speaking at Marateale.
Marateale is an international film festival.
Marateale is held annually in Maratea, Italy.
Vanity Fair reported Rupert Everett's statement.
Rupert Everett stated he filmed a scene in the latest season of "Emily in Paris."
Rupert Everett stated he was told, "Next year we'll speak," regarding his role.
Rupert Everett stated he waited for a call that did not come.
Rupert Everett stated that show business is always very difficult.
Rupert Everett stated that characters can be lost in show business when screenplays are written and then things change.
Rupert Everett stated he was in bed for two weeks due to his distress over the situation.
CNN has reached out to representatives for Rupert Everett and Netflix for comment.
Rupert Everett is a popular actor.
Rupert Everett was at the festival to receive the Basilicata International Award.
Rupert Everett is not without work.
IMDb lists Rupert Everett as having multiple upcoming projects.
One upcoming project for Rupert Everett is a comedy titled "The Liar."
Jeff Goldblum is starring opposite Rupert Everett in "The Liar."
Fans are hopeful that Rupert Everett will reprise his role as George Downes.
George Downes was a role played by Rupert Everett.
George Downes was Julia Roberts' bestie in "My Best Friend's Wedding."
"My Best Friend's Wedding" was a hit film.
"My Best Friend's Wedding" was released in 1997.
A sequel to "My Best Friend's Wedding" is reportedly planned.

**********Claims for hard query**********

"My Best Friend's Wedding" was released in 1997.
Marateale is an international film festival.
Marateale is held annually in Maratea, Italy.

**********Formulated hard query**********

Marateale is a film festival in a certain state.
Marateale is held in a certain way in Maratea, Italy.
My Best Friend's Wedding was released in a certain year.

**********Validation Result**********

subquestion 'Marateale is a film festival in a certain state.' is NOT supported by the context.
<reject> The content states that Marateale is an international film festival held annually in Maratea, Italy. It does not mention that it is in a "certain state" within a country, but explicitly names the country (Italy) and the town (Maratea).</reject>

**********Validation Result**********

subquestion 'Marateale is held in a certain way in Maratea, Italy.' is NOT supported by the context.
<reject> The content states that Marateale is an international film festival held annually in Maratea, Italy. It does not specify "a certain way" that it is held. </reject>

**********Claims for medium query**********

Rupert Everett stated that show business is always very difficult.
Fans are hopeful that Rupert Everett will reprise his role as George Downes.
Rupert Everett stated he waited for a call that did not come.

**********Formulated medium query**********

Someone stated he waited for a call that did not come.
Fans are hopeful that someone will reprise his role as someone.
Someone stated that something is always very difficult.

**********Claims for easy query**********

Rupert Everett stated he was dumped from "Emily in Paris."
Rupert Everett stated he described his removal from "Emily in Paris" as a tragedy.
Rupert Everett no longer has any role on "Emily in Paris."

**********Formulated easy query**********

Someone stated he was dumped from "Emily in Paris."
Rupert Everett stated he described his removal from "Emily in Paris" as being in a certain state.
Rupert Everett no longer has any role on something.

**********Page content extracted**********

Title: Ghislaine Maxwell moved to federal prison camp in Texas
URL: https://edition.cnn.com/2025/08/01/politics/ghislaine-maxwell-federal-prison-texas
Content: # Ghislaine Maxwell moved to federal prison camp in Texas

,

,

This 2013 photo shows Ghislaine Maxwell in New York City.

Jeffrey Epstein accomplice Ghislaine Maxwell, who had been serving a 20-year prison sentence in Florida, has been moved to a lower-

**********Extracted claims**********

Ghislaine Maxwell has been moved to a lower-security federal prison camp in Texas.
Ghislaine Maxwell had been serving a 20-year prison sentence in Florida.
Ghislaine Maxwell is in the custody of the Bureau of Prisons (BOP) at the Federal Prison Camp (FPC) Bryan in Bryan, Texas.
Donald Murphy, a BOP spokesperson, confirmed Ghislaine Maxwell's custody at FPC Bryan.
Ghislaine Maxwell was sentenced in 2022.
Ghislaine Maxwell was sentenced for carrying out a years-long scheme with Jeffrey Epstein to groom and sexually abuse underage girls.
Ghislaine Maxwell has continued to appeal her conviction.
Ghislaine Maxwell's appeals include one to the Supreme Court.
Ghislaine Maxwell met in private with Deputy Attorney General Todd Blanche at the US attorney’s office in Tallahassee one week prior to the move.
Details of Ghislaine Maxwell's meeting with Todd Blanche have not been made public.
Ghislaine Maxwell's lawyer stated that Ghislaine Maxwell "honestly answered every question that Mr. Blanche asked."
Donald Murphy declined to give an explanation for Ghislaine Maxwell's move.
The Justice Department has not responded to questions from CNN regarding Ghislaine Maxwell's move.
Ghislaine Maxwell's prosecution and Jeffrey Epstein's prosecution have been a focal point for those who believe powerful people cover for each other’s crimes.
The notion of a cover-up spiked after the Justice Department declined to make public additional evidence in the Epstein investigation or prosecution.
Ghislaine Maxwell has publicly attempted to work with the government in several respects.
Ghislaine Maxwell's meetings with Todd Blanche lasted two full days.
Ghislaine Maxwell has offered to testify before Congress if major conditions, including immunity and receiving questions beforehand, were met.
The conditions for Ghislaine Maxwell's testimony before Congress have been rejected.
A minimum-security prison camp, such as the one in Bryan, is the least-restrictive type of facility among federal prisons.
Minimum-security prison camps house inmates considered to be low-risk, non-violent, and unlikely to escape.
Prison camps have very little or no fencing containing the inmates.
Inmates inside prison camps are able to move relatively freely.
Other inmates in the camp for women include Jen Shah and Elizabeth Holmes.
For an inmate like Ghislaine Maxwell to be transferred into a minimum-security prison, a top official inside the Bureau of Prisons must conclude that the inmate's risk to public safety has lowered.
The determination regarding lowered risk to public safety is based on recommendations from prison staff or good behavior.
The administrator of the Designation and Sentence Computation Center within the BOP makes determinations for inmate transfers.
The agency declined to explain the specifics of how Ghislaine Maxwell’s reassignment was handled.
Ghislaine Maxwell’s new facility, a federal prison camp, has limited perimeter fencing.
Ghislaine Maxwell’s new facility has a low staff-to-inmate ratio.
Ghislaine Maxwell’s new facility is work- and program-oriented, according to the BOP website.
Federal prosecutors argued that Ghislaine Maxwell should receive no leniency prior to her sentencing hearing.
Ghislaine Maxwell has repeatedly tried to receive more comfortable conditions during her detention.
Prior to her sentencing, Ghislaine Maxwell had complained about being held in Manhattan’s Metropolitan Detention Center.
At Manhattan’s Metropolitan Detention Center, Ghislaine Maxwell had more than a dozen hours a day outside of a cell.
At Manhattan’s Metropolitan Detention Center, Ghislaine Maxwell had access to a phone, TV, computers, and a shower.
Ghislaine Maxwell had complained about being isolated while in detention.
Ghislaine Maxwell believed she might face a death threat from another inmate.
Prosecutors noted that Ghislaine Maxwell repeatedly complained to the Bureau of Prisons about physical abuse.
The Bureau of Prisons concluded that Ghislaine Maxwell's complaints of physical abuse were unfounded.
The judge, in handing down Ghislaine Maxwell's 20-year sentence, initially designated Ghislaine Maxwell to go to a low-security prison, not a camp.

**********Claims for hard query**********

Prison camps have very little or no fencing containing the inmates.
The administrator of the Designation and Sentence Computation Center within the BOP makes determinations for inmate transfers.
The determination regarding lowered risk to public safety is based on recommendations from prison staff or good behavior.

**********Formulated hard query**********

Prison camps are designed in a certain way, containing the inmates.
Someone within the BOP makes determinations for inmate transfers.
The determination regarding lowered risk to public safety is based on certain information.

**********Claims for medium query**********

Ghislaine Maxwell's appeals include one to the Supreme Court.
The Bureau of Prisons concluded that Ghislaine Maxwell's complaints of physical abuse were unfounded.
Ghislaine Maxwell met in private with Deputy Attorney General Todd Blanche at the US attorney’s office in Tallahassee one week prior to the move.

**********Formulated medium query**********

Ghislaine Maxwell's appeals include one to a certain institution.
The Bureau of Prisons concluded that Ghislaine Maxwell's complaints of physical abuse were in a certain state.
Ghislaine Maxwell met in private with someone at the US attorney’s office in Tallahassee one week prior to the move.

**********Validation Result**********

subquestion 'Ghislaine Maxwell's appeals include one to a certain institution.' is NOT supported by the context.
Error during completion: litellm.InternalServerError: litellm.InternalServerError: VertexAIException - {
  "error": {
    "code": 503,
    "message": "The model is overloaded. Please try again later.",
    "status": "UNAVAILABLE"
  }
}


**********Claims for easy query**********

Ghislaine Maxwell has been moved to a lower-security federal prison camp in Texas.
The judge, in handing down Ghislaine Maxwell's 20-year sentence, initially designated Ghislaine Maxwell to go to a low-security prison, not a camp.
Ghislaine Maxwell is in the custody of the Bureau of Prisons (BOP) at the Federal Prison Camp (FPC) Bryan in Bryan, Texas.

**********Formulated easy query**********

Someone has been moved to a lower-security federal prison camp in Texas.
The judge, in handing down Ghislaine Maxwell's a certain duration of time sentence, initially designated Ghislaine Maxwell to go to a low-security prison, not a camp.
Ghislaine Maxwell is in the custody of the Bureau of Prisons (BOP) at a certain location in Bryan, Texas.

**********Validation Result**********

subquestion 'Someone has been moved to a lower-security federal prison camp in Texas.' is NOT supported by the context.
Error during completion: litellm.InternalServerError: litellm.InternalServerError: VertexAIException - {
  "error": {
    "code": 503,
    "message": "The model is overloaded. Please try again later.",
    "status": "UNAVAILABLE"
  }
}


**********Page content extracted**********

Title: Giant shoes found near Hadrian’s Wall spark mystery around the soldiers of ancient Rome
URL: https://edition.cnn.com/2025/07/12/science/giant-shoes-ancient-roman-fort-magna
Content: # Giant shoes found near Hadrian’s Wall spark mystery around the soldiers of ancient Rome

—

An ancient Roman mystery is afoot in the rolling hills of northern Britain.

Archaeologists have unearthed a stash of unusually large shoes at the ruins of a fir

**********Extracted claims**********

Archaeologists have unearthed a stash of unusually large shoes at the ruins of a first-century military fort along Hadrian’s Wall.
Hadrian’s Wall is a 73-mile (117-kilometer) stone barrier.
Hadrian’s Wall famously shielded the Roman Empire’s northwestern perimeter from foreign invaders.
The discovery of shoes at Magna Fort is raising new questions about the lives and origins of the fort’s inhabitants.
Giant leather soles were found at Magna Fort in May.
Thirty-four pieces of footwear were found at Magna Fort.
The footwear found at Magna Fort includes work boots and baby-sized shoes.
The discoveries at Magna Fort are helping to paint a picture of the 4,000 men, women, and children who once lived in and around the English site.
Magna Fort is located just south of the Scottish border.
Eight of the shoes found at Magna Fort are over 11.8 inches (30 centimeters) in length.
Eight of the shoes found at Magna Fort are a US men’s size 13.5 or greater based on Nike’s size chart.
The large shoes found at Magna Fort are larger than average by today’s standard.
The average ancient shoe found at a neighboring Roman fort was closer to a US men’s size 8.
Rachel Frame, a senior archaeologist, concluded that the large shoes found belonged to people with very large feet.
Magna Fort was built around AD 85.
Multiple different Roman military troops and their families moved into Magna Fort every few years.
Inscriptions on Magna Fort’s walls and altars recount settlements of Hamian archers from what is now Syria.
Inscriptions on Magna Fort’s walls and altars recount settlements of Dalmatian mountain soldiers from Croatia and Serbia.
Inscriptions on Magna Fort’s walls and altars recount settlements of Batavians from the Netherlands.
Roman troops stationed at the fort often left shoes, clothing, and other belongings in surrounding trenches.
New occupants built larger structures on top of the existing fort.
New occupants packed rubble and clay between walls, trapping belongings left by previous tenants.
Dr. Elizabeth Greene is an associate professor of classics at the University of Western Ontario.
Dr. Elizabeth Greene has studied thousands of shoes collected from the Vindolanda Roman Fort.
Vindolanda Roman Fort has been excavated since the 1970s.
Vindolanda Roman Fort is among the most well-studied Roman forts along Hadrian’s Wall.
The recently discovered Magna shoes share some similarities with those in the Vindolanda Fort collection.
The soles of the shoes from both Magna Fort and Vindolanda Fort are made from thick layers of cowhide leather held together with iron hobnails.
Only a couple of the shoes discovered at Magna Fort have some of the upper portions still intact.
Vindolanda Fort shoe styles include closed military boots, open work boots, sneaker-like shoes reaching just below the ankle, and sandals with leather fasteners.
At Vindolanda, only 16 out of 3,704 collected shoes measured over 11.8 inches (30 centimeters).
Ancient Roman military manuals often described the ideal recruit as being 5 feet, 8 inches or 5 feet, 9 inches in height.
Soldiers stationed around Hadrian’s Wall came from all around the Roman Empire.
Soldiers stationed around Hadrian’s Wall brought a wide diversity of physical traits to their settlements.
Romans near Hadrian’s Wall generally cremated their dead.
Romans near Hadrian’s Wall used a headstone to mark graves.
Any bones remaining around the settlements are likely from enemy, illegal, or accidental burials.
Few bones found at the Magna site were too soft and crumbly to provide insight.
The 2,000-year-old leather found at both Vindolanda and Magna sites is preserved by anaerobic, or low-oxygen, conditions of the soil.
The 34 shoes found at the Magna Fort are in worse condition than those retrieved from Vindolanda decades ago.
Rachel Frame attributes the worse condition of the Magna shoes to the changing climate.
Climate change influences underground soil conditions.
Climate change introduces more oxygen into underground environments.
In oxygen-rich soil, microbes thrive.
Microbes in oxygen-rich soil contribute to decay.
Acidic pH levels erode natural materials like leather.

**********Claims for hard query**********

New occupants built larger structures on top of the existing fort.
Magna Fort is located just south of the Scottish border.
Dr. Elizabeth Greene is an associate professor of classics at the University of Western Ontario.

**********Formulated hard query**********

Someone built larger structures on top of the existing fort.
Magna Fort is located in a certain place.
Dr. Elizabeth Greene is an associate professor of classics at a certain university.

**********Claims for medium query**********

Vindolanda Roman Fort is among the most well-studied Roman forts along Hadrian’s Wall.
Soldiers stationed around Hadrian’s Wall came from all around the Roman Empire.
Eight of the shoes found at Magna Fort are a US men’s size 13.5 or greater based on Nike’s size chart.

**********Formulated medium query**********

Something is among the most well-studied Roman forts along Hadrian’s Wall.
Soldiers stationed in a certain area came from all around the Roman Empire.
Eight of the shoes found at Magna Fort are in a certain state based on Nike’s size chart.

**********Claims for easy query**********

Archaeologists have unearthed a stash of unusually large shoes at the ruins of a first-century military fort along Hadrian’s Wall.
The discovery of shoes at Magna Fort is raising new questions about the lives and origins of the fort’s inhabitants.
Rachel Frame, a senior archaeologist, concluded that the large shoes found belonged to people with very large feet.

**********Formulated easy query**********

Archaeologists have unearthed a stash of unusually large shoes at the ruins of a first-century military fort along a certain location.
The discovery of shoes at a specific fort is raising new questions about the lives and origins of the fort’s inhabitants.
Someone, a senior archaeologist, concluded that the large shoes found belonged to people with very large feet.

