**********Page content extracted**********

Title: Popping Culture: Spoken Word and Nostalgia
URL: https://olh.openlibhums.org/article/id/20347/
Content: ## Abstract

This article explores the prominent use of popular culture as a thematic concern in contemporary spoken word performance, in particular the ways in which initially nostalgic representations of popular culture can be used to establish communit

**********Extracted claims**********

The article explores the prominent use of popular culture as a thematic concern in contemporary spoken word performance.
The article examines how initially nostalgic representations of popular culture can be used to establish community.
The article investigates how initially nostalgic representations of popular culture can be used to interrogate historic cultural production.
The article uses Svetlana Boym’s typological distinction between reflective and restorative nostalgia.
The article unpacks how cultural production, such as books, films, and television shows, is presented in spoken word performances.
The article reviews techniques that build a sense of community through a shared awareness and appreciation of popular culture, using case studies of four performances.
The article examines how the case studies reflect on the contemporary relevance of historic popular culture.
The article examines how the case studies re-evaluate historic popular culture through a more contemporary lens to unpack its problematic values and undercurrents.
The article reflects on how the formal and affective dimensions of spoken word performance position it as an effective medium for the representation and evaluation of popular culture.
The article aims to substantiate the frequency of popular culture as a theme in contemporary performance poetry.
Critic Gizela Horvath states that nostalgia presupposes a comparison between an overrated past and an underachieving present.
Horvath also states that nostalgic representation beckons forms of art that make possible the comparison of moments in time and the direct expression of emotions.
Horvath specifically lists literature, music, the theatre, and film as forms of art suited to nostalgic representation.
Spoken word is presented as a form of art particularly well suited to nostalgic representation.
Spoken word locates many of its operating principles in the direct expression of emotion and the transmission of affect in a live encounter.
Spoken word aims to establish a shared frame of reference around its subjects.
Many successful spoken word performances derive impact through the creation of community.
Nostalgia can generate powerful emotional responses as an artistic method within the context of community building.
Popular culture finds particularly effective purchase in contemporary spoken word performances.
Spoken word has historically been neglected in the wider scholarly field of poetics.
Spoken word is encountering increased attention over the last few decades as an effective tool for interrupting assumptions concerning the binary between high and low art.
Conversations concerning the element of spoken word interrupting assumptions about high and low art are becoming more prominent as cultural landscapes shift.
Spoken word artists are enjoying wider recognition.
Poet Tyrone Lewis has reflected on the use of popular culture in his writing with poet and performance poetics scholar Katie Ailes.
Lewis discusses his motivation for using popular culture references in the _Loud Poets: Happy Hour_ series of video interviews.
Lewis uses popular culture as a vehicle to convey complex topics.
Lewis draws on strategies that co-opt the popularity of popular culture to elevate poems that may otherwise prove alienating.
Lewis states that poetry is not popular in the first place.
Lewis suggests that poets can engage with popular stuff, like fiction and plays do.
Spoken word possesses a disruptive potential to critique assumptions about historic cultural production.
Spoken word can critique the impact historic cultural production has had on present experiences.
The close community established between audience and performer in spoken word provides opportunities to draw on popular culture.
Drawing on popular culture can engender complicity through rhetorical techniques like inside jokes and allusions.
Drawing on popular culture can subvert expectations and encourage reconsideration.
The nostalgic representation of popular culture functions as a complex but valuable creative tool for representing the relationship with the past.
The nostalgic representation of popular culture functions as a complex but valuable creative tool for interrogating and informing the sense of the present and the future.
The aim of using nostalgic representation of popular culture is to facilitate social change.
The discussion will be contextualised by evaluating four case studies of British (or British-born) poets.
The article cites specific performances that have occurred in the UK during the last decade.
Three of the four selected recorded performances are by artists who have identified themselves as Black.
Nostalgic treatments carry the potential for poets and performers to engage in acts of re-evaluation.
The case studies highlight how poets’ responses to popular cultural production can often operate as sociopolitical critique.
Poets’ responses can intervene in questions of racial identity and representation.
Poets’ responses can offer potential strategies to correct historic exclusions.

**********Claims for hard query**********

The article cites specific performances that have occurred in the UK during the last decade.
Lewis states that poetry is not popular in the first place.
Three of the four selected recorded performances are by artists who have identified themselves as Black.

**********Formulated hard query**********

The article cites specific performances that have occurred in a certain time and place.
Someone states something.
Three of the four selected recorded performances are by artists who have identified themselves in a certain state.

**********Claims for medium query**********

The nostalgic representation of popular culture functions as a complex but valuable creative tool for representing the relationship with the past.
The article uses Svetlana Boym’s typological distinction between reflective and restorative nostalgia.
Spoken word aims to establish a shared frame of reference around its subjects.

**********Formulated medium query**********

The nostalgic representation of popular culture functions `in a certain way` for representing the relationship with the past.
The article uses `someone's` typological distinction between reflective and restorative nostalgia.
Spoken word aims to establish `something` around its subjects.

**********Claims for easy query**********

The article explores the prominent use of popular culture as a thematic concern in contemporary spoken word performance.
Spoken word is presented as a form of art particularly well suited to nostalgic representation.
The close community established between audience and performer in spoken word provides opportunities to draw on popular culture.

**********Formulated easy query**********

Something explores the prominent use of popular culture as a thematic concern in contemporary spoken word performance.
Spoken word is presented in a certain state particularly well suited to nostalgic representation.
The close community established between someone and someone in spoken word provides opportunities to draw on popular culture.

**********Page content extracted**********

Title: Customary Law and Customary Practice: Changkija’s Criticism of the ‘Customary’ in Relation to Gendered Experiences
URL: https://olh.openlibhums.org/article/id/17984/
Content: ## Abstract

Monalisa Changkija interrogates two significant aspects of the ‘customary’; as law grounded in jurisprudence/justiciability in the court and as practice grounded in tradition/tribal belief systems. Within the Naga context in which she writes 

**********Extracted claims**********

Monalisa Changkija examines two key aspects of the 'customary': customary law and customary practice.
Customary law is grounded in jurisprudence and justiciability in the court.
Customary practice is grounded in tradition and tribal belief systems.
In the Naga context, these aspects of the 'customary' structure both the village and worldview.
The article explores the political functions of the 'customary'.
The 'customary' regulates the life and living of women.
The 'customary' often subjects women to various forms of disenfranchisement and discrimination.
The regulation of the state and village is androcentric.
This androcentric regulation is justified through what is or is not considered 'customary'.
The 'customary' restricts women at the levels of decision-making and political participation.
Changkija views such injustices as political.
These injustices reflect systemic gender discrimination and violence in society.
These injustices are personal to Changkija, as she is a woman victimized by these 'customary' laws and practices.
The article discusses Changkija's blurring of a strict distinction between the 'political' and 'personal' in her criticism.
This discussion employs feminist approaches in the investigation of Naga laws and practices.
The article argues that Changkija contributes to theorizing the diverse forces that constitute and shape politics and political participation.
Changkija makes this contribution by drawing attention to the political function of custom.
The article argues that the difference between customary law and practice is determinable in Changkija’s writing.
This difference comprises multiple sites of women’s victimization.
Changkija names this victimization 'customary victimization'.
The aspects of the 'customary' produce both gender constructions and gendered experiences.
Gender constructions and gendered experiences are central to Changkija’s criticism.
Enquiries into the ‘customary’ extend beyond customary law and customary practice.
Customary law and customary practice are central to the argument concerning gendered experiences.
This article draws on Monalisa Changkija’s conception of the ‘customary victimization of women’ in Naga society.
Changkija experienced and narrated this victimization through a public speech during the publication of her book _Middles_ (Changkija, 2018a).
The article argues that 'customary victimization' is evidenced at both levels of customary law and customary practice.
Monalisa Changkija is a poet and veteran journalist based in Nagaland, India.
Monalisa Changkija is the founder and editor of the English language daily _Nagaland Page_.
Changkija remained the only woman editor, proprietor, and publisher of a newspaper in Nagaland and the entire Northeast of India from 1999 until 2024.
Changkija is known for her strong views against injustices in the social, political, economic, and cultural systems of Naga society.
The article focuses on Changkija’s concept of ‘customary victimization’.
The article focuses on Changkija’s experiences of 'customary victimization'.
Changkija’s concept and experiences of 'customary victimization' are closely tied to the politics of ‘customary’.
Changkija’s speeches and writings on customary victimization substantiate arguments on the differences and overlapping features of customary law and customary practice.
The article theorizes the politics of the ‘customary’ through an examination of Changkija's speech and writings.
The article argues that Changkija contributes to theorizing the diverse forces that constitute and shape politics and the political participation of women.
The article focuses on the subjugated standpoint and situated knowledges of Naga women, following Changkija.
The gendering of experiences discussed in the article may have parallels with women's experiences in different cultures and societies.

**********Claims for hard query**********

These injustices reflect systemic gender discrimination and violence in society.
Customary law is grounded in jurisprudence and justiciability in the court.
The regulation of the state and village is androcentric.

**********Formulated hard query**********

These injustices reflect something in society.
Customary law is grounded in jurisprudence and justiciability in a certain place.
The regulation of the state and village is in a certain state.

**********Claims for medium query**********

The article argues that Changkija contributes to theorizing the diverse forces that constitute and shape politics and political participation.
The 'customary' often subjects women to various forms of disenfranchisement and discrimination.
Gender constructions and gendered experiences are central to Changkija’s criticism.

**********Formulated medium query**********

The article argues that Changkija contributes `in a certain way`.
`Something` often subjects women to various forms of disenfranchisement and discrimination.
Gender constructions and gendered experiences are central to `someone's criticism`.

**********Claims for easy query**********

This article draws on Monalisa Changkija’s conception of the ‘customary victimization of women’ in Naga society.
The article theorizes the politics of the ‘customary’ through an examination of Changkija's speech and writings.
The article focuses on Changkija’s concept of ‘customary victimization’.

**********Formulated easy query**********

This article draws on Monalisa Changkija’s conception of the ‘customary victimization of women’ in a certain place.
The article theorizes the politics of the ‘customary’ through an examination of something.
The article focuses on Changkija’s concept of something else.

**********Validation Result**********

subquestion 'The article focuses on Changkija’s concept of something else.' is NOT supported by the context.
<reject> The information states that the article focuses on Changkija’s concept of "something else," which is vague and inaccurate. The article explicitly states multiple times in both the Abstract and Introduction that it "focuses on her concept of ‘customary victimization’." </reject>

**********Page content extracted**********

Title: Staging Intermediality and Queerness in Jasmine Gardosi’s Dancing to Music You Hate 
URL: https://olh.openlibhums.org/article/id/19713/
Content: ## Abstract

In this article, I investigate the employment of formal fluidity and cross-arts experimentation in spoken word theatre using Irina O. Rajewsky’s (2005) framework of intermediality along with the concept of ‘transgenre’ to study the performanc

**********Extracted claims**********

Jasmine Gardosi’s show *Dancing to Music You Hate* incorporates a mix of beatboxing, poetry, and collaboration with a music band live on stage.
*Dancing to Music You Hate* is an award-winning show.
*Dancing to Music You Hate* is Jasmine Gardosi's debut show.
*Dancing to Music You Hate* focuses on gender identity.
*Dancing to Music You Hate* focuses on coming to terms with queerness.
*Dancing to Music You Hate* focuses on finding words.
*Dancing to Music You Hate* was originally commissioned by Warwick Arts Centre.
*Dancing to Music You Hate* was originally performed at Warwick Arts Centre in October 2021.
*Dancing to Music You Hate* won the Saboteur Award for the Best Spoken Word Show in 2023.
*Dancing to Music You Hate* incorporates dubstep basslines.
*Dancing to Music You Hate* incorporates folk violin.
*Dancing to Music You Hate* is an hour-long show.
Jasmine Gardosi is an award-winning poet.
Jasmine Gardosi is a transqueer activist.
Jasmine Gardosi was the Birmingham Poet Laureate from 2022 to 2024.
Jasmine Gardosi has performed work at Glastonbury Festival.
Jasmine Gardosi has performed work at Tate Modern.
Jasmine Gardosi has performed work on BBC radio.
Jasmine Gardosi is a prominent voice in the British poetry performance scene.
Critical work has been carried out independently on queer solo performance.
Critical work has been carried out independently on transgenre work.
Critical work has been carried out independently on individual practitioners and spoken word theatre in the UK.
Critical work has been carried out independently on intermediality in theatre and performance.
Attempts to reconcile critical work on queer solo performance, transgenre work, individual practitioners and spoken word theatre in the UK, and intermediality in theatre and performance remain sparse in the context of the UK.
Individual poems by Jasmine Gardosi have been closely studied.
There has been no critical engagement with Jasmine Gardosi’s show *Dancing to Music You Hate* using a transqueer analytical framework.

**********Claims for hard query**********

*Dancing to Music You Hate* incorporates dubstep basslines.
*Dancing to Music You Hate* incorporates folk violin.
*Dancing to Music You Hate* is an hour-long show.

**********Formulated hard query**********

Something incorporates dubstep basslines.
Dancing to Music You Hate incorporates something.
Dancing to Music You Hate is a certain length.

**********Claims for medium query**********

Jasmine Gardosi has performed work at Tate Modern.
Jasmine Gardosi has performed work on BBC radio.
*Dancing to Music You Hate* was originally performed at Warwick Arts Centre in October 2021.

**********Formulated medium query**********

Jasmine Gardosi has performed work at a certain place.
Jasmine Gardosi has performed work on a certain medium.
Something was originally performed at Warwick Arts Centre in October 2021.

**********Claims for easy query**********

There has been no critical engagement with Jasmine Gardosi’s show *Dancing to Music You Hate* using a transqueer analytical framework.
Attempts to reconcile critical work on queer solo performance, transgenre work, individual practitioners and spoken word theatre in the UK, and intermediality in theatre and performance remain sparse in the context of the UK.
Jasmine Gardosi’s show *Dancing to Music You Hate* incorporates a mix of beatboxing, poetry, and collaboration with a music band live on stage.

**********Formulated easy query**********

There has been no critical engagement with **something** using a transqueer analytical framework.
Attempts to reconcile critical work on **certain types of work** remain sparse in the context of the UK.
Jasmine Gardosi’s show *Dancing to Music You Hate* incorporates a mix of **certain artistic elements**.

**********Page content extracted**********

Title:  ‘All your disembodied little heads floating on a screen’: Liveness During the Pandemic in Mel Bradley’s Ms Noir’s Seven Deadly Sins (2020) 
URL: https://olh.openlibhums.org/article/id/19044/
Content: ## Abstract

The outbreak of the Covid-19 pandemic in the UK and Ireland in 2020 and the subsequent lockdowns caused a radical rupture in the world of live performances. Both theatre and poetry performance events moved online in various formats. One of th

**********Extracted claims**********

The Covid-19 pandemic and subsequent lockdowns in the UK and Ireland in 2020 caused a significant disruption to live performances.
Theatre and poetry performance events shifted to online formats during the pandemic.
A central challenge for pandemic performance was the absence of traditional liveness, as audiences and performers could not occupy the same physical space.
Poet-performers developed responses to the lack of traditional liveness in their performances during the pandemic.
The article examines a digital performance by Northern Irish spoken word artist Mel Bradley, titled *Ms Noir’s Seven Deadly Sins* (2020).
*Ms Noir’s Seven Deadly Sins* is situated at the intersection of poetry performance and theatre.
The show adapted to digital performance circumstances by utilizing both livestreamed and prerecorded material.
This adaptation destabilized the traditional boundaries between live and mediatized performance.
The show expanded the possibilities for creating a sense of liveness in the digital sphere.
The unstable co-presence between performers and spectators in the show enhances its themes of punishment, disconnection, and voyeurism.
The themes of the show resonate with the pandemic context in which it was performed.
Theatre and poetry performance have historically been defined as live art forms.
The co-presence of audience and performers in the same physical space at the same time is considered fundamental to traditional theatre and poetry performance.
Liveness has conventionally been contrasted with recorded or filmed material.
This binary positions the relationship between live and mediatized performance as one of opposition, with live performance often seen as superior.
Poet-performers responded quickly and creatively to the restrictions of the pandemic.
Poet-performers expanded the definition of liveness in poetry performance through their practices during the pandemic.
Poet-performers used the structures of livestreaming to explore the shared condition of isolation and social distance enforced upon audiences and performers during the pandemic.
Closed venues, lockdown restrictions, social distancing, and health regulations led to the near-total cessation of in-person performances in March 2020 in many countries.
The arts sector in the UK and Ireland suffered greatly, with an estimated loss of 15,000 performances within 12 weeks from mid-March 2020.
Artists and cultural workers were significantly impacted financially during the pandemic.
Schemes were introduced to support individuals and organizations in the arts across the UK and the Republic of Ireland.
Poetry performance events were disrupted due to venue closures.
The crisis of the pandemic was approached as an incentive for innovation and a motor for creativity by artists.
Artists devised innovative ways to exploit available options, primarily online performances, during the pandemic.
A more expansive understanding of liveness is beneficial for analyzing livestreamed poetry performances.
Philip Auslander's concept of liveness as an historically contingent category is particularly relevant for performance during the pandemic.
Performances during the pandemic employed new strategies to signal different facets of liveness outside of in-person events.
These strategies utilized the affordances of various digital and social media platforms.
Livestreamed performances incorporating prerecorded material challenged the opposition between liveness and mediatization.
Claudia Georgi's work on the use of media in theatre and the incorporation of film and video technologies in in-person British theatre events is expanded upon.
Georgi separates liveness into five interconnected criteria: co-presence, ephemerality, unpredictability/risk of imperfection, possibility of interaction, and a specific quality of the representation of reality.
Georgi argues that co-presence, ephemerality, and unpredictability/risk of imperfection define liveness.
The criteria Georgi identifies as related to liveness can inform critical analyses of livestreamed performances, especially those combining livestreams with prerecorded components.
The article uses a case study of Mel Bradley’s 2020 poetry show *Ms Noir’s Seven Deadly Sins* (*7DS*).
Mel Bradley is a multidisciplinary artist based in Derry, Northern Ireland.
Bradley has been active in the poetry performance scene in Northern Ireland and the Republic of Ireland since 2009.
Bradley has performed at various festivals and events, including Body & Soul, Lingo, Stendhal, and the All-Ireland Poetry Slam.
Bradley has written and performed longer poetry performance shows *7DS* (2016–2020) and *For the Love of Mary* (2022, 2023).
Bradley also writes for theatre.
*7DS* is an innovative poetry performance that incorporates theatrical practices such as sets, props, costumes, burlesque aesthetics, and digital technologies.
*7DS* foregrounds voiced poetry.
The article contributes to broadening the understanding of poetry performance and research, particularly in relation to spoken word theatre.
Poetry shows, especially Northern Irish poetry performances, are underrepresented and under-researched despite a vibrant scene.
*7DS* is a suitable text for analysis because it allows for an investigation of co-temporality and co-presence in livestreams and simulated presences within digital performance.
*7DS* incorporates prerecorded material and pseudo fourth wall breaking strategies.
The show’s themes of punishment, disconnection, and voyeurism gained new dimensions and immediate relevance during the Covid-19 pandemic restrictions in October 2020.
*7DS* was livestreamed on October 29th, 2020, as part of the online Derry Halloween festival.
The Derry Halloween festival is Europe’s largest Halloween festival.
The show was re-conceived multiple times in 2020 due to changing pandemic restrictions.
The final format of the show was a livestream with prerecorded elements.
The show was marketed as a fusion of spoken word, poetry, storytelling, burlesque, and theatre.
The performance lasts 50 minutes.
Ms Noir, Bradley’s burlesque persona and the ‘Keeper of the Keys’ in ‘Hotel Hell,’ tells seven tales about people representing or falling prey to the biblical seven deadly sins.
Bradley’s parts in the show were livestreamed.
Scenes featuring the Caretaker figure, played by Denzil Browne, were prerecorded.
An unpublished recording of the performance was provided by Bradley for analysis.
The analysis combines context-sensitive close viewing techniques for poetry performance with terminology from film analysis.
The analysis of the show is supplemented by interviews with Bradley conducted in 2022 and 2023.
Interviews with Bradley covered her craft, her view of the spoken word scene, and the *7DS* performance.
The article historicizes and theorizes liveness before and during the pandemic in relation to both theatre and poetry performance.
The section ‘Virtually Together: Spatio-Temporal Co-Presence’ argues that co-presence took different forms during the pandemic.
The idea of spatial tele-presence through conferencing and livestreaming technology is proposed.
The section ‘Fleeting Faults: Ephemerality, Uniqueness, Imperfections’ questions differences between livestreamed and prerecorded material.
The blurred boundaries between livestreamed and prerecorded categories are demonstrated.
The section ‘Interaction and Reality: Possibilities, Limitations’ argues that pandemic performance offered alternative forms of audience engagement.
The analysis in the article connects facets of liveness with the substance of the poetry show.
The analysis demonstrates how the ‘hellish’ setting of the show reflects the real-world circumstance of lockdown.
The observations in this study aim to expand analyses of other livestreamed spoken word performances that emerged during the pandemic.
The study intends to contribute to the critical understanding of intermedial strategies, spatial tele-presence, and audience engagement with livestreamed performance.

**********Claims for hard query**********

Scenes featuring the Caretaker figure, played by Denzil Browne, were prerecorded.
Schemes were introduced to support individuals and organizations in the arts across the UK and the Republic of Ireland.
The Derry Halloween festival is Europe’s largest Halloween festival.

**********Formulated hard query**********

Scenes featuring the Caretaker figure, played by someone, were prerecorded.
Schemes were introduced to support individuals and organizations in a certain area across the UK and the Republic of Ireland.
The Derry Halloween festival is the largest Halloween festival of a certain region.

**********Claims for medium query**********

The analysis combines context-sensitive close viewing techniques for poetry performance with terminology from film analysis.
Bradley has written and performed longer poetry performance shows *7DS* (2016–2020) and *For the Love of Mary* (2022, 2023).
This binary positions the relationship between live and mediatized performance as one of opposition, with live performance often seen as superior.

**********Formulated medium query**********

The analysis combines context-sensitive close viewing techniques for poetry performance with certain terminology.
Someone has written and performed longer poetry performance shows *7DS* (2016–2020) and *For the Love of Mary* (2022, 2023).
This binary positions the relationship between live and mediatized performance as one of opposition, with live performance often seen as in a certain state.

**********Claims for easy query**********

The article historicizes and theorizes liveness before and during the pandemic in relation to both theatre and poetry performance.
A more expansive understanding of liveness is beneficial for analyzing livestreamed poetry performances.
Poet-performers expanded the definition of liveness in poetry performance through their practices during the pandemic.

**********Formulated easy query**********

The article historicizes and theorizes liveness in a certain context.
A more expansive understanding of liveness is beneficial for analyzing something.
Poet-performers expanded the definition of liveness in poetry performance through their practices at a certain time.

**********Page content extracted**********

Title: Intersecting Practices and Traditions in Poetry Performance: Interviews with Suhaiymah Manzoor-Khan, Anthony Joseph and Marsha Prescod
URL: https://olh.openlibhums.org/article/id/23434/
Content: ## Abstract

In these interviews, the contemporary poets, Suhaiymah Manzoor-Khan, Anthony Joseph and Marsha Prescod, reflect upon their performance practice. They discuss the ways in which their innovative poetry performance and spoken word styles interse

**********Extracted claims**********

Contemporary poets Suhaiymah Manzoor-Khan, Anthony Joseph, and Marsha Prescod reflect upon their performance practice in interviews.
The poets discuss how their innovative poetry performance and spoken word styles interact with literary and cultural traditions and art forms.
The art forms and traditions engaged with include music, story-telling, carnival, the visual arts, history, and politics.
Interviews with performance poets living and working in Britain can provide valuable information about their creative and performance practices.
The mentioned interviews were conducted as part of the ‘Poetry Off the Page’ project.
Dr. Julia Lajta-Novak (University of Vienna) directed the ‘Poetry Off the Page’ project.
The ‘Poetry Off the Page’ project involved collaboration with the poetry organisation Apples & Snakes.
The ‘Poetry Off the Page’ project involved collaboration with Goldsmiths University of London.
The ‘Poetry Off the Page’ project involved collaboration with the Centre for Poetry at Queen Mary University of London.
The ‘Poetry Off the Page’ project involved collaboration with University College Dublin.
The interview format for these interviews was developed in consultation with poets Patience Agbabi, Kat François, Amerah Saleh, and Benjamin Zephaniah.
The interview format was also developed in consultation with archivist Russell Thompson from Apples & Snakes.
Apples & Snakes is one of the main organizations promoting spoken word and poetry performance in Britain.
Suhaiymah Manzoor-Khan is a British spoken word poet, writer, and public educator.
Suhaiymah Manzoor-Khan was born in Bradford.
Suhaiymah Manzoor-Khan’s parents are second-generation British-Pakistani.
Suhaiymah Manzoor-Khan grew up in West Yorkshire.
Suhaiymah Manzoor-Khan studied history at Cambridge University.
Suhaiymah Manzoor-Khan completed an MA in Postcolonial Studies at SOAS, London.
Suhaiymah Manzoor-Khan’s poetry has appeared online.
Suhaiymah Manzoor-Khan’s poetry has appeared on television.
Suhaiymah Manzoor-Khan’s poetry has appeared on radio.
Suhaiymah Manzoor-Khan’s poem ‘This Is Not a Humanising Poem’ secured second place in the final of the Round House Poetry Slam at the Last Words Festival in London in 2017.
Suhaiymah Manzoor-Khan’s debut poetry collection, _Postcolonial Banter_, was published with Pluto Press in 2019.
Suhaiymah Manzoor-Khan’s critical work _Tangled in Terror: Uprooting Islamophobia_ was published in 2022.
Suhaiymah Manzoor-Khan’s critical work _Seeing for Ourselves: And Even Stranger Possibilities_ was published in 2023.
Suhaiymah Manzoor-Khan contributed to the anti-racist anthology _I Refuse to Condemn_ (2020).
Suhaiymah Manzoor-Khan contributed to the anti-racist anthology _Cut from the Same Cloth?_ (2021).
Suhaiymah Manzoor-Khan is a co-author of _A Fly Girl’s Guide to University at Cambridge and Other Institutions of Power and Elitism_ (2019).
Odelia Younge, Lola Olufemi, and Audrey Sebatindira are co-authors of _A Fly Girl’s Guide to University at Cambridge and Other Institutions of Power and Elitism_.
Suhaiymah Manzoor-Khan’s first full-length play, _Peanut Butter and Blueberries_, premiered at the Kiln Theatre, London in 2024.
_Peanut Butter and Blueberries_ focuses on the lives of two young British Muslims.
Anthony Joseph is a Trinidad-born, London-based poet.
Anthony Joseph is a musician.
Anthony Joseph is a novelist.
Anthony Joseph is an academic at King’s College London.
Anthony Joseph has released eight albums.
Anthony Joseph’s albums include _Rowing Up River to Get Our Names Back_ (2025).
Anthony Joseph’s albums include _The Rich Are Only Defeated When Running_ (2021).
Anthony Joseph’s albums include _Time_ (2014).
Anthony Joseph’s published verse novels and fictional biographies include _The African Origins of UFOs_ (2006).
Anthony Joseph’s published verse novels and fictional biographies include _The Frequency of Magic_ (2019).
Anthony Joseph’s published verse novels and fictional biographies include _Kitch: A Fictional Biography of a Calypso Icon_ (2018).
Anthony Joseph’s poetry collections include _Desafinado_ (1994).
Anthony Joseph’s poetry collections include _Teragaton_ (1997).
Anthony Joseph’s poetry collections include _Bird Head Son_ (2009).
Anthony Joseph’s poetry collections include _Rubber Orchestras_ (2011).
Anthony Joseph’s poetry collections include _Precious and Impossible: Selected Poems_ (2024).
Anthony Joseph’s poetry collections include _Sonnets for Albert_ (2022).
Anthony Joseph was awarded the T. S. Eliot Prize for _Sonnets for Albert_ in 2023.
Anthony Joseph received the 2023 OCM (One Caribbean Media) Prize for Caribbean Poetry.
Anthony Joseph received the Paul Hamblyn Foundation Composers Award in 2020.
Anthony Joseph received a Jerwood Compton Poetry Fellowship in 2019.
Marsha Prescod appeared at 39 Apples and Snakes Poetry Performances between 1982 and 1997.
Marsha Prescod’s poetry collection, _Land of Rope and Tory_, was published by Akira Press in 1985.
Marsha Prescod’s poems and an essay were printed in _Let it Be Told: Black Women Writers in Britain_ (1988).
Lauretta Ngcobo edited _Let it Be Told: Black Women Writers in Britain_.
Marsha Prescod’s poem ‘Big Time’ was included in _The Popular Front of Contemporary Poetry Anthology_ (1992).
_The Popular Front of Contemporary Poetry Anthology_ is an Apples and Snakes anthology.
Marsha Prescod published a collection of sci-fi short stories entitled _The Afro-Saxon Chronicles_ in 2020.

**********Claims for hard query**********

Anthony Joseph is a musician.
The art forms and traditions engaged with include music, story-telling, carnival, the visual arts, history, and politics.
Anthony Joseph has released eight albums.

**********Formulated hard query**********

Anthony Joseph is in a certain role.
The art forms and traditions engaged with include a number of specific elements.
Anthony Joseph has released a certain quantity of items.

**********Claims for medium query**********

Suhaiymah Manzoor-Khan’s critical work _Tangled in Terror: Uprooting Islamophobia_ was published in 2022.
Anthony Joseph’s poetry collections include _Rubber Orchestras_ (2011).
Anthony Joseph received a Jerwood Compton Poetry Fellowship in 2019.

**********Formulated medium query**********

Suhaiymah Manzoor-Khan’s critical work **something** was published in 2022.
Anthony Joseph’s poetry collections include **something** (2011).
Anthony Joseph received **something** in 2019.

**********Claims for easy query**********

Contemporary poets Suhaiymah Manzoor-Khan, Anthony Joseph, and Marsha Prescod reflect upon their performance practice in interviews.
The interview format for these interviews was developed in consultation with poets Patience Agbabi, Kat François, Amerah Saleh, and Benjamin Zephaniah.
The mentioned interviews were conducted as part of the ‘Poetry Off the Page’ project.

**********Formulated easy query**********

Contemporary poets Suhaiymah Manzoor-Khan, Anthony Joseph, and Marsha Prescod reflect upon something in interviews.
The interview format for these interviews was developed in consultation with some specific people.
The mentioned interviews were conducted as part of something.

**********Page content extracted**********

Title: Re-visioning the Archive: Cecilia Vicuña’s Permanent Impermanence 
URL: https://olh.openlibhums.org/article/id/18449/
Content: ## Abstract

This essay examines ‘permanent impermanence’ as a key aesthetic to the work of Chilean poet and artist Cecilia Vicuña. It traces Vicuña’s persistent making, unmaking, and remaking of what she has termed her _arte precario_ from the 1960s to t

**********Extracted claims**********

The essay examines ‘permanent impermanence’ as a key aesthetic in the work of Chilean poet and artist Cecilia Vicuña.
The essay traces Cecilia Vicuña’s persistent making, unmaking, and remaking of her _arte precario_ from the 1960s to the present.
The essay considers Cecilia Vicuña’s practice of re-versioning as a form of radical archivism.
Cecilia Vicuña’s radical archivism is informed by socialist and Indigenous practices of community and care.
Metaphor is an animating concept in the essay, brought back to its root meaning of _carrying over_.
Collectivity is an animating concept in the essay, understood through Cristina Rivera Garza’s work as the bringing together of objects, bodies, and communities in opposition to capitalist individualism.
The essay explores how Cecilia Vicuña builds an alternative narrativization of history.
Cecilia Vicuña builds an alternative narrativization of history by accreting a disappearing, reappearing, collective archive of work.
In Cecilia Vicuña’s work, ephemerality and vulnerability insist as powerful forces.
The essay argues for the aesthetics of permanent impermanence as a theory of how art can respond to and re-vision a world increasingly patterned by the throwaway culture of late capitalism and ongoing histories of colonial, imperial violence.
Cecilia Vicuña first arrived at the concept of _arte precario_ in January 1966 on the beach of Concón.
Concón is where the Aconcagua River meets the Pacific Ocean.
Cecilia Vicuña describes the moment of conceptualizing _arte precario_ in terms of cooperative relation.
Cecilia Vicuña stated that she was doing her sand drawing not for herself but for the sea and for the elements.
Cecilia Vicuña collected beach debris, assembling twigs, feathers, discarded plastic, cloth, and glass into small, fragile sculptures.
Cecilia Vicuña tied her sculptures with bark and string and planted them in the sand along the shoreline.
Reciprocity was the impetus for Cecilia Vicuña’s _arte precario_.
Impermanence was the point of Cecilia Vicuña’s _arte precario_.
Cecilia Vicuña’s sand drawings would be erased by water and wind.
Cecilia Vicuña’s little sculptures, termed _basuritas_, would be carried away by the high tide.
The words ‘prayer’ and ‘precarious’ share an etymological root.
The term ‘precarious’ means what is obtained by prayer, uncertain, exposed to hazards, and insecure.
Cecilia Vicuña’s precarious and ephemeral constructions were offerings.
Cecilia Vicuña’s constructions were transformative acts.
Cecilia Vicuña’s constructions were meaningful assemblages of materials deemed valueless in the language and logics of late capitalism.
Cecilia Vicuña believes that humans are all _basuritas_ or throwaways of this world.
The event at Concón in January 1966 was an act of return, including physical turning, creative recycling, reciprocal perception, and an offering of gratitude.
Cecilia Vicuña’s description of the experience at Concón emphasizes accumulation.
Cecilia Vicuña returned to the same beach the next day and made more sculptures and markings.
_Arte precario_ became the method and concept of Cecilia Vicuña’s artistic and poetic praxis from that point forward.
Cecilia Vicuña's understanding of the Concón moment was an arrival at a familiar, previously inhabited consciousness.
Cecilia Vicuña felt a connection on the beach with an ancestral drive stemming from the site’s pre-Columbian past.
Concón was named by the first people of Chile after its meeting place of water and water.
According to Cecilia Vicuña, Concón is a place with no historical memory, yet with a deep memory embedded in the land.
Cecilia Vicuña describes Concón as an inclusive site of spatial and geological memory.
Concón activated within Cecilia Vicuña a recognition that all elements of the world are brought into being reciprocally.
Cecilia Vicuña’s ethics and aesthetics have been shaped by an emphasis on interactive response rather than singular originality from the 1960s to the present.
Cecilia Vicuña acknowledges the influence of the credo to _make it new_ in her early education.
Cecilia Vicuña asserts that whatever artists do is always a continuation.
Cecilia Vicuña states that there is a permanent impermanence to the relationship between an artist and their work.
Cecilia Vicuña’s approach resists the hierarchical schema entrenched in capitalist value systems.
Cecilia Vicuña refuses the guiding logic of individualism.
Cecilia Vicuña states that everything people do responds to something they are building on.
The most important aspect of Cecilia Vicuña’s _arte precario_ is the set of relations that the artworks and poems (re)animate.
The relations in Cecilia Vicuña’s _arte precario_ exist internally between elements of construction and externally between the artwork, its environment, and its witnesses/readers.
Cecilia Vicuña states that an object is not an object, but a witness to a relationship.
Cecilia Vicuña extended her practice of recycling and re-versioning to her writing.
Cecilia Vicuña reproduces and alters poetic fragments, manifesto extracts, performance notes, and photographs of her site-specific and installation pieces across various publications.
Cecilia Vicuña’s entire oeuvre has been and continues to be a project of radical archivism.
Cecilia Vicuña’s radical archivism is an alternative method of documentation that counters dominant historiographies.
Dominant historiographies are constructed primarily to dismantle the relations Cecilia Vicuña works to reactivate and to silence narratives she wishes to amplify.
Cecilia Vicuña’s radical archivism is a relational project.
Cecilia Vicuña’s radical archivism is shaped by principles of communality and participation.
Cecilia Vicuña’s radical archivism is in contradistinction to conventional standards of archiving that privilege custodial and preservationist paradigms.
Cecilia Vicuña’s radical archivism is more aligned with collective, activist-driven models of archivism that began in the late 1960s.
Activist-driven models of archivism are predicated on social responsibility and equality.
Activist-driven models of archivism position the archivist as a community facilitator.
Understanding Cecilia Vicuña’s aesthetics of permanent impermanence involves inquiring how an archival practice might value underrepresented and undervalued people, ecologies, cultures, and communities.
Understanding Cecilia Vicuña’s aesthetics of permanent impermanence involves inquiring how an archive’s organizing structure might reflect the precarity of its subjects.
Cecilia Vicuña was born in 1948.
Cecilia Vicuña came of age during an era when conceptual artistic movements in the States and Latin America were taking root.
During Cecilia Vicuña’s formative era, cultural production intersected with political and social life, positioning art as an open system and matrix of social exchange.
Over the last 20 years, scholars have paid increasing attention to the work of Latin American artists and poets responding to violent political regimes.
Much scholarship has focused on cultural production during Brazil's 21-year dictatorship (1964–1985).
Artists and poets like Helio Oiticica, Lygia Clark, Antonio Manuel, Artur Barrio, Cildo Meireles, and Ferreira Gullar created art objects, poems, and performances during the Brazilian dictatorship that blurred text and image, emphasized viewer participation, and sought new formulations of democracy.
Cecilia Vicuña’s _arte precario_ can be placed within the lineage of these Latin American artistic movements.
Chilean art movements of the 1960s did not embrace conceptualism as readily as some other regions.
Scholar Juliet Lynd states that Cecilia Vicuña was on the vanguard of the Chilean cultural scene in the 1960s and 70s.
Cecilia Vicuña’s visual, performative, and poetic work of that era anticipated important artistic and academic movements in conceptual art and performance of the 70s and 80s, including discourses of second-wave feminism.
Lucy Lippard classified Cecilia Vicuña’s small sculptures made in Concón in 1966 as a precursor by six months to Robert Smithson’s Earthworks in the US.
Cecilia Vicuña’s Concón sculptures also predate the silhouettes of Ana Mendieta.
Cecilia Vicuña’s Concón sculptures predate the earth-drawings made by Atsuko Tanaka in Japan in 1968.
Cecilia Vicuña left Chile in 1972 to study art in London.
Cecilia Vicuña was exiled after the 1973 coup in Chile.
Cecilia Vicuña lived in London, then Bogotá, and has lived in New York since 1980.
Collectivity is a key concept to Cecilia Vicuña’s _arte precario_.
Collectivity is the method of construction Cecilia Vicuña uses to assemble the component parts of her _basuritas_, artist’s books, and _quipu_ installations.
Collectivity in Cecilia Vicuña’s work extends to include communities of people and their more-than-human relations.
Mexican writer Cristina Rivera Garza argues that authorship is always plural.
Cristina Rivera Garza argues that writing and cultural production are acts of ‘communality’ in which both the living and the dead partake.
For Cristina Rivera Garza, disappropriation is an ethical and aesthetic practice that exposes the plurality preceding individuality in the creative process.
Disappropriation reveals the material layering often concealed by appropriative texts.
Disappropriation’s way of ‘appearing’ is usually attained by means of many different re-writing strategies, including excavation, recycling, and juxtaposition.
Cristina Rivera Garza draws on the Indigenous Oaxacan practice of _tequio_.
_Tequio_ is a form of collective labor concerned with the material creation and recreation of the world.
_Tequio_ benefits the community at large.
Cristina Rivera Garza's ‘poetics of communality’ derives from the Mixe philosophy of ‘relationship with the earth based not on property but on mutual belonging’.
Cecilia Vicuña’s aesthetics derive from Indigenous understandings of relationality, specifically Quechua, in which all forms of life and nature are interwoven.
Cecilia Vicuña’s _arte precario_ is informed by Andean concepts such as _minga_.
_Minga_ is a pre-Incan practice that brings community members together to work for the common good.
Metaphor is a key concept to Cecilia Vicuña’s _arte precario_.
Cecilia Vicuña has often called the _precarios_ ‘visual poems’ and ‘metaphors in space’.
The reconfigured forms of _precarios_ afford them capacity to hold a plurality of meanings.
Metaphor has roots in the Latin and Greek _metaphora_, meaning ‘carrying over’.
Metaphor involves the ‘transfer’ of an object or word from one location or condition to another.
An ‘alteration’ occurs during the process of metaphor.
Translation also means to ‘carry over’ or to ‘remove from one place to another’.
Cecilia Vicuña knows the disquieting linguistic disorientation of migration.
Much of Cecilia Vicuña’s poetry in Spanish has been translated by Rosa Alcalá and Daniel Borzutzky.
Cecilia Vicuña writes in Spanish and English.
Cecilia Vicuña maintains that ‘language’ is ‘migrant’.
Many of Cecilia Vicuña’s poems are translingual.
Cecilia Vicuña’s translingual poems move across and between Spanish and English to explore commonalities, reflect on linguistic displacement, and unpick multiple meanings embedded in words.
The concepts of collectivity and metaphor provide related ways to examine Cecilia Vicuña’s aesthetics of permanent impermanence.

**********Claims for hard query**********

Metaphor involves the ‘transfer’ of an object or word from one location or condition to another.
Concón was named by the first people of Chile after its meeting place of water and water.
Concón is where the Aconcagua River meets the Pacific Ocean.

**********Formulated hard query**********

Something involves the ‘transfer’ of an object or word from one location or condition to another.
Concón was named by someone after its meeting place of water and water.
Concón is where something meets the Pacific Ocean.

**********Claims for medium query**********

Cecilia Vicuña's understanding of the Concón moment was an arrival at a familiar, previously inhabited consciousness.
Lucy Lippard classified Cecilia Vicuña’s small sculptures made in Concón in 1966 as a precursor by six months to Robert Smithson’s Earthworks in the US.
Cecilia Vicuña collected beach debris, assembling twigs, feathers, discarded plastic, cloth, and glass into small, fragile sculptures.

**********Formulated medium query**********

Cecilia Vicuña's understanding of the Concón moment was an arrival in a certain state.
Lucy Lippard classified Cecilia Vicuña’s small sculptures made in Concón in 1966 as a precursor by six months to someone’s Earthworks in the US.
Cecilia Vicuña collected beach debris, assembling certain things into small, fragile sculptures.

**********Claims for easy query**********

Understanding Cecilia Vicuña’s aesthetics of permanent impermanence involves inquiring how an archival practice might value underrepresented and undervalued people, ecologies, cultures, and communities.
The essay examines ‘permanent impermanence’ as a key aesthetic in the work of Chilean poet and artist Cecilia Vicuña.
Impermanence was the point of Cecilia Vicuña’s _arte precario_.

**********Formulated easy query**********

Understanding Cecilia Vicuña’s aesthetics of a certain aesthetic involves inquiring how an archival practice might value underrepresented and undervalued people, ecologies, cultures, and communities.
The essay examines ‘permanent impermanence’ as a key aesthetic in the work of someone.
Impermanence was the point of a certain thing.

**********Page content extracted**********

Title: Homosexual Panic and Necropolitics in The Picture of Dorian Gray and ‘A Painful Case’
URL: https://olh.openlibhums.org/article/id/16916/
Content: ## Abstract

This article provides a comparison between James Joyce and Oscar Wilde’s characters in matters of homosexual panic and gender inequality, bringing the analysis to the grounds of necropolitics. Coined by Achille  Mbembe, the term ‘necropolitic

**********Extracted claims**********

This article compares James Joyce’s and Oscar Wilde’s characters regarding homosexual panic and gender inequality.
The analysis in this article applies the concept of necropolitics.
Achille Mbembe coined the term ‘necropolitics’.
‘Necropolitics’ refers to how certain lives are considered expendable within neoliberal systems.
Legal and social oppression of queer people and gender minorities in the late-19th and early-20th centuries made queer people and women vulnerable to social annihilation.
The criminalization of homosexuality was linked to homosexual panic.
Homosexual panic is a manipulative and necropolitical mechanism.
Homosexual panic drove queer people to construct and maintain heteronormative appearances.
Oscar Wilde’s trials triggered homosexual panic.
Homosexual panic resulted in tightened social control and isolative measures.
These measures largely targeted homosexual and bisexual men.
Basil Hallward’s murder and the suicides of Dorian Gray’s lovers in Wilde’s _The Picture of Dorian Gray_ are manifestations of the effects of homosexual panic.
James Duffy’s isolation in Joyce’s ‘A Painful Case’ is a manifestation of the effects of homosexual panic.
Homosexual panic forces Joyce’s and Wilde’s queer characters into a ‘living dead’ status unless they comply with an oppressive system.
Social control and puritanism also affected women.
These factors limited the roles women could occupy in society, the workplace, and the home.
This article analyzes the suicides of Emily Sinico and Sibyl Vane.
This analysis demonstrates how gendered necropolitics impacted their deaths beyond mere tragic love stories.
Perceptions of Oscar Wilde’s works have changed significantly over time.
_The Picture of Dorian Gray_ (1890) was initially considered scandalous.
_The Picture of Dorian Gray_ was used as evidence of gross indecency against Oscar Wilde.
_The Picture of Dorian Gray_ is now regularly introduced to readers as a canonically gay novel.
Attitudes towards homosexuality began to shift by the time James Joyce’s _Dubliners_ (1916) was published.
This shift was a direct result of Oscar Wilde’s sensationalized persecution.
This article analyzes Joyce’s and Wilde’s characters through the lens of necropolitics.
The article examines how homosexual panic and gender inequality contributed to tragic, preventable deaths of women and gay men.
Both Joyce and Wilde criticize the strict moral codes that governed the public and private lives of ‘sexual deviants’ oppressed within a heterosexist system.
Factors that can be deduced from the era's proscription of same-sex relationships, colonial situation, and gender imbalances promoted by strict moral codes influenced their criticism.
‘Necropolitics’ refers to how neoliberal systems exhaust lives that do not contribute to them.
Necropolitics is inspired by the Foucauldian concept of biopolitics.
Achille Mbembe reorients biopolitics to center the power to expose the body to death and to a kind of death-in-life.
In biopolitics, genocides are justified through the point of view of preserving nations.
In biopolitics, racism is considered the dividing component of the human species.
Necropolitics focuses on how individuals are subjected to ‘slow deaths’ in the contemporary era.
The climate crisis, mass deportations, and the development of spaces of confinement and surveillance are circumstances in what Mbembe calls ‘death-worlds’.
In ‘death-worlds,’ vast populations are subjected to living conditions that confer upon them the status of the living dead.
Since necropolitics revolves around colonial violence, it is a suitable lens for the analysis of Joyce’s texts.
Joyce’s texts were written when Ireland was under British rule.
Late modern colonial occupation differs in many ways from early modern occupation.
The semi-colonial situation in Ireland parallels late modern colonial contexts.
Ireland displayed both compliance and resistance towards the colonial force from the mid-19th century.
These sympathies did not prevent the British government from employing racial, linguistic, and cultural cleansing methods.
These methods ultimately rendered the colonized ‘disposable’.
Edward Molloy states that the mass production of death, made possible by both the demands of British capital and the racialization of the Irish masses, shows how mechanisms of colonial domination institute death as the defining characteristic of the colonial experience.
Colonial Ireland fits within a necropolitical context.
The Great Famine is a representative example of a death-world in Ireland.
Necropolitics has been applied to multiple areas to justify that different forms of oppression and violence reduce individuals’ quality of life.
Necropolitics can be applied to women.
Women have historically been victims of sexism and gendered violence.
Women are more susceptible to murder than their male counterparts.
Mbembe does not extensively discuss the role of gender and sexuality in necropolitics.
Gendered violence and death make up a fundamental element of contemporary death-dealing.
Movements such as antifemicide movements demonstrate subversions and resistances to operations of death-dealing.
In the context of turn-of-the-century Ireland, gendered necropolitics can be linked to the mechanisms of control promoted by strict moral codes.
These codes diminished women’s opportunities to live beyond their assigned traditional gender roles.
The prevalence of institutions such as the Magdalene laundries in Ireland is a tragic and sensitive example.
These laundries incarcerated women under pretexts of social purity and cleansing.
This article will analyze Emily Sinico’s and Sibyl Vane’s suicides under the perspective of gendered necropolitics.
Gendered necropolitics offers an expanded view of the politics of death that also includes the perspective of Queer Studies.
Thinking through necropolitics on the terrain of queer critique brings everyday death worlds into view.
These death worlds range from expected sites of death making to the ordinary and completely normalized violence of the market.
Most analyses of queer necropolitics focus on current affairs.
Deaths attributable to sexual orientation and gender identity are not unique to the contemporary era.
Homosexual panic in Wilde’s and Joyce’s time can be understood as a reaction to institutionalized homophobia and violence.
This institutionalized homophobia and violence deeply affected homosexual people’s behavior and daily lives.
Homosexual panic contains necropolitical implications.
During the late nineteenth and early twentieth centuries, distinct categories like homosexual and heterosexual were not recognized in the same way as today.
Homophobia was institutionalized, becoming a legal measure for social control after 1885.
This institutionalization is reflected in legislation such as Section 11 of the Criminal Law Amendment Act 1885 in the United Kingdom.
Homosexual relationships qualified as acts of ‘gross indecency’.
Those convicted of ‘gross indecency’ faced imprisonment for any term not exceeding two years, with or without hard labour.
This legislation was a response to social rejection following ‘sex scandals’.
The Dublin Castle scandal of 1884 involved people being judged in terms of indecency and sodomy.
The Cleveland Street Affair in London 1889 introduced a heated atmosphere of hysteria.
These scandals spread a wave of sexual blackmail.
Sexual blackmail caused homosexual and bisexual people to become aware of their identity.
They were then silenced with fear of discovery.
Aversion towards dissident sexualities and practices raised anxiogenic responses in the population who practiced prohibited sexual acts.
Social rejection was accompanied by legal consequences.
Eve Kosofsky Sedgwick coined the term ‘homosexual panic’ in _Epistemology of the Closet_ (1990).
Sedgwick describes these anxieties as a structural residue of terrorist potential and blackmailability of Western maleness through the leverage of homophobia.
Joseph Valente (1994), Patricia Smith (1995), and Roberta Jackson (1999) have employed other terms such as ‘gay panic’ and ‘lesbian panic’.
These terms describe environments in fiction where characters are unable to acknowledge their sexual desires due to their fear of losing social status and reputation.
Under the effects of homosexual panic, homosexual and bisexual people were forced to conceal their identities and maintain heterosexual appearances.
James Joyce suffered the consequences of this ambient homosexual panic.
James Joyce was careful with his words when writing about Oscar Wilde.
Margot Norris states that the young Joyce brothers were disturbed by the sex scandals that had shaken the Irish political and literary landscape during their youth.
Joyce complained about the veiled homosexual connotations of _The Picture of Dorian Gray_.
Joyce avoided conversation about Wilde’s sexuality through euphemisms.
Joyce did not comment on Wilde’s sexuality in his 1909 review of the Trieste production of _Salomé_.
Joyce euphemistically named Wilde’s sexuality a ‘sad mania’ and ‘strange problem’.
Joyce attributed Wilde’s sexuality to the logical and inevitable product of the Anglo-Saxon college and university system, a system of seclusion and secrecy.
Joyce himself experienced this educational system.
Joyce criticized Wilde in 1909 for not having the ‘courage’ to ‘develop the allusions’ to homosexuality.
Modern readers will understand that Wilde was forced to censor the novel’s homoeroticism.
This censorship was an attempt to avoid the legal and social persecution that would soon ruin Wilde.
Male homosexual panic became the normal condition of male heterosexual entitlement.
The maintenance of the heterosexual appearance becomes a priority.
This priority justifies acts of violence when heterosexual and masculine images are threatened.
Sedgwick explains that the contradictions between encouraging male bonds while avoiding homosocial desires result in acute manipulability through the fear of one’s own ‘homosexuality’.
This also results in a reservoir of potential for violence caused by the self-ignorance that this regime constitutively enforces.
Since homosexual individuals were forbidden from living as their true identities and vulnerable to social rejection and legal prosecution, homosexual panic is a consequence of necropolitics.
The lives of these individuals existed in a state akin to the ‘living dead’.
Institutional homophobia, reflected in measures such as Section 11 of the Criminal Law Amendment Act 1885, depicted homosexual people as criminals.
This homophobia encouraged practices such as sexual blackmail.
This demonstrates a necropolitical power that sustained social control and supervision.
Victims of these legal measures were immersed in a state of constant insecurity, anxiety and fear.
Their overall wellbeing was threatened.
Their living conditions conferred upon them the status of the _living dead_.
Joyce acknowledged Wilde’s ‘living dead’ status in his review of _Salomé_.
Joyce compared Wilde, prosecuted under the 1885 Act for ‘gross indecency’, to an undead son of Ossian who met his ‘civil death’ while discussing Plato.
Margot Gayle Backus states that Wilde’s social exile and the punitive removal of his children, his ‘civil death’, was seen by Joyce as stripping from Wilde that which rendered him recognizably human.
In _A Picture of Dorian Gray_, the actions of queer necropolitics are noticeable in Basil Hallward’s attitude and consequent murder.
The actions of queer necropolitics are also noticeable in the suicide cases of Dorian Gray’s lovers.

**********Claims for hard query**********

Ireland displayed both compliance and resistance towards the colonial force from the mid-19th century.
Late modern colonial occupation differs in many ways from early modern occupation.
These sympathies did not prevent the British government from employing racial, linguistic, and cultural cleansing methods.

**********Formulated hard query**********

Ireland displayed both compliance and resistance towards something from the mid-19th century.
Late modern colonial occupation differs in a certain way from early modern occupation.
These sympathies did not prevent the British government from employing something.

**********Claims for medium query**********

‘Necropolitics’ refers to how neoliberal systems exhaust lives that do not contribute to them.
_The Picture of Dorian Gray_ is now regularly introduced to readers as a canonically gay novel.
Colonial Ireland fits within a necropolitical context.

**********Formulated medium query**********

‘Necropolitics’ refers to how `something` exhaust lives that do not contribute to them.
`A certain book` is now regularly introduced to readers as a canonically gay novel.
`A certain historical context` fits within a necropolitical context.

**********Claims for easy query**********

This article analyzes Joyce’s and Wilde’s characters through the lens of necropolitics.
Homosexual panic forces Joyce’s and Wilde’s queer characters into a ‘living dead’ status unless they comply with an oppressive system.
Homosexual panic in Wilde’s and Joyce’s time can be understood as a reaction to institutionalized homophobia and violence.

**********Formulated easy query**********

This article analyzes someone's characters through the lens of necropolitics.
Something forces Joyce’s and Wilde’s queer characters into a ‘living dead’ status unless they comply with an oppressive system.
Homosexual panic at a certain time can be understood as a reaction to institutionalized homophobia and violence.

**********Page content extracted**********

Title: Plesaunt was his absolucioun? Friars and Light Penances in English History and Literature
URL: https://olh.openlibhums.org/article/id/16931/
Content: ## Abstract

Friars in late-medieval English literature are often figures of hypocrisy. One theme, most familiar from Chaucer, is the friar who hears confessions of the laity and assigns light penances for serious sins with the expectation that the penite

**********Extracted claims**********

Friars in late-medieval English literature are often depicted as hypocritical figures.
A common theme in literature, particularly in Chaucer, describes a friar who hears confessions of the laity and assigns light penances for serious sins while expecting generous donations in return.
This literary image of friars has been interpreted as representing historical reality.
The evidence for friars assigning lighter penances than secular clergy, especially to attract donations, is remarkably thin.
Even where there are reasons to suspect friars of behaving in this way, strong evidence indicates that secular (parish) clergy also engaged in similar practices.
The fully-developed version of the accusation regarding friars giving light penances emerged in the 1350s.
Richard FitzRalph, Archbishop of Armagh, was responsible for the emergence of the fully-developed accusation against friars.
Richard FitzRalph was an opponent of the friars.
Richard FitzRalph was a member of a small group of severe moral critics among the senior clergy.
FitzRalph combined multiple strands of existing anti-fraternal critiques and an agenda shaped by his Irish context.
FitzRalph launched a propaganda campaign.
FitzRalph's propaganda campaign influenced English bishops and writers.
After FitzRalph’s campaign, accusations against friars reflect confirmation bias on the part of observers.
Accusations against friars made after FitzRalph’s campaign cannot be trusted by historians for accuracy.
Geoffrey Chaucer described his pilgrim Friar Huberd as having more power of confession than a curate, being a licentiate of his order, hearing confession sweetly, giving pleasant absolution, and being an easy man to give penance when he expected a good pittance.
Gower’s _Vox Clamantis_ and Langland’s _Piers Plowman_ made charges very similar to Chaucer's description of Friar Huberd.
Two anonymous Wycliffite poems of the period claimed that friars would shrive a man for a sixpence or for less than the cost of a pair of shoes, even if the man murdered his family.
Historians have echoed criticisms of friars, with varying degrees of caution.
In 1908, George Gordon Coulton quoted _Piers Plowman_ on friars giving false absolutions and stated that the formal records of the Church itself bear out all the gravest charges in contemporary literature.
In 1923, Joseph Kennard wrote that Chaucer’s image of friars as deceitful represents the typical friar as found in real life.
Bishop Moorman, in his _Church Life in England in the Thirteenth Century_ (1945), wrote that the hearing of confessions became increasingly profitable over time, and mendicants jealously claimed the right to do so.
Hinnebusch, in _The Early English Friars Preachers_ (1951), stated that secular clergy formed complaints concerning the administration of the Sacrament of Penance by friars.
Hinnebusch reported that secular clergy claimed friars granted absolution too easily, gave penances that were too light, and made confession an avenue instead of a barrier to sin.
Bowden’s _Commentary on the General Prologue_ (1948/1967) took Chaucer’s portrait of Friar Hubert as representative of the majority of friars.
Bowden stated that Hubert epitomized friars as a class, while also acknowledging that many friars strove to uphold their founders' ideals and compensated for a sinful majority.
Bowden claimed that thousands of friars in fourteenth-century England exhibited guile and covetousness, prompting them to meddle everywhere.
In _The Friars_ (1994), C. H. Lawrence wrote that the allegation of friars letting off penitents too lightly was a commonplace of anti-Mendicant polemics.
Lawrence suggested that the allegation reflected, as much as anything else, the inability of less educated parish clergy to adapt to the new theology of penance.
In _Religion and Devotion in Europe_ (1995), Robert Swanson noted that most people disliked penance and its public nature, not confession itself.
Swanson stated that seculars objected to mendicants giving penances that were too light, but rarely complained that people did not confess.
In 1996, Hagen wrote that Chaucer closely modeled his portraits of Friar Huberd and Friar John on the conventions established by the antifraternal literary tradition.
Hagen acknowledged that something being a literary convention does not necessarily imply that it has no historical basis in fact.
Hagen stated that Chaucer’s attack on the friars has been taken to reflect the real decline of the mendicant orders in the fourteenth century.
The accusation that English friars gave lighter penances than secular clergy, particularly to garner donations, is not supported by the evidence.
The claim "Friars gave light penances to attract donations" is ambiguous due to the complexity of the medieval sacrament of penance.
Bishops’ registers and pastoral manuals are more reliable indicators of administrative reality than other sources.
There is no evidence of substantive differences in the administration of penance by friars and parish clergy concerning:
Whether the theology of penance espoused by the friars justified lighter sentences in general than the theology followed by parish clergy.
Whether friars were too gentle in assigning penances to the wealthy and powerful as a means of courting the donor class.
Whether friars were too lax in requiring penitents, as a condition of their absolution, to pay monetary restitution to people they had harmed or cheated.
Whether friars were claiming the right to absolve penitents of all sins, including those serious sins normally reserved to the bishop’s jurisdiction.

**********Claims for hard query**********

Richard FitzRalph was an opponent of the friars.
Hagen acknowledged that something being a literary convention does not necessarily imply that it has no historical basis in fact.
FitzRalph launched a propaganda campaign.

**********Formulated hard query**********

Richard FitzRalph was an opponent of **someone**.
Hagen **said in a certain way** that something being a literary convention does not necessarily imply that it has no historical basis in fact.
FitzRalph launched **something**.

**********Claims for medium query**********

Historians have echoed criticisms of friars, with varying degrees of caution.
Hagen stated that Chaucer’s attack on the friars has been taken to reflect the real decline of the mendicant orders in the fourteenth century.
This literary image of friars has been interpreted as representing historical reality.

**********Formulated medium query**********

Historians have echoed `something`, with varying degrees of caution.
`Someone` stated that Chaucer’s attack on the friars has been taken to reflect the real decline of the mendicant orders in the fourteenth century.
This literary image of friars has been `in a certain way` as representing historical reality.

**********Claims for easy query**********

The accusation that English friars gave lighter penances than secular clergy, particularly to garner donations, is not supported by the evidence.
The evidence for friars assigning lighter penances than secular clergy, especially to attract donations, is remarkably thin.
A common theme in literature, particularly in Chaucer, describes a friar who hears confessions of the laity and assigns light penances for serious sins while expecting generous donations in return.

**********Formulated easy query**********

The accusation that English friars gave lighter penances than secular clergy, particularly for a certain reason, is not supported by the evidence.
The evidence for friars assigning lighter penances than secular clergy, especially to attract donations, is in a certain state.
A common theme in certain works describes a friar who hears confessions of the laity and assigns light penances for serious sins while expecting generous donations in return.

**********Page content extracted**********

Title: Cultural Heritage Data for Research – An Introduction
URL: https://olh.openlibhums.org/article/id/18710/
Content: ## Abstract

This article is an introduction to the collected essay volume ‘Cultural Heritage Data for Research – Opening Museum Collections, Project Data and Digital Images for Research, Query and Discovery’, published in vol. 10.2, 2024 and vol. 11.1, 2

**********Extracted claims**********

This article is an introduction to the collected essay volume ‘Cultural Heritage Data for Research – Opening Museum Collections, Project Data and Digital Images for Research, Query and Discovery’.
The collected essay volume is published in vol. 10.2, 2024 and vol. 11.1, 2025 of the _Open Library of Humanities_ Journal.
The article’s introduction highlights some methods of approaching humanities data.
The article’s introduction sheds light on current trends in humanities data.
The article’s introduction focuses on museum data as research data for Art History and Cultural Heritage Studies.
The article’s introduction describes new ways of data querying.
A significant shift has marked cultural heritage institutions, particularly museums, in terms of their self-awareness and mission.
The threefold mission of museums, which addresses leisure, education, and research, is increasingly diverging.
Digital transformation has introduced entirely new concepts regarding what a museum is.
Digital transformation has introduced entirely new concepts regarding what a museum can offer.
Digital transformation has introduced entirely new concepts regarding how collections can be accessed.
This shift affects the presentation of objects and the educational aspect of museums.
This shift increasingly involves a variety of research aspects related to objects.
New possibilities are available to researchers, providing opportunities to go beyond the direct study of physical objects.
These possibilities pertain to the data concerning and surrounding objects and documents typically studied.
These possibilities reside at the intersection where Art History meets Data Science.
Museums and other cultural heritage institutions serve as the primary providers of art historical research data.
Cultural heritage data can be valued as new primary sources for fields like Art History.
Cultural heritage data can be valued as key research data within the discipline of Art History.
Cultural heritage institutions are granting access to their collections in unprecedented ways.
The digital transformation has engaged museums in meeting researchers’ needs for images.
Researchers benefit from public domain images that are available for download and publication.
Researchers benefit from the implementation of powerful, interoperable image standards such as IIIF.
Researchers have access to a wide range of information, including images and their metadata.
Researchers have access to artworks and their metadata.
Researchers have access to related information such as artist details, dates, conservation data, and provenance data.
The areas of data and image access now available to researchers significantly enhance research capabilities.
The areas of data and image access now available to researchers provide a valuable service.
The areas of data and image access now available to researchers open new areas of study.
New tools and query methods are emerging from the field of Digital Humanities.
These new tools and query methods are revealing the data behind objects through computational query methods.
These computational query methods enable new possibilities for using collections in academic research.
Museums offer online catalogs of digitized objects.
Only a portion of the information in a museum’s internal database is visible to researchers on the museum’s website.
Accessing a museum’s internal database through the backend via the query endpoint provides different information visibility.
Researchers generally need access to various data and information related to artwork.
Researchers generally need access to various data and information related to artists.
Researchers generally need access to various data and information related to dates.
Researchers generally need access to various data and information related to conservation details.
Researchers generally need access to various data and information related to provenance.
This information can serve as valuable data for building research queries.
Data compiled and elaborated by museums is generally of exclusive interest to researchers.
Data compiled and elaborated by museums stands at the forefront of the intersection of Data Science, Museum Studies, and Digital Art History.

**********Claims for hard query**********

Researchers benefit from public domain images that are available for download and publication.
This shift increasingly involves a variety of research aspects related to objects.
Researchers benefit from the implementation of powerful, interoperable image standards such as IIIF.

**********Formulated hard query**********

Researchers benefit from **something**.
This shift **in a certain way** a variety of research aspects related to objects.
Researchers benefit from **something**.

**********Claims for medium query**********

Digital transformation has introduced entirely new concepts regarding what a museum is.
The areas of data and image access now available to researchers significantly enhance research capabilities.
Only a portion of the information in a museum’s internal database is visible to researchers on the museum’s website.

**********Formulated medium query**********

Digital transformation has introduced something.
The areas of data and image access now available to researchers in a certain way.
Only a portion of the information in something is visible to researchers on the museum’s website.

**********Claims for easy query**********

This article is an introduction to the collected essay volume ‘Cultural Heritage Data for Research – Opening Museum Collections, Project Data and Digital Images for Research, Query and Discovery’.
The article’s introduction focuses on museum data as research data for Art History and Cultural Heritage Studies.
The article’s introduction sheds light on current trends in humanities data.

**********Formulated easy query**********

This article is an introduction to `something`.
The article’s introduction focuses `in a certain way`.
The article’s introduction sheds light on `something specific`.

**********Page content extracted**********

Title: Against Political Literature: What's Next?
URL: https://olh.openlibhums.org/article/id/17997/
Content: ## Abstract

This article aims to critically examine a certain definition of political literature deployed in the French literary field, which considers it only, or overwhelmingly, under the prism of the ‘distribution of the sensible’ theorised by Jacques

**********Extracted claims**********

A definition of political literature in the French literary field predominantly considers it under the prism of the ‘distribution of the sensible’ theorized by Jacques Rancière.
Many writers and critics assign literature a duty of representativeness with the aim of defending its social utility.
These writers and critics define the political role of literature as making the invisible visible.
They believe this should be done in a language as transparent as possible.
A range of contemporary French literature challenges this assignment of representativeness.
This literature proposes a different view of the relationship between literature and politics.
This literature advocates for making literature politically rather than political literature.
The article examines some texts by Nathalie Quintane and Sandra Lucbert.
The rejection of literature functioning as a multiplier of visibility and accomplishing a social duty does not imply the mourning of a political action proper to literature.
This rejection positions literature's political action on the side of radical formal invention.
A book titled "Contre la littérature politique" exists.
This book was written by six authors who are among the most far-left writers on the French literary scene.
These authors have expressed their distrust of the adjective "political" when applied to literature.
The adjective "political" has become ubiquitous in academic and media criticism regarding literature.
A remarkable reversal has taken place concerning the "political novel."
The "political novel" now proclaims itself as such and is widely praised.
Jacques Rancière placed "the distribution of the sensible" at the center of his book "_Politics of Literature_".
"The distribution of the sensible" has become a new mantra.
Literature is believed by some to fulfill tasks such as making the invisible visible.
Literature is believed by some to fulfill tasks such as giving a voice to the inaudible.
Literature is believed by some to fulfill tasks such as reporting on marginal experiences.
These actions and tasks are seen by some as justifying literature's representative function.
The novelist’s purpose is believed by some to be the representation of those not represented in the political, institutional, or media spheres.
The novelist’s purpose is believed by some to be making the voices of the unrepresented heard.
Fictional representation is considered by some to be the first step towards taking the marginalized into account.
Fictional representation is considered by some to be the first step towards reintegrating the marginalized into the political community.
The aim of literature is believed by some to make its margins visible.
The aim of literature is believed by some to reweave its history(ies).
The aim of literature is believed by some to repair its broken communities.
The article discusses the idea that the political dimension of literature consists primarily in making the invisible visible.
The article analyzes the reactions of writers who refuse this definition of political literature while claiming a political practice of literature.
The article argues that certain writers call for the term ‘political literature’ to be abandoned in favor of the act of making literature politically.
Making literature politically is presented as another way of looking at the relationship between literature and politics.
This approach aims at disrupting the world rather than repairing it.
This paradigm shift implies the invention of new forms.
These new forms are intended to respond to the need to find a relevant and powerful expression for current social and political issues.
These forms question the obvious.
These forms open up new frameworks of perception and cognition.
These forms offer new political possibilities.

**********Claims for hard query**********

These forms open up new frameworks of perception and cognition.
These forms question the obvious.
They believe this should be done in a language as transparent as possible.

**********Formulated hard query**********

These forms open up something.
These forms relate to the obvious in a certain way.
Someone believes this should be done in a language as transparent as possible.

**********Claims for medium query**********

Many writers and critics assign literature a duty of representativeness with the aim of defending its social utility.
The "political novel" now proclaims itself as such and is widely praised.
Literature is believed by some to fulfill tasks such as making the invisible visible.

**********Formulated medium query**********

Many writers and critics assign literature a duty of representativeness with the aim of defending something.
The "political novel" now proclaims itself as such and is received in a certain way.
Literature is believed by some to fulfill tasks in a certain way.

**********Claims for easy query**********

A definition of political literature in the French literary field predominantly considers it under the prism of the ‘distribution of the sensible’ theorized by Jacques Rancière.
The article argues that certain writers call for the term ‘political literature’ to be abandoned in favor of the act of making literature politically.
This literature advocates for making literature politically rather than political literature.

**********Formulated easy query**********

A definition of political literature in the French literary field predominantly considers it under the prism of the ‘distribution of the sensible’ theorized by someone.
Something argues that certain writers call for the term ‘political literature’ to be abandoned in favor of the act of making literature politically.
This literature advocates in a certain way rather than political literature.

**********Page content extracted**********

Title: Universalism and Locality in Sally Rooney’s Digital Ireland
URL: https://olh.openlibhums.org/article/id/16767/
Content: ## Abstract

Text messages and emails permeate the novels of contemporary Irish author Sally Rooney, shaping the ways in which characters relate to one another while also reflecting the globalization of Irish society through the medium of digitalization. 

**********Extracted claims**********

Text messages and emails are prevalent in the novels of contemporary Irish author Sally Rooney.
Text messages and emails in Sally Rooney's novels shape the ways in which characters relate to one another.
Text messages and emails in Sally Rooney's novels reflect the globalization of Irish society through the medium of digitalization.
Local Irish attachments are important to Sally Rooney’s fiction.
Local Irish attachments in Sally Rooney’s fiction serve as a means of resisting empty universalism.
Local Irish attachments in Sally Rooney’s fiction provide testimony to human exploitation in the present age of digital capitalism.
Sally Rooney’s fiction illustrates the extent to which digital communication, social media, and online information sourcing have penetrated everyday life in contemporary Ireland.
Digital technology, as depicted in Sally Rooney's fiction, inaugurates new means of communication in Irish life.
Digital technology, as depicted in Sally Rooney's fiction, modifies communication means preceding the digital era in Irish life.
Sally Rooney’s narration concerns tensions around locality in the world of information technology.
The struggle to communicate is a feature of Irish life that predates the digital era and persists in Sally Rooney's novels.
Contrasts between small-town rural Irish life and Dublin metropolitan life are features of Irish life that predate the digital era and persist in Sally Rooney's novels.

**********Claims for hard query**********

The struggle to communicate is a feature of Irish life that predates the digital era and persists in Sally Rooney's novels.
Local Irish attachments in Sally Rooney’s fiction serve as a means of resisting empty universalism.
Local Irish attachments are important to Sally Rooney’s fiction.

**********Formulated hard query**********

The struggle to communicate is a feature of Irish life that exists in a certain way and persists in Sally Rooney's novels.
Local Irish attachments in Sally Rooney’s fiction serve as a means of resisting something.
Local Irish attachments are in a certain state to Sally Rooney’s fiction.

**********Claims for medium query**********

Text messages and emails in Sally Rooney's novels shape the ways in which characters relate to one another.
Text messages and emails are prevalent in the novels of contemporary Irish author Sally Rooney.
Sally Rooney’s narration concerns tensions around locality in the world of information technology.

**********Formulated medium query**********

Text messages and emails in Sally Rooney's novels operate in a certain way.
Text messages and emails are in a certain state in the novels of contemporary Irish author Sally Rooney.
Someone’s narration concerns tensions around locality in the world of information technology.

**********Claims for easy query**********

Text messages and emails in Sally Rooney's novels reflect the globalization of Irish society through the medium of digitalization.
Sally Rooney’s fiction illustrates the extent to which digital communication, social media, and online information sourcing have penetrated everyday life in contemporary Ireland.
Digital technology, as depicted in Sally Rooney's fiction, modifies communication means preceding the digital era in Irish life.

**********Formulated easy query**********

1. Text messages and emails in Sally Rooney's novels reflect something through the medium of digitalization.
2. Sally Rooney’s fiction illustrates the extent to which something has penetrated everyday life in contemporary Ireland.
3. Digital technology, as depicted in Sally Rooney's fiction, acts in a certain way preceding the digital era in Irish life.

**********Page content extracted**********

Title: Out of Africa: Nat Nakasa's Exit Paperwork
URL: https://olh.openlibhums.org/article/id/17354/
Content: ## Abstract

This article explores the literary imagination that emerged around the paperwork of the South African apartheid state, especially the bureaucratic ephemera—such as _dompasses_, passports, passport applications and exit permits—that limited th

**********Extracted claims**********

The article explores the literary imagination that emerged around the paperwork of the South African apartheid state.
Bureaucratic ephemera, such as _dompasses_, passports, passport applications, and exit permits, limited the free movement of black individuals.
The article examines the case of the South African journalist Nat Nakasa (1937-65).
In Nat Nakasa’s writings, apartheid’s bureaucratic papers are viewed as material curiosities.
Nat Nakasa’s view of bureaucratic papers critiqued the ironic gap between their artificial nature and their hold over individual, predominantly black lives.
After Nat Nakasa’s death in exile, the little magazine he founded, the _Classic_, dedicated a memorial issue to him.
The memorial issue of the _Classic_ republished Nat Nakasa’s writings on the state’s bureaucratic ephemera.
The memorial issue of the _Classic_ preserved Nat Nakasa’s engagements with the state’s bureaucratic ephemera.
The ephemeral nature of the little magazine made it a fitting counter-archive of apartheid.
The _Classic_ registered a sense of the regime’s bureaucratic violence in its fragile material form.
The _Classic_ became a material curiosity from the mid-apartheid years.
The _Classic_ persisted against odds and was kept and archived.
Extensive movement has always been a major prompt for modern literature.
Extensive movement has always been one of modern literature's defining themes.
Jesper Guldall (2015) argued that movement control has been considered ‘anti-narrative’.
In mid-20th-century South Africa, the lack of movement provided an impulse for writing.
The restriction of movement in mid-20th-century South Africa was symptomatic of larger political issues.
Writing in mid-20th-century South Africa often occurred in protest.
Nat Nakasa's subversive pieces from the late 1950s and early 1960s pivoted around encounters with state paperwork, including his own.
Nat Nakasa's pieces were published in black and white-liberal venues such as _Drum_ and the _Rand Daily Mail_.
Following Nat Nakasa’s death in exile in 1965, his pieces were anthologized in a memorial issue of the _Classic_.
The _Classic_ was a little magazine founded by Nat Nakasa.
The _Classic_ paradoxically developed into a counter-archive of apartheid.
Little scholarship exists that is exclusively dedicated to Nat Nakasa.
Existing studies on Nat Nakasa take biographical and historical approaches to his writings (Brown, 2013; Marais, 2016).
Existing studies on Nat Nakasa focus on his tenure as editor of the _Classic_, especially in the context of CIA involvement during the Cold War (Davis, 2020).
The European cultural canon has been studied in light of modernity’s bureaucratic impulses.
Examples of European cultural works studied in this context include Franz Kafka’s _The Castle_, Charles Dickens’s _Bleak House_, and Edgar Degas’s ‘Bureau Pictures’.
The loss of agency in the face of administrative procedures was not exclusively a European experience.
Max Weber (1978) defined bureaucracy as a machine-like ‘structure of domination’.
Across Sub-Saharan Africa, colonisation and the rise of the bureaucratic state were concomitant and entangled phenomena.
Colonisation and the rise of the bureaucratic state each constituted structures of domination in their own right.
Colonisation and the rise of the bureaucratic state each produced a proliferation of paperwork.
The encounter with red tape in Sub-Saharan Africa surpassed mere reading.
Priyasha Mukhopadhyay argued that other forms of engagement with documents existed, such as safekeeping or carrying them around.
These other forms of engagement threw the material forms of documents into sharp relief.
Priyasha Mukhopadhyay (2015) stated that any kind of text, including bureaucratic _paperasse_, may ‘enter human lives and relationships in ways that are not necessarily contingent on their being read’.
Late colonial and early post-colonial subjects were governed through the material practices and artefacts of writing.
Across the continent, writing and power were closely intertwined.
In the Kasai, in colonial Congo, literate Congolese were referred to as _bena mukanda_ (the children of paperwork) (Monaville, 2022).
Kenya under British rule implemented the _kipande_ system.
The _kipande_ system required Kenyans to carry an identity document on their person.
Kenyans were not allowed to move freely without the required identity document.
The pass system in apartheid South Africa is described as the culmination of a project that was stretched to its virtual breaking point.
The paperwork of the apartheid state was ephemeral.
The paperwork was thrown out after it had served its purpose.
Pass application forms were filed away and then forgotten.
Once expired, passbooks and passports were meant to be destroyed.
These documents constituted a form of violence that often remains historically illegible.
Ben Kafka (2009) reminded scholars that they have made ample use of bureaucratic ephemera as sources for the writing of history rather than as sources with their own histories.
Scholars have looked _through_ paperwork, not _at_ it.
To write about these ephemera meant to put this violence on record.
In Nat Nakasa’s journalism, the passbooks, passports, and exit permits of apartheid South Africa emerge as _curiosities_.
Curiosities are defined as objects, often small or intricate, that have a certain interest because of their novelty or strangeness.
For Nat Nakasa, the curiosity lay in the material contours and artificial registers of these documents.
To think of these documents as odd was to critique the ironic gap between their curious, artificial nature and the hold they had over individual, predominantly black lives.
After Nat Nakasa’s refusal of a passport, his subsequent departure on an exit permit, and his death in exile, the _Classic_, his Johannesburg little magazine, dedicated a memorial issue to him.
The memorial issue archived Nat Nakasa’s writings on and engagements with the state’s bureaucratic ephemera.
The _Classic_ was censored, poorly printed, and appeared after long delays.
The _Classic_ became an ephemeral material artefact curiously shaped by its political surroundings.
Magazines were insubstantial, throwaway, dated forms.
Magazines, like passports, expired.
The _Classic_ persisted despite the death of its founding editor.
By persisting, the _Classic_ reclaimed something of its ephemeral nature as a statement against power.
The affective purchase of the little magazine made it a fitting counter-archive of apartheid.
The _Classic_ was an alternative site that challenged the state’s narrative record.
The _Classic_ preserved and countered a sense of the regime’s bureaucratic violence in its fragile material form.
The article gestures beyond Nat Nakasa to a wider literary landscape.
Key writers of the period included Nadine Gordimer, Lewis Nkosi, Doris Lessing, Chinua Achebe, William Plomer, and Richard Rive.
A creative, subversive engagement with the ephemera of the state sits as one of the defining motifs in the postcolonial canon.

**********Claims for hard query**********

The _Classic_ was censored, poorly printed, and appeared after long delays.
Kenya under British rule implemented the _kipande_ system.
Curiosities are defined as objects, often small or intricate, that have a certain interest because of their novelty or strangeness.

**********Formulated hard query**********

The _Classic_ was in a certain state.
Kenya under British rule implemented something.
Curiosities are defined in a certain way.

**********Claims for medium query**********

Colonisation and the rise of the bureaucratic state each produced a proliferation of paperwork.
The restriction of movement in mid-20th-century South Africa was symptomatic of larger political issues.
The _Classic_ became an ephemeral material artefact curiously shaped by its political surroundings.

**********Formulated medium query**********

Colonisation and the rise of the bureaucratic state each produced something.
The restriction of movement in a certain place was symptomatic of larger political issues.
The _Classic_ became an ephemeral material artefact in a certain way.

**********Claims for easy query**********

In Nat Nakasa’s writings, apartheid’s bureaucratic papers are viewed as material curiosities.
In Nat Nakasa’s journalism, the passbooks, passports, and exit permits of apartheid South Africa emerge as _curiosities_.
The article explores the literary imagination that emerged around the paperwork of the South African apartheid state.

**********Formulated easy query**********

In Nat Nakasa’s writings, apartheid’s bureaucratic papers are viewed in a certain state.
In Nat Nakasa’s journalism, certain documents of apartheid South Africa emerge as _curiosities_.
The article explores something that emerged around the paperwork of the South African apartheid state.

**********Page content extracted**********

Title: Appreciation of Black Humour Memes in the Context of the Russo-Ukrainian War
URL: https://olh.openlibhums.org/article/id/16523/
Content: ## Abstract

This study examines three black humour memes and their reception on social media during the 2022 Russian full-scale invasion of Ukraine. It seeks to identify the conditions that facilitate or impede the appreciation of jokes about the enemy’s

**********Extracted claims**********

The study examines three black humour memes and their reception on social media during the 2022 Russian full-scale invasion of Ukraine.
The study aims to identify the conditions that facilitate or impede the appreciation of jokes about the enemy’s death.
Conceptual integration theory and Bandura’s social cognitive theory of moral agency provide the methodological framework for analysing the memes and responses to them.
The findings offer an explanatory model for understanding when aggressive jokes are well-received or rejected.
Successful humour transactions often involve humourists providing cues that encourage viewers to deactivate empathy towards the joke’s target.
Cues for deactivating empathy may include euphemistic labelling, dehumanisation, or shared conventions about the consequences of the humour.
Such triggers align with Bandura’s patterns of moral disengagement.
The interaction between these triggers and the background knowledge of the audience can lead to the appreciation of the humour or a conflict of values that results in the joke being dismissed.
Humour is generally well-received when both the humourists and the audience agree on the need to undermine the power of the target.
Humour is generally well-received when both the humourists and the audience believe in the delivery of retribution for perceived wrongs.
If the target is perceived as valiant or vulnerable, the humour is often rejected as offensive or in poor taste.
Scholars have often noted the use of aggressive humour as a coping mechanism for individuals facing difficult circumstances.
Humour may convey hope for a better future.
Humour may suppress fear.
Humour may bond like-minded individuals.
Humour may provide a vent for aggression.
During the Holocaust, Jews reportedly joked about Hitler’s death as a form of resistance.
Soviet dissidents and Gulag prisoners used jokes about Stalin to maintain morale.
Obrdlík described how ‘gallows humour’ helped Czechs to forge in-group cohesion during the German occupation.
Gallows humour in the context of the German occupation included jokes about gravediggers and cemeteries offering exclusive services for Hitler and Germans.
Obrdlík argued that the term gallows humour had typically been used in relation to the humour of nations experiencing oppression from invaders.
The literal meaning of gallows humour evokes the scene of innocent victims sent to the gallows by a dictator but still hoping for a rescue miracle.
Gallows humour was adopted as a tool of psychological liberation in oppressive circumstances.
By mocking their persecutors, the oppressed asserted their resilience and contempt towards the aggressors.
If gallows humour conventionally refers to jokes made by the oppressed, black humour describes tragic and sinister subjects such as death, disease, handicap, or warfare.
It is difficult to locate authors of jokes about disastrous matters, as such jokes can travel across time and cultures.
Black humour becomes a more useful term when dealing with gruesome topics when the authors of the joke cannot be found.
Both black humour and gallows humour allow those in dire situations to build a sense of superiority over their adversaries.
The function of black humour became indispensable when the Ukrainian sphere of social media was shaping its reaction to the Russian invasion on 24 February 2022.
The Russian invasion on 24 February 2022 was a significant escalation of the Russo-Ukrainian War that began in 2014.
Ukrainians widely employed black humour through memes to show their defiance and to disparage the invaders.
Memes effectively combined visual and verbal elements to convey messages that might be deemed too harsh or unacceptable if expressed solely in words.
Memes are virally-transmitted cultural artefacts reflecting shared social norms and values.
Memes have become a powerful medium for both storytelling and social commentary.
Many memes disseminated during the Russo-Ukrainian war were novel.
Numerous memes adapted recyclable images that had been previously used as building blocks in digital jokes.
Anonymous meme creators modified existing verbal jokes about past events and political leaders.
Such adaptations demonstrate the continuity of the practice of using black humour in response to oppression and traumatic events.
A notable example of meme adaptation is one disseminated in pro-Ukrainian sections of Facebook that repurposed a Jewish joke about the day of Hitler’s death.
The Jewish joke told a story about Hitler consulting an astrologer about the date of his death and receiving the enigmatic answer that his death would occur on a big Jewish holiday that would be proclaimed the very day he died.
Ukrainian or pro-Ukrainian netizens translated the Jewish joke into Ukrainian and replaced culture-specific names with Russo-Ukrainian equivalents.
The creators of the meme illustrated the verbal joke with a picture of Alexei Navalny putting flowers next to Putin’s coffin in Red Square.
New variants of jokes do not change the plot of old jokes but align existing perspectives with a modern outlook.
Sometimes, new variants amend the preceding storyline of old jokes.
The practice of using and recycling memes for social commentary exemplifies stages of humour transaction.
Humour transaction is defined as processes by which what is generally called humour is created, communicated, experienced, responded to, and used.
Adoption of the humour transaction concept into a research framework enables the assessment of different issues related to the production and reception of jokes, including those with aggressive references.
The topic of physical violence has been actively explored in memes whose protagonists were either fictional characters representing soldiers, zealous patriots and their children, or recognisable individuals.
The targeting of specific individuals is usually associated with immoral practices such as bullying and harassment.
At a time of war, any harm to the enemy camp is conventionally perceived as a desirable development mostly beyond reprehension.
Questions arise about whether alleged perpetrators should be protected by rules of ‘civilised’ communication imposed by some social media platforms, even in the context of war.
Another contentious issue concerning the use of hostile jokes arises with respect to the targets at whose expense jokes can be made.
Some participants in public discussions of memes accuse creators of black humour memes and their supporters of different types of asocial behaviour.
Kuipers concluded that the function of aggressive memes could be viewed differently by different people and often fluctuates between coping and expressing hostility.
A study of hostile humorous memes and reactions helps to uncover the boundaries of jokes beyond which a humourist risks inflicting adversarial reactions and provoking social sanctions.
Memes in which the death of the target was sought after were selected for the analysis in this study.
The selected memes celebrate retribution instantiated in a metaphorical death sentence for violent aggressors or those perceived as such.
The messages of these memes suggest that invaders, their leaders, and even passive bystanders will be held accountable for war crimes committed by their compatriots.
Themes used in these memes often draw on expressions like the Russian idiom ‘Whoever comes to us with a sword will perish by the sword’ and similar sentiments from the New Testament.
Creators and appreciative audiences of these memes denigrate alleged evil perpetrators who lack humanity and are undeserving of empathy.
This investigation uses three memes containing aggressive and disparaging references as case studies to explore the acceptance and rejection of black humour in the context of war.
One meme depicts a creative method for assassinating the Russian President by using a shopping bag.
Another meme references a Ukrainian fundraiser’s initiative to hire a fictional hitman to end the war.
The third meme portrays a mission assigned by the Ukrainian Security Service to an anthropomorphised shark.
These case studies aim to shed light on conditions that lead to successful humour transactions endorsing aggressive jocular statements.
These case studies aim to shed light on conditions that lead to transactions resulting in the rejection of the vengeance narrative.
The study investigates whether fragmentations of the discourse community engaged in discussions of memes could correlate with patterns of moral disengagement explored by Albert Bandura and his theories.
Bandura’s socio-cognitive explanatory model shows that the justification of violence and death typically involves a process of self-regulation.
Through self-regulation, individuals attempt to validate their aggression to make their ruthless behaviour socially acceptable.
Disengagement involves several socio-cognitive mechanisms observed in studies of bullying, harassment, excessive punitive responses to tragic events, and the execution of criminal orders.
Millner Davis extends the application of Bandura’s theory to instances of production and reception of hostile humour, laying the groundwork for exploring positive aspects of moral disengagement.
Positive aspects of moral disengagement may involve efforts to cope with extreme stress and to create a bond with a community of shared values.
The study analyses the structure of aggressive memes and catalogues the verbal and visual responses to them.
The aim is to check which patterns of moral disengagement gained relevance and why these mechanisms were not activated in the comments of those who rejected the humour.
The paper is organized into six sections.
The following section describes the research methodology.
The methodology section outlines the theoretical framework, which includes conceptual integration theory and Bandura’s social cognitive theory.
The methodology section details the stages of analysis, beginning with the selection of case studies, followed by an interpretation of the memes, identification of triggers for moral disengagement, and a review of reactions to the memes.
Section 3 focuses on the interpretation of the memes.
Section 4 examines positive audience reactions, linking them to the activation of moral disengagement.
Section 5 explores negative reactions, analysing why some viewers reject the humour.
Section 6 discusses the findings, elaborating on the impacts of black humour during the war and suggesting directions for future research.
This paper focuses on unfolding discursive segments centred around the selected memes.
This study applies a psychological model of social learning to locate the aggregate beliefs, values, and emotions of the participants in discussions.
This study does not use the psychological model to speculate about the internal psychological processes or personality types of those affected by the memes’ publications.

**********Claims for hard query**********

The Jewish joke told a story about Hitler consulting an astrologer about the date of his death and receiving the enigmatic answer that his death would occur on a big Jewish holiday that would be proclaimed the very day he died.
The paper is organized into six sections.
The Russian invasion on 24 February 2022 was a significant escalation of the Russo-Ukrainian War that began in 2014.

**********Formulated hard query**********

The Jewish joke told a story about someone doing something and receiving the enigmatic answer that his death would occur on a big Jewish holiday that would be proclaimed the very day he died.
The paper is organized into a certain number of sections.
The Russian invasion on a certain date was a significant escalation of the Russo-Ukrainian War that began in 2014.

**********Claims for medium query**********

Memes are virally-transmitted cultural artefacts reflecting shared social norms and values.
Obrdlík argued that the term gallows humour had typically been used in relation to the humour of nations experiencing oppression from invaders.
This study does not use the psychological model to speculate about the internal psychological processes or personality types of those affected by the memes’ publications.

**********Formulated medium query**********

Memes are something reflecting shared social norms and values.
Someone argued that the term gallows humour had typically been used in relation to the humour of nations experiencing oppression from invaders.
This study does not use the psychological model in a certain way about those affected by the memes’ publications.

**********Claims for easy query**********

This investigation uses three memes containing aggressive and disparaging references as case studies to explore the acceptance and rejection of black humour in the context of war.
A study of hostile humorous memes and reactions helps to uncover the boundaries of jokes beyond which a humourist risks inflicting adversarial reactions and provoking social sanctions.
The study examines three black humour memes and their reception on social media during the 2022 Russian full-scale invasion of Ukraine.

**********Formulated easy query**********

This investigation uses `something` as case studies to explore the acceptance and rejection of black humour in the context of war.
A study of hostile humorous memes and reactions helps to uncover the boundaries of jokes beyond which `someone` risks inflicting adversarial reactions and provoking social sanctions.
The study examines three black humour memes and their reception on social media `at a certain time`.

**********Page content extracted**********

Title: ‘If parody does not prickle it does not work’: Reflections on the Interpretive Challenges of Dark Parody in the Dutch and South African Courts
URL: https://olh.openlibhums.org/article/id/16695/
Content: ## Abstract

Focusing on the nexus of humour and the right to free speech, this article introduces the concept of ‘dark parody’ to address parodies that reuse existing material with a dark, humorous twist and explores how courts deal with two of the main 

**********Extracted claims**********

The article explores the relationship between humor and the right to free speech.
The article introduces the concept of ‘dark parody’.
Dark parody refers to parodies that reuse existing material with a dark, humorous twist.
The article examines how courts handle two main interpretive challenges presented by ‘dark parody’.
The first interpretive challenge is interpreting the distance between the parody and the copyright/trademark protected work it parodies.
The second interpretive challenge is interpreting the dark humor used in a parody.
The article uses a meta-hermeneutic approach.
The article analyzes how the main features of parody, legal criteria applied to parody in courts, and the role of dark humor influence judicial interpretation regarding (dark) parody in copyright and trademark law.
The article proposes the theoretical framework of ‘parodic distance’.
The framework of ‘parodic distance’ aims to address the interpretive challenges systematically presented by dark parody.
The framework includes six main categories: content, style, context, message, function, and affect.
These six categories can be used to interpret the distance between a parody and the original work.
The article applies this framework to two case studies: Mercis c.s. v. Punt.nl (Court of Appeal of Amsterdam) and Laugh It Off Promotions v. South African Breweries (Constitutional Court of South Africa).
The article provides a comparative analysis of how these courts currently deal with interpretive issues surrounding dark humor in copyright and trademark law.
The article shows that the framework of parodic distance can be a useful conceptual tool.
The framework provides a shared vocabulary to complement judicial interpretation and legal discourse at the intersection of dark parody and the law.
Parody is a humorous expression of artistic creativity.
Parody invites critical and reflective thinking about topics and tensions in democratic societies.
Judge Sachs suggested that parody needs to 'prickle' to be effective (para. 75, Laugh It Off Promotions v. South African Breweries).
Parody provokes, confronts, and challenges its audience.
Parody is defined as a creative work that imitates an original work in a recognizable manner.
Parody simultaneously transforms aspects of the original work in various ways.
Parody often has humorous intent or effect.
Parody can fulfill a range of functions.
Parody has the ability to evoke many different emotions from an audience.
Legal scholars agree that parody plays an important role in a democratic society.
Parody can express critical commentary on social issues.
Parody exists within the tension between the right to free speech (Art. 19 Universal Declaration of Human Rights) and the right to intellectual property (Art. 17 UDHR).
This tension is particularly relevant for instances of dark parody.
Dark parody imitates an existing work and transforms it with dark humor.
Dark parody can use various types of dark humor.
Dark parody can relocate an original work into the context of a socially or culturally taboo situation or event.
Dark humor is tentatively defined by Godioli (2024) as a type of humor where at least one of the scripts is normally associated with feelings of sadness, grief, or horror (129).
The article mainly focuses on interpretive challenges of dark parody in free speech and intellectual property (IP) law.
Dark parody also presents challenges concerning free speech and other fundamental rights, such as the right to dignity (Art. 1 UDHR).
Dark parody can function as a vehicle for communicating implicitly discriminatory messages, blurring boundaries with hate speech.
The article argues that interpreting the distance between a (dark) parody and the original work and interpreting dark humor are two main interpretive challenges for courts dealing with dark parody in copyright and trademark infringement allegations.
Dark parody is an ideal case study to explore these two interpretive challenges within the broader framework of humorous expression as part of the fundamental human right to freedom of expression.
In parody disputes, judges must balance the interests of copyright and trademark rights holders against the parodist’s right to freedom of expression.
These interpretive challenges play an important role in judicial interpretation during this balancing exercise.
The theoretical approach used to reflect on the judicial interpretive process concerning dark parody is meta-hermeneutics.
Meta-hermeneutics is a term coined by Korthals Altes (2014) in narratology.
Korthals Altes defines meta-hermeneutics as an approach and type of reflection that relates interpretive argumentations to their underlying value-laden conceptions and pathways (99).
Adapting meta-hermeneutics to the nexus of humor and the law, its application to judicial interpretation practices focuses on reconstructing conventional paths along which judges and courts construct meaning.
It investigates concepts used by courts.
It explores why, when, and how courts interpret a parody as ‘distant enough’ from the original work to be allowed as a humorous expression of IP-protected material.
The interpretation of the distance between a (dark) parody and an original work plays a fundamental role in judicial decision-making.
This interpretation provides the grounds for the decision to allow or prohibit a parody.
A systematic approach to interpreting this distance is currently lacking in judicial interpretive practices.
The lack of a systematic approach can lead to inconsistent outcomes.
The article aims to create a theoretical framework to address the lack of a systematic test for interpreting the distance between a (dark) parody and an original work.
The framework integrates insights from humanities-based humor research and legal scholarship on intellectual property law.
The article has a strong theoretical focus.
The case studies primarily illustrate the workings of the theoretical framework.
The resulting framework is intended as a conceptual tool to support courts in developing an interpretation that considers all complexities of the (dark) parody under review.
The framework aims to create a stable ground for judicial decision-making impacting freedom of expression.
This is especially important when dealing with dark parody, as dark humor adds another layer of complexity to interpreting its meaning and impact.
Through their dark humor, dark parodies touch upon ‘metapragmatic stereotypes’ of humor.
Tsakona (2020) defines ‘metapragmatic stereotypes’ as internalized models of humor people have, and ‘how it should be used, when, why, and for what purposes’ (16).
Dark parodies deal with the legal framework of intellectual property law and the right to freedom of expression.
Dark parodies also relate to issues of morality, cultural values, and societal beliefs about humor.
The first section of the article shows how courts' interpretation of parody is based on the resonances between the main features of parody and legal criteria in copyright and trademark law.
The first section introduces the concept of ‘dark parody’.
The concept of dark parody illustrates how parody can be a medium for expressing different types of dark humor.
Based on these resonances, the second section proposes the interpretive framework of ‘parodic distance’.
The framework of ‘parodic distance’ offers a systematic approach to interpreting both the distance between a dark parody and the original and the type of dark humor used.
The last section provides a comparative analysis of two case studies revolving around dark parody.
The case studies are Mercis c.s. v. Punt.nl (Court of Appeal of Amsterdam, LJN:BS7825, 13 September 2011) and Laugh It Off Promotions v. South African Breweries (Constitutional Court of South Africa, CCT42/04, 27 May 2005).
A close reading and comparative analysis of the courts' interpretive behavior in both cases offers a deeper understanding of the values underlying the legal protection of dark parody in both legal systems.

**********Claims for hard query**********

The framework includes six main categories: content, style, context, message, function, and affect.
Meta-hermeneutics is a term coined by Korthals Altes (2014) in narratology.
The lack of a systematic approach can lead to inconsistent outcomes.

**********Formulated hard query**********

The article introduces the concept of ‘dark parody’ to address something.
The article explores how courts deal with two of the main interpretive challenges presented by a ‘dark parody’: (1) interpreting the distance between the parody and the copyright/trademark protected work it parodies, and (2) a certain challenge.
The article proposes the theoretical framework of ‘parodic distance’ to address the interpretive challenges systematically presented by dark parody via  six  main  categories—certain categories—from  which  the distance between a parody and the original can be interpreted.
Applying this framework to certain case studies, the article provides a comparative analysis of how these courts currently deal with interpretive issues surrounding dark humour in copyright and trademark law.
This article argues that the interpretation of the distance between a (dark) parody and the original work and the interpretation of dark humour are two of the main interpretive challenges courts deal with when confronted with a dark parody in a certain context.
This article aims to create a theoretical framework that addresses a certain lack.
Meta-hermeneutics is a term coined by someone in narratology.
The lack of a systematic approach can lead to a certain result.

**********Claims for medium query**********

In parody disputes, judges must balance the interests of copyright and trademark rights holders against the parodist’s right to freedom of expression.
The article shows that the framework of parodic distance can be a useful conceptual tool.
The article applies this framework to two case studies: Mercis c.s. v. Punt.nl (Court of Appeal of Amsterdam) and Laugh It Off Promotions v. South African Breweries (Constitutional Court of South Africa).

**********Formulated medium query**********

Someone must balance the interests of copyright and trademark rights holders against the parodist’s right to freedom of expression.
The article shows that `something` can be a useful conceptual tool.
The article applies this framework to two case studies: `a certain case` and `another case`.

**********Claims for easy query**********

The article analyzes how the main features of parody, legal criteria applied to parody in courts, and the role of dark humor influence judicial interpretation regarding (dark) parody in copyright and trademark law.
The article examines how courts handle two main interpretive challenges presented by ‘dark parody’.
The article argues that interpreting the distance between a (dark) parody and the original work and interpreting dark humor are two main interpretive challenges for courts dealing with dark parody in copyright and trademark infringement allegations.

**********Formulated easy query**********

The article analyzes how **something** influences judicial interpretation regarding (dark) parody in copyright and trademark law.
The article examines how courts handle **a certain number of things** presented by ‘dark parody’.
The article argues that **in a certain way** are two main interpretive challenges for courts dealing with dark parody in copyright and trademark infringement allegations.

**********Page content extracted**********

Title: BS Johnson and the Attack of the White-Collar Working Class
URL: https://olh.openlibhums.org/article/id/11618/
Content: ## Abstract

The conventional wisdom around working-class writing often presupposes a realist aesthetic form, a hero employed in manual labour and, in the British context, a setting somewhere in its former industrial heartlands, certainly no further south

**********Extracted claims**********

Conventional wisdom regarding working-class writing often presupposes a realist aesthetic form.
Conventional wisdom regarding working-class writing often presupposes a hero employed in manual labor.
In the British context, conventional wisdom regarding working-class writing often presupposes a setting in former industrial heartlands, generally no further south than the Midlands (excluding South Wales Valleys).
The writing of B.S. Johnson conforms to none of these conventional assumptions about working-class writing.
B.S. Johnson's writing has consistently been overlooked within the field of working-class literary studies.
B.S. Johnson has a biographical claim to inclusion within the field of working-class literary studies.
B.S. Johnson's novels are firmly rooted in a form of class politics.
The class nature of B.S. Johnson’s novels is not diminished by his depiction of white-collar characters.
B.S. Johnson's depiction of white-collar characters allows for an understanding of the essential nature of alienated labor and class antagonism in capitalist society, even within Britain's postwar welfare state.
B.S. Johnson’s avant-garde aesthetics and recurring motif of white-collar employment mobilize political themes in his novels.
B.S. Johnson's novels should be understood as distinctly working-class novels.
The 21st century has seen a revival of interest in B.S. Johnson.
Almost all of B.S. Johnson's novels have returned to print.
Jonathan Coe wrote the biography _Like a Fiery Elephant: The Story of B.S. Johnson_ (2004).
B.S. Johnson is a figure in Britain’s postwar avant-garde.
B.S. Johnson is noted for both his working-class background and his vociferous espousal of aesthetic innovation.
B.S. Johnson's father was a bookseller’s stockkeeper.
B.S. Johnson's mother was variously a waitress, barmaid, and between-maid.
B.S. Johnson is often understood as both working class and a writer.
B.S. Johnson is rarely considered a ‘working-class writer’ in the same vein as Robert Tressell or Alan Sillitoe.
This rare consideration is significantly due to issues of aesthetics and motifs in B.S. Johnson's work.
Working-class writing has conventionally been considered a realist endeavor.
B.S. Johnson’s avant-gardism means his work falls outside of what is conventionally considered ‘working-class writing’.
B.S. Johnson’s protagonists are often white-collar workers.
Manual laborers are commonly associated with working-class fiction.
B.S. Johnson’s works are read as reflecting his philosophical or aesthetic interests, rather than explicit class concerns.
B.S. Johnson's 1973 novel, _Christie Malry’s Own Double-Entry_, is a slight exception to the perception that his works lack explicit class concerns.
Even _Christie Malry’s Own Double-Entry_ is largely coded as a ‘political’ rather than ‘class’ novel.
Class concerns, particularly around the theme of alienated labor, are present in a number of B.S. Johnson’s novels.
_Albert Angelo_ (1964) and _The Unfortunates_ (1969) are examples of Johnson’s novels that contain class concerns and alienated labor.
_Albert Angelo_ mobilizes avant-gardism as part of its exposition of its protagonist’s alienation from employment as a supply teacher.
B.S. Johnson uses formal devices in _The Unfortunates_ to highlight the inability of relatively well-remunerated white-collar work (journalism) to resolve the essentially alienating nature of waged labor.
_The Unfortunates_, while rooted in the experience of waged work, moves towards a broader conception of social antagonism that includes issues of gender and consumption.
White-collar waged work and its refusal are major themes in B.S. Johnson's _Christie Malry’s Own Double-Entry_.
White-collar waged work and its refusal form the bedrock of _Christie Malry’s Own Double-Entry_'s social critique.
_Christie Malry’s Own Double-Entry_ points towards a positive class politics.
B.S. Johnson’s other texts often deal with class-related themes.
Aspects of autobiography are present in B.S. Johnson's _Trawl_ (1966).
Elderly care is a theme in B.S. Johnson's _House Mother Normal_ (1971).
B.S. Johnson's mother’s work in kitchens is a theme in _See the Old Lady Decently_ (1975).
The novels _Albert Angelo_, _The Unfortunates_, and _Christie Malry’s Own Double-Entry_ were chosen for discussion in this article due to the centrality of white-collar waged work in them.
The type of waged work (white-collar) in these selected novels, alongside their avant-gardism, underpins their radical nature.
Gilles Dauvé states that identifying "proletarian" with "factory worker" misses what is subversive in the proletarian condition.
Reading B.S. Johnson’s novels as radical reappraisals of the proletarian condition and its subversiveness allows for a broadening of common sense notions of what ‘working-class literature’ looks like.
Reading B.S. Johnson’s novels in this way allows B.S. Johnson to be situated firmly within working-class literature.

**********Claims for hard query**********

Gilles Dauvé states that identifying "proletarian" with "factory worker" misses what is subversive in the proletarian condition.
_Christie Malry’s Own Double-Entry_ points towards a positive class politics.
B.S. Johnson's mother was variously a waitress, barmaid, and between-maid.

**********Formulated hard query**********

Someone states that identifying "proletarian" with "factory worker" misses what is subversive in the proletarian condition.
Something points towards a positive class politics.
B.S. Johnson's mother was in a certain way.

**********Claims for medium query**********

B.S. Johnson is noted for both his working-class background and his vociferous espousal of aesthetic innovation.
B.S. Johnson’s protagonists are often white-collar workers.
The novels _Albert Angelo_, _The Unfortunates_, and _Christie Malry’s Own Double-Entry_ were chosen for discussion in this article due to the centrality of white-collar waged work in them.

**********Formulated medium query**********

Someone is noted for both his working-class background and his vociferous espousal of aesthetic innovation.
B.S. Johnson’s protagonists are often something.
Some novels were chosen for discussion in this article due to the centrality of white-collar waged work in them.

**********Claims for easy query**********

Reading B.S. Johnson’s novels as radical reappraisals of the proletarian condition and its subversiveness allows for a broadening of common sense notions of what ‘working-class literature’ looks like.
Reading B.S. Johnson’s novels in this way allows B.S. Johnson to be situated firmly within working-class literature.
B.S. Johnson’s avant-gardism means his work falls outside of what is conventionally considered ‘working-class writing’.

**********Formulated easy query**********

Reading B.S. Johnson’s novels as radical reappraisals of the proletarian condition and its subversiveness allows for **a certain outcome**.
Reading B.S. Johnson’s novels in this way allows **someone** to be situated firmly within working-class literature.
B.S. Johnson’s avant-gardism means his work is **in a certain state**.

**********Page content extracted**********

Title: ‘To Make Britain Concrete Minded’: Peter László Peri’s London Life in Concrete (1938)
URL: https://olh.openlibhums.org/article/id/10131/
Content: ## Abstract

In 1938, sculptor Peter László Peri staged a solo exhibition in London titled _London Life in Concrete_, a selection of sculptural works fabricated out of concrete. Contemporaneous critics enthused about Peri’s experiments with the exciting n

**********Extracted claims**********

Sculptor Peter László Peri staged a solo exhibition in London in 1938.
The exhibition was titled _London Life in Concrete_.
The _London Life in Concrete_ exhibition featured sculptural works fabricated out of concrete.
Contemporaneous critics expressed enthusiasm for Peter László Peri’s experiments with concrete.
The _London Life in Concrete_ exhibition included multi-coloured relief works.
The relief works in _London Life in Concrete_ were set on a high ledge that encircled the exhibition room.
The relief works in _London Life in Concrete_ depicted scenes of everyday life in London.
The relief works in _London Life in Concrete_ included figures of shoppers, builders, and commuters.
Figures in the _London Life in Concrete_ sculptures were arrayed across flattened backgrounds.
Peter László Peri’s concrete works are typically characterized by rough finishes.
Some of Peter László Peri’s concrete works were later commissioned to decorate a post-war public housing complex in London.
The exhibition _London Life in Concrete_ was sponsored by the Cement and Concrete Association (CCA).
The Cement and Concrete Association (CCA) was a new trade group.
The Cement and Concrete Association (CCA) was established to promote the use of concrete in building projects in Britain.
The British trade group the Cement and Concrete Association (CCA) commissioned a relief sculpture for its London office in 1936.
Peter László Peri, a Hungarian artist living in London, was commissioned for the 1936 sculpture.
The commissioned sculpture was titled _Mural for the Cement and Concrete Association_.
_Mural for the Cement and Concrete Association_ depicted a group of men transporting cement.
_Mural for the Cement and Concrete Association_ depicted a group of men mixing cement.
_Mural for the Cement and Concrete Association_ depicted a group of men raking cement.
Cement was the primary reason for the existence of the CCA.
Peter László Peri organized the succession of working figures across a long, horizontal composition in _Mural for the Cement and Concrete Association_.
_Mural for the Cement and Concrete Association_ includes a worker on the right bringing in a wheelbarrow of aggregate.
_Mural for the Cement and Concrete Association_ shows large heaps of stony fragments on the floor.
Three men with shovels tend the piles of stony fragments in _Mural for the Cement and Concrete Association_.
A mixer dominates the left-hand side of _Mural for the Cement and Concrete Association_.
One man tips the mixer forward in _Mural for the Cement and Concrete Association_.
Another man struggles under the weight of the cement in _Mural for the Cement and Concrete Association_.
The theme of concrete fabrication aligned closely with the CCA’s commercial interests.
Peter László Peri made _Mural for the Cement and Concrete Association_ itself out of concrete.
Concrete is visible in _Mural for the Cement and Concrete Association_ as depicted coarse stony material.
Concrete is visible in _Mural for the Cement and Concrete Association_ as a liquid amalgam swirled through a mixer.
Concrete is visible in _Mural for the Cement and Concrete Association_ as the final hardened object of the sculpture itself.
Peter László Peri built up the bodies of the workers in _Mural for the Cement and Concrete Association_ with strokes of a mason’s trowel.
The artist’s hand is evident in the marks on _Mural for the Cement and Concrete Association_.
The quick modeling required by wet concrete was captured permanently as _Mural for the Cement and Concrete Association_ dried.
_Mural for the Cement and Concrete Association_ was created in 1936.
The CCA’s corporate patronage of Peter László Peri promoted an expansive view of concrete as a medium for decoration.
The _London Life in Concrete_ exhibition celebrated Peter László Peri as a skilled interpreter of life.
The _London Life in Concrete_ exhibition celebrated Peter László Peri as a creator of an entirely new medium.
The _London Life in Concrete_ exhibition celebrated Peter László Peri as a sculptor in concrete.
Peter László Peri encircled a room in London’s Soho Square with a continuous progression of concrete sculptures.
Reliefs in _London Life in Concrete_ stood about three by one and a half feet.
The flat sculptures in _London Life in Concrete_ rested on the wall on a chest-high ledge.
Peter László Peri focused on everyday scenes in _London Life in Concrete_.
Everyday scenes depicted in _London Life in Concrete_ included busy London streets, domestic interiors, buses, and tea rooms.
Peter László Peri mixed colourful pigments into his concrete.
The colourful pigments differentiated bodies and backgrounds in Peter László Peri's sculptures.
The pigments contributed polychromic liveliness to the roughly textured ground of Peter László Peri's sculptures.
Peter László Peri created _Street Scene_ in 1937.
_Street Scene_ is made of pigmented concrete.
Peter László Peri was singled out in the press for his almost exclusive use of concrete.
Critics like William Walwyn of _Reynold’s Newspaper_ celebrated Peter László Peri as the ‘only’ sculptor working in concrete.
Some artists in the United Kingdom, including Henry Moore, occasionally experimented with the plastic capacity of concrete.
Peter László Peri used concrete as his primary material.
Francis Klingender, Anthony Blunt, Gordon Johnston, and Rosamund Lily West have discussed Peter László Peri’s work.
Discussions of Peter László Peri’s work have identified its political context.
_London Life in Concrete_ appeared during a period when concrete was at the centre of debates on modern design.
Concrete was at the centre of debates on skilled building labour during the period of _London Life in Concrete_'s exhibition.
Concrete was at the centre of debates on city planning during the period of _London Life in Concrete_'s exhibition.
Concrete is a malleable, liquid material.
Peter László Peri’s early work in Berlin in the 1920s was defined by rigorous Constructivism.
Peter László Peri’s politics instigated a shift in his practice.
Peter László Peri arrived in London in 1933.
Figural sculptures preoccupied Peter László Peri after his arrival in London in 1933.
In London, Peter László Peri’s concrete reliefs were hailed by critics like Anthony Blunt and Francis Klingender as an exemplar of modern social realism.
The social context of Peter László Peri’s subject matter interested art historians.
Many critics saw _London Life in Concrete_ primarily as an architectural innovation.
A critic for the _Liverpool Daily Post_ noted that concrete sculpture was convenient for architects in 1938.
Peter László Peri reflected on the architectural role of the concrete reliefs in 1954.
The CCA was founded in 1935.
The CCA intended to foster the use of cement by propaganda.
In the 1930s and 1940s, advertisements from the CCA extolled the flexibility of concrete.
Concrete could be used in buildings, gardens, roads, pools, and exterior cladding.
A notable increase in visible concrete construction occurred in the 1930s and 1940s.
British architects like F.R.S. Yorke championed the increase in visible concrete construction.
F.R.S. Yorke wrote an article in the _Architect’s Journal_ in 1936.
Until recently, reinforced concrete was regarded as an ‘engineering material’.
Reinforced concrete was considered a material to be used as little as possible in ‘architecture’.
Reinforced concrete was often hidden from sight in respectable architectural work.
Architects who used exposed reinforced concrete treated it as a cheap substitute for stone.
The CCA’s turn to ‘propaganda’ contributed to a shift in the popular perception of concrete.
Concrete was transformed in popular perception from an undesirable facsimile of stone to an exemplar of modern architecture.
Concrete became an exemplar of modern architectural innovations including tall buildings, simple design, and efficient construction.
The CCA commissioned Marcel Breuer and F.R.S. Yorke to create a model concrete city in 1936.
The model concrete city was for the Daily Mail Ideal Home Exhibition at Olympia, London.
Marcel Breuer was a prominent member of the Bauhaus.
Marcel Breuer left Germany for London in 1935.
F.R.S. Yorke was one of Britain’s most active modernist architects.
Marcel Breuer and F.R.S. Yorke designed the ‘Garden City of the Future’.
The ‘Garden City of the Future’ was a large town made up of high-rise apartment buildings.
The ‘Garden City of the Future’ included wide boulevards, shops, and office buildings.
The model buildings of the ‘Garden City of the Future’ featured large windows, terraces, and smooth white facades.
The model buildings of the ‘Garden City of the Future’ were unornamented.
Curving staircases, arching buttresses, and some small organically shaped buildings broke up the linear design of the apartment blocks in the ‘Garden City of the Future’.
The concrete façades of the ‘Garden City of the Future’ did not imitate stone, bricks, or other conventional materials.
Architectural experiments by architects like Le Corbusier in France in the late 1920s and early 1930s featured concrete façades that did not imitate conventional materials.
Architectural experiments by Marcel Breuer’s fellow Bauhaus members in Germany in the late 1920s and early 1930s featured concrete façades that did not imitate conventional materials.
_London Life in Concrete_ offered a vision for concrete finishes that included handmade, colourful, decorative, and figural characteristics.
Prominent architects like Marcel Breuer and F.R.S. Yorke celebrated the rigorous simplicity of reinforced concrete.
Traditional British designers in the 1920s and 1930s explored ways to make steel and concrete buildings palatable to the wider public.
The Palace of Housing and Transport at the 1924 British Empire Exhibition at Wembley was a notable architectural exhibition.
The Daily Mail Ideal Home Exhibitions were notable architectural exhibitions.
These exhibitions offered examples of concrete homes with facades that mimicked conventional brick or timber.
Peter László Peri worked as an architect in Berlin in the mid-1920s.
Peter László Peri contested aspects of both architectural precedents for concrete.
_London Life in Concrete_ suggested that modern concrete constructions should not hide their method of fabrication.
Peter László Peri resisted the conventions of modernist standardisation.
Peter László Peri’s concrete reliefs used textures, colour, and aggregates.
Peter László Peri’s concrete reliefs revealed the human element in the process of formation.
The aesthetics of concrete in modern architecture shifted from light coloured, stippled walls to the textured, handmade surface of New Brutalism.
Peter László Peri worked as a mason at various points in his career.
Peter László Peri worked as an abstract artist at various points in his career.
Peter László Peri worked as a figural sculptor at various points in his career.

**********Claims for hard query**********

The ‘Garden City of the Future’ included wide boulevards, shops, and office buildings.
The CCA was founded in 1935.
The ‘Garden City of the Future’ was a large town made up of high-rise apartment buildings.

**********Formulated hard query**********

The ‘Garden City of the Future’ included some certain things.
The CCA was founded at a certain time.
The ‘Garden City of the Future’ was a large town made up of some certain kinds of structures.

**********Claims for medium query**********

The theme of concrete fabrication aligned closely with the CCA’s commercial interests.
The CCA commissioned Marcel Breuer and F.R.S. Yorke to create a model concrete city in 1936.
Concrete is visible in _Mural for the Cement and Concrete Association_ as depicted coarse stony material.

**********Formulated medium query**********

The theme of concrete fabrication aligned closely with **something**.
The CCA commissioned **someone** to create a model concrete city in 1936.
Concrete is visible in _Mural for the Cement and Concrete Association_ **in a certain state**.

**********Claims for easy query**********

The _London Life in Concrete_ exhibition celebrated Peter László Peri as a sculptor in concrete.
The _London Life in Concrete_ exhibition celebrated Peter László Peri as a creator of an entirely new medium.
In London, Peter László Peri’s concrete reliefs were hailed by critics like Anthony Blunt and Francis Klingender as an exemplar of modern social realism.

**********Formulated easy query**********

The _London Life in Concrete_ exhibition celebrated `someone` as a sculptor in concrete.
`Something` celebrated Peter László Peri as a creator of an entirely new medium.
In London, Peter László Peri’s concrete reliefs were hailed by `some critics` as an exemplar of modern social realism.

**********Page content extracted**********

Title: Maps and the Burdens of Belonging: Identity and Resistance in Gurnah’s By the Sea and Owuor’s The Dragonfly Sea
URL: https://olh.openlibhums.org/article/id/16725/
Content: ## Abstract

This article examines the relationship between maps, identity, and belonging in two post-colonial  novels set in the Western Indian Ocean region: Abdulrazak Gurnah’s _By the Sea_ (2001) and Yvonne Adhiambo Owuor’s _The Dragonfly Sea_ (2019). 

**********Extracted claims**********

The article examines the relationship between maps, identity, and belonging in two post-colonial novels set in the Western Indian Ocean region: Abdulrazak Gurnah’s _By the Sea_ (2001) and Yvonne Adhiambo Owuor’s _The Dragonfly Sea_ (2019).
Maps are portrayed in these novels not merely as static remnants of colonialism but as dynamic artifacts.
Maps both reflect and shape post-colonial identities in nuanced ways within the novels.
The novels depict maps as having a degree of agency.
Maps are capable of both oppressing and offering pathways to self-discovery for post-colonial subjects, as depicted in the novels.
The article highlights themes of naming, representation, and identity concerning maps across both texts.
A coherent cross-reading of the plurality and contestation inherent in the post-colonial reading of maps is possible.
In Abdulrazak Gurnah’s novel _By the Sea_ (2001), the protagonist Latif Mahmud grieves the loss of his family’s material possessions.
Latif Mahmud emotionally frames Saleh Omar as an ‘assassin’ who takes over the family home through duplicitous business dealings in _By the Sea_.
Latif Mahmud believes Saleh Omar removed his family from their possessions and ended their lives as they knew it.
The reaction of Latif Mahmud reveals an underlying logic that closely intertwines the family’s possessions with their identity.
The confiscation of objects is positioned as deeply damaging to the family's sense of self in _By the Sea_.
Latif Mahmud paradoxically deems the possessions ‘debris’.
The material objects in the family home of Zanzibar inhabitants constitute oceanic flotsams from around the world.
Saleh Omar deals in merchandise as an antiquarian.
The emotionally charged rhetoric of ‘assassin’ followed by ‘debris’ elucidates paradoxical associations between materiality and identity in _By the Sea_.
The loss of materiality can profoundly undermine identity, as shown in _By the Sea_.
Physical objects carry intricate feelings and attachments.
Maps function as multifaceted artifacts that reflect and profoundly shape post-colonial identities, as argued in the article.
Maps played multifaceted roles in colonial and post-colonial contexts.
Originally tools for navigation, maps evolved into instruments of racial and regional classification during the colonial era.
Maps continued to exert influence in post-colonial spaces.
Colonial maps persist in racializing the Indian Ocean region despite outliving their primary navigational function.
The novels examined do not reference specific historical maps.
The novels use various cartographic objects to illuminate characters’ emotional and psychological experiences within the Indian Ocean world.
The novels explore the complex interplay between geography, race, and colonial legacies in shaping individual and collective identities.
The novels position maps as potent yet ephemeral artifacts that play a crucial role in characters’ understanding of themselves and their place in the world.
_By the Sea_ follows the story of an academic, Latif Mahmud, who is settled in England.
Latif Mahmud is introduced to a refugee named Saleh Omar, an antiquarian from Zanzibar, who has recently arrived in the UK.
Latif Mahmud is surprised to learn that Saleh Omar arrived in the UK using his father’s name.
Latif Mahmud and Saleh Omar reveal unpleasant shared histories of their families before and after the Zanzibari revolution and their experiences post-exile.
The dialogues between Latif Mahmud and Saleh Omar excavate suppressed memories of loss and displacement conditioned by Zanzibar’s fractured decolonization.
Saleh Omar uses maps extensively to recount his experiences in _By the Sea_.
_The Dragonfly Sea_ traces the life of Ayaana, born from a socially ostracized affair between Munira and an unnamed father in Kenya’s littoral zone.
Under the wing of Muhidin, a widely traveled sailor, Ayaana’s maturation interweaves her emergent identity with rich Swahili poetic traditions.
Muhidin immerses Ayaana in Islamic verses, Arabic and Persian poetry, and Bollywood songs.
Bollywood songs eerily prefigure Ayaana’s ancestral ties with Ming-dynasty Chinese seafarers along the coast in _The Dragonfly Sea_.
Ayaana’s odyssey to China for advanced studies crystallizes the Indian Ocean’s fluidity as a conduit of cross-cultural fusion and fragmentation.
The fluidity of the Indian Ocean is inscribed through centuries into East Africa’s littoral communities.
The article uses Bill Brown’s views on objects varying in significance based on their context and lens to understand how maps in these novels symbolize shifting identities.
Bill Brown posits that objects are different things in different scenes, however materially stable they may seem.
Latif Mahmud’s interactions with maps exemplify Bill Brown's idea about objects.
Graham Huggan argues that maps are pivotal as they both reflect and perpetuate colonial power dynamics by normalizing Western superiority and marginalizing non-Western perspectives.
A post-colonial analysis of maps reveals the underlying power structures embedded within ostensibly objective records.
Examining maps challenges the self-legitimizing authority of Western cartography and contests its claims to universality.
The process of decolonizing maps necessitates identifying and repudiating inscribed colonial ideologies.
Decolonizing maps involves interrogating how cartography has been used to rationalize colonial expansion, erase indigenous knowledge and territories, and impose Western paradigms on non-Western societies.
In the novels examined, a coherent sense of self eludes the characters.
A coherent sense of self cannot be attained through interpersonal interactions within colonial or post-colonial contexts, for the characters in the novels.
The characters’ sole perceived pathway to accessing conceptual frameworks and situating themselves within broader epistemologies and discourses appears to lie in communication with the objects themselves.
The interaction between objects and subjects engenders the construction of important issues.
This interaction prompts questions that post-colonial subjects lack resources to address.
The discursive interplay between objects and subjects constitutes the focal point of the article's analysis.
The implications of this dialogue posit the objects as possessing a degree of willful agency.
Objects are capable of not merely transmitting but also receiving meaningful messages.
The article introduces a framework for exploring colonial mappings in Gurnah’s novel.
The article provides an extended analysis of the anthropomorphized agency afforded to maps within Gurnah's narrative.
The article situates Owuor’s novel within post-colonial examinations of the politics of erasure underlying cartographic practices.
The second section explores the protagonist’s quest to resituate her island home within the cartographic record.
The protagonist’s quest serves as a metaphor for the broader struggle to rediscover African identities obscured by imperial/colonial mappings.

**********Claims for hard query**********

Latif Mahmud is surprised to learn that Saleh Omar arrived in the UK using his father’s name.
Muhidin immerses Ayaana in Islamic verses, Arabic and Persian poetry, and Bollywood songs.
Latif Mahmud believes Saleh Omar removed his family from their possessions and ended their lives as they knew it.

**********Formulated hard query**********

Latif Mahmud is surprised to learn that Saleh Omar arrived in the UK using something.
Muhidin immerses Ayaana in something.
Latif Mahmud believes Saleh Omar acted in a certain way.

**********Claims for medium query**********

The emotionally charged rhetoric of ‘assassin’ followed by ‘debris’ elucidates paradoxical associations between materiality and identity in _By the Sea_.
Saleh Omar uses maps extensively to recount his experiences in _By the Sea_.
A coherent sense of self cannot be attained through interpersonal interactions within colonial or post-colonial contexts, for the characters in the novels.

**********Formulated medium query**********

A certain expression elucidates paradoxical associations between materiality and identity in _By the Sea_.
Someone uses maps extensively to recount his experiences in _By the Sea_.
A coherent sense of self cannot be attained in a certain way, for the characters in the novels.

**********Claims for easy query**********

The article examines the relationship between maps, identity, and belonging in two post-colonial novels set in the Western Indian Ocean region: Abdulrazak Gurnah’s _By the Sea_ (2001) and Yvonne Adhiambo Owuor’s _The Dragonfly Sea_ (2019).
Maps both reflect and shape post-colonial identities in nuanced ways within the novels.
The article highlights themes of naming, representation, and identity concerning maps across both texts.

**********Formulated easy query**********

Someone’s _By the Sea_ (2001) and Yvonne Adhiambo Owuor’s _The Dragonfly Sea_ (2019) are two post-colonial novels set in the Western Indian Ocean region whose relationship with maps, something, and belonging is examined in the article.
Maps both reflect and shape post-colonial identities in a certain way within the novels.
The article highlights themes of naming, representation, and something concerning maps across both texts.

**********Page content extracted**********

Title: State Oppression, Fear, and Helplessness in Hungarian Political Jokes, 1963-1989
URL: https://olh.openlibhums.org/article/id/16293/
Content: ## Abstract

This study explores the social and psychological functions of humour in totalitarian societies, and traces how political jokes in Hungary between 1963 and 1989 may contribute to a more comprehensive understanding of the link between state opp

**********Extracted claims**********

The study explores the social and psychological functions of humor in totalitarian societies.
The study traces how political jokes in Hungary between 1963 and 1989 may contribute to a more comprehensive understanding of the link between state oppression and human rights.
The study analyzes jokes that mocked János Kádár, the General Secretary of the Hungarian Socialist Workers’ Party (1956–1988).
The study analyzes jokes that addressed violence and fear in Hungary and the Eastern bloc.
The study highlights the changing functions of political jokes after the 1956 Revolution.
The study analyzes the tone, subject, and main aims of jokes after the 1963 General Amnesty.
The 1963 General Amnesty aimed to serve as a compromise between the Communist state and Hungarian society.
Jokes revealing human rights concerns were abundant in the collections of ethnographer Imre Katona.
Laughter flourished in repressive societies due to the everyday need to navigate through the absurdity of the system.
The main goal of the study is to demonstrate the multifaceted nature of humor.
Individuals’ freedom of opinion remained restricted in Hungary even after the Stalinist terror of Mátyás Rákosi (1948–1956) was replaced by Kádár’s ‘soft dictatorship’ in the mid-1960s.
The civil population in Communist Hungary could not openly criticize its leaders or their policies.
Fear and helplessness were central features of the Hungarian People’s Republic.
The Hungarian People’s Republic remained a dictatorship until 1989.
The Hungarian People’s Republic continued to limit individuals’ human rights.
Sharing jokes could be linked to resilience due to their potential to provide a sense of control and agency.
The restriction of individuals’ freedoms remained inseparable from State Socialism despite differences between Mátyás Rákosi’s Stalinist rule (1950s) and János Kádár’s ‘soft dictatorship’ (after 1963).
Political jokes under Kádár may provide insights into how the restriction of human rights impacted the humor of the oppressed.
Political jokes under Kádár may provide insights into the concerns of the oppressed in their specific political context.
Joking played a crucial role in totalitarian regimes due to constraints on serious political speech.
Joking evaded externally imposed restraints on speech in totalitarian regimes.
Making up and sharing jokes fulfilled complex psychological and social functions.
Joking gave people a sense of control in a totalitarian system where fear was a central component.
The circumstances of joke telling were important.
Reeling out political jokes (_anekdoty_) was almost a ritual and a ubiquitous part of everyday life in late Soviet Socialism during Brezhnev’s time (1964–1982).
The Brezhnev period was not as repressive as Stalinist rule.
Jokes under Kádár from 1963-1989 demonstrated that fear, resignation, pessimism, apathy, and helplessness did not disappear after the 1956 Revolution and subsequent retaliations.
The years between 1963 and 1989 did not feature random acts of terror and violence that were elemental in Stalinist rule.
Negative feelings in Kádárist Hungary resulted in a unique set of political jokes, even when recycled.
Ethnographer Imre Katona's Joke Collection will be introduced and analyzed in three thematic sections.
Katona (1980: 53) labeled the jokes in his collection ‘public life jokes’.
Katona's 'public life jokes' addressed different areas of State Socialism in Hungary, including culture, politics, and economy.
In totalitarian regimes, every issue eventually became political.
The study focuses on jokes criticizing the absurdity and pointlessness of Communism/State Socialism in general.
The study focuses on jokes criticizing the incompetence of the political elite in particular.
Jokes that emphasized the stupidity of individuals, groups, and the entire system were the most popular type of humor in Russia and East-Central Europe.
Mocking politicians was psychologically beneficial by processing frustration.
Mocking politicians was socially beneficial by strengthening one’s sense of belonging and sharing a common sense of suffering.
In a democratic setting, political jokes are not illegal.
In a democratic setting, joke-telling does not bear the same consequences as in a totalitarian setting.
Democratic societies allow citizens the freedom to express opinions and dissatisfaction by voting for other parties and politicians.
Voting for other parties and politicians was not a possibility in State Socialist Hungary.
The incompetence of the Hungarian Communist political leadership provided ammunition for jokers throughout the period.
Hungarian jokes addressed the absurdities of the oppressive regime.
Hungarian jokes made direct or indirect references to fear and violence.
Frustration and lack of hope were visible in recurring jokes about exploitation, poverty, and corruption.
Jokes about exploitation, poverty, and corruption contradicted the image of Kádárist Hungary as ‘the jolliest barrack of the Eastern Bloc’.
Jokes often addressed the continuous reinterpretation of Socialism and Communism.
Jokes highlighted the contrast between theoretical ideology and its ridiculous implementation in practice.
The study analyzes jokes about Kádár, who represented power and oppression and the leadership of the post-Stalinist party-state.
Kádár placed great emphasis on publicly rejecting the personality cults of Stalin and Rákosi.
The majority of jokes featuring Kádár portrayed him in a negative light.
Most personality cult jokes in Hungary were recycled.
Personality cult jokes either existed before as prototype jokes or came into existence after the fall or death of dictators.
Recycled personality cult jokes appealed to people’s sense of justice.
Recycling jokes from a different time period or another part of the Eastern Bloc showed that problems persisted.
Recycling jokes showed that citizens had no other alternative to process the hopelessness of their situation.
Helplessness and pessimism can be traced in both recycled and original jokes before 1989.
Kádár personified the violent crushing of the 1956 Revolution.
Kádár served as a reminder of the hopelessness of challenging the State Socialist system.
Kádár could not overcome his Soviet connections after more than 30 years in power.
Jokes also looked beyond Hungary and addressed civil rights violations elsewhere in the Eastern Bloc.
The study will assess how Hungarian joke(r)s reflected on the suppression of the Prague Spring of 1968.
The study will assess the Hungarian view of well-known Communist figures.
Special attention is given to Hungarian perceptions of Romanian dictator Nicolae Ceauşescu.
Ceauşescu’s rule followed Stalinist patterns between 1965 and 1989.
Ceauşescu’s rule featured a decades-long delay in Stalinist patterns compared to the Soviet Union or Hungary.
Gallows humor was a common feature in jokes about Ceauşescu.
Gallows humor was used to process the cruelty and violence ubiquitous under Ceauşescu.

**********Claims for hard query**********

The years between 1963 and 1989 did not feature random acts of terror and violence that were elemental in Stalinist rule.
Mocking politicians was psychologically beneficial by processing frustration.
Democratic societies allow citizens the freedom to express opinions and dissatisfaction by voting for other parties and politicians.

**********Formulated hard query**********

The years between 1963 and 1989 did not feature something.
Mocking politicians was psychologically beneficial in a certain way.
Democratic societies allow citizens the freedom to express opinions and dissatisfaction in a certain way.

**********Claims for medium query**********

Gallows humor was used to process the cruelty and violence ubiquitous under Ceauşescu.
Individuals’ freedom of opinion remained restricted in Hungary even after the Stalinist terror of Mátyás Rákosi (1948–1956) was replaced by Kádár’s ‘soft dictatorship’ in the mid-1960s.
Joking gave people a sense of control in a totalitarian system where fear was a central component.

**********Formulated medium query**********

Something was used to process the cruelty and violence ubiquitous under Ceauşescu.
Individuals’ freedom of opinion remained restricted in Hungary even after the Stalinist terror of someone (1948–1956) was replaced by Kádár’s ‘soft dictatorship’ in the mid-1960s.
Joking gave people something in a totalitarian system where fear was a central component.

**********Claims for easy query**********

The study traces how political jokes in Hungary between 1963 and 1989 may contribute to a more comprehensive understanding of the link between state oppression and human rights.
Political jokes under Kádár may provide insights into how the restriction of human rights impacted the humor of the oppressed.
The study analyzes jokes about Kádár, who represented power and oppression and the leadership of the post-Stalinist party-state.

**********Formulated easy query**********

Here are the masked claims:
The study traces how political jokes in Hungary during a certain period may contribute to a more comprehensive understanding of the link between state oppression and human rights.
Political jokes under Kádár may provide insights into how the restriction of human rights impacted the humor of a certain group of people.
The study analyzes jokes about Kádár, who represented power and oppression and a certain entity.

**********Validation Result**********

subquestion 'Here are the masked claims:' is NOT supported by the context.
<reject> The provided text does not contain the phrase "Here are the masked claims:". </reject>

**********Page content extracted**********

Title: Wilde about Ulysses: Deleuzian Assemblages and The Importance of Being Oscar
URL: https://olh.openlibhums.org/article/id/16536/
Content: ## Abstract

While Oscar Wilde’s influence on James Joyce has been explored by many scholars, the flamboyant playwright, novelist, journalist, and critic’s importance to _Ulysses_ remains elusive. We suggest that Wildean avatars—Deleuzian ‘assemblages’ (D

**********Extracted claims**********

Oscar Wilde's influence on James Joyce has been explored by many scholars.
Oscar Wilde's importance to _Ulysses_ remains elusive.
Oscar Wilde was a flamboyant playwright, novelist, journalist, and critic.
The article proposes that Wildean avatars, described as Deleuzian ‘assemblages’, open _Ulysses_ in the form of Buck Mulligan in ‘Telemachus’.
The article proposes that Wildean avatars close the public narrative of _Ulysses_ in the shape of D. B. Murphy in ‘Eumaeus’.
The article proposes that these avatars trigger the private resolutions of the main cast members in ‘Ithaca’ and ‘Penelope’.
According to the article, these assemblages bookend the opening and closing of _Ulysses_.
According to the article, these assemblages highlight overlooked queer themes in _Ulysses_.
According to the article, these assemblages highlight the socially constructed nature of identity in _Ulysses_.
Buck Mulligan and D.B. Murphy are highly costumed and performative characters.
According to the article, Buck Mulligan and D.B. Murphy establish Oscar Wilde’s foundational importance to _Ulysses_.
According to the article, Buck Mulligan and D.B. Murphy epitomize the queering influence that permeates _Ulysses_.
The queering influence that permeates _Ulysses_ has only recently begun to be recognized.
James Joyce was absorbed by scandals throughout his formative years and literary career.
Margot Gayle Backus opens _Scandal Work: James Joyce, the New Journalism, and the Home Rule Newspaper Wars_ with a declaration.
Margot Gayle Backus declared that James Joyce became fixated on newspapers and newspaper scandals in his youth.
Margot Gayle Backus declared that James Joyce’s fixation on newspapers and newspaper scandals inspired his scandalous writings.
Homosexual scandals piqued James Joyce’s interest.
The Dublin Castle case of 1884 was a homosexual scandal.
The Cleveland Street incident of 1889 was a homosexual scandal.
The 1895 trials and subsequent fate of Oscar Wilde were particularly consequential for James Joyce’s life and work.
The scandals attached to Oscar Wilde's trials framed James Joyce’s composition of _Ulysses_.
The scandals attached to Oscar Wilde's trials influenced James Joyce’s composition of _Ulysses_.
The authors of the article use the Deleuzian framework of ‘Wilde-as-an-assemblage’.
The authors intend to demonstrate that James Joyce was particularly receptive to diverse perceptions of Oscar Wilde.
Perceptions of Oscar Wilde included legal, medical, sexological, and popular views.
The authors' approach views James Joyce’s perception of Oscar Wilde as a protean figure with no fixed or essential identity.
The authors' approach embodies the nature of the Deleuzian concept of the assemblage.
Thomas Nail describes the Deleuzian concept of the assemblage.
Thomas Nail described the Deleuzian concept of the assemblage as the rejection of unity in favour of multiplicity.
Thomas Nail described the Deleuzian concept of the assemblage as the rejection of essence in favour of events.
Oscar Wilde’s identity was varied.
The scandalous side of Oscar Wilde after the trials was one part of his various and changing identities.
Oscar Wilde’s influence on _Ulysses_ has been explicated by many critics.
The theoretical framework of ‘assemblages’ allows the authors to show Oscar Wilde appears in _Ulysses_.
The article suggests Oscar Wilde appears in _Ulysses_ in costume or disguise.
According to the article, Oscar Wilde informs the complex and polyvalent ontology of Buck Mulligan and D.B. Murphy.
According to the article, Oscar Wilde triggers the resolutions that end _Ulysses_ after Buck Mulligan and D.B. Murphy exit the public narrative.
Buck Mulligan and D.B. Murphy are complex characters.
According to the article, Buck Mulligan and D.B. Murphy reveal James Joyce’s investment in the queer nature of Oscar Wilde’s various identities while writing _Ulysses_.
According to the article, Buck Mulligan and D.B. Murphy show the radical progressiveness of Oscar Wilde’s influence on _Ulysses_.
Oscar Wilde’s influence on _Ulysses_ was bold by the standards of queer politics in the 1920s, according to the article.
Oscar Wilde’s influence on _Ulysses_ was anticipatory of a more complex understanding of queer identities, according to the article.

**********Claims for hard query**********

Thomas Nail described the Deleuzian concept of the assemblage as the rejection of essence in favour of events.
Buck Mulligan and D.B. Murphy are complex characters.
The Cleveland Street incident of 1889 was a homosexual scandal.

**********Formulated hard query**********

Someone described the Deleuzian concept of the assemblage as the rejection of essence in favour of events.
Buck Mulligan and D.B. Murphy are in a certain state characters.
Something was a homosexual scandal.

**********Claims for medium query**********

The authors of the article use the Deleuzian framework of ‘Wilde-as-an-assemblage’.
The 1895 trials and subsequent fate of Oscar Wilde were particularly consequential for James Joyce’s life and work.
According to the article, these assemblages highlight the socially constructed nature of identity in _Ulysses_.

**********Formulated medium query**********

The authors of the article use a certain framework.
A certain event was particularly consequential for James Joyce’s life and work.
According to the article, these assemblages highlight a certain concept in _Ulysses_.

**********Claims for easy query**********

Oscar Wilde’s influence on _Ulysses_ was anticipatory of a more complex understanding of queer identities, according to the article.
According to the article, Buck Mulligan and D.B. Murphy reveal James Joyce’s investment in the queer nature of Oscar Wilde’s various identities while writing _Ulysses_.
The scandals attached to Oscar Wilde's trials influenced James Joyce’s composition of _Ulysses_.

**********Formulated easy query**********

Something was anticipatory of a more complex understanding of queer identities, according to the article.
According to the article, someone reveal James Joyce’s investment in the queer nature of Oscar Wilde’s various identities while writing _Ulysses_.
The scandals attached to Oscar Wilde's trials influenced something.

**********Page content extracted**********

Title: Humour from the Right: Authoritarian Populism and Punch-Down Laughter in India
URL: https://olh.openlibhums.org/article/id/16778/
Content: ## Abstract

This paper examines India’s authoritarian populist politics through a study of humorous speeches made by the nation’s prime minister, Narendra Modi, known for his Hindu supremacist right-wing stance. It qualitatively analyses Modi’s strategic

**********Extracted claims**********

The paper examines India’s authoritarian populist politics.
The examination is conducted through a study of humorous speeches made by Prime Minister Narendra Modi.
Narendra Modi is known for his Hindu supremacist right-wing stance.
The paper qualitatively analyzes Modi’s strategic use of humor.
Modi’s humor targets marginalized groups, including intellectuals, women, people with disabilities, and the Muslim community.
The act of suicide and the state of widowhood have also been targets of Modi’s humor.
The study employs textual analysis of specific jokes and insults delivered by Modi in public forums.
The study demonstrates how carnivalesque speech is used to ‘punch down’ on individuals and groups based on their identity.
The paper draws a comparison with Donald Trump’s use of similar humor.
Both Modi and Trump utilize humor to destabilize their opposition and mock minorities.
The paper uses Mikhail Bakhtin’s carnival theory as a lens.
Bakhtin’s carnival theory originally posits a democratic and inclusive potential to subvert power.
The study argues that the ‘inverted carnival’ employed by leaders like Modi and Trump serves to consolidate power and undermine minority rights.
This research introduces the concept of ‘inverted carnival’ as a new framework.
The ‘inverted carnival’ framework is for analyzing the use of humor in authoritarian populist governance globally.
India’s Prime Minister, Narendra Modi, has tweeted about the need for more satire and humor in public life.
Modi emphasizes humor’s power to bring happiness and healing.
In January 2017, Modi tweeted from his @PMOIndia handle: ‘I think we need more satire and humour. Humour brings happiness in our lives. Humour is the best healer: PM @narendramodi’.
In March 2017, Modi tweeted from his @narendramodi handle: ‘We surely need more humour in public life’.
Modi has expressed a clear preference for humor.
Modi contends that humor has uplifting and restorative powers and stresses its importance in public life.
Modi has made jokes at public events and electoral rallies.
Modi has called his political rivals names.
Modi has targeted scholarly figures, women, disabled people, and Muslims in his humor.
Modi is not known to make self-deprecatory jokes often or effectively whilst addressing audiences in India.
Modi has used self-mockery during his visit to the US.
Modi has used delightful rhetoric to entertain his audience in Australia.
Modi’s political style has been described as authoritarian populist.
Authoritarian populism is increasingly understood as a widespread international trend towards illiberalism.
Illiberal politics is rooted in setting one group of people against another by a leadership.
The leadership in illiberal politics represents itself as the voice of the ‘common people’.
The leadership in illiberal politics portrays a struggle against ‘the elite’ and minority groups.
The leader in authoritarian populism is represented as a ‘strongman’.
The leader in authoritarian populism possesses a cult-like personality.
The leader in authoritarian populism embodies the will of the common people.
The trend of authoritarian populism has degraded democratic discourse.
The trend of authoritarian populism has fueled nationalism.
The trend of authoritarian populism has obscured the lines between truth and fiction.
The 45th president of the USA, Donald Trump, is also described as an authoritarian populist.
Donald Trump used mocking humor as a political weapon.
Donald Trump used mocking humor to destabilize his opponents and wear down democracy while reveling in it.
Donald Trump is known for his disregard of minority rights.
Donald Trump is known for his ridicule of women and immigrants.
Donald Trump has been accused of mocking a disabled reporter.
Trump and Modi seem to play a curious carnival game of strongman mockery.
The strongman mockery by Trump and Modi is aimed at belittling minority groups and the so-called establishment.
The strongman mockery by Trump and Modi aims to engender and maintain popular electoral support.
The historical origins of Modi’s party, the Bharatiya Janata Party (BJP), in the 1920s, have been linked to ideological sympathies with European fascism.
The BJP and its leadership are widely recognized for their right-wing politics in the present times.
Russian philosopher and literary critic Mikhail Bakhtin (1895–1975) conceptualized carnival as a popular festive form.
Carnival, as conceptualized by Bakhtin, symbolizes the inverting of accepted social order.
Within Bakhtin’s carnival framework, laughter is a form of resistance to power.
Laughter in Bakhtin’s framework engenders a sense of subversion from below.
Bakhtin’s carnival model has been commended for its democratic ethic.
Bakhtin’s carnival model has been commended for its potential to open up spaces that challenge hierarchies.
Scholars have studied Bakhtin’s work in the context of India.
Connections have been drawn between Bakhtin’s concepts and the ancient philosophical traditions of India.
This study examines aspects of ‘punch-down’ humor in Modi’s speeches through Bakhtin’s carnival model.
The study seeks to understand the objective behind Modi’s humor.
Modi’s humor targets disability, mental health, suicide, intellectualism, women, widowhood, and the Indian National Congress Party.
The paper analyzes how humor is wielded by India’s populist leadership from their own position of power.
The populist leaders seemingly punch _up_ at the ‘establishment’ represented by the Nehru-Gandhi dynastic members of the Congress.
In Bakhtin’s model, the common ‘folk’ were allowed carnival as an event where they could mock authority figures.
In the contexts of Modi and Trump, both powerful individuals, humor is used to punch _down_.
As populist politicians, Modi and Trump have _avowedly_ positioned themselves as outsiders located on the margins.
From their perceived marginal position, Modi and Trump _appear_ to be punching _up_ at the establishment.
This punching up seemingly shapes public opinion and influences electoral outcomes.
This paper argues that this kind of carnivalesque use is essentially a co-option of Bakhtin’s carnival vision for undemocratic gains.
This use is an inversion of the Bakhtinian carnival inversion.
This inversion brings one back to the status quo.
Instead of punching up to subvert from below, this form of carnivalesque punches down to reinforce hierarchies.
This co-opted model of carnival inversion is a novel framework.
The novel framework may be useful in studies of punch-down humor used by politicians around the world.

**********Claims for hard query**********

Donald Trump has been accused of mocking a disabled reporter.
This inversion brings one back to the status quo.
Donald Trump is known for his disregard of minority rights.

**********Formulated hard query**********

Donald Trump has been accused of mocking **someone**.
This inversion brings one back to **a certain state**.
Donald Trump is known for his disregard of **something**.

**********Claims for medium query**********

Laughter in Bakhtin’s framework engenders a sense of subversion from below.
The study demonstrates how carnivalesque speech is used to ‘punch down’ on individuals and groups based on their identity.
Bakhtin’s carnival model has been commended for its democratic ethic.

**********Formulated medium query**********

Laughter in `someone’s framework` engenders a sense of subversion from below.
The study demonstrates how `a certain kind of speech` is used to ‘punch down’ on individuals and groups based on their identity.
Bakhtin’s carnival model has been commended for `a certain quality`.

**********Claims for easy query**********

This study examines aspects of ‘punch-down’ humor in Modi’s speeches through Bakhtin’s carnival model.
The paper analyzes how humor is wielded by India’s populist leadership from their own position of power.
The ‘inverted carnival’ framework is for analyzing the use of humor in authoritarian populist governance globally.

**********Formulated easy query**********

This study examines aspects of ‘punch-down’ humor in someone’s speeches through Bakhtin’s carnival model.
The paper analyzes how something is wielded by India’s populist leadership from their own position of power.
The ‘inverted carnival’ framework is for analyzing the use of humor in a certain way.

**********Page content extracted**********

Title: Photo Archives and Linked Open Data. The Added Value
URL: https://olh.openlibhums.org/article/id/15232/
Content: ## Abstract

In the last two decades, cultural heritage institutions have been revisiting the way they publish their data. Due to the rise of Semantic Web technologies and graph-based search engines, the shift in the technology stack has required many to 

**********Extracted claims**********

Cultural heritage institutions have revisited their methods for publishing data.
The rise of Semantic Web technologies and graph-based search engines has led many institutions to reconsider their data organization.
Data literacy skills have developed among cataloguers, archivists, and collection managers as a byproduct of this shift.
Institutions were promised an improved image in terms of authoritativeness due to enhanced data quality.
Institutions were promised increased attractiveness to patrons due to enhanced search capabilities.
Photo archives have embraced a new paradigm for data publication.
The ZERI & LODe project is dedicated to publishing the catalogue of the Federico Zeri Photo Archive as Linked Open Data.
Organizations in various knowledge domains have had to revise their technology stack and knowledge organization arrangements due to the rise of Semantic Web technologies.
The Cultural Heritage domain has been an enthusiastic adopter of the Linked Open Data (LOD) movement.
The Cultural Heritage domain represents a major application field for Linked Open Data (LOD).
Libraries, archives, and museums (LAMs) have broadly adopted the new paradigm, albeit with diverse degrees of implementation.
Scholarship in Cultural Analytics and Digital Humanities contains many case studies demonstrating institutions' successful adoption of the Semantic Web.
Projects typically address technical challenges arising from legacy data and software solutions.
These projects often present new data sources, tools, or frameworks to solve research problems.
A common goal for these projects is to achieve benefits promised by the Semantic Web.
The promised benefits of the Semantic Web include improved information retrieval, facilitated record linking, improved visibility, and better analytics and services/applications.
Extensive discussion and evaluation of the achievements of Semantic Web projects are not found in the literature.
Projects often demonstrate reaching technological goals but do not provide evidence of achieving promised benefits or the extent of those benefits.
Traditional research methods are still employed in online catalogues despite the promise of better analytics and new services.
Small institutions that rely on aggregators for data publication cannot afford to develop tools tailored to their collections.
Photo archives serve as a representative, yet understudied, example in this context.
Photo archives increasingly make their collections available through digital catalogues.
Digital catalogues support scholars in iconographic and historiographic research.
Art historical photo archives are attracted to Linked Open Data (LOD).
LOD is seen as a method to address the lack of structured metadata regarding image content in art historical photo archives.
LOD is considered a common language (lingua franca) to integrate photo collections across institutions.
The integration of photo collections via LOD aims to support scholars with advanced search capabilities.
The ZERI & LODe project is an example of Linked Open Data for a small, renowned art historical photo archive.
The ZERI & LODe project has been running for a sufficient period to allow for discussion of its achievements and limitations.
Some considerations derived from the examined domain/example are of general interest and warrant further investigation in other fields.

**********Claims for hard query**********

Institutions were promised increased attractiveness to patrons due to enhanced search capabilities.
Small institutions that rely on aggregators for data publication cannot afford to develop tools tailored to their collections.
Projects often demonstrate reaching technological goals but do not provide evidence of achieving promised benefits or the extent of those benefits.

**********Formulated hard query**********

Institutions were promised **in a certain state** due to enhanced search capabilities.
Small institutions that rely on aggregators for data publication cannot afford to develop **something**.
Projects often demonstrate reaching technological goals but do not provide evidence of **in a certain way**.

**********Validation Result**********

subquestion 'Institutions were promised **in a certain state** due to enhanced search capabilities.' is NOT supported by the context.
<reject> The content states that cultural heritage institutions were promised a revamp of their image and attractiveness due to enhanced search capabilities, but it does not specify that these institutions were located "in a certain state" (referring to a geographical or political entity). The discussion is general about institutions in the cultural heritage domain and uses a specific project as an example, without limiting the promise to a particular state. </reject>

**********Claims for medium query**********

A common goal for these projects is to achieve benefits promised by the Semantic Web.
Digital catalogues support scholars in iconographic and historiographic research.
Photo archives increasingly make their collections available through digital catalogues.

**********Formulated medium query**********

A common goal for these projects is to achieve something.
Something support scholars in iconographic and historiographic research.
Photo archives increasingly make their collections available through something.

**********Claims for easy query**********

The ZERI & LODe project is an example of Linked Open Data for a small, renowned art historical photo archive.
Art historical photo archives are attracted to Linked Open Data (LOD).
The ZERI & LODe project is dedicated to publishing the catalogue of the Federico Zeri Photo Archive as Linked Open Data.

**********Formulated easy query**********

Something is an example of Linked Open Data for a small, renowned art historical photo archive.
Art historical photo archives are in a certain state to Linked Open Data (LOD).
The ZERI & LODe project is dedicated to publishing the catalogue of something as Linked Open Data.

**********Page content extracted**********

Title: Katherine Anne Porter’s Ship of Fools and the Ephemeral Promise of Transnational Community
URL: https://olh.openlibhums.org/article/id/16531/
Content: ## Abstract

In the 1920s and 1930s, transatlantic steam travel was at its fastest and most accessible. During voyages lasting mere days or weeks, shipping lines used onboard aesthetics and ephemera to construct community, attempting to replace national b

**********Extracted claims**********

In the 1920s and 1930s, transatlantic steam travel reached its fastest and most accessible point.
During voyages, shipping lines utilized onboard aesthetics and ephemera to foster community among passengers.
Shipping lines attempted to replace passengers' national belonging with transnational solidarity.
Katherine Anne Porter’s novel _Ship of Fools_, published in 1962, suggests that attempts to transcend national loyalties could not counter rising international tensions of the period.
Katherine Anne Porter largely wrote _Ship of Fools_ after a 1931 trip.
Sinclair Lewis’s 1929 novel _Dodsworth_ includes ocean liner passengers humorously observing "their fellow-citizens in this brave village amid the desert of waters."
F. Scott Fitzgerald’s 1934 novel _Tender is the Night_ refers to a liner's inhabitants as "citizen\[s\] of a commonwealth smaller than Andorra."
The novels _Dodsworth_ and _Tender is the Night_ emphasize the attachments formed aboard ships when transatlantic passenger travel was at its peak in popularity and ease.
At sea, travelers were placed into community with people from various parts of the world.
In the shipboard environment, travelers were encouraged to temporarily substitute passengers' national belonging with shipboard solidarity.
The finite nature of transatlantic crossings meant that bonds among passengers had to be established quickly.
These shipboard bonds might dissipate rapidly upon disembarkation.
Lisa Gitelman states in her book that "documents are integral to…the social order that \[people\] inhabit."
Shipboard materials clearly define the parameters of a short-lived society.
Placing the name of the shipping line or liner prominently throughout the ship was a method to invite passengers into community with their fellow travelers.
The line or liner name was engraved on glassware, painted on dishes, woven into curtains, carved into furniture, embroidered on ribbons, and stamped on playing cards, napkins, and stationery.
The repetition of the line or liner name provided passengers with visual reminders of their new, temporary affiliation.
The record of shipboard solidarity persists in discussions of transient belonging found in novels of the era, including _Tender is the Night_ and _Dodsworth_.
The record of shipboard solidarity also persists in travel ephemera.
Travel ephemera can be read in parallel with the narrative accounts found in novels.
Katherine Anne Porter’s 1962 novel _Ship of Fools_ engages with both shipboard community narration and the incorporation of shipboard ephemera.
_Ship of Fools_ is the only long novel written by Katherine Anne Porter.
Katherine Anne Porter is a Pulitzer Prize-winning American author best known for her short stories.
_Ship of Fools_ is set aboard a steamship in 1931.
The fictional S.S. _Vera_ in _Ship of Fools_ sails from Mexico to Germany.
_Ship of Fools_ preserves in language documents designed to become the detritus of travel.
_Ship of Fools_ references tickets, seating cards, cabin cards, shipboard newspapers, and lunch and dinner menus.
Porter identifies the steamship as a contained society where passengers adopt new commitments.
Porter describes the steamship as a "temporary haven" on the opening page of _Ship of Fools_.
Porter suggests that documents create a social order.
The beginning of _Ship of Fools_ indicates that the _Vera_’s passengers hoped their papers might establish a momentary immunity from the hazards of their enterprise.
In Porter’s book, documents ultimately betray their bearers.
Documents in Porter's book are as likely to cause division as to build solidarity.
Porter uses the ship as a setting to depict the failure of the international project.
The setting of Porter's novel is a period of transnational promise but also increasing national tensions.

**********Claims for hard query**********

The repetition of the line or liner name provided passengers with visual reminders of their new, temporary affiliation.
In the 1920s and 1930s, transatlantic steam travel reached its fastest and most accessible point.
The line or liner name was engraved on glassware, painted on dishes, woven into curtains, carved into furniture, embroidered on ribbons, and stamped on playing cards, napkins, and stationery.

**********Formulated hard query**********

The repetition of the line or liner name provided passengers with something.
In the 1920s and 1930s, transatlantic steam travel reached in a certain state.
The line or liner name was in a certain way.

**********Claims for medium query**********

_Ship of Fools_ is the only long novel written by Katherine Anne Porter.
The setting of Porter's novel is a period of transnational promise but also increasing national tensions.
Shipboard materials clearly define the parameters of a short-lived society.

**********Formulated medium query**********

_Ship of Fools_ is the only long novel written by someone.
The setting of Porter's novel is a period in a certain state.
Shipboard materials clearly define the parameters of something.

**********Validation Result**********

subquestion '_Ship of Fools_ is the only long novel written by someone.' is NOT supported by the context.
<reject> The content states that _Ship of Fools_ is "The only long novel by the Pulitzer prize winning American author best known for her short stories" (referring to Katherine Anne Porter). This means it is her only long novel, not the only long novel written by someone in general, which is what the provided information suggests. </reject>

**********Validation Result**********

subquestion 'The setting of Porter's novel is a period in a certain state.' is NOT supported by the context.
<reject> The content explicitly states that Porter's novel _Ship of Fools_ "is set aboard a steamship in 1931" and describes the journey as "sailing from Mexico to Germany." While this provides a time period, it does not describe the setting as "a period in a certain state" in the sense of a country or administrative division. The setting is a transient, international space (a steamship). </reject>

**********Claims for easy query**********

Katherine Anne Porter’s 1962 novel _Ship of Fools_ engages with both shipboard community narration and the incorporation of shipboard ephemera.
The record of shipboard solidarity persists in discussions of transient belonging found in novels of the era, including _Tender is the Night_ and _Dodsworth_.
Katherine Anne Porter’s novel _Ship of Fools_, published in 1962, suggests that attempts to transcend national loyalties could not counter rising international tensions of the period.

**********Formulated easy query**********

Someone’s 1962 novel _Ship of Fools_ engages with both shipboard community narration and the incorporation of shipboard ephemera.
The record of shipboard solidarity persists in discussions of transient belonging found in novels of the era, including something and _Dodsworth_.
Katherine Anne Porter’s novel _Ship of Fools_, published in 1962, suggests that attempts to transcend national loyalties could not counter something.

**********Page content extracted**********

Title: Exploring Knowledge Graphs for Medieval and Renaissance Manuscripts with SPARQL
URL: https://olh.openlibhums.org/article/id/15329/
Content: ## Abstract

This article reports on research into the use of SPARQL for querying knowledge graphs, in the form of Linked Open Data triple stores, which relate to the history and provenance of medieval manuscripts. It looks at several recent initiatives a

