**********Page content extracted**********

Title: Popping Culture: Spoken Word and Nostalgia
URL: https://olh.openlibhums.org/article/id/20347/
Content: ## Abstract

This article explores the prominent use of popular culture as a thematic concern in contemporary spoken word performance, in particular the ways in which initially nostalgic representations of popular culture can be used to establish communit

**********Extracted claims**********

Nostalgic representations of popular culture can be used in contemporary spoken word performance to establish community.
Nostalgic representations of popular culture can be used in contemporary spoken word performance to interrogate historic cultural production.
The formal and affective dimensions of spoken word performance position it as a particularly effective medium for the representation of popular culture.
The formal and affective dimensions of spoken word performance position it as a particularly effective medium for the evaluation of popular culture.
The effectiveness of spoken word performance as a medium for popular culture representation and evaluation substantiates its frequency as a theme in contemporary performance poetry.
Gizela Horvath states that nostalgia presupposes a comparison between an overrated past and an underachieving present.
Gizela Horvath states that nostalgic representation beckons forms of art that allow for the comparison of moments in time and the direct expression of emotions.
Gizela Horvath identifies literature, music, theatre, and film as primary forms of art beckoned by nostalgic representation.
Spoken word is a form of art particularly well suited to nostalgic representation.
Spoken word locates many of its operating principles in the direct expression of emotion.
Spoken word locates many of its operating principles in the transmission of affect in a live encounter.
Spoken word is involved in establishing a shared frame of reference around its subjects.
Many successful spoken word performances derive impact through the creation of community.
Nostalgia can generate powerful emotional responses as an artistic method within the context of community building.
The specific vehicle of popular culture finds particularly effective purchase in contemporary spoken word performances.
Spoken word, as a medium, has historically been neglected in the wider scholarly field of poetics.
Spoken word is encountering increased attention over the last few decades.
Spoken word is a particularly effective tool for interrupting assumptions concerning the binary between high and low art.
Conversations concerning spoken word's ability to interrupt assumptions about high and low art are becoming more prominent as cultural landscapes shift.
Spoken word artists enjoy wider recognition.
The poet Tyrone Lewis has reflected on the use of popular culture in his writing.
Tyrone Lewis discusses using popular cultural as a vehicle to convey complex topics.
Tyrone Lewis draws on strategies that co-opt the popularity of popular culture to elevate poems that may otherwise prove alienating.
Tyrone Lewis states that poetry is not popular.
Tyrone Lewis states that poets can engage with popular culture.
Tyrone Lewis notes that fiction and plays engage with popular culture.
Spoken word possesses a disruptive potential to critique assumptions about historic cultural production.
Spoken word possesses a disruptive potential to critique the impact historic cultural production has had on present experiences.
The close community established between audience and performer provides opportunities to draw on popular culture to engender complicity through rhetorical techniques.
Rhetorical techniques used to engender complicity include inside jokes and allusions.
The close community established between audience and performer provides opportunities to subvert expectations.
The close community established between audience and performer provides opportunities to encourage reconsideration.
The nostalgic representation of popular culture functions as a complex and valuable creative tool for representing the relationship with the past.
The nostalgic representation of popular culture functions as a complex and valuable creative tool for interrogating a sense of the present.
The nostalgic representation of popular culture functions as a complex and valuable creative tool for informing a sense of the future with a view to facilitating social change.
Specific performances cited as case studies in the article occurred in the UK during the last decade.
Three of the four recorded performances selected for the article are by artists who have identified themselves as Black.
Nostalgic treatments carry the potential for poets and performers to engage in acts of re-evaluation.
Poets’ responses to popular cultural production can often operate as sociopolitical critique.
Poets’ responses to popular cultural production can intervene in questions of racial identity and representation.
Poets’ responses to popular cultural production can offer potential strategies to correct historic exclusions.

**********Claims for hard query**********

Three of the four recorded performances selected for the article are by artists who have identified themselves as Black.
Tyrone Lewis states that poetry is not popular.
Rhetorical techniques used to engender complicity include inside jokes and allusions.

**********Formulated hard query**********

Three of the four recorded performances selected for the article are by `certain artists`.
`Someone` states that poetry is not popular.
Rhetorical techniques used to engender complicity include `certain things`.

**********Claims for medium query**********

The nostalgic representation of popular culture functions as a complex and valuable creative tool for informing a sense of the future with a view to facilitating social change.
The nostalgic representation of popular culture functions as a complex and valuable creative tool for representing the relationship with the past.
Conversations concerning spoken word's ability to interrupt assumptions about high and low art are becoming more prominent as cultural landscapes shift.

**********Formulated medium query**********

The nostalgic representation of popular culture functions as a complex and valuable creative tool for **something**.
The nostalgic representation of popular culture functions as a complex and valuable creative tool **in a certain way**.
Conversations concerning spoken word's ability **to do something** are becoming more prominent as cultural landscapes shift.

**********Claims for easy query**********

Nostalgic representations of popular culture can be used in contemporary spoken word performance to interrogate historic cultural production.
Nostalgic representations of popular culture can be used in contemporary spoken word performance to establish community.
Spoken word is a form of art particularly well suited to nostalgic representation.

**********Formulated easy query**********

Nostalgic representations of popular culture can be used in contemporary spoken word performance in a certain way.
Nostalgic representations of popular culture can be used in contemporary spoken word performance in a different way.
Spoken word is a form of art in a certain state to nostalgic representation.

**********Page content extracted**********

Title: Customary Law and Customary Practice: Changkija’s Criticism of the ‘Customary’ in Relation to Gendered Experiences
URL: https://olh.openlibhums.org/article/id/17984/
Content: ## Abstract

Monalisa Changkija interrogates two significant aspects of the ‘customary’; as law grounded in jurisprudence/justiciability in the court and as practice grounded in tradition/tribal belief systems. Within the Naga context in which she writes 

**********Extracted claims**********

Monalisa Changkija examines two key aspects of the 'customary': customary law and customary practice.
Customary law is grounded in jurisprudence and justiciability in the court.
Customary practice is grounded in tradition and tribal belief systems.
In the Naga context, these aspects of the 'customary' structure both the village and worldview.
The article explores the political functions of the 'customary'.
The political functions of the 'customary' regulate the life and living of women.
The political functions of the 'customary' often subject women to various forms of disenfranchisement and discrimination.
The regulation of the state and village is androcentric.
This androcentric regulation is justified through what is, or is not, considered 'customary'.
This androcentric regulation restricts women at the levels of decision-making and political participation.
Changkija views such injustices as political, reflecting systemic gender discrimination and violence in society.
Changkija views such injustices as personal, as a woman victimized by these 'customary' laws and practices.
The article discusses Changkija's blurring of a strict distinction between the 'political' and 'personal' in her criticism through feminist approaches.
Employing a feminist approach to politics, the article argues that Changkija contributes to theorizing the diverse forces that constitute and shape politics and political participation by drawing attention to the political function of custom.
The article argues that the difference between customary law and practice is determinable in Changkija’s writing.
The difference between customary law and practice comprises multiple sites of women’s victimization.
Changkija refers to these multiple sites of women's victimization as ‘customary victimization’.
These aspects of the ‘customary’ produce both gender constructions and gendered experiences.
Gender constructions and gendered experiences are central to Changkija’s criticism.
The article uses Changkija’s conception of the ‘customary victimization of women’ in Naga society.
Changkija experienced and narrated this victimization through a public speech during the publication of her book _Middles_ (2018a).
The article argues that this form of victimization is evidenced at both levels of customary law and customary practice.
Monalisa Changkija is a poet and veteran journalist based in Nagaland, India.
Monalisa Changkija is the founder and editor of the English language daily _Nagaland Page_.
From 1999 until 2024, Changkija was the only woman editor, proprietor, and publisher of a newspaper in Nagaland and the entire Northeast of India.
Changkija is known for her strong views against injustices in the social, political, economic, and cultural systems of Naga society.
The article focuses on Changkija’s concept of ‘customary victimization’ and her experiences of this victimization.
Changkija's concept and experiences of victimization are closely tied to the politics of ‘customary’.
Changkija’s speeches and writings on customary victimization substantiate arguments on the differences and overlapping features of customary law and customary practice.
The article theorizes the politics of the ‘customary’ through an examination of Changkija’s speech and writings.
The article focuses on the subjugated standpoint and situated knowledges of Naga women, following Changkija.
The gendering of experiences in this context, as discussed in the article, may have parallels with the experiences of women in different cultures and societies.

**********Claims for hard query**********

Customary law is grounded in jurisprudence and justiciability in the court.
This androcentric regulation restricts women at the levels of decision-making and political participation.
The regulation of the state and village is androcentric.

**********Formulated hard query**********

Customary law is grounded in something.
This androcentric regulation restricts women in a certain way.
The regulation of something is androcentric.

**********Claims for medium query**********

The article explores the political functions of the 'customary'.
The political functions of the 'customary' regulate the life and living of women.
Gender constructions and gendered experiences are central to Changkija’s criticism.

**********Formulated medium query**********

The article explores something.
The political functions of the 'customary' in a certain way.
Something are central to Changkija’s criticism.

**********Claims for easy query**********

The article uses Changkija’s conception of the ‘customary victimization of women’ in Naga society.
The article focuses on Changkija’s concept of ‘customary victimization’ and her experiences of this victimization.
The article theorizes the politics of the ‘customary’ through an examination of Changkija’s speech and writings.

**********Formulated easy query**********

The article uses Changkija’s conception of the ‘customary victimization of women’ in a certain place.
The article focuses on something and her experiences of this victimization.
The article theorizes the politics of the ‘customary’ through an examination of something.

**********Page content extracted**********

Title: Staging Intermediality and Queerness in Jasmine Gardosi’s Dancing to Music You Hate 
URL: https://olh.openlibhums.org/article/id/19713/
Content: ## Abstract

In this article, I investigate the employment of formal fluidity and cross-arts experimentation in spoken word theatre using Irina O. Rajewsky’s (2005) framework of intermediality along with the concept of ‘transgenre’ to study the performanc

**********Extracted claims**********

Jasmine Gardosi’s show _Dancing to Music You Hate_ incorporates a mix of beatboxing, poetry, and collaboration with a music band live on stage.
Anxieties of the closet and ‘outness’ are present in earlier parts of the performance of _Dancing to Music You Hate_.
A concluding celebration of gender euphoria is present in _Dancing to Music You Hate_.
The anxieties of the closet and ‘outness’ and the concluding celebration of gender euphoria significantly inform transqueer expression in _Dancing to Music You Hate_.
_Dancing to Music You Hate_ is an award-winning show.
_Dancing to Music You Hate_ is a debut show.
_Dancing to Music You Hate_ explores themes of gender identity, coming to terms with queerness, and finding words.
_Dancing to Music You Hate_ was originally commissioned by Warwick Arts Centre.
_Dancing to Music You Hate_ was originally performed at Warwick Arts Centre in October 2021.
_Dancing to Music You Hate_ won the Saboteur Award for the Best Spoken Word Show in 2023.
_Dancing to Music You Hate_ incorporates dubstep basslines.
_Dancing to Music You Hate_ incorporates folk violin.
_Dancing to Music You Hate_ is an hour-long show.
_Dancing to Music You Hate_ expands understanding of queer performance.
_Dancing to Music You Hate_ transcends the boundaries of gender and musical genre.
Jasmine Gardosi is an award-winning poet.
Jasmine Gardosi is a transqueer activist.
Jasmine Gardosi was the Birmingham Poet Laureate from 2022 to 2024.
Jasmine Gardosi has performed work at Glastonbury Festival.
Jasmine Gardosi has performed work at Tate Modern.
Jasmine Gardosi has performed work on BBC radio.
Jasmine Gardosi is a prominent voice in the British poetry performance scene.
Queerness emerges in both the thematic content and the musical form of _Dancing to Music You Hate_.
Queerness is an integral part of _Dancing to Music You Hate_'s transgenre narrative.
Critical work has been carried out independently on queer solo performance, transgenre work, individual practitioners and spoken word theatre in the UK, and intermediality in theatre and performance.
Attempts to reconcile these vital strands of critical work in the context of the UK remain sparse.
Individual poems by Jasmine Gardosi have been closely studied.
There has been no critical engagement with Jasmine Gardosi’s show _Dancing to Music You Hate_ using a transqueer analytical framework.

**********Claims for hard query**********

_Dancing to Music You Hate_ incorporates dubstep basslines.
_Dancing to Music You Hate_ is an hour-long show.
_Dancing to Music You Hate_ incorporates folk violin.

**********Formulated hard query**********

_Dancing to Music You Hate_ incorporates something.
_Dancing to Music You Hate_ is in a certain state.
_Dancing to Music You Hate_ incorporates something.

**********Claims for medium query**********

Jasmine Gardosi has performed work at Tate Modern.
_Dancing to Music You Hate_ was originally performed at Warwick Arts Centre in October 2021.
Jasmine Gardosi has performed work on BBC radio.

**********Formulated medium query**********

Jasmine Gardosi has performed work at something.
_Dancing to Music You Hate_ was originally performed at Warwick Arts Centre at a certain time.
Jasmine Gardosi has performed work on a certain medium.

**********Claims for easy query**********

There has been no critical engagement with Jasmine Gardosi’s show _Dancing to Music You Hate_ using a transqueer analytical framework.
Critical work has been carried out independently on queer solo performance, transgenre work, individual practitioners and spoken word theatre in the UK, and intermediality in theatre and performance.
The anxieties of the closet and ‘outness’ and the concluding celebration of gender euphoria significantly inform transqueer expression in _Dancing to Music You Hate_.

**********Formulated easy query**********

There has been no critical engagement with **something** using a transqueer analytical framework.
Critical work has been carried out independently on **certain topics**.
**Certain feelings and events** significantly inform transqueer expression in _Dancing to Music You Hate_.

**********Page content extracted**********

Title:  ‘All your disembodied little heads floating on a screen’: Liveness During the Pandemic in Mel Bradley’s Ms Noir’s Seven Deadly Sins (2020) 
URL: https://olh.openlibhums.org/article/id/19044/
Content: ## Abstract

The outbreak of the Covid-19 pandemic in the UK and Ireland in 2020 and the subsequent lockdowns caused a radical rupture in the world of live performances. Both theatre and poetry performance events moved online in various formats. One of th

**********Extracted claims**********

The Covid-19 pandemic and subsequent lockdowns in the UK and Ireland in 2020 caused a significant disruption to live performances.
Theatre and poetry performance events transitioned to online formats during the pandemic.
A central challenge for pandemic performance was the absence of traditional liveness, as audiences and performers could not occupy the same physical space.
Poet-performers responded to the lack of traditional liveness in their performances.
The article explores the response to pandemic circumstances by examining Mel Bradley’s digital performance, _Ms Noir’s Seven Deadly Sins_ (2020).
_Ms Noir’s Seven Deadly Sins_ is a digital performance at the intersection of poetry performance and theatre.
The show adapted to digital performance circumstances by using livestreamed and prerecorded material.
The adaptation of the show destabilized boundaries between live and mediatized performance.
The show expanded possibilities for creating a sense of liveness in the digital sphere.
Unstable co-presence between performers and spectators in the show enhances its themes of punishment, disconnection, and voyeurism.
The themes of punishment, disconnection, and voyeurism in the show resonate with the pandemic context in which it was performed.
Theatre and poetry performance have historically been defined as live art forms.
The co-presence of audience and performers in the same physical space at the same time is considered fundamental to traditional theatre and poetry performance.
Chiel Kattenbelt defines theatre as ‘the art of physical presence (face-to-face communication in a situation of here and now) and expression in words, gestures/movements and sounds’.
Cormac Power summarizes liveness as connecting ‘to one’s being there before actors on the stage and being in “living contact” with the performance’.
In poetry performance research, the co-presence of audience and poet-performer, and direct audience acknowledgement, is frequently highlighted as fundamental.
Liveness has conventionally been contrasted with recorded or filmed material.
The binary opposition typically configures the relationship between live and mediatized performance as one where live performance is superior.
Barbara Fuchs's monograph _Theater of Lockdown: Digital and Distanced Performance in a Time of Pandemic_ offers an early investigation of digital theatre and liveness during the Covid-19 pandemic.
Fuchs is interested in the new potentials for performance practices that evolved in response to the pandemic crisis.
New performance practices during the pandemic included work that used digital technologies to reflect on lockdown circumstances, whether newly developed or adapted from pre-pandemic material.
Poet-performers responded quickly and creatively to the restrictions of the pandemic.
Poet-performers expanded the definition of liveness in poetry performance through their practices.
Poet-performers used livestreaming structures to explore the shared condition of isolation and social distance enforced upon audiences and performers.
Closed venues, lockdown restrictions, social distancing, and health regulations led to the almost immediate cessation of in-person performances in March 2020 in many countries.
In the UK and Ireland, restrictions eased and tightened repeatedly over two years in response to Covid-19 infection rates.
The arts sector suffered greatly during this period, with an estimated loss of 15,000 performances within 12 weeks from mid-March 2020.
Artists and cultural workers were significantly financially impacted by the pandemic.
Schemes were introduced to support individuals and organizations in the arts sector across the UK and the Republic of Ireland.
Poetry performance events were disrupted due to venue closures.
The moment of crisis during the pandemic was approached as an incentive for innovation and a motor for creativity by some.
Amidst the pandemic's devastation, artists devised innovative ways to exploit available options, primarily online performances.
Artists reconceived their performance practices in light of altered circumstances.
A more expansive understanding of liveness is beneficial for analyzing livestreamed poetry performances.
Philip Auslander's concept of liveness as an historically contingent category is particularly relevant in the context of pandemic performance.
Performances during the pandemic employed new strategies to signal different facets of liveness outside of in-person events.
These strategies used the affordances of various digital/social media platforms.
Traditional forms of co-presence were missed by performers and audiences during the pandemic.
Livestreamed performances incorporating prerecorded material challenged the opposition of liveness and mediatization more than pre-Covid performance practices had already blurred these categories.
Claudia Georgi's work on the use of media in theatre and the incorporation of film and video technologies in in-person British theatre events is relevant.
Georgi separates liveness into five interconnected criteria: co-presence of performers and spectators, ephemerality of the live event, unpredictability or risk of imperfection, possibility of interaction, and specific quality of the representation of reality.
Georgi argues that the first three criteria (co-presence, ephemerality, unpredictability) define liveness.
The latter two criteria (interaction, representation of reality) are particularly relevant in intermedial performances.
The categories identified by Georgi can inform critical analyses of livestreamed performances, especially those combining livestreams with prerecorded components.
The article uses a case study of Mel Bradley’s 2020 poetry show _Ms Noir’s Seven Deadly Sins_ (_7DS_) to substantiate its arguments.
Mel Bradley is a multidisciplinary artist based in Derry, Northern Ireland.
Bradley has been active in the poetry performance scene in Northern Ireland and the Republic of Ireland since 2009.
Bradley has performed at various events, including Body & Soul, Lingo, Stendhal festivals, and the All-Ireland Poetry Slam.
Bradley has written and performed longer poetry performance shows _7DS_ (2016–2020) and _For the Love of Mary_ (2022, 2023).
Bradley has also written for theatre.
_7DS_ is an innovative poetry performance.
_7DS_ draws on theatrical practices such as sets, props, costumes, burlesque aesthetics, and digital technologies.
_7DS_ foregrounds voiced poetry.
The focus on a performance combining these forms contributes to a broader understanding of poetry performance and its research, particularly in relation to spoken word theatre.
Bearder defines spoken word theatre shows as typically one-person shows lasting an hour, performed through spoken word poetry, breaking the fourth wall to address audiences directly with first-person stories or in character by the authors.
Poetry shows and Northern Irish poetry performances are underrepresented and under-researched despite a vibrant scene in the region.
_7DS_ is a rich text for analysis.
_7DS_ allows for an investigation of co-temporality and co-presence in livestreams and simulated presences within digital performance.
_7DS_ incorporates prerecorded material and pseudo fourth wall breaking strategies.
The show’s themes of punishment, disconnection, and voyeurism gained new dimensions and immediate relevance due to Covid-19 pandemic restrictions in October 2020.
_7DS_ was livestreamed on 29th October 2020 as part of the primarily online Derry Halloween festival.
Derry Halloween festival is Europe’s largest Halloween festival.
The Derry Halloween festival has an annual program of cultural events spread over multiple days.
_7DS_ was reconceived multiple times in 2020 due to changing pandemic restrictions.
The final version of _7DS_ resulted in a livestream with prerecorded elements.
The genre-blurring show was marketed as ‘a fusion of spoken word, poetry, storytelling, burlesque and theatre’.
During the 50-minute show, Ms Noir, Bradley’s burlesque persona and the ‘Keeper of the Keys’ in ‘Hotel Hell’, tells seven tales.
The tales are about people who represent or have fallen prey to the biblical seven deadly sins.
Bradley’s parts in the show were livestreamed.
Scenes centered around the Caretaker figure, played by Denzil Browne, were recorded ahead of time.
An unpublished recording of the performance was made available to the author by Bradley.
The unpublished recording forms the basis of the analysis.
The author combines context-sensitive close viewing techniques for poetry performance analysis with terminology from film analysis.
The analysis of the show is supplemented by interviews conducted with Bradley in 2022 and 2023.
Bradley discussed her craft, her view of the spoken word scene, and the _7DS_ performance specifically in the interviews.
Approaching a single case study from an interdisciplinary perspective allows for in-depth analysis but may obscure facets that other examples might demonstrate.
The author attempted to mitigate gaps by historicizing and theorizing liveness pre- and during the pandemic in relation to both theatre performance and poetry performance.
The section ‘Virtually Together: Spatio-Temporal Co-Presence’ argues that co-presence took different forms during the pandemic.
The section ‘Virtually Together: Spatio-Temporal Co-Presence’ proposes the idea of spatial tele-presence through conferencing and livestreaming technology.
The section ‘Fleeting Faults: Ephemerality, Uniqueness, Imperfections’ questions differences between livestreamed and prerecorded material.
The section ‘Fleeting Faults: Ephemerality, Uniqueness, Imperfections’ demonstrates the blurred boundaries of livestreamed and prerecorded categories.
The section ‘Interaction and Reality: Possibilities, Limitations’ argues that pandemic performance offered alternative forms of audience engagement.
The analysis is concerned with how facets of liveness interact with the substance of the poetry show.
The analysis demonstrates how the ‘hellish’ setting of the show reflects the real-world circumstance of lockdown.
The observations made in this study aim to expand ongoing analyses of other livestreamed spoken word performances that emerged during the pandemic.
The study aims to make a valuable contribution to the critical understanding of intermedial strategies, spatial tele-presence, and audience engagement with livestreamed performance.

**********Claims for hard query**********

_7DS_ is a rich text for analysis.
Derry Halloween festival is Europe’s largest Halloween festival.
The tales are about people who represent or have fallen prey to the biblical seven deadly sins.

**********Formulated hard query**********

Something is a rich text for analysis.
Derry Halloween festival is something.
The tales are about people who represent or have fallen prey to something.

**********Claims for medium query**********

Liveness has conventionally been contrasted with recorded or filmed material.
Bradley has written and performed longer poetry performance shows _7DS_ (2016–2020) and _For the Love of Mary_ (2022, 2023).
The show’s themes of punishment, disconnection, and voyeurism gained new dimensions and immediate relevance due to Covid-19 pandemic restrictions in October 2020.

**********Formulated medium query**********

Liveness has conventionally been contrasted with `something`.
Bradley has written and performed `certain kinds of shows` _7DS_ (2016–2020) and _For the Love of Mary_ (2022, 2023).
The show’s themes of punishment, disconnection, and voyeurism gained new dimensions and immediate relevance due to Covid-19 pandemic restrictions `at a certain time`.

**********Claims for easy query**********

The author attempted to mitigate gaps by historicizing and theorizing liveness pre- and during the pandemic in relation to both theatre performance and poetry performance.
A more expansive understanding of liveness is beneficial for analyzing livestreamed poetry performances.
The observations made in this study aim to expand ongoing analyses of other livestreamed spoken word performances that emerged during the pandemic.

**********Formulated easy query**********

The author attempted to mitigate something by historicizing and theorizing liveness pre- and during the pandemic in relation to both theatre performance and poetry performance.
A more expansive understanding of liveness is in a certain state for analyzing livestreamed poetry performances.
The observations made in this study aim to expand ongoing analyses of other something that emerged during the pandemic.

**********Page content extracted**********

Title: Intersecting Practices and Traditions in Poetry Performance: Interviews with Suhaiymah Manzoor-Khan, Anthony Joseph and Marsha Prescod
URL: https://olh.openlibhums.org/article/id/23434/
Content: ## Abstract

In these interviews, the contemporary poets, Suhaiymah Manzoor-Khan, Anthony Joseph and Marsha Prescod, reflect upon their performance practice. They discuss the ways in which their innovative poetry performance and spoken word styles interse

**********Extracted claims**********

Contemporary poets Suhaiymah Manzoor-Khan, Anthony Joseph, and Marsha Prescod reflect upon their performance practice in these interviews.
The innovative poetry performance and spoken word styles of Suhaiymah Manzoor-Khan, Anthony Joseph, and Marsha Prescod intersect and engage with literary and cultural traditions and art forms.
The engaged art forms include music, story-telling, carnival, the visual arts, history, and politics.
Interviews with performance poets living and working in Britain reveal valuable information about their creative and performance practices.
The interviews were conducted as part of the ‘Poetry Off the Page’ project.
Dr. Julia Lajta-Novak from the University of Vienna directed the ‘Poetry Off the Page’ project.
The ‘Poetry Off the Page’ project was carried out in collaboration with the poetry organisation Apples & Snakes, Goldsmiths University of London, the Centre for Poetry at Queen Mary University of London, and University College Dublin.
The interview format was developed in consultation with Patience Agbabi, Kat François, Amerah Saleh, Benjamin Zephaniah, and Russell Thompson.
Russell Thompson is an archivist from Apples & Snakes.
Apples & Snakes is one of the main organizations promoting spoken word and poetry performance in Britain.
Suhaiymah Manzoor-Khan is a British spoken word poet, writer, and public educator.
Suhaiymah Manzoor-Khan was born in Bradford.
Suhaiymah Manzoor-Khan's parents are second-generation British-Pakistani.
Suhaiymah Manzoor-Khan grew up in West Yorkshire.
Suhaiymah Manzoor-Khan studied history at Cambridge University.
Suhaiymah Manzoor-Khan completed an MA in Postcolonial Studies at SOAS, London.
Suhaiymah Manzoor-Khan’s poetry has appeared online, on television, and on radio.
Suhaiymah Manzoor-Khan's poem ‘This Is Not a Humanising Poem’ won second place in the final of the Round House Poetry Slam at the Last Words Festival in London in 2017.
Suhaiymah Manzoor-Khan’s debut poetry collection, _Postcolonial Banter_, was published with Pluto Press in 2019.
Suhaiymah Manzoor-Khan’s critical works include _Tangled in Terror: Uprooting Islamophobia_ (2022).
Suhaiymah Manzoor-Khan’s critical works include _Seeing for Ourselves: And Even Stranger Possibilities_ (2023).
Suhaiymah Manzoor-Khan has contributed to anti-racist anthologies.
The anti-racist anthologies contributed to by Suhaiymah Manzoor-Khan include _I Refuse to Condemn_ (2020) and _Cut from the Same Cloth?_ (2021).
Suhaiymah Manzoor-Khan is a co-author of _A Fly Girl’s Guide to Univeristy at Cambridge and Other Institutions of Power and Elitism_ (2019).
Odelia Younge, Lola Olufemi, and Audrey Sebatindira are co-authors of _A Fly Girl’s Guide to Univeristy at Cambridge and Other Institutions of Power and Elitism_ (2019).
Suhaiymah Manzoor-Khan’s first full-length play, _Peanut Butter and Blueberries_, premiered at the Kiln Theatre, London in 2024.
_Peanut Butter and Blueberries_ focuses on the lives of two young British Muslims.
Anthony Joseph is a Trinidad-born, London-based poet, musician, novelist, and academic at King’s College London.
Anthony Joseph has released eight albums.
Anthony Joseph’s albums include _Rowing Up River to Get Our Names Back_ (2025).
Anthony Joseph’s albums include _The Rich Are Only Defeated When Running_ (2021).
Anthony Joseph’s albums include _Time_ (2014).
Anthony Joseph’s published verse novels and fictional biographies include _The African Origins of UFOs_ (2006).
Anthony Joseph’s published verse novels and fictional biographies include _The Frequency of Magic_ (2019).
Anthony Joseph’s published verse novels and fictional biographies include _Kitch: A Fictional Biography of a Calypso Icon_ (2018).
Anthony Joseph’s poetry collections include _Desafinado_ (1994).
Anthony Joseph’s poetry collections include _Teragaton_ (1997).
Anthony Joseph’s poetry collections include _Bird Head Son_ (2009).
Anthony Joseph’s poetry collections include _Rubber Orchestras_ (2011).
Anthony Joseph’s poetry collections include _Precious and Impossible: Selected Poems_ (2024).
Anthony Joseph’s poetry collections include _Sonnets for Albert_ (2022).
Anthony Joseph was awarded the T. S. Eliot Prize for _Sonnets for Albert_ in 2023.
Anthony Joseph received the 2023 OCM (One Caribbean Media) Prize for Caribbean Poetry.
Anthony Joseph received the Paul Hamblyn Foundation Composers Award in 2020.
Anthony Joseph received a Jerwood Compton Poetry Fellowship in 2019.
Marsha Prescod appeared at 39 Apples and Snakes Poetry Performances between 1982 and 1997.
Marsha Prescod’s poetry collection, _Land of Rope and Tory_, was published by Akira Press in 1985.
Marsha Prescod’s poems and an essay were printed in _Let it Be Told: Black Women Writers in Britain_.
Lauretta Ngcobo edited _Let it Be Told: Black Women Writers in Britain_.
Virago Press published _Let it Be Told: Black Women Writers in Britain_ in 1988.
Marsha Prescod’s poem, ‘Big Time’, was included in _The Popular Front of Contemporary Poetry Anthology_ (1992).
Marsha Prescod has a collection of sci-fi short stories entitled _The Afro-Saxon Chronicles_ (2020).

**********Claims for hard query**********

Russell Thompson is an archivist from Apples & Snakes.
Anthony Joseph has released eight albums.
The engaged art forms include music, story-telling, carnival, the visual arts, history, and politics.

**********Formulated hard query**********

Anthony Joseph has released a certain quantity of items.
The engaged art forms include various disciplines.

**********Claims for medium query**********

Anthony Joseph’s poetry collections include _Rubber Orchestras_ (2011).
Anthony Joseph received a Jerwood Compton Poetry Fellowship in 2019.
Anthony Joseph received the 2023 OCM (One Caribbean Media) Prize for Caribbean Poetry.

**********Formulated medium query**********

Anthony Joseph’s poetry collections include `a certain collection` (2011).
Anthony Joseph received `a specific fellowship` in 2019.
Anthony Joseph received the 2023 `a distinct prize`.

**********Validation Result**********

subquestion 'Anthony Joseph’s poetry collections include `a certain collection` (2011).' is NOT supported by the context.
<reject> The text lists Anthony Joseph's poetry collections, including `Rubber Orchestras` (2011), but it does not mention a collection titled `a certain collection` (2011). </reject>

**********Claims for easy query**********

Contemporary poets Suhaiymah Manzoor-Khan, Anthony Joseph, and Marsha Prescod reflect upon their performance practice in these interviews.
The innovative poetry performance and spoken word styles of Suhaiymah Manzoor-Khan, Anthony Joseph, and Marsha Prescod intersect and engage with literary and cultural traditions and art forms.
Interviews with performance poets living and working in Britain reveal valuable information about their creative and performance practices.

**********Formulated easy query**********

Contemporary poets Suhaiymah Manzoor-Khan, Anthony Joseph, and Marsha Prescod reflect upon something in these interviews.
The of a certain kind poetry performance and spoken word styles of Suhaiymah Manzoor-Khan, Anthony Joseph, and Marsha Prescod intersect and engage with literary and cultural traditions and art forms.
Interviews with performance poets living and working in some place reveal valuable information about their creative and performance practices.

**********Page content extracted**********

Title: Re-visioning the Archive: Cecilia Vicuña’s Permanent Impermanence 
URL: https://olh.openlibhums.org/article/id/18449/
Content: ## Abstract

This essay examines ‘permanent impermanence’ as a key aesthetic to the work of Chilean poet and artist Cecilia Vicuña. It traces Vicuña’s persistent making, unmaking, and remaking of what she has termed her _arte precario_ from the 1960s to t

**********Extracted claims**********

The essay examines ‘permanent impermanence’ as a key aesthetic in the work of Chilean poet and artist Cecilia Vicuña.
The essay traces Cecilia Vicuña’s persistent making, unmaking, and remaking of her _arte precario_ from the 1960s to the present.
The essay considers Cecilia Vicuña’s practice of re-versioning as a form of radical archivism.
Cecilia Vicuña’s radical archivism is informed by socialist and Indigenous practices of community and care.
The essay is underpinned by two animating concepts: metaphor and collectivity.
Metaphor is understood in the essay as ‘carrying over’.
Collectivity is understood through Cristina Rivera Garza’s work as the bringing together of objects, bodies, and communities in opposition to capitalist individualism.
The essay explores how Cecilia Vicuña builds an alternative narrativization of history.
Cecilia Vicuña builds an alternative narrativization of history by accreting a disappearing, reappearing, collective archive of work.
In Cecilia Vicuña’s work, ephemerality and vulnerability insist as powerful forces.
The essay argues for the aesthetics of permanent impermanence as a theory of how art can respond to and re-vision a world patterned by throwaway culture and ongoing histories of colonial and imperial violence.
Art, in this theory, can be literary, visual, or performance art, and involves fluid transfiguration and mediation between these forms.
Cecilia Vicuña arrived at the concept of _arte precario_ in January 1966 on the beach of Concón.
The Aconcagua River meets the Pacific Ocean at Concón.
Cecilia Vicuña describes the moment of conceiving _arte precario_ in terms of cooperative relation.
Cecilia Vicuña collected beach debris, assembling twigs, feathers, pieces of discarded plastic, cloth, and glass into small, fragile sculptures.
Cecilia Vicuña tied these sculptures with bark and string and planted them in the sand along the shoreline.
Reciprocity was the impetus for Cecilia Vicuña’s creations.
Impermanence was the point of Cecilia Vicuña’s creations.
The sand drawings made by Cecilia Vicuña would be erased by water and wind.
The small sculptures, termed _basuritas_ by Cecilia Vicuña, would be carried away by the high tide.
_Precarious_ and _ephemeral_ describe Cecilia Vicuña’s constructions.
The constructions were offerings, as the words ‘prayer’ and ‘precarious’ share an etymological root, meaning ‘obtained by prayer, uncertain, exposed to hazards, insecure’.
The constructions were transformative acts and meaningful assemblages of materials deemed valueless in late capitalism.
According to Cecilia Vicuña, "We are all _basuritas_", meaning "throwaways of this world".
The event at Concón was an act of return, involving physical turning, creative recycling, reciprocal perception, and an offering of gratitude.
Cecilia Vicuña made more sculptures and markings the day after her initial experience at Concón.
_Arte precario_ would become the method and concept of Cecilia Vicuña’s artistic and poetic praxis thereafter.
Cecilia Vicuña understands the moment at Concón as an arrival at a familiar consciousness previously inhabited.
Cecilia Vicuña felt a connection on the beach with an "ancestral drive" from the site’s pre-Columbian past.
Concón is named by the first people of Chile after its meeting place of water and water.
According to Cecilia Vicuña, Concón is a place with no historical memory, yet with a deep memory embedded in the land.
Cecilia Vicuña describes Concón as an inclusive site of spatial and geological memory.
Concón activated within Cecilia Vicuña a recognition that all elements of the world are brought into being reciprocally.
Cecilia Vicuña’s ethics and aesthetics have been shaped by an emphasis on interactive response rather than singular originality from the 1960s to the present.
Cecilia Vicuña acknowledges the influence of the credo "make it new" in her early education.
Cecilia Vicuña asserts that whatever artists and writers do is always a continuation.
Cecilia Vicuña states that artistic interaction is always changing, and there is a permanent impermanence to that relationship.
Cecilia Vicuña’s approach resists hierarchical schema entrenched in capitalist value systems by refusing individualism.
According to Cecilia Vicuña, everything we do responds to something we are building on.
The most important aspect of Cecilia Vicuña’s _arte precario_ is the set of relations the artworks and poems (re)animate.
The relations in Cecilia Vicuña’s _arte precario_ exist internally between construction elements and beyond themselves between artwork, environment, witnesses, and readers.
Cecilia Vicuña writes that "An object is not an object, it is a witness to a relationship" in her 1997 poem "Arte Precario" and her 2017 artist’s book _About to Happen_.
This article considers what is at stake in Cecilia Vicuña’s aesthetics and poetics of "permanent impermanence."
The making and unmaking of _precarios_ is a kind of recycling that embraces the change or reconstitution of meaning created by new combinatory forms.
Cecilia Vicuña extends her practice of recycling to her writing, reproducing and altering poetic fragments, manifestoes, performance notes, and photographs of site-specific and installation pieces across various publications.
The article thinks about the repetitive, accumulative acts of recycling and re-versioning across Cecilia Vicuña’s career.
The article thinks about Cecilia Vicuña’s ongoing commitment to responding to social, political, and planetary precarity.
Cecilia Vicuña responds to precarity through the repeated making, unmaking, and remaking of art objects and their transmediality.
The article aims to demonstrate how Cecilia Vicuña’s entire oeuvre is a project of radical archivism.
Cecilia Vicuña’s radical archivism is an alternative method of documentation.
Cecilia Vicuña’s radical archivism counters dominant historiographies constructed to dismantle relations and silence narratives.
Cecilia Vicuña’s radical archivism is a relational project, shaped by principles of communality and participation.
Cecilia Vicuña’s radical archivism is in contradistinction to conventional archival standards that privilege custodial and preservationist paradigms.
Cecilia Vicuña’s radical archivism is more aligned with collective, activist-driven models of archivism that began in the late 1960s.
Such models of archivism are predicated on social responsibility and equality, positioning the archivist as a community facilitator.
Understanding Cecilia Vicuña’s aesthetics of permanent impermanence involves enquiring how an archival practice might value underrepresented people, ecologies, cultures, and communities.
Understanding Cecilia Vicuña’s aesthetics of permanent impermanence involves enquiring how an archive’s organizing structure might reflect the precarity of its subjects.
Cecilia Vicuña, born in 1948, came of age during an era when conceptual artistic movements in the States and Latin America were taking root.
During this era, cultural production intersected with political and social life, situating art as an open system and a matrix of social exchange.
Scholars have paid increasing attention to the work of Latin American artists and poets responding to violent political regimes over the last 20 years.
The majority of this scholarship has focused on cultural production under Brazil’s 21-year dictatorship (1964–1985).
During the Brazilian dictatorship, artists and poets created art objects, poems, and performances that blurred lines between text and image, emphasized viewer participation, and sought new formulations of democracy.
Cecilia Vicuña’s _arte precario_ can be placed within the lineage of these Latin American artistic movements.
Chilean art movements of the 1960s did not embrace conceptualism as readily as other Latin American movements.
Cecilia Vicuña was on the vanguard of Chile’s artistic, political, and cultural revolution in the 1960s and 70s.
Cecilia Vicuña’s work of that era anticipated important artistic and academic movements in conceptual art and performance of the 70s and 80s, including discourses of second wave feminism.
Lucy Lippard classified Cecilia Vicuña’s small sculptures from Concón in 1966 as a precursor by six months to Robert Smithson’s Earthworks in the US.
Cecilia Vicuña’s Concón sculptures also predate the silhouettes of Ana Mendieta in the 70s and the earth-drawings made by Atsuko Tanaka in Japan in 1968.
This article will examine how Cecilia Vicuña’s situation by critics as a product of and precursor to idea-led and materialistic artistic movements under political dictatorship contributes to her aesthetics of permanent impermanence.
Cecilia Vicuña lived in the margins of the Chilean cultural scene.
Cecilia Vicuña was at the vanguard and outside of contexts.
Cecilia Vicuña left Chile in 1972 to study art in London and was exiled after the 1973 coup.
The article's enquiry is animated by the concepts of collectivity and metaphor, which are key to Cecilia Vicuña’s _arte precario_.
Collectivity can be understood as the method of construction Cecilia Vicuña uses to assemble parts of her _basuritas_, artist’s books, and _quipu_ installations.
Relationality in Cecilia Vicuña’s practice extends to include communities of people and their more-than-human relations.
Cristina Rivera Garza argues that authorship is always plural and that writing and cultural production are acts of 'communality' involving both the living and the dead.
For Cristina Rivera Garza, disappropriation is an ethical and aesthetic practice that exposes the plurality preceding individuality in the creative process.
Disappropriation opens a window onto material layering often concealed by appropriative texts.
Disappropriative writings are geological writings, attained by re-writing strategies like excavation, recycling, and juxtaposition.
Cristina Rivera Garza draws on the Indigenous Oaxacan practice of _tequio_ to consider contemporary literatures of disappropriation.
_Tequio_ is a form of collective labor concerned with the material creation and recreation of the world that benefits the community at large.
_Tequio_ opposes and is rendered invisible by global forces of capital.
Cristina Rivera Garza’s "poetics of communality" derives from the Mixe philosophy of relationship with the earth based on mutual belonging, not property.
Cecilia Vicuña’s aesthetics derive from Indigenous—Quechua—understandings of relationality, in which all forms of life and nature are interwoven.
Cecilia Vicuña’s _arte precario_ is informed by Andean concepts like _minga_.
_Minga_ is a pre-Incan practice that brings community members together to work for the common good.
Cecilia Vicuña has often called the _precarios_ "visual poems" and "metaphors in space."
The reconfigured forms of _precarios_ allow them to hold a plurality of meanings.
Metaphor is brought back to its roots in the Latin and Greek _metaphora_, meaning a "carrying over."
Metaphor involves the transfer of an object or word from one location or condition to another, causing an alteration.
Understood etymologically, metaphor finds a correlative in translation.
To translate also means to "carry over" or to "remove from one place to another."
Cecilia Vicuña was an involuntary exile from Chile after the 1973 military coup.
Cecilia Vicuña lived in London, then Bogotá, and has lived in New York since 1980.
Cecilia Vicuña knows "the disquieting linguistic disorientation of migration."
Much of Cecilia Vicuña’s poetry in Spanish has been translated, primarily by Rosa Alcalá and recently by Daniel Borzutzky.
Cecilia Vicuña writes in Spanish and English, maintaining that "language" is "migrant."
Many of Cecilia Vicuña’s poems are translingual.
Cecilia Vicuña's translingual poems move between Spanish and English to explore commonalities, reflect on linguistic displacement, and unpick multiple meanings embedded in words' phonemes and etymologies.
These concepts provide ways to examine Cecilia Vicuña’s aesthetics of permanent impermanence as a theory of art.
The article considers how to understand Cecilia Vicuña’s lifelong project of permanent impermanence by attending to a selection of her works across media and from six decades of her practice.

**********Claims for hard query**********

To translate also means to "carry over" or to "remove from one place to another."
Metaphor involves the transfer of an object or word from one location or condition to another, causing an alteration.
The Aconcagua River meets the Pacific Ocean at Concón.

**********Formulated hard query**********

To translate also means `in a certain way`.
Metaphor involves `something`, causing an alteration.
The Aconcagua River meets the Pacific Ocean at `a certain place`.

**********Validation Result**********

subquestion 'To translate also means `in a certain way`.' is NOT supported by the context.
<reject> The text states that "to translate also means to ‘carry over’, to ‘remove from one place to another’", citing _Etymonline_, 2024b. It does not state that it means "in a certain way." </reject>

**********Claims for medium query**********

Reciprocity was the impetus for Cecilia Vicuña’s creations.
Collectivity can be understood as the method of construction Cecilia Vicuña uses to assemble parts of her _basuritas_, artist’s books, and _quipu_ installations.
Cecilia Vicuña understands the moment at Concón as an arrival at a familiar consciousness previously inhabited.

**********Formulated medium query**********

Something was the impetus for Cecilia Vicuña’s creations.
Something can be understood as the method of construction Cecilia Vicuña uses to assemble parts of her _basuritas_, artist’s books, and _quipu_ installations.
Cecilia Vicuña understands the moment at Concón as an arrival at something.

**********Claims for easy query**********

This article considers what is at stake in Cecilia Vicuña’s aesthetics and poetics of "permanent impermanence."
Understanding Cecilia Vicuña’s aesthetics of permanent impermanence involves enquiring how an archival practice might value underrepresented people, ecologies, cultures, and communities.
The article considers how to understand Cecilia Vicuña’s lifelong project of permanent impermanence by attending to a selection of her works across media and from six decades of her practice.

**********Formulated easy query**********

This article considers what is at stake in `a certain artistic concept`.
Understanding `a certain artistic approach` involves enquiring how an archival practice might value underrepresented people, ecologies, cultures, and communities.
The article considers how to understand `a certain lifelong project` by attending to a selection of her works across media and from six decades of her practice.

**********Page content extracted**********

Title: Homosexual Panic and Necropolitics in The Picture of Dorian Gray and ‘A Painful Case’
URL: https://olh.openlibhums.org/article/id/16916/
Content: ## Abstract

This article provides a comparison between James Joyce and Oscar Wilde’s characters in matters of homosexual panic and gender inequality, bringing the analysis to the grounds of necropolitics. Coined by Achille  Mbembe, the term ‘necropolitic

**********Extracted claims**********

The article provides a comparison between James Joyce’s and Oscar Wilde’s characters regarding homosexual panic and gender inequality.
The article brings this analysis to the grounds of necropolitics.
Achille Mbembe coined the term ‘necropolitics’.
The term ‘necropolitics’ refers to how certain lives are deemed expendable within neoliberal systems.
In the late-19th and early-20th centuries, legal and social oppression of queer people and gender minorities rendered queer people and women vulnerable to the slow death of social annihilation.
The criminalization of homosexuality was accompanied by homosexual panic.
Homosexual panic is a manipulative and necropolitical mechanism.
Homosexual panic drove queer people to construct and maintain heteronormative appearances.
Oscar Wilde’s trials triggered homosexual panic.
Homosexual panic resulted in tightening social control and isolative measures.
These measures largely targeted homosexual and bisexual men.
Basil Hallward’s murder in Wilde’s _The Picture of Dorian Gray_ manifests the effects of homosexual panic.
The suicides of Dorian Gray’s lovers in Wilde’s _The Picture of Dorian Gray_ manifest the effects of homosexual panic.
James Duffy’s isolation in Joyce’s ‘A Painful Case’ manifests the effects of homosexual panic.
Homosexual panic forces queer characters in Joyce’s and Wilde’s works to live in a ‘living dead’ status.
This ‘living dead’ status applies unless these characters comply with an oppressive system.
Social control and puritanism affected women.
Social control and puritanism limited the roles women could occupy in society, the workplace, and the home.
The article analyzes the suicides of Emily Sinico and Sibyl Vane.
The analysis aims to demonstrate how gendered necropolitics impacted their deaths beyond mere tragic love stories.
Perceptions of Oscar Wilde’s works have changed significantly over time.
_The Picture of Dorian Gray_ (1890) was initially considered scandalous.
_The Picture of Dorian Gray_ was used against Oscar Wilde as evidence of gross indecency.
_The Picture of Dorian Gray_ is now regularly introduced to readers as a canonically gay novel.
Attitudes towards homosexuality started to shift by the time James Joyce’s _Dubliners_ (1916) was published.
Oscar Wilde’s sensationalized persecution directly resulted in a shift in attitudes towards homosexuality.
The article analyzes Joyce’s and Wilde’s characters through the lens of necropolitics.
The article examines how homosexual panic and gender inequality contributed to the tragic, preventable deaths of women and gay men.
Joyce and Wilde criticize strict moral codes by depicting the effects of societal influences.
Strict moral codes governed the public and private lives of ‘sexual deviants’.
‘Sexual deviants’ were oppressed within a heterosexist system.
Factors deducible from these moral codes include the era’s proscription of same-sex relationships, the colonial situation, and gender imbalances.
Necropolitics refers to how neoliberal systems exhaust lives that do not contribute to them.
Necropolitics is inspired by the Foucauldian concept of biopolitics.
Achille Mbembe reorients biopolitics to center ‘the power not to preserve the life and well-being of the body, but to expose the body to death and to a kind of death-in-life’.
In biopolitics, genocides are justified through the point of view of preserving nations.
In biopolitics, racism is considered the dividing component of the human species.
Necropolitics focuses on how individuals in the contemporary era are subjected to ‘slow deaths’.
Phenomena such as the climate crisis, mass deportations, and the development of spaces of confinement and surveillance are circumstances in ‘death-worlds’.
Achille Mbembe defines these as ‘death-worlds’.
In ‘death-worlds’, new and unique forms of social existence subject vast populations to living conditions that confer upon them the status of the living dead.
Necropolitics revolves around colonial violence.
Necropolitics is a suitable lens for the analysis of Joyce’s texts.
Joyce’s texts were written when Ireland was under British rule.
Achille Mbembe states that ‘late modern colonial occupation differs in many ways from early modern occupation’.
The semi-colonial situation in Ireland parallels late modern colonial contexts.
Ireland displayed both compliance and resistance towards the colonial force from the mid-19th century.
These sympathies did not prevent the British government from employing racial, linguistic, and cultural cleansing methods.
These methods ultimately rendered the colonized ‘disposable’.
According to Edward Molloy (2021: 134), the mass production of death, made possible by British capital demands and the racialization of the Irish masses, demonstrates how colonial domination mechanisms (through discourses of race and economic rationality) institute death as the defining characteristic of the colonial experience.
Colonial Ireland fits within a necropolitical context.
The Great Famine is the most representative example of a death-world in colonial Ireland.
Necropolitics has been applied to multiple areas besides colonial circumstances.
Necropolitics has been applied to justify that different forms of oppression and violence reduce individuals’ quality of life.
Necropolitics can be applied to women.
Women have historically been victims of sexism and gendered violence.
Women are more susceptible to murder than their male counterparts.
Achille Mbembe does not extensively discuss the role of gender and sexuality in necropolitics.
According to Islekel (2022: 7), gendered violence and death make up a fundamental element of contemporary death-dealing.
According to Islekel (2022: 7), movements such as the antifemicide movements demonstrate subversions and resistances to operations of death-dealing.
In turn-of-the-century Ireland, gendered necropolitics can be linked to control mechanisms promoted by strict moral codes.
These moral codes diminished women’s opportunities to live beyond their assigned traditional gender roles.
In Ireland, the prevalence of institutions such as the Magdalene laundries is a tragic and still sensitive example.
Magdalene laundries incarcerated women under pretexts of social purity and cleansing.
The article will analyze Emily Sinico’s and Sibyl Vane’s suicides from the perspective of gendered necropolitics.
Gendered necropolitics offers an expanded view of the politics of death.
Gendered necropolitics also includes the perspective of Queer Studies.
According to Haritaworn, Kuntsman, and Posocco (2014: 2), thinking through necropolitics on the terrain of queer critique brings into view everyday death worlds, from expected sites of death-making to the ordinary and normalized violence of the market.
Most analyses of queer necropolitics focus on current affairs.
Deaths attributable to sexual orientation and gender identity are not unique to the contemporary era.
Homosexual panic in Wilde’s and Joyce’s time can be understood as a reaction to institutionalized homophobia and violence.
Institutionalized homophobia and violence deeply affected homosexual people’s behavior and daily lives.
Homosexual panic contains necropolitical implications.
During the late nineteenth and early twentieth centuries, distinct categories like homosexual and heterosexual were not recognized in the same way as today.
Homophobia was institutionalized.
Homophobia became a legal measure for social control after 1885.
Section 11 of the Criminal Law Amendment Act 1885 in the United Kingdom reflects homophobia as a legal measure for social control.
Homosexual relationships qualified as acts of ‘gross indecency’.
Those convicted of ‘gross indecency’ faced imprisonment for any term not exceeding two years, with or without hard labor.
This legislation was a response to social rejection following ‘sex scandals’.
Examples of sex scandals include the Dublin Castle scandal of 1884.
In the Dublin Castle scandal of 1884, people were judged in terms of indecency and sodomy.
Another example of a sex scandal is the Cleveland Street Affair in London 1889.
According to Frankel (quoted in Wilde, 2011b: 9), the Cleveland Street Affair introduced a heated atmosphere of hysteria.
These scandals spread a wave of sexual blackmail.
Sexual blackmail caused homosexual and bisexual people to become aware of their identity.
After becoming aware of their identity, homosexual and bisexual people were silenced with fear of discovery.
Aversion towards dissident sexualities and practices raised anxiogenic responses in the population who practiced prohibited sexual acts.
Social rejection was accompanied by legal consequences for those practicing prohibited sexual acts.
Eve Kosofsky Sedgwick coined the term ‘homosexual panic’ in _Epistemology of the Closet_ (1990).
Homosexual panic describes anxieties as ‘a structural residue of terrorist potential, of blackmailability, of Western maleness through the leverage of homophobia’.
Scholars Joseph Valente, Patricia Smith, and Roberta Jackson employed terms like ‘gay panic’ and ‘lesbian panic’.
These terms describe environments in fiction where characters cannot acknowledge sexual desires.
Characters cannot acknowledge sexual desires due to fear of losing social status and reputation.
Under the effects of homosexual panic, homosexual and bisexual people were forced to conceal their identities.
Under the effects of homosexual panic, homosexual and bisexual people were forced to maintain heterosexual appearances.
James Joyce suffered the consequences of ambient homosexual panic.
James Joyce was careful with his words when writing about Oscar Wilde.
According to Margot Norris (1999: 64), the young Joyce brothers were disturbed by sex scandals that had shaken the Irish political and literary landscape during their youth.
James Joyce complained about the veiled homosexual connotations of _The Picture of Dorian Gray_.
James Joyce avoided discussion of these connotations through euphemisms.
James Joyce did not comment on Oscar Wilde’s sexuality in his 1909 review of the Trieste production of _Salomé_.
James Joyce euphemistically named Oscar Wilde’s sexuality a ‘sad mania’ and ‘strange problem’.
James Joyce attributed Oscar Wilde’s sexuality to ‘the logical and inevitable product of the Anglo-Saxon college and university system, a system of seclusion and secrecy’.
James Joyce himself experienced the Anglo-Saxon educational system.
James Joyce criticized Oscar Wilde in 1909 for not having the ‘courage’ to ‘develop the allusions’ to homosexuality.
Modern readers understand that Oscar Wilde was forced to censor _The Picture of Dorian Gray_’s homoeroticism.
Oscar Wilde censored the novel’s homoeroticism to avoid legal and social persecution.
This persecution would soon ruin Oscar Wilde.
According to Sedgwick (1990: 185), male homosexual panic became the normal condition of male heterosexual entitlement.
The maintenance of a heterosexual appearance becomes a priority that justifies acts of violence when heterosexual and masculine images are threatened.
Sedgwick explains that contradictions between encouraging male bonds and avoiding homosocial desires result in ‘acute manipulability’ through fear of one’s own ‘homosexuality’.
Sedgwick explains these contradictions also result in a ‘reservoir of potential for violence’ caused by the self-ignorance that this regime constitutively enforces.
Homosexual individuals were forbidden from living as their true identities.
Homosexual individuals were vulnerable to social rejection and legal prosecution.
Homosexual panic is a consequence of necropolitics.
The lives of homosexual individuals existed in a state akin to the ‘living dead’.
Institutional homophobia depicted homosexual people as criminals.
Institutional homophobia encouraged practices such as sexual blackmail.
Institutional homophobia proved a necropolitical power that sustained social control and supervision.
Victims of legal measures faced constant insecurity, anxiety, and fear.
The overall well-being of these victims was threatened.
Victims experienced ‘living conditions that confer upon them the status of the living dead’.
James Joyce acknowledges Oscar Wilde’s ‘living dead’ status in his review of _Salomé_.
James Joyce compared Oscar Wilde, prosecuted under the 1885 Act for ‘gross indecency’, to an undead son of Ossian.
The undead son of Ossian met his ‘civil death’ while sitting crowned with vine leaves at a table and discussing Plato.
According to Margot Gayle Backus (2024: 7), James Joyce viewed Oscar Wilde’s social exile and the punitive removal of his children as his ‘civil death’.
This ‘civil death’ stripped Oscar Wilde of what rendered him recognizably human.
In _A Picture of Dorian Gray_, actions of queer necropolitics are noticeable in Basil Hallward’s attitude and murder.
In _A Picture of Dorian Gray_, actions of queer necropolitics are noticeable in the suicide cases of Dorian Gray’s lovers.

**********Claims for hard query**********

Those convicted of ‘gross indecency’ faced imprisonment for any term not exceeding two years, with or without hard labor.
Ireland displayed both compliance and resistance towards the colonial force from the mid-19th century.
These sympathies did not prevent the British government from employing racial, linguistic, and cultural cleansing methods.

**********Formulated hard query**********

Those convicted of **something** faced imprisonment for any term not exceeding two years, with or without hard labor.
Ireland displayed **in a certain way** towards the colonial force from the mid-19th century.
These sympathies did not prevent **someone** from employing racial, linguistic, and cultural cleansing methods.

**********Claims for medium query**********

This persecution would soon ruin Oscar Wilde.
Factors deducible from these moral codes include the era’s proscription of same-sex relationships, the colonial situation, and gender imbalances.
_The Picture of Dorian Gray_ is now regularly introduced to readers as a canonically gay novel.

**********Formulated medium query**********

This persecution would soon ruin someone.
Factors deducible from these moral codes include certain factors.
Something is now regularly introduced to readers as a canonically gay novel.

**********Claims for easy query**********

The article analyzes Joyce’s and Wilde’s characters through the lens of necropolitics.
Homosexual panic in Wilde’s and Joyce’s time can be understood as a reaction to institutionalized homophobia and violence.
Homosexual panic forces queer characters in Joyce’s and Wilde’s works to live in a ‘living dead’ status.

**********Formulated easy query**********

The article analyzes **someone's characters** through the lens of necropolitics.
Homosexual panic in Wilde’s and Joyce’s time can be understood as a reaction to **something**.
Homosexual panic forces queer characters in Joyce’s and Wilde’s works **in a certain state**.

**********Page content extracted**********

Title: Plesaunt was his absolucioun? Friars and Light Penances in English History and Literature
URL: https://olh.openlibhums.org/article/id/16931/
Content: ## Abstract

Friars in late-medieval English literature are often figures of hypocrisy. One theme, most familiar from Chaucer, is the friar who hears confessions of the laity and assigns light penances for serious sins with the expectation that the penite

**********Extracted claims**********

Friars in late-medieval English literature are often depicted as figures of hypocrisy.
A common theme in late-medieval English literature, exemplified by Chaucer, describes friars who hear confessions of the laity and assign light penances for serious sins.
This literary theme implies an expectation that the penitent will donate generously to the friar or his order in return for light penances.
The image of friars giving light penances for donations is common enough to have been taken to represent historical reality.
Evidence for friars behaving in the described way is remarkably thin.
There is strong evidence that secular (parish) clergy also behaved in ways that might be suspected of giving light penances.
The fully-developed version of the accusation against friars, concerning light penances, emerged in the 1350s.
Richard FitzRalph, Archbishop of Armagh, was responsible for the emergence of the fully-developed accusation.
Richard FitzRalph was an opponent of the friars.
Richard FitzRalph was a member of a small circle of severe moral critics among the senior clergy.
Richard FitzRalph drew together multiple strands of existing anti-fraternal critiques.
Richard FitzRalph's agenda was shaped by his Irish context.
Richard FitzRalph launched a propaganda campaign.
Richard FitzRalph's campaign influenced English bishops and writers.
Accusations against friars, after FitzRalph’s campaign, reflect confirmation bias rather than accuracy on the part of observers.
Accusations against friars, after FitzRalph’s campaign, cannot be trusted by historians.
Geoffrey Chaucer described his pilgrim Friar Huberd as giving easy penance where he expected a good donation.
Gower’s _Vox Clamantis_ and Langland’s _Piers Plowman_ made charges similar to Chaucer's description of Friar Huberd.
Two anonymous Wycliffite poems of the period claimed that friars would shrive a man for a sixpence or less than the cost of a pair of shoes, even if he murdered his family.
Historians have echoed criticism against friars, with varying degrees of caution.
In 1908, George Gordon Coulton stated that the formal records of the Church itself bear out all the gravest charges in contemporary literature regarding friars giving false absolutions.
In 1923, Joseph Kennard wrote that Chaucer’s image of friars as deceitful represents the typical friar as found in real life.
Bishop Moorman, in his _Church Life in England in the Thirteenth Century_ (1945), wrote that the hearing of confessions became more profitable over time.
Bishop Moorman, in his _Church Life in England in the Thirteenth Century_ (1945), wrote that mendicants jealously claimed the right to hear confessions.
According to Hinnebusch, in _The Early English Friars Preachers_ (1951), secular clergy complained about the administration of the Sacrament of Penance by friars.
Hinnebusch stated that secular clergy claimed friars granted absolution too easily.
Hinnebusch stated that secular clergy claimed friars gave penances that were too light.
Hinnebusch stated that secular clergy claimed friars made confession an avenue instead of a barrier to sin.
Bowden’s _Commentary on the General Prologue_ (1948/1967) took Chaucer’s portrait of Friar Hubert as representative of the majority of friars in confession and in all other respects.
Bowden’s _Commentary on the General Prologue_ stated that Friar Hubert was the perfect epitome of friars as a class.
Bowden’s _Commentary on the General Prologue_ stated that thousands of friars in fourteenth-century England displayed guile and covetousness.
In _The Friars_ (1994), C. H. Lawrence wrote that the allegation that friars let off penitents too lightly was a commonplace of anti-Mendicant polemics.
C. H. Lawrence wrote that this allegation reflected the inability of less educated parish clergy to adapt to the new theology of penance.
Robert Swanson noted in his _Religion and Devotion in Europe_ (1995) that most people disliked penance and its public nature.
Robert Swanson noted that secular clergy objected that mendicants gave penances which were too light.
Robert Swanson noted that secular clergy rarely complained that people did not confess.
Hagen wrote (1996) that Chaucer closely models his portraits of Friar Huberd and Friar John on the conventions established by the anti-fraternal literary tradition.
Hagen wrote that it can sometimes be difficult to distinguish what reflects historical reality and what is literary convention in Chaucer's portraits.
Hagen wrote that literary convention does not necessarily imply an absence of historical basis.
Hagen wrote that Chaucer’s attack on the friars has been taken to reflect the real decline of the mendicant orders in the fourteenth century.
The accusation that English friars gave lighter penances than secular clergy in order to garner donations is not supported by evidence.
Writers who have perpetuated the image of friars giving light penances have either written polemic, failed to distinguish adequately among sources, or read administrative sources incorrectly.
Literature, satire, and polemic could reflect the reputation of friars.
Literature, satire, and polemic could also shape the reputation of friars.
Medieval writers may have created cycles of confirmation bias to suit their own agendas.
Medieval writers may have naively accepted polemical narratives as factual.
Bishops’ registers and pastoral manuals are more reliable indicators of administrative reality.
The claim ‘Friars gave light penances to attract donations’ is ambiguous.
The claim ‘Friars gave light penances to attract donations’ conceals the complexity of the medieval sacrament of penance.
There are no substantive differences in the administration of penance by friars and parish clergy concerning the theology of penance, gentleness with the wealthy, laxity in requiring monetary restitution, or claims of absolution for sins normally reserved to the bishop’s jurisdiction.

**********Claims for hard query**********

Hagen wrote that literary convention does not necessarily imply an absence of historical basis.
Richard FitzRalph's agenda was shaped by his Irish context.
Richard FitzRalph launched a propaganda campaign.

**********Formulated hard query**********

Someone wrote that literary convention does not necessarily imply an absence of historical basis.
Richard FitzRalph's agenda was shaped by a certain condition.
Richard FitzRalph launched a certain type of activity.

**********Claims for medium query**********

Hagen wrote that Chaucer’s attack on the friars has been taken to reflect the real decline of the mendicant orders in the fourteenth century.
Hinnebusch stated that secular clergy claimed friars made confession an avenue instead of a barrier to sin.
In 1923, Joseph Kennard wrote that Chaucer’s image of friars as deceitful represents the typical friar as found in real life.

**********Formulated medium query**********

Hagen wrote that Chaucer’s attack on the friars has been taken to reflect **something**.
Hinnebusch stated that secular clergy claimed friars made confession **in a certain way**.
In 1923, Joseph Kennard wrote that **something** represents the typical friar as found in real life.

**********Claims for easy query**********

The accusation that English friars gave lighter penances than secular clergy in order to garner donations is not supported by evidence.
The claim ‘Friars gave light penances to attract donations’ conceals the complexity of the medieval sacrament of penance.
A common theme in late-medieval English literature, exemplified by Chaucer, describes friars who hear confessions of the laity and assign light penances for serious sins.

**********Formulated easy query**********

The accusation that English friars gave lighter penances than secular clergy for a certain reason is not supported by evidence.
The claim ‘Friars gave light penances to attract donations’ conceals the complexity of something.
A common theme in something, exemplified by Chaucer, describes friars who hear confessions of the laity and assign light penances for serious sins.

**********Page content extracted**********

Title: Cultural Heritage Data for Research – An Introduction
URL: https://olh.openlibhums.org/article/id/18710/
Content: ## Abstract

This article is an introduction to the collected essay volume ‘Cultural Heritage Data for Research – Opening Museum Collections, Project Data and Digital Images for Research, Query and Discovery’, published in vol. 10.2, 2024 and vol. 11.1, 2

**********Extracted claims**********

This article serves as an introduction to the collected essay volume ‘Cultural Heritage Data for Research – Opening Museum Collections, Project Data and Digital Images for Research, Query and Discovery’.
The collected essay volume ‘Cultural Heritage Data for Research – Opening Museum Collections, Project Data and Digital Images for Research, Query and Discovery’ is published in vol. 10.2, 2024 and vol. 11.1, 2025 of the Open Library of Humanities Journal.
The introduction highlights some methods of approaching humanities data.
The introduction sheds light on current trends.
The introduction focuses on museum data as research data for Art History and Cultural Heritage Studies.
The introduction describes new ways of data querying.
The last fifteen years have marked a significant shift for cultural heritage institutions, particularly museums, in terms of their self-awareness and mission.
The threefold mission of museums, which addresses leisure, education, and research, is increasingly diverging.
Digital transformation has introduced entirely new concepts regarding what a museum is.
Digital transformation has introduced entirely new concepts regarding what a museum can offer.
Digital transformation has introduced entirely new concepts regarding how museum collections can be accessed.
This shift affects the presentation of objects.
This shift affects the educational aspect of museums.
This shift increasingly involves a variety of research aspects related to objects.
New possibilities are becoming available to researchers.
These new possibilities provide researchers with opportunities to go beyond the direct study of physical objects.
These possibilities pertain to the data concerning and surrounding the objects and documents typically studied.
These possibilities reside at the intersection where Art History meets Data Science.
Museums and other cultural heritage institutions serve as primary providers of art historical research data.
This type of data can be valued as new primary sources for relevant fields.
This type of data can be valued as key research data, especially within the discipline of Art History.
Cultural heritage institutions are granting access to their collections in unprecedented ways.
The digital transformation has engaged museums in meeting researchers’ needs in two specific areas beyond studying physical artifacts.
Researchers benefit from public domain images that are available for download and publication.
Researchers benefit from the implementation of powerful, interoperable image standards such as IIIF.
Researchers have access to a wide range of information regarding data.
This information includes images and their metadata.
This information includes artworks and their metadata.
This information includes all related information such as artist details, dates, conservation data, and provenance data.
All these available areas significantly enhance research capabilities.
All these available areas provide a valuable service.
All these available areas open new areas of study.
New tools and query methods are emerging from the field of Digital Humanities.
Collections are now revealing the data behind objects through computational query methods.
Computational query methods enable new possibilities for using collections in academic research.
Museums offer online catalogs of digitized objects.
Only a portion of the information in a museum’s internal database is visible to researchers on the museum’s website.
Accessing information through the backend via a query endpoint provides different visibility than the museum's website.
Researchers need access to various data and information related to artwork.
Researchers need access to various data and information related to the artist.
Researchers need access to various data and information related to the date.
Researchers need access to various data and information related to conservation details.
Researchers need access to various data and information related to provenance.
This information can serve as valuable data for building research queries.
Data compiled and elaborated by museums is generally of exclusive interest to researchers.
Data compiled and elaborated by museums stands at the forefront of the intersection of Data Science, Museum Studies, and Digital Art History.

**********Claims for hard query**********

All these available areas open new areas of study.
This shift affects the presentation of objects.
All these available areas provide a valuable service.

**********Formulated hard query**********

Something is of exclusive interest to researchers and stands at the forefront of the intersection of Data Science, Museum Studies, and Digital Art History.
All these available areas open something.
This shift affects something.
All these available areas provide something.

**********Claims for medium query**********

Researchers need access to various data and information related to provenance.
Researchers need access to various data and information related to the artist.
Researchers need access to various data and information related to conservation details.

**********Formulated medium query**********

Researchers need access to various data and information related to something.
Researchers need access to various data and information related to someone.
Researchers need access to various data and information related to details of a certain kind.

**********Claims for easy query**********

This article serves as an introduction to the collected essay volume ‘Cultural Heritage Data for Research – Opening Museum Collections, Project Data and Digital Images for Research, Query and Discovery’.
The collected essay volume ‘Cultural Heritage Data for Research – Opening Museum Collections, Project Data and Digital Images for Research, Query and Discovery’ is published in vol. 10.2, 2024 and vol. 11.1, 2025 of the Open Library of Humanities Journal.
The introduction focuses on museum data as research data for Art History and Cultural Heritage Studies.

**********Formulated easy query**********

This article serves as an introduction to `something`.
The collected essay volume ‘Cultural Heritage Data for Research – Opening Museum Collections, Project Data and Digital Images for Research, Query and Discovery’ is published in vol. 10.2, 2024 and vol. 11.1, 2025 of `something`.
The introduction focuses on museum data as research data `for a certain field`.

**********Page content extracted**********

Title: Against Political Literature: What's Next?
URL: https://olh.openlibhums.org/article/id/17997/
Content: ## Abstract

This article aims to critically examine a certain definition of political literature deployed in the French literary field, which considers it only, or overwhelmingly, under the prism of the ‘distribution of the sensible’ theorised by Jacques

**********Extracted claims**********

A certain definition of political literature is deployed in the French literary field.
This definition overwhelmingly considers political literature under the prism of the ‘distribution of the sensible’ theorized by Jacques Rancière.
Many writers and critics assign literature a duty of representativeness with the aim of defending its social utility.
The political role of literature, according to these writers and critics, is to make the invisible visible.
This political role is achieved in a language that is as transparent as possible.
Contemporary French literature exists that challenges this assignment of representativeness.
This contemporary French literature looks differently at the relationship between literature and politics.
This literature invites readers to make literature politically rather than create political literature.
Nathalie Quintane's and Sandra Lucbert's texts are examined in the article.
The rejection of literature functioning as a multiplier of visibility and accomplishing a social duty does not imply the mourning of a political action proper to literature.
This rejection places literature's political action on the side of radical formal invention.
Six authors, who are among the most far-left writers on the French literary scene, have expressed their distrust of the adjective "political" as applied to literature.
Their expression of distrust is found in _Contre la littérature politique_ (Alferi et al., 2024).
The adjective "political" has become ubiquitous in academic and media criticism regarding literature.
A remarkable reversal has taken place regarding the "political novel."
The "political novel" now proclaims itself and is widely praised as such.
Suleiman (1983: 4) described the "ideological novel" as one that "dares not speak its name."
Jacques Rancière placed the ‘distribution of the sensible’ at the centre of his _Politics of Literature_ (2010).
The ‘distribution of the sensible’ has become a new mantra.
Making the invisible visible, giving a voice to the inaudible, and reporting on marginal experiences are tasks that literature is perceived to fulfill.
Literature's representative function is presented as justifying its existence.
The novelist’s purpose is often seen as representing those who are not represented in the political, institutional, or media spheres.
The novelist’s purpose is also seen as making the voices of the unrepresented heard.
Fictional representation is viewed as a first step towards taking the marginalized into account.
Fictional representation is also viewed as a first step towards reintegrating the marginalized into the political community.
The aim of literature is often considered to be making its margins visible, reweaving its history(ies), and repairing its broken communities.
This aim is presented as distinct from literature's aim to change the world or extract itself from it.
The article examines the new omnipresence of the injunction to the political.
The article questions the definition of political literature that considers it predominantly in terms of the distribution of attention.
The idea that the political dimension of literature consists primarily in making the invisible visible will be discussed from both a literary and a political point of view.
The reactions of writers who refuse this definition while claiming a political practice of literature are analyzed in the article.
These writers call for the term ‘political literature’ to be abandoned.
These writers advocate for the act of making literature _politically_.
Making literature politically is presented as a different way of looking at the relationship between literature and politics.
This approach transforms the relationship between literature and politics into an ever-new gesture aimed at disrupting the world rather than repairing it.
This paradigm shift implies the invention of new forms.
The new forms respond to the need to find a relevant and powerful expression for current social and political issues.
The new forms are not invented for the sake of novelty.
These new forms question the obvious.
These new forms open up new frameworks of perception and cognition.
These new forms offer new political possibilities.

**********Claims for hard query**********

This paradigm shift implies the invention of new forms.
These new forms open up new frameworks of perception and cognition.
The new forms are not invented for the sake of novelty.

**********Formulated hard query**********

This paradigm shift implies the invention of something.
These new forms open up something.
The new forms are not invented in a certain way.

**********Claims for medium query**********

The aim of literature is often considered to be making its margins visible, reweaving its history(ies), and repairing its broken communities.
Making the invisible visible, giving a voice to the inaudible, and reporting on marginal experiences are tasks that literature is perceived to fulfill.
The novelist’s purpose is often seen as representing those who are not represented in the political, institutional, or media spheres.

**********Formulated medium query**********

The aim of literature is often considered to be in a certain way.
Something, giving a voice to the inaudible, and reporting on marginal experiences are tasks that literature is perceived to fulfill.
The novelist’s purpose is often seen as representing those who are not represented somewhere.

**********Claims for easy query**********

This contemporary French literature looks differently at the relationship between literature and politics.
A certain definition of political literature is deployed in the French literary field.
This definition overwhelmingly considers political literature under the prism of the ‘distribution of the sensible’ theorized by Jacques Rancière.

**********Formulated easy query**********

Something looks differently at the relationship between literature and politics.
A certain definition of political literature is deployed in something.
This definition overwhelmingly considers political literature under the prism of the ‘distribution of the sensible’ theorized by someone.

**********Page content extracted**********

Title: Universalism and Locality in Sally Rooney’s Digital Ireland
URL: https://olh.openlibhums.org/article/id/16767/
Content: ## Abstract

Text messages and emails permeate the novels of contemporary Irish author Sally Rooney, shaping the ways in which characters relate to one another while also reflecting the globalization of Irish society through the medium of digitalization. 

**********Extracted claims**********

Text messages and emails are present in the novels of contemporary Irish author Sally Rooney.
Digital communication shapes the ways in which characters in Sally Rooney's novels relate to one another.
Digital communication in Sally Rooney's novels reflects the globalization of Irish society through digitalization.
This article examines digital communication in Sally Rooney's *Conversations with Friends* and *Normal People*.
The examination of digital communication in Rooney's novels is done with reference to certain concepts of Marx.
The examination considers Marx’s understanding of relations between workers and machines in the industrial era.
The examination considers Christian Fuchs’ re-articulation of Marx's ideas for the age of digital capitalism.
The examination considers Marx's critique of empty universalism directed against the modern liberal-democratic political state.
Rooney's narration addresses tensions between rural/small-town and urban life in Ireland as part of the online environment.
Edna O’Brien’s *The Country Girls* (1960) is significant to Sally Rooney’s first two novels.
Local Irish attachments are important to Rooney’s fiction.
Local Irish attachments in Rooney's fiction serve as a means of resisting empty universalism.
Local Irish attachments in Rooney's fiction serve as testimony to human exploitation in the present age of digital capitalism.
Sally Rooney’s fiction illustrates the extent to which digital communication, social media, and online information sourcing have become part of everyday life in contemporary Ireland.
Sally Rooney's fiction shows how digital technology creates new means of communication in Irish life.
Sally Rooney's fiction shows how digital technology modifies communication means that existed before the digital era.
This article addresses the function of digital communication in Rooney's first two novels, *Conversations with Friends* (2017) and *Normal People* (2018).
The novels narrate the cultural economy of localized Irish experiences within the context of corporatism.
Naomi Klein (2007: 18–20) defines the term "corporatism."
Klein uses "corporatism" for the integration of multinational corporations into nation-state institutions.
Klein's understanding of corporatism is demonstrated by the US-led invasion of Iraq in 2003 and its aftermath (354–59; 397–405).
Corporatism is characterized by huge transfers of public wealth to private hands.
Corporatism is often accompanied by exploding debt.
Corporatism is characterized by an ever-widening gap between the wealthy and the poor.
Corporatism is characterized by an aggressive nationalism that justifies extensive spending on security.
A critical part of Rooney’s narration concerns tensions around locality in the world of information technology.
The struggle to communicate is a feature of Irish life that predates the digital era and persists in Rooney's novels.
Contrasts between small-town rural Irish life and Dublin metropolitan life are features of Irish life that predate the digital era and persist in Rooney's novels.
The article addresses instances where Rooney’s characters exchange text-messages and emails.
The article addresses instances where Rooney’s characters source information online.
The article addresses instances where Rooney’s characters interact through social media platforms.
The purpose of the article is to determine whether digital technology in Rooney’s first two novels adapts to or weakens historical Irish social norms of communication.
Christian Fuchs’ rereading of Marx in the digital age influences this reading of Rooney's novels.
Fuchs attributes a role to communication in the production of social relations that a capitalist economy needs for its system of material production to function.
Fuchs describes communication as the process in which structures, social systems, institutions, and social practices are lived and reproduced by humans in everyday life (2019: 21).

**********Claims for hard query**********

Corporatism is characterized by huge transfers of public wealth to private hands.
Corporatism is often accompanied by exploding debt.
Corporatism is characterized by an aggressive nationalism that justifies extensive spending on security.

**********Formulated hard query**********

Corporatism is characterized in a certain way.
Corporatism is often accompanied in a certain state.
Corporatism is characterized by something.

**********Claims for medium query**********

The novels narrate the cultural economy of localized Irish experiences within the context of corporatism.
The examination considers Christian Fuchs’ re-articulation of Marx's ideas for the age of digital capitalism.
The article addresses instances where Rooney’s characters exchange text-messages and emails.

**********Formulated medium query**********

The novels narrate the cultural economy of localized Irish experiences within the context of something.
The examination considers someone’s re-articulation of Marx's ideas for the age of digital capitalism.
The article addresses instances where Rooney’s characters exchange something.

**********Claims for easy query**********

Digital communication in Sally Rooney's novels reflects the globalization of Irish society through digitalization.
The examination of digital communication in Rooney's novels is done with reference to certain concepts of Marx.
This article examines digital communication in Sally Rooney's *Conversations with Friends* and *Normal People*.

**********Formulated easy query**********

Digital communication in Sally Rooney's novels reflects in a certain way.
The examination of digital communication in Rooney's novels is done with reference to something.
This article examines digital communication in Sally Rooney's some specific novels.

**********Page content extracted**********

Title: Out of Africa: Nat Nakasa's Exit Paperwork
URL: https://olh.openlibhums.org/article/id/17354/
Content: ## Abstract

This article explores the literary imagination that emerged around the paperwork of the South African apartheid state, especially the bureaucratic ephemera—such as _dompasses_, passports, passport applications and exit permits—that limited th

**********Extracted claims**********

The article explores the literary imagination that emerged around the paperwork of the South African apartheid state.
Bureaucratic ephemera, such as dompasses, passports, passport applications, and exit permits, limited the free movement of black individuals in South Africa.
In Nat Nakasa’s writings, apartheid’s bureaucratic papers are viewed as material curiosities.
Nat Nakasa’s perspective on bureaucratic papers as material curiosities served to critique the ironic gap between their artificial nature and the power they held over individual, predominantly black lives.
After Nat Nakasa’s death in exile, the little magazine he had founded, the *Classic*, dedicated a memorial issue to him.
The *Classic* magazine republished Nat Nakasa’s writings on state bureaucratic ephemera.
The *Classic* magazine preserved Nat Nakasa’s engagements with the state’s bureaucratic ephemera.
The ephemeral nature of the *Classic* magazine made it a fitting counter-archive of apartheid.
The *Classic* magazine, in its fragile material form, registered a sense of the apartheid regime’s bureaucratic violence.
The *Classic* magazine persisted against challenging circumstances.
The *Classic* magazine was kept and archived.
Jesper Guldall argues that movement control has been considered "anti-narrative."
In mid-20th-century South Africa, the lack of movement provided an impulse for writing, often in protest.
Nat Nakasa’s subversive pieces from the late 1950s and early 1960s pivot around encounters with the paperwork of the state.
Nat Nakasa’s pieces were published in black and white-liberal venues such as *Drum* and the *Rand Daily Mail*.
The *Classic* magazine developed into a counter-archive of apartheid.
Little scholarship exists that is dedicated exclusively to Nat Nakasa.
Existing studies on Nat Nakasa take biographical and historical approaches to his writings.
Existing studies on Nat Nakasa focus on his tenure as editor of the *Classic*.
Existing studies on Nat Nakasa consider CIA involvement during the Cold War.
The European cultural canon has been studied in light of modernity’s bureaucratic impulses.
Franz Kafka’s *The Castle*, Charles Dickens’s *Bleak House*, and Edgar Degas’s ‘Bureau Pictures’ are examples of works reflecting modernity’s bureaucratic impulses in the European cultural canon.
Max Weber defined bureaucracy as a machine-like "structure of domination."
The loss of agency in the face of administrative procedures was not an exclusively European experience.
Across Sub-Saharan Africa, colonisation and the rise of the bureaucratic state were concomitant and entangled phenomena.
Colonisation constituted a structure of domination in Sub-Saharan Africa.
The bureaucratic state constituted a structure of domination in Sub-Saharan Africa.
Colonisation and the bureaucratic state each produced a proliferation of paperwork in Sub-Saharan Africa.
Priyasha Mukhopadhyay has argued that any kind of text may enter human lives and relationships in ways not necessarily contingent on being read.
In Sub-Saharan Africa, the encounter with red tape surpassed mere reading to encompass other forms of engagement, such as safekeeping or carrying around.
Late colonial and early post-colonial subjects, whether literate or not, were governed through the material practices and artefacts of writing.
Across the African continent, writing and power were closely intertwined.
In the Kasai region of colonial Congo, literate Congolese were referred to as _bena mukanda_, meaning "the children of paperwork."
Kenya under British rule implemented the _kipande_ system.
The _kipande_ system required Kenyans to carry an identity document on their person.
Without the required identity document under the _kipande_ system, Kenyans were not allowed to move freely.
The pass system in apartheid South Africa is the culmination of a project involving identity documents and movement control.
The paperwork of the apartheid state was ephemeral.
Apartheid state paperwork was thrown out after it had served its purpose.
Pass application forms were filed away and forgotten.
Once expired, passbooks and passports were meant to be destroyed.
These apartheid documents constituted a form of violence that often remains historically illegible.
Ben Kafka states that scholars have often used bureaucratic ephemera as sources for the writing of history rather than as sources with their own histories.
Ben Kafka notes that scholars have looked *through* paperwork, not *at* it.
To scrutinize the specific forms, material qualities, and uses of bureaucratic ephemera meant to put their associated violence on record.
In Nat Nakasa’s journalism, the passbooks, passports, and exit permits of apartheid South Africa emerge as curiosities.
Curiosities are objects, often small or intricate, that have a certain interest because of their novelty or strangeness.
For Nat Nakasa, the curiosity of these documents lay in their material contours and artificial registers.
Nat Nakasa’s act of thinking of these documents as odd constituted a critique of the ironic gap between their curious, artificial nature and the hold they had over individual, predominantly black lives.
After Nat Nakasa’s refusal of a passport, his subsequent departure on an exit permit, and his death in exile, the *Classic* magazine, his Johannesburg little magazine, dedicated a memorial issue to him.
The *Classic* magazine archived Nat Nakasa’s writings on and engagements with the state’s bureaucratic ephemera.
The *Classic* magazine was censored, poorly printed, and appeared after long delays.
The *Classic* magazine became an ephemeral material artefact curiously shaped by its political surroundings.
Magazines were insubstantial, throwaway, and dated forms that expired.
The *Classic* magazine persisted despite the death of its founding editor.
The *Classic* magazine reclaimed something of its ephemeral nature as a statement against power.
The *Classic* magazine became an alternative site that challenged the state’s narrative record.
The *Classic* magazine preserved and countered a sense of the apartheid regime’s bureaucratic violence in its fragile material form.
Nadine Gordimer, Lewis Nkosi, Doris Lessing, Chinua Achebe, William Plomer, and Richard Rive are key writers of the period.
A creative and subversive engagement with the ephemera of the state sits as one of the defining motifs in the postcolonial canon.

**********Claims for hard query**********

Kenya under British rule implemented the _kipande_ system.
Curiosities are objects, often small or intricate, that have a certain interest because of their novelty or strangeness.
Max Weber defined bureaucracy as a machine-like "structure of domination."

**********Formulated hard query**********

Kenya under British rule implemented something.
Curiosities are objects, in a certain state, that have a certain interest because of their novelty or strangeness.
Someone defined bureaucracy as a machine-like "structure of domination."

**********Validation Result**********

subquestion 'Curiosities are objects, in a certain state, that have a certain interest because of their novelty or strangeness.' is NOT supported by the context.
<reject> The provided definition of "curiosities" is very similar to the one in the text, but not identical. The user's information defines curiosities as "objects, in a certain state, that have a certain interest because of their novelty or strangeness." The text defines them as "objects, often small or intricate, that have a certain interest because of their novelty or strangeness." The phrase "in a certain state" is not present in the text's definition. </reject>

**********Claims for medium query**********

In Sub-Saharan Africa, the encounter with red tape surpassed mere reading to encompass other forms of engagement, such as safekeeping or carrying around.
Nadine Gordimer, Lewis Nkosi, Doris Lessing, Chinua Achebe, William Plomer, and Richard Rive are key writers of the period.
Apartheid state paperwork was thrown out after it had served its purpose.

**********Formulated medium query**********

In Sub-Saharan Africa, the encounter with red tape surpassed mere reading to encompass other forms of engagement, in a certain way.
Someone are key writers of the period.
Apartheid state paperwork was in a certain way after it had served its purpose.

**********Claims for easy query**********

In Nat Nakasa’s writings, apartheid’s bureaucratic papers are viewed as material curiosities.
Nat Nakasa’s perspective on bureaucratic papers as material curiosities served to critique the ironic gap between their artificial nature and the power they held over individual, predominantly black lives.
In Nat Nakasa’s journalism, the passbooks, passports, and exit permits of apartheid South Africa emerge as curiosities.

**********Formulated easy query**********

In Nat Nakasa’s writings, **something** are viewed as material curiosities.
**Someone’s perspective** on bureaucratic papers as material curiosities served to critique the ironic gap between their artificial nature and the power they held over individual, predominantly black lives.
In Nat Nakasa’s journalism, **something** emerge as curiosities.

**********Page content extracted**********

Title: Appreciation of Black Humour Memes in the Context of the Russo-Ukrainian War
URL: https://olh.openlibhums.org/article/id/16523/
Content: ## Abstract

This study examines three black humour memes and their reception on social media during the 2022 Russian full-scale invasion of Ukraine. It seeks to identify the conditions that facilitate or impede the appreciation of jokes about the enemy’s

**********Extracted claims**********

The study investigates three black humor memes and their social media reception during the 2022 Russian full-scale invasion of Ukraine.
The study aims to identify conditions that facilitate or impede the appreciation of jokes about the enemy’s death.
Conceptual integration theory and Bandura’s social cognitive theory of moral agency provide the methodological framework for analyzing the memes and their responses.
The study's findings offer an explanatory model for understanding when aggressive jokes are well-received or rejected.
Successful humor transactions often involve humorists providing cues that encourage viewers to deactivate empathy towards the joke’s target.
Cues for deactivating empathy may include euphemistic labeling, dehumanization, or shared conventions about the consequences of the humor.
Such triggers align with Bandura’s patterns of moral disengagement.
The interaction between these triggers and the audience's background knowledge can lead to either the appreciation of the humor or a conflict of values resulting in the joke's dismissal.
Humor is generally well-received when both the humorists and the audience agree on the need to undermine the target's power and believe in retribution for perceived wrongs.
If the target is perceived as valiant or vulnerable, humor is often rejected as offensive or in poor taste.
Scholars have often noted the use of aggressive humor as a coping mechanism for individuals facing difficult circumstances.
Humor may convey hope for a better future.
Humor may suppress fear.
Humor may bond like-minded individuals.
Humor may provide a vent for aggression.
During the Holocaust, Jews reportedly joked about Hitler’s death as a form of resistance.
Soviet dissidents and Gulag prisoners used jokes about Stalin to maintain morale.
Obrdlík described 'gallows humor' helping Czechs to forge in-group cohesion during the German occupation.
This type of humor included jokes about gravediggers and cemeteries that offered exclusive services for Hitler and Germans.
Obrdlík argued that the term gallows humor had been typically used in relation to the humor of nations experiencing oppression from invaders.
Obrdlík stated that the literal meaning of 'gallows humor' evoked the scene of innocent victims sent to the gallows by a dictator who continued hoping for a rescue miracle.
In these circumstances, gallows humor was adopted as a tool of psychological liberation.
By mocking their persecutors, the oppressed asserted their resilience and contempt towards the aggressors.
Gallows humor conventionally refers to jokes made by the oppressed.
Black humor has been used to describe tragic and sinister subjects such as death, disease, handicap, or warfare.
It is difficult to locate authors of jokes about disastrous matters.
Black humor is a useful term when dealing with gruesome topics without knowing the joke's authors.
Both black humor and gallows humor allow those in dire situations to build a sense of superiority over their adversaries.
This function of black humor became indispensable when the Ukrainian social media sphere reacted to the Russian invasion on February 24, 2022.
The 2022 invasion was a significant escalation of the Russo-Ukrainian War that began in 2014.
Ukrainians widely employed black humor through memes to show defiance and disparage invaders.
Memes effectively combined visual and verbal elements to convey messages that might be deemed too harsh or unacceptable if expressed solely in words.
Memes are virally-transmitted cultural artifacts reflecting shared social norms and values.
Memes have become a powerful medium for storytelling and social commentary.
Many memes disseminated during the Russo-Ukrainian war were novel.
Numerous memes adapted recyclable images previously used as building blocks in digital jokes.
Anonymous meme creators modified existing verbal jokes about past events and political leaders.
Such adaptations demonstrate the continuity of using black humor in response to oppression and traumatic events.
A notable example is a meme disseminated in pro-Ukrainian Facebook sections, which repurposed a Jewish joke about the day of Hitler’s death.
The Jewish joke involved Hitler consulting an astrologer about his death date and receiving an enigmatic answer that his death would occur on a big Jewish holiday proclaimed the day he died.
Ukrainian or pro-Ukrainian netizens translated the Jewish joke into Ukrainian.
They replaced culture-specific names like Hitler and the Jewish holiday with Russo-Ukrainian equivalents in the translated joke.
The creators of the meme illustrated the verbal joke with a picture of Alexei Navalny putting flowers next to Putin’s coffin in Red Square.
New variants of jokes do not change the plot of old jokes but align existing perspectives with a modern outlook.
Sometimes, new variants amend the preceding storyline.
The practice of using and recycling memes for social commentary exemplifies stages of humor transaction.
Humor transaction is defined as processes by which humor is created, communicated, experienced, responded to, and used.
Adopting the concept of humor transaction into a research framework allows for assessing issues related to the production and reception of aggressive jokes.
The topic of physical violence has been actively explored in memes whose protagonists were fictional characters representing soldiers, zealous patriots and their children, or recognizable individuals.
Targeting specific individuals is usually associated with immoral practices such as bullying and harassment.
At a time of war, any harm to the enemy camp is conventionally perceived as a desirable development mostly beyond reprehension.
Questions arise about whether alleged perpetrators should be protected by rules of ‘civilized’ communication imposed by some social media platforms, even in the context of war.
Another contentious issue concerning hostile jokes relates to the targets at whose expense jokes can be made.
Some participants in public discussions of memes accuse creators and supporters of black humor memes of different types of asocial behavior.
Kuipers concluded that the function of aggressive memes could be viewed differently by different people.
Kuipers found that the function of aggressive memes often fluctuates between coping and expressing hostility.
A study of hostile humorous memes and reactions helps to uncover the boundaries of jokes beyond which a humorist risks inflicting adversarial reactions and provoking social sanctions.
Memes in which the death of the target was sought after were selected for the analysis in this study.
The selected memes celebrate retribution instantiated in a metaphorical death sentence for violent aggressors or those perceived as such.
The messages of these memes suggest that invaders, their leaders, and even passive bystanders will be held accountable for war crimes committed by their compatriots.
The themes used in these memes often draw on expressions like the Russian idiom ‘Whoever comes to us with a sword will perish by the sword’ and similar sentiments from the New Testament.
Creators and appreciative audiences of these memes denigrate alleged evil perpetrators who lack humanity and are therefore undeserving of empathy.
This investigation uses three aggressive and disparaging memes as case studies to explore the acceptance and rejection of black humor in the context of war.
One meme depicts a creative method for assassinating the Russian President using a shopping bag.
Another meme references a Ukrainian fundraiser’s initiative to hire a fictional hitman to end the war.
The third meme portrays a mission assigned by the Ukrainian Security Service to an anthropomorphized shark.
These case studies aim to shed light on conditions leading to successful humor transactions endorsing aggressive jocular statements.
These case studies also aim to shed light on transactions that result in the rejection of the vengeance narrative.
This study investigates whether fragmentations of the discourse community engaged in discussions of memes could correlate with patterns of moral disengagement explored by Albert Bandura and his followers.
Bandura’s socio-cognitive explanatory model shows that the justification of violence and death typically involves a process of self-regulation.
Through self-regulation, individuals attempt to validate their aggression to make ruthless behavior socially acceptable.
Moral disengagement involves several socio-cognitive mechanisms.
These mechanisms have been observed in studies of bullying, harassment, excessive punitive responses to tragic events, and the execution of criminal orders.
Millner Davis extends the application of Bandura's theory to instances of production and reception of hostile humor.
Millner Davis's work lays the groundwork for exploring the positive aspects of moral disengagement.
Such situations may involve efforts to cope with extreme stress.
Such situations may involve efforts to create a bond with a community of shared values.
The study analyzes the structure of aggressive memes and catalogs verbal and visual responses to them.
The aim is to check which patterns of moral disengagement gained relevance.
The aim is to check why these mechanisms were not activated in the comments of those who rejected the humor.
The paper is organized into six sections.
The following section describes the research methodology, outlining the theoretical framework and detailing the stages of analysis.
Section 3 focuses on the interpretation of the memes.
Section 4 examines positive audience reactions, linking them to the activation of moral disengagement.
Section 5 explores negative reactions, analyzing why some viewers reject the humor.
Section 6 discusses the findings, elaborating on the impacts of black humor during the war and suggesting directions for future research.
This paper focuses on unfolding discursive segments centered around the selected memes.
Even though this study applies a psychological model of social learning, it uses this model to locate the aggregate beliefs, values and emotions of the participants in discussions.
This study does not use this model to speculate about the internal psychological processes or personality types of those affected by the memes’ publications.

**********Claims for hard query**********

Sometimes, new variants amend the preceding storyline.
The paper is organized into six sections.
The 2022 invasion was a significant escalation of the Russo-Ukrainian War that began in 2014.

**********Formulated hard query**********

Sometimes, new variants amend something.
The paper is organized into a certain number of sections.
The 2022 invasion was a progression of the Russo-Ukrainian War that began in 2014 in a certain way.

**********Claims for medium query**********

Memes are virally-transmitted cultural artifacts reflecting shared social norms and values.
Both black humor and gallows humor allow those in dire situations to build a sense of superiority over their adversaries.
Questions arise about whether alleged perpetrators should be protected by rules of ‘civilized’ communication imposed by some social media platforms, even in the context of war.

**********Formulated medium query**********

Memes are in a certain way cultural artifacts reflecting shared social norms and values.
Both black humor and gallows humor allow those in dire situations to build something over their adversaries.
Questions arise about whether alleged perpetrators should be protected by rules of ‘civilized’ communication imposed by certain things, even in the context of war.

**********Claims for easy query**********

This investigation uses three aggressive and disparaging memes as case studies to explore the acceptance and rejection of black humor in the context of war.
A study of hostile humorous memes and reactions helps to uncover the boundaries of jokes beyond which a humorist risks inflicting adversarial reactions and provoking social sanctions.
The study investigates three black humor memes and their social media reception during the 2022 Russian full-scale invasion of Ukraine.

**********Formulated easy query**********

This investigation uses something as case studies to explore the acceptance and rejection of black humor in the context of war.
A study of hostile humorous memes and reactions helps to uncover the boundaries of jokes beyond which a humorist risks in a certain way.
The study investigates three black humor memes and their social media reception in a certain state.

**********Page content extracted**********

Title: ‘If parody does not prickle it does not work’: Reflections on the Interpretive Challenges of Dark Parody in the Dutch and South African Courts
URL: https://olh.openlibhums.org/article/id/16695/
Content: ## Abstract

Focusing on the nexus of humour and the right to free speech, this article introduces the concept of ‘dark parody’ to address parodies that reuse existing material with a dark, humorous twist and explores how courts deal with two of the main 

**********Extracted claims**********

The article introduces the concept of ‘dark parody’ to address parodies that reuse existing material with a dark, humorous twist.
The article explores how courts deal with two main interpretive challenges presented by dark parody: interpreting the distance between the parody and the copyright/trademark protected work it parodies, and its use of dark humor.
The article uses a metahermeneutic approach to analyze how the main features of parody, the legal criteria applied to parody in courts of law, and the role of dark humor influence judicial interpretation regarding dark parody in copyright and trademark law.
The article proposes the theoretical framework of ‘parodic distance’ to address interpretive challenges systematically presented by dark parody.
The framework of parodic distance uses six main categories—content, style, context, message, function, and affect—to interpret the distance between a parody and the original.
The article applies the framework of parodic distance to two case studies: _Mercis c.s. v. Punt.nl_ and _Laugh It Off Promotions v. South African Breweries_.
The article provides a comparative analysis of how courts currently deal with interpretive issues surrounding dark humor in copyright and trademark law.
The article shows how the framework of parodic distance can be a useful conceptual tool that provides a shared vocabulary to complement judicial interpretation and legal discourse at the nexus of dark parody and the law.
Parody is a humorous expression of artistic creativity.
Parody invites critical and reflective thinking about topics and tensions in democratic societies.
Judge Sachs suggested that parody must "prickle" to be effective in the case of _Laugh It Off Promotions v. South African Breweries_.
Parody provokes, confronts, and challenges an audience.
Parody is defined as a creative work that imitates elements from an original work recognizably, while simultaneously transforming aspects of the original work, often with humorous intent or effect.
Parody can fulfill a range of functions.
Parody has the ability to evoke many different emotions from an audience.
Legal scholars agree that parody plays an important role in a democratic society.
Parody can express critical commentary on social issues.
Parody is situated within the tension between the right to free speech (Art. 19 Universal Declaration of Human Rights) and the right to intellectual property (Art. 17 Universal Declaration of Human Rights).
Dark parody is a parody that imitates an existing work and transforms it with dark humor.
Dark parody can use various types of dark humor to relocate an original work into the context of a situation or event considered socially or culturally taboo.
Dark humor is defined as a type of humor where at least one of the scripts is normally associated with feelings of sadness, grief, or horror.
The article focuses mainly on the interpretive challenges presented by dark parody in the realm of free speech and intellectual property law.
Dark parody also presents challenges concerning free speech and other fundamental rights, such as the right to dignity (Art. 1 Universal Declaration of Human Rights).
Dark parody can function as a vehicle for communicating implicitly discriminatory messages, blurring the boundaries with hate speech.
The interpretation of the distance between a dark parody and the original work and the interpretation of dark humor are two main interpretive challenges courts deal with when confronted with a dark parody in the context of copyright and trademark infringement allegations.
Dark parody offers an ideal case study to explore interpretive challenges in the broader framework of humorous expression as part of the fundamental human right to freedom of expression.
In parody disputes, judges are tasked with balancing the interest of copyright and trademark rights holders against the parodist’s right to freedom of expression.
Interpretive challenges play an important role in the judicial interpretation during the balancing exercise in parody disputes.
The theoretical approach used to reflect on the judicial interpretive process concerning dark parody is meta-hermeneutics.
Korthals Altes coined the term meta-hermeneutics in the field of narratology.
Meta-hermeneutics is defined as an approach and type of reflection that relates interpretive argumentations to their underlying value-laden conceptions and pathways.
Adapting meta-hermeneutics to the nexus of humor and the law, its application to judicial interpretation practices focuses on reconstructing conventional paths judges and courts use to construct meaning.
Meta-hermeneutics investigates the concepts used by courts and explores why, when, and how courts interpret a parody as ‘distant enough’ from the original work to be allowed.
The interpretation of the distance between a dark parody and an original work plays a fundamental role in judicial decision-making.
The interpretation of the distance between a dark parody and an original work provides the grounds for the decision to allow or prohibit a parody.
A systematic approach to interpreting the distance between a dark parody and an original work is lacking in current judicial interpretive practices.
The lack of a systematic approach can lead to inconsistent outcomes in judicial interpretive practices.
The article aims to create a theoretical framework that addresses the lack of a systematic test for interpreting the distance between a dark parody and an original work.
The article weaves together insights from humanities-based humor research and legal scholarship on intellectual property law to create the framework.
The framework is meant as a conceptual tool to support courts in developing an interpretation that considers all the complexities of the dark parody under review.
The framework aims to create a stable ground for judicial decision-making impacting freedom of expression.
Dark humor adds another layer of complexity to interpreting the meaning and impact of a parody.
Through their dark humor, dark parodies touch upon what Tsakona has called ‘metapragmatic stereotypes’ of humor.
Metapragmatic stereotypes are internalised models of humor people have, including how it should be used, when, why, and for what purposes.
Dark parodies relate to issues of morality, cultural values, and societal beliefs about humor, in addition to the legal framework of intellectual property law and freedom of expression.
The first section of the article shows how the interpretation of parody by courts is based on the resonances between the main features of parody and the legal criteria in copyright and trademark law.
The first section introduces the concept of ‘dark parody’ to illustrate how parody can be a medium for expressing different types of dark humor.
The second section proposes the interpretive framework of ‘parodic distance’ for a systematic approach to interpreting both the distance between a dark parody and the original and the type of dark humor used.
The last section provides a comparative analysis of _Mercis c.s. v. Punt.nl_ (Court of Appeal of Amsterdam, LJN:BS7825, 13 September 2011) and _Laugh It Off Promotions v. South African Breweries_ (Constitutional Court of South Africa, CCT42/04, 27 May 2005).
A close reading and comparative analysis of the interpretive behavior of the courts in both cases offers a deeper understanding of the values underlying the legal protection of dark parody in both legal systems.

**********Claims for hard query**********

Meta-hermeneutics is defined as an approach and type of reflection that relates interpretive argumentations to their underlying value-laden conceptions and pathways.
The lack of a systematic approach can lead to inconsistent outcomes in judicial interpretive practices.
Korthals Altes coined the term meta-hermeneutics in the field of narratology.

**********Formulated hard query**********

Meta-hermeneutics is defined in a certain way.
The lack of a systematic approach can lead to something in judicial interpretive practices.
Someone coined the term meta-hermeneutics in the field of narratology.

**********Claims for medium query**********

Dark humor adds another layer of complexity to interpreting the meaning and impact of a parody.
In parody disputes, judges are tasked with balancing the interest of copyright and trademark rights holders against the parodist’s right to freedom of expression.
Adapting meta-hermeneutics to the nexus of humor and the law, its application to judicial interpretation practices focuses on reconstructing conventional paths judges and courts use to construct meaning.

**********Formulated medium query**********

Something adds another layer of complexity to interpreting the meaning and impact of a parody.
Someone is tasked with balancing the interest of copyright and trademark rights holders against the parodist’s right to freedom of expression.
Adapting meta-hermeneutics to the nexus of humor and the law, its application to judicial interpretation practices focuses in a certain way.

**********Claims for easy query**********

The article uses a metahermeneutic approach to analyze how the main features of parody, the legal criteria applied to parody in courts of law, and the role of dark humor influence judicial interpretation regarding dark parody in copyright and trademark law.
The article explores how courts deal with two main interpretive challenges presented by dark parody: interpreting the distance between the parody and the copyright/trademark protected work it parodies, and its use of dark humor.
The article shows how the framework of parodic distance can be a useful conceptual tool that provides a shared vocabulary to complement judicial interpretation and legal discourse at the nexus of dark parody and the law.

**********Formulated easy query**********

The article uses **something** to analyze how the main features of parody, the legal criteria applied to parody in courts of law, and the role of dark humor influence judicial interpretation regarding dark parody in copyright and trademark law.
The article explores how courts deal with two main interpretive challenges presented by dark parody: **in a certain way**, and its use of dark humor.
The article shows how **something** can be a useful conceptual tool that provides a shared vocabulary to complement judicial interpretation and legal discourse at the nexus of dark parody and the law.

**********Validation Result**********

subquestion 'The article explores how courts deal with two main interpretive challenges presented by dark parody: **in a certain way**, and its use of dark humor.' is NOT supported by the context.
<reject> The article explicitly states the two main interpretive challenges presented by dark parody as: (1) interpreting the distance between the parody and the copyright/trademark protected work it parodies (or the original work), and (2) its use of dark humour (or the interpretation of dark humour). The provided information incorrectly lists the first challenge as "in a certain way". </reject>

**********Page content extracted**********

Title: BS Johnson and the Attack of the White-Collar Working Class
URL: https://olh.openlibhums.org/article/id/11618/
Content: ## Abstract

The conventional wisdom around working-class writing often presupposes a realist aesthetic form, a hero employed in manual labour and, in the British context, a setting somewhere in its former industrial heartlands, certainly no further south

**********Extracted claims**********

Conventional wisdom about working-class writing often presupposes a realist aesthetic form.
Conventional wisdom about working-class writing often presupposes a hero employed in manual labour.
Conventional wisdom about working-class writing, in the British context, often presupposes a setting somewhere in its former industrial heartlands, specifically no further south than the Midlands (South Wales Valleys excluded).
The writing of B.S. Johnson conforms to none of these conventional assumptions about working-class writing.
B.S. Johnson's writing has consistently been overlooked within the field of working-class literary studies as a result.
This article attempts to address the absence of B.S. Johnson's writing in working-class literary studies.
The article addresses this absence by noting B.S. Johnson’s biographical claim to inclusion within the field of working-class literary studies.
The article addresses this absence by noting the ways in which B.S. Johnson's novels are firmly rooted in a form of class politics.
The class nature of B.S. Johnson’s novels is not diminished by his depiction of white-collar characters.
B.S. Johnson's depiction of white-collar characters allows for a reading of the essential nature of alienated labour and class antagonism to capitalist society.
This reading of alienated labour and class antagonism is possible even within the context of Britain’s postwar welfare state.
B.S. Johnson’s avant-garde aesthetics serve to mobilise political themes in his novels.
B.S. Johnson’s recurring motif of white-collar employment serves to mobilise political themes in his novels.
B.S. Johnson's novels must be understood as distinctly working-class novels.
The 21st century has seen a much-deserved revival in interest concerning B.S. Johnson.
Almost all of B.S. Johnson's novels have returned to print.
A new biography, _Like a Fiery Elephant: The Story of B.S. Johnson_ (2004), was written by acclaimed author Jonathan Coe.
B.S. Johnson is a figure in Britain’s postwar avant-garde.
B.S. Johnson is often noted for his working-class background.
B.S. Johnson's father was a bookseller’s stockkeeper.
B.S. Johnson's mother was a waitress, barmaid, and between-maid at various times.
B.S. Johnson is often noted for his vociferous, even dogmatic, espousal of aesthetic innovation.
B.S. Johnson is often understood as both working class and a writer.
B.S. Johnson is rarely considered a ‘working-class writer’ in the same vein as Robert Tressell or Alan Sillitoe.
This rare classification is due in significant part to issues of aesthetics and motifs.
Working-class writing has conventionally been thought of as, by definition, a realist endeavour.
Despite B.S. Johnson's background, his avant-gardism means his work falls outside of what is conventionally considered ‘working-class writing’.
B.S. Johnson’s protagonists are often white-collar workers.
Manual labourers are commonly associated with working-class fiction.
B.S. Johnson’s works are therefore read as reflecting his philosophical or aesthetic interests.
B.S. Johnson's works are therefore not read as reflecting explicit class concerns.
One slight exception to this reading is B.S. Johnson's 1973 novel, _Christie Malry’s Own Double-Entry_.
_Christie Malry’s Own Double-Entry_ is still largely coded as a ‘political’ rather than ‘class’ novel.
Class concerns, particularly around the theme of alienated labour, are present in a number of B.S. Johnson’s novels.
These novels include _Albert Angelo_ (1964) and his ‘book-in-a-box’, _The Unfortunates_ (1969).
This article will discuss B.S. Johnson's novels: _Albert Angelo_, _The Unfortunates_, and _Christie Malry’s Own Double-Entry_.
_Albert Angelo_ will be read against the young Karl Marx’s writings on estranged labour within this article.
This reading will show how _Albert Angelo_ mobilises avant-gardism as part of its exposition of its eponymous protagonist’s alienation from his employment as a supply teacher.
The next section of this article will build upon the application of Marx.
The next section will show how B.S. Johnson similarly uses formal devices in _The Unfortunates_ to highlight the inability of relatively well-remunerated white-collar work (journalism) to resolve the essentially alienating nature of waged labour.
The article will also draw on thinkers such as Betty Friedan and Guy Debord.
The article will show how _The Unfortunates_, while rooted in the experience of waged work, moves outward towards a broader conception of social antagonism.
This broader conception of social antagonism in _The Unfortunates_ is inclusive of issues around gender and consumption.
The section on _Christie Malry’s Own Double-Entry_ will show how white-collar waged work (and its refusal) is a major theme in the novel.
The section on _Christie Malry’s Own Double-Entry_ will show how white-collar waged work (and its refusal) forms the bedrock of its social critique.
The section on _Christie Malry’s Own Double-Entry_ will show how the novel points towards a positive class politics of its own.
B.S. Johnson’s other texts often deal with class-related themes.
Aspects of autobiography are themes in _Trawl_ (1966).
Elderly care is a theme in _House Mother Normal_ (1971).
His mother’s work in kitchens is a theme in _See the Old Lady Decently_ (1975).
The novels discussed in this article were chosen because of the centrality of white-collar waged work.
Alongside their avant-gardism, the type of waged work (white-collar) underpins the radical nature of these novels.
White-collar waged work is not traditionally associated with working-class writing.
Gilles Dauvé states: ‘If one identifies _proletarian_ with _factory worker_ \[…\] one misses what is subversive in the proletarian condition’ (2015: 47).
Reading B.S. Johnson’s novels as radical reappraisals of the proletarian condition and its subversiveness allows for broadening common sense notions of what ‘working-class literature’ looks like.
Reading B.S. Johnson’s novels as radical reappraisals of the proletarian condition and its subversiveness allows for situating Johnson firmly within working-class literature.

**********Claims for hard query**********

Aspects of autobiography are themes in _Trawl_ (1966).
Elderly care is a theme in _House Mother Normal_ (1971).
This rare classification is due in significant part to issues of aesthetics and motifs.

**********Formulated hard query**********

Aspects of autobiography are themes in `something` (1966).
`Something` is a theme in _House Mother Normal_ (1971).
This rare classification is due in significant part to `something`.

**********Claims for medium query**********

Conventional wisdom about working-class writing often presupposes a hero employed in manual labour.
Manual labourers are commonly associated with working-class fiction.
Conventional wisdom about working-class writing, in the British context, often presupposes a setting somewhere in its former industrial heartlands, specifically no further south than the Midlands (South Wales Valleys excluded).

**********Formulated medium query**********

Conventional wisdom about working-class writing often presupposes a hero employed in a certain way.
A certain type of person is commonly associated with working-class fiction.
Conventional wisdom about working-class writing, in the British context, often presupposes a setting in a certain place.

**********Claims for easy query**********

Reading B.S. Johnson’s novels as radical reappraisals of the proletarian condition and its subversiveness allows for situating Johnson firmly within working-class literature.
Reading B.S. Johnson’s novels as radical reappraisals of the proletarian condition and its subversiveness allows for broadening common sense notions of what ‘working-class literature’ looks like.
Class concerns, particularly around the theme of alienated labour, are present in a number of B.S. Johnson’s novels.

**********Formulated easy query**********

Reading B.S. Johnson’s novels as radical reappraisals of **something** allows for situating Johnson firmly within working-class literature.
Reading B.S. Johnson’s novels as radical reappraisals of the proletarian condition and its subversiveness allows for broadening **certain ideas**.
Class concerns, particularly around **a certain theme**, are present in a number of B.S. Johnson’s novels.

**********Page content extracted**********

Title: ‘To Make Britain Concrete Minded’: Peter László Peri’s London Life in Concrete (1938)
URL: https://olh.openlibhums.org/article/id/10131/
Content: ## Abstract

In 1938, sculptor Peter László Peri staged a solo exhibition in London titled _London Life in Concrete_, a selection of sculptural works fabricated out of concrete. Contemporaneous critics enthused about Peri’s experiments with the exciting n

**********Extracted claims**********

Sculptor Peter László Peri staged a solo exhibition in London in 1938.
The exhibition was titled _London Life in Concrete_.
The exhibition featured sculptural works fabricated out of concrete.
Contemporaneous critics enthused about Peri’s experiments with concrete as a medium.
Multi-coloured relief works by Peri were set on a high ledge encircling the exhibition room.
The relief works showed scenes of everyday life in the capital.
The sculptures depicted figures of shoppers, builders, and commuters arrayed across flattened backgrounds.
The simple format of these sculptures belied the political entanglements of Peri’s chosen material.
Rough finishes typify Peri’s concrete works.
Peri’s concrete works include those exhibited in _London Life in Concrete_ and those later commissioned to decorate a post-war public housing complex in London.
Peri’s explicitly modelled surfaces present the medium of concrete as one tied to human labour.
The surfaces equate the work of a builder and of an artist.
_London Life in Concrete_ was sponsored by the Cement and Concrete Association (CCA).
The CCA was a new trade group established to promote the use of concrete in building projects in Britain.
Peri’s work played a role in the commercial project to establish concrete as the architectural material best suited to the homes of the British working class.
Concrete was promoted as being both practically and ideologically suited to the homes of the British working class.
The British trade group, the Cement and Concrete Association (CCA), commissioned a relief sculpture for its London office in 1936.
Peter László Peri, a Hungarian artist living in London, created the sculpture for the CCA.
The sculpture was titled _Mural for the Cement and Concrete Association_.
_Mural for the Cement and Concrete Association_ depicted a group of men transporting, mixing, and raking cement.
Cement was the raison d’être of the CCA.
Peri organized the succession of working figures across a long, horizontal composition in _Mural for the Cement and Concrete Association_.
A worker on the right side of the mural brings in a wheelbarrow of aggregate to add to large heaps of stony fragments on the floor.
Piles of stony fragments on the floor were tended by three men with shovels.
A mixer dominates the left-hand side of the mural.
One man tips the mixer forward while another struggles under the weight of the cement in the mural.
The theme of concrete fabrication closely aligned with the CCA’s commercial interests.
Peri made the relief sculpture itself out of concrete.
Concrete is visible in _Mural for the Cement and Concrete Association_ in two distinct forms.
One distinct form of concrete in the artwork is the depiction of coarse stony material, heaped into piles and swirled through the mixer in a liquid amalgam.
The other distinct form of concrete in the artwork is the sculpture itself, as the final hardened object.
The artwork evidences a concern with both industrial and sculptural processes.
Peri made an explicit connection between concrete and the working-class labour that formed it.
Peri built up the bodies of the workers with strokes of a mason’s trowel.
The artist’s hand is evident in the marks on the bodies of the workers.
The quick modelling required by the wet concrete was captured permanently as the sculpture dried.
The rigid limbs of the workers and the solidity of the sculpture’s material emphasize the fixed nature of the piece.
_Mural for the Cement and Concrete Association_ is a work about formation.
Peri defines concrete through visible human labour in the mural.
The CCA sponsored a large exhibition of Peri’s reliefs in 1938.
The corporate patronage used Peri’s colourful concrete sculptures to promote an expansive view of concrete as a medium.
Concrete was promoted as a medium not just for construction but for decoration.
The show celebrated Peri as a skilled interpreter of life and a creator of an entirely new medium.
The show celebrated Peri as a sculptor in concrete.
Peri encircled a room in London’s Soho Square with a continuous progression of concrete sculptures.
The sculptures included reliefs that stood about three by one and a half feet.
The flat sculptures leaned on the wall on a chest-high ledge.
Peri focused on everyday scenes in his sculptures.
Everyday scenes included busy London streets, domestic interiors, buses, and tea rooms.
Colourful pigments were mixed into Peri’s concrete.
The pigments differentiated bodies and backgrounds in the sculptures.
The pigments lent a polychromic liveliness to the roughly textured ground of the sculptures.
Peri was singled out in the press for his almost exclusive use of concrete.
Critics like William Walwyn of _Reynold’s Newspaper_ celebrated Peri as the ‘only’ sculptor working in concrete.
Some artists in the United Kingdom, including Henry Moore, occasionally experimented with the plastic capacity of concrete.
Peri used concrete as his primary material.
Discussions of Peri’s work, from contemporaneous articles by prominent leftist art historians to recent scholarship, have identified the political context of the designation of Peri as primarily a concrete sculptor.
Leftist art historians Francis Klingender and Anthony Blunt discussed Peri’s work in contemporaneous articles.
Recent scholarship on Peri by Gordon Johnston and Rosamund Lily West discussed Peri’s work.
Concrete marked Peri’s Communist convictions.
The alignment of the representation of everyday people and the spaces in which they lived was part of Peri’s Communist convictions.
_London Life in Concrete_ appeared during a period in which concrete was at the centre of debates on modern design, skilled building labour, and city planning.
Peri’s commission by the CCA was not incidental to his artistic vision.
Peri’s work supported the vision of the trade group.
Peri’s work promoted concrete as a tool to improve the life of the everyday British citizen.
Peri’s politics instigated a shift in his practice.
Rigorous Constructivism defined Peri’s early work in Berlin in the 1920s.
Peri’s practice shifted to figural sculptures after his arrival in London in 1933.
In London, critics like Blunt and Klingender hailed Peri’s concrete reliefs as an exemplar of modern social realism.
Many critics saw _London Life in Concrete_ primarily as an architectural innovation.
The critic for the _Liverpool Daily Post_ noted that sculpture in concrete came handily to architects at a moment when fashion was turning against bleak spaces.
In 1954, Peri reflected on the architectural role of concrete reliefs.
Peri believed sculpture can only develop if it is used in connection with architecture.
Peri believed architects cannot suggest the use of sculpture during periods of economies unless it means something to the people for whom the building is built.
Peri believed that if people recognize something out of their own experience, they will appreciate it and will suggest its use.
Peri believed figural sculptures in concrete put static buildings into a dynamic relationship with the everyday lives of those who dwelled in them.
The Cement and Concrete Association (CCA) was founded in 1935.
The CCA’s intention was fostering the use of cement by propaganda.
In the 1930s and 1940s, advertisements from the CCA extolled the flexibility of concrete.
Concrete could be used in buildings, gardens, roads, pools, and exterior cladding.
The 1930s and 1940s saw a notable increase in visible concrete construction.
British architects like F.R.S. Yorke championed the increase in visible concrete construction.
In an article in the _Architect’s Journal_ in 1936, F.R.S. Yorke noted that until quite recently, reinforced concrete was regarded as an ‘engineering material’.
Reinforced concrete was considered an engineering material to be used as little as possible in architecture and to be hidden from sight in decent work.
Few architects who used reinforced concrete in exposed places treated it as a cheap and rather nasty substitute for stone.
Such treatment gave concrete a ‘past’ to be lived down.
The CCA’s propaganda contributed to the shift in the popular perception of concrete.
Concrete shifted from an undesirable facsimile of stone to an exemplar of innovations in modern architecture.
Innovations in modern architecture included tall buildings, simple design, and efficient construction.
In 1936, the CCA commissioned Marcel Breuer and Yorke to create a model concrete city for the Daily Mail Ideal Home Exhibition at Olympia, London.
Marcel Breuer was a prominent member of the Bauhaus who left Germany for London in 1935.
F.R.S. Yorke was one of Britain’s most active modernist architects.
Breuer and Yorke designed the ‘Garden City of the Future’.
The ‘Garden City of the Future’ was a large town made up of high-rise apartment buildings, wide boulevards, shops, and office buildings.
The model buildings in the ‘Garden City of the Future’ had large windows, terraces, and smooth white facades.
The model buildings in the ‘Garden City of the Future’ were unornamented.
Curving staircases, arching buttresses, and some small organically shaped buildings broke up the linear design of the apartment blocks in the ‘Garden City of the Future’.
The concrete façades of the ‘Garden City of the Future’ did not imitate stone, bricks, or other conventional materials.
The smooth exterior walls of the ‘Garden City of the Future’ signaled a new aesthetic of modernity.
The smooth exterior walls of the ‘Garden City of the Future’ were evidence of the replicability of simple concrete architecture.
_London Life in Concrete_ offered a competing vision for concrete finishes two years after the 'Garden City of the Future' exhibition.
The competing vision for concrete finishes included handmade, colourful, decorative, and figural elements.
Prominent architects like Breuer and Yorke celebrated the rigorous simplicity of reinforced concrete.
More traditional British designers in the 1920s and 1930s explored ways to make steel and concrete buildings palatable to the wider public.
Notable architectural exhibitions, including the Palace of Housing and Transport at the 1924 British Empire Exhibition at Wembley and the Daily Mail Ideal Home Exhibitions, offered examples of concrete homes with facades that mimicked conventional brick or timber.
Peri worked as an architect in Berlin in the mid-1920s.
Peri contested aspects of both architectural precedents for concrete finishes.
_London Life in Concrete_ suggested that modern concrete constructions should not hide the method of their fabrication.
Peri resisted the conventions of modernist standardisation.
A decade before the aesthetics of concrete in modern architecture shifted from light coloured, stippled walls to the textured, handmade surface of New Brutalism, Peri’s concrete reliefs used textures, colour, and aggregates.
Peri’s concrete reliefs used textures, colour, and aggregates to reveal the human element in the process of formation.
This approach embraced visible fabrication as central to sculptural work.
This approach resisted the contemporaneous emphasis on innate natural form and the notion of truth to material.
The contemporaneous emphasis on innate natural form, the notion of truth to material, defined much of British sculptural production.
The CCA’s patronage projects in the 1930s included the ‘Garden City of the Future’ and _London Life in Concrete_.
These projects envisioned a relationship between concrete and the British working class.
The ‘Garden City of the Future’ envisioned this relationship through the utopian format of apartment blocks.
_London Life in Concrete_ envisioned this relationship through the integration of working-class subjects into decorative schemes for the buildings that would house them.
Peri proposed a re-evaluation of the conventions of concrete architecture.
Peri’s re-evaluation centered the human figure and the laborious process of fabrication as defining elements of concrete architecture.
Peri’s re-evaluation aligned concrete with the artist’s leftist political convictions.
Peri worked as a mason, an architect, an abstract artist, and a figural sculptor at various points in his career.
Peri’s experiences prepared him to take a central role in debates in interwar Britain.
The debates concerned realist art making, political activism, and working-class architecture.
Peri’s figural reliefs evidenced often-overlooked aspects of the creation of concrete.
The overlooked aspects of concrete creation included its handmade quality, its evocation of movement, and its association with craft.

**********Claims for hard query**********

A mixer dominates the left-hand side of the mural.
Piles of stony fragments on the floor were tended by three men with shovels.
The ‘Garden City of the Future’ was a large town made up of high-rise apartment buildings, wide boulevards, shops, and office buildings.

**********Formulated hard query**********

A mixer dominates the left-hand side of something.
Piles of stony fragments on the floor were tended by three men with something.
The ‘Garden City of the Future’ was a large town made up of something, wide boulevards, shops, and office buildings.

**********Claims for medium query**********

The artwork evidences a concern with both industrial and sculptural processes.
Peri believed architects cannot suggest the use of sculpture during periods of economies unless it means something to the people for whom the building is built.
Cement was the raison d’être of the CCA.

**********Formulated medium query**********

The artwork evidences a concern with certain kinds of processes.
Peri believed architects cannot suggest the use of sculpture in a certain period unless it means something to the people for whom the building is built.
Something was the raison d’être of the CCA.

**********Claims for easy query**********

Peri’s concrete works include those exhibited in _London Life in Concrete_ and those later commissioned to decorate a post-war public housing complex in London.
Discussions of Peri’s work, from contemporaneous articles by prominent leftist art historians to recent scholarship, have identified the political context of the designation of Peri as primarily a concrete sculptor.
Peri’s work promoted concrete as a tool to improve the life of the everyday British citizen.

**********Formulated easy query**********

Peri’s concrete works include those exhibited in _London Life in Concrete_ and those later commissioned to decorate **something**.
Discussions of Peri’s work, from contemporaneous articles by **some people** to recent scholarship, have identified the political context of the designation of Peri as primarily a concrete sculptor.
Peri’s work promoted concrete as a tool to improve the life of **someone**.

**********Page content extracted**********

Title: Maps and the Burdens of Belonging: Identity and Resistance in Gurnah’s By the Sea and Owuor’s The Dragonfly Sea
URL: https://olh.openlibhums.org/article/id/16725/
Content: ## Abstract

This article examines the relationship between maps, identity, and belonging in two post-colonial  novels set in the Western Indian Ocean region: Abdulrazak Gurnah’s _By the Sea_ (2001) and Yvonne Adhiambo Owuor’s _The Dragonfly Sea_ (2019). 

**********Extracted claims**********

The article examines the relationship between maps, identity, and belonging in Abdulrazak Gurnah’s _By the Sea_ (2001) and Yvonne Adhiambo Owuor’s _The Dragonfly Sea_ (2019).
_By the Sea_ and _The Dragonfly Sea_ are post-colonial novels set in the Western Indian Ocean region.
The novels _By the Sea_ and _The Dragonfly Sea_ portray maps as dynamic artifacts rather than static remnants of colonialism.
Maps reflect and shape post-colonial identities in nuanced ways in the novels _By the Sea_ and _The Dragonfly Sea_.
The novels _By the Sea_ and _The Dragonfly Sea_ depict maps as possessing a degree of agency.
Maps are capable of both oppressing and offering pathways to self-discovery for post-colonial subjects in the novels _By the Sea_ and _The Dragonfly Sea_.
The article argues for a coherent cross-reading of the plurality and contestation inherent in the post-colonial reading of maps.
Themes of naming, representation, and identity concerning maps are highlighted across _By the Sea_ and _The Dragonfly Sea_.
Latif Mahmud is the protagonist of Abdulrazak Gurnah’s novel _By the Sea_ (2001).
In _By the Sea_, Latif Mahmud grieves the loss of his family’s material possessions.
In _By the Sea_, Latif Mahmud emotionally frames Saleh Omar, an antiquarian, as an ‘assassin’.
Saleh Omar takes over Latif Mahmud’s family home through duplicitous business dealings in _By the Sea_.
Latif Mahmud views Saleh Omar as the assassin of his family's lives in _By the Sea_.
Saleh Omar removed Latif Mahmud’s family from their possessions in _By the Sea_.
Latif Mahmud’s reaction in _By the Sea_ reveals an underlying logic that intertwines the family’s possessions with their identity.
The confiscation of objects is positioned as deeply damaging to the sense of self in _By the Sea_.
Latif Mahmud simultaneously deems his family’s possessions as ‘debris’ in _By the Sea_.
The term ‘debris’ carries connotations of uselessness that belie the purported centrality of possessions in _By the Sea_.
The material objects in Latif Mahmud's family home in _By the Sea_ constitute oceanic flotsam from around the world.
Inhabitants of Zanzibar accumulated global goods from generations of overseas trade.
Saleh Omar deals in merchandise described as oceanic flotsam from around the world in _By the Sea_.
Latif Mahmud’s rhetoric of ‘assassin’ and ‘debris’ elucidates paradoxical associations between materiality and identity in _By the Sea_.
The loss of materiality can profoundly undermine identity.
Physical objects carry intricate feelings and attachments.
Maps were originally tools for navigation.
Maps evolved into instruments of racial and regional classification during the colonial era.
Maps continued to exert influence in post-colonial spaces.
Colonial maps persist in racializing the Indian Ocean region despite outliving their primary navigational function.
The novels _By the Sea_ and _The Dragonfly Sea_ do not reference specific historical maps.
The novels _By the Sea_ and _The Dragonfly Sea_ use various cartographic objects to illuminate characters’ emotional and psychological experiences within the Indian Ocean world.
The novels _By the Sea_ and _The Dragonfly Sea_ position maps as potent yet ephemeral artifacts.
Maps play a crucial role in characters’ understanding of themselves and their place in the world in _By the Sea_ and _The Dragonfly Sea_.
Latif Mahmud is an academic settled in England in _By the Sea_.
In _By the Sea_, Latif Mahmud is introduced to Saleh Omar, a refugee and antiquarian from Zanzibar, who has recently arrived in the UK.
Latif Mahmud is surprised to learn that Saleh Omar arrived in the UK using Latif Mahmud’s father’s name in _By the Sea_.
In _By the Sea_, Latif Mahmud and Saleh Omar reveal unpleasant shared histories of their families before and after the Zanzibari revolution.
Their shared histories include their experiences post-exile.
The dialogues between Latif Mahmud and Saleh Omar excavate suppressed memories of loss and displacement conditioned by Zanzibar’s fractured decolonization in _By the Sea_.
The article focuses on Saleh Omar’s story in _By the Sea_.
In _By the Sea_, Saleh Omar uses maps extensively to recount his experiences.
_The Dragonfly Sea_ traces the life of Ayaana.
Ayaana was born from a socially ostracized affair between Munira and an unnamed father in Kenya’s littoral zone in _The Dragonfly Sea_.
In _The Dragonfly Sea_, Ayaana’s maturation interweaves her emergent identity with rich Swahili poetic traditions.
Muhidin, a widely traveled sailor, immerses Ayaana in these traditions in _The Dragonfly Sea_.
These traditions include Islamic verses, Arabic and Persian poetry, and Bollywood songs.
Bollywood songs prefigure Ayaana’s ancestral ties with Ming-dynasty Chinese seafarers along the coast in _The Dragonfly Sea_.
Ayaana’s odyssey to China for advanced studies crystallizes the Indian Ocean’s fluidity in _The Dragonfly Sea_.
The Indian Ocean’s fluidity acts as a conduit of cross-cultural fusion and fragmentation.
This fusion and fragmentation have been inscribed through centuries into East Africa’s littoral communities.
Bill Brown’s views on objects varying in significance based on their context and lens are used to analyze maps as ephemera.
Maps in _By the Sea_ and _The Dragonfly Sea_ symbolize shifting identities.
Bill Brown posits that materially stable objects are different things in different scenes.
Latif Mahmud’s interactions with maps exemplify Bill Brown’s idea in _By the Sea_.
Graham Huggan argues that maps are pivotal as they reflect and perpetuate colonial power dynamics.
Graham Huggan argues that maps normalize Western superiority and marginalize non-Western perspectives.
A post-colonial analysis of maps reveals underlying power structures embedded within maps.
A post-colonial analysis challenges the self-legitimizing authority of Western cartography.
A post-colonial analysis contests Western cartography’s claims to universality.
The process of decolonizing maps necessitates identifying and repudiating inscribed colonial ideologies.
The process of decolonizing maps necessitates interrogating how cartography has been used.
Cartography has been used to rationalize colonial expansion.
Cartography has been used to erase indigenous knowledge and territories.
Cartography has been used to impose Western paradigms on non-Western societies.
A coherent sense of self eludes characters in _By the Sea_ and _The Dragonfly Sea_.
A coherent sense of self cannot be attained through interpersonal interactions within colonial or post-colonial contexts for characters in _By the Sea_ and _The Dragonfly Sea_.
The characters’ sole perceived pathway to accessing conceptual frameworks and situating themselves within broader epistemologies and discourses lies in communication with objects themselves in _By the Sea_ and _The Dragonfly Sea_.
The ‘dialogue’ between post-colonial subjects and colonial objects is not necessarily desired.
The ‘dialogue’ between post-colonial subjects and colonial objects is not egalitarian, even when desired.
The term ‘dialogue’ signifies a discursive logic underpinning the interaction between characters and objects.
The interaction between characters and objects engenders the construction of important issues.
This interaction prompts questions that post-colonial subjects lack resources to address.
The terminology of ‘dialogue’ is part of a constellation of cognate terms, including hermeneutics, quest, excavation, and exchange.
These cognate terms accentuate different facets of the unequal dialogue between colonial maps and post-colonial subjects.
Objects are posited as possessing a degree of willful agency.
Objects are capable of not merely transmitting but also receiving meaningful messages.
The protagonist’s quest to resituate her island home within the cartographic record is explored in _The Dragonfly Sea_.
This quest in _The Dragonfly Sea_ is a metaphor for the broader struggle to rediscover African identities.
African identities have been obscured by imperial/colonial mappings.

**********Claims for hard query**********

Objects are capable of not merely transmitting but also receiving meaningful messages.
Bill Brown posits that materially stable objects are different things in different scenes.
These traditions include Islamic verses, Arabic and Persian poetry, and Bollywood songs.

**********Formulated hard query**********

Objects are capable of not merely transmitting but also receiving something.
Someone posits that materially stable objects are different things in different scenes.
These traditions include certain things.

**********Claims for medium query**********

Ayaana’s odyssey to China for advanced studies crystallizes the Indian Ocean’s fluidity in _The Dragonfly Sea_.
Cartography has been used to rationalize colonial expansion.
A coherent sense of self eludes characters in _By the Sea_ and _The Dragonfly Sea_.

**********Formulated medium query**********

A certain event crystallizes the Indian Ocean’s fluidity in _The Dragonfly Sea_.
Something has been used to rationalize colonial expansion.
A coherent sense of self eludes someone in _By the Sea_ and _The Dragonfly Sea_.

**********Claims for easy query**********

The article examines the relationship between maps, identity, and belonging in Abdulrazak Gurnah’s _By the Sea_ (2001) and Yvonne Adhiambo Owuor’s _The Dragonfly Sea_ (2019).
Maps are capable of both oppressing and offering pathways to self-discovery for post-colonial subjects in the novels _By the Sea_ and _The Dragonfly Sea_.
Maps reflect and shape post-colonial identities in nuanced ways in the novels _By the Sea_ and _The Dragonfly Sea_.

**********Formulated easy query**********

The article examines the relationship between maps, identity, and belonging in **two particular novels**.
Maps are capable of both **acting in a certain way** for post-colonial subjects in the novels _By the Sea_ and _The Dragonfly Sea_.
Maps reflect and shape **a certain kind of identity** in nuanced ways in the novels _By the Sea_ and _The Dragonfly Sea_.

**********Page content extracted**********

Title: State Oppression, Fear, and Helplessness in Hungarian Political Jokes, 1963-1989
URL: https://olh.openlibhums.org/article/id/16293/
Content: ## Abstract

This study explores the social and psychological functions of humour in totalitarian societies, and traces how political jokes in Hungary between 1963 and 1989 may contribute to a more comprehensive understanding of the link between state opp

**********Extracted claims**********

The study explores the social and psychological functions of humour in totalitarian societies.
Political jokes in Hungary between 1963 and 1989 may contribute to a more comprehensive understanding of the link between state oppression and human rights.
Jokes that mocked János Kádár are analyzed.
Jokes that addressed violence and fear in Hungary and the Eastern bloc are analyzed.
The changing functions of political jokes in the aftermath of the 1956 Revolution are highlighted.
The tone, subject, and main aims of jokes after the 1963 General Amnesty are analyzed.
The 1963 General Amnesty aimed to serve as a compromise between the Communist state and Hungarian society.
An abundance of jokes revealing human rights concerns exists in the collections of ethnographer Imre Katona.
Laughter flourished in repressive societies due to the everyday need to navigate through the absurdity of the system.
The study's main goal is to demonstrate the multifaceted nature of humour.
Individuals’ freedom of opinion remained restricted even after Mátyás Rákosi’s Stalinist terror (1948–1956) was replaced by Kádár’s ‘soft dictatorship’ in the mid-1960s.
The civil population in Communist Hungary could not openly criticise its leaders or their policies.
Fear and helplessness were central features of the Hungarian People’s Republic.
The Hungarian People’s Republic remained a dictatorship until 1989.
The Hungarian People’s Republic continued to limit individuals’ human rights.
Sharing jokes could be linked to resilience.
Sharing jokes could provide a sense of control and agency.
Clear differences existed between Mátyás Rákosi’s Stalinist rule in the 1950s and János Kádár’s ‘soft dictatorship’ after the General Amnesty of 1963.
The restriction of individuals’ freedoms remained inseparable from State Socialism.
Political jokes under Kádár may provide insights into how the restriction of human rights impacted the humour of the oppressed.
Political jokes under Kádár may provide insights into the concerns oppressed people had in their specific political context.
'The constraints on serious political speech' exist in totalitarian regimes.
Joking played a crucial role in totalitarian regimes.
Joking evaded 'externally imposed restraints on speech' in totalitarian regimes.
Joke-tellers did more than simply entertain by making up and sharing jokes.
The process of making up and sharing jokes fulfilled complex psychological and social functions.
The process of making up and sharing jokes gave people a sense of control in a totalitarian system where fear was a central component.
The nature of joke texts mattered less than the circumstances of their telling.
The "reeling out" of political jokes (anekdoty) was important in late Soviet Socialism.
The "reeling out" process was almost a ritual.
The "reeling out" process was a ubiquitous part of everyday life in Brezhnev’s time (1964–1982).
Yurchak connects the higher number of political jokes with the Brezhnev period being less repressive than Stalinist rule.
Jokes under Kádár demonstrated that fear, resignation, pessimism, apathy, and helplessness did not disappear after the 1956 Revolution and subsequent retaliations.
The years between 1963 and 1989 did not feature random acts of terror and violence elemental in Stalinist rule.
Negative feelings resulted in a unique set of political jokes.
Ethnographer Imre Katona’s Joke Collection will be introduced and analyzed, divided into three thematic sections.
Katona (1980: 53) labelled the jokes in his collection ‘public life jokes’.
The jokes addressed different areas of State Socialism in Hungary, including culture, politics, and economy.
In totalitarian regimes every issue eventually became political.
The study will focus on jokes criticising the absurdity and pointlessness of Communism/State Socialism in general.
The study will focus on jokes criticising the incompetence of the political elite in particular.
Jokes that emphasised the stupidity of individuals, groups, and the entire system were the most popular type of humour in Russia and East-Central Europe.
Mocking politicians was psychologically beneficial by processing frustration.
Mocking politicians was socially beneficial by strengthening a sense of belonging.
Mocking politicians was socially beneficial by sharing a common sense of suffering.
Mocking politicians was not limited to totalitarian societies.
The difference in context for political jokes is crucial.
In a democratic setting, political jokes are not illegal.
In a democratic setting, joke-telling does not bear the same consequences as in a totalitarian setting.
Democratic societies allow citizens the freedom to express opinions and dissatisfaction by voting for other parties and politicians.
Expressing opinions and dissatisfaction by voting was not a possibility in State Socialist Hungary.
The incompetence of the Hungarian Communist political leadership provided plenty of ammunition for jokers throughout the period.
Hungarian jokes addressed the absurdities of the oppressive regime through direct or indirect references to fear and violence.
Frustration and lack of hope were visible in recurring jokes about exploitation, poverty, and corruption.
Jokes about exploitation, poverty, and corruption contradicted the image of Kádárist Hungary as ‘the jolliest barrack of the Eastern Bloc’.
Jokes often addressed the continuous reinterpretation of Socialism and Communism.
Jokes highlighted the contrast between theoretical ideology and its ridiculous implementation into practice.
The study will analyse jokes about Kádár.
Kádár represented power and oppression.
Kádár represented the leadership of the post-Stalinist party-state.
Kádár placed great emphasis on publicly rejecting the personality cults of Stalin and Rákosi.
The majority of jokes featuring Kádár portrayed him in a negative light.
Most personality cult jokes in Hungary were recycled.
Most personality cult jokes in Hungary were not created during the rule of dictators.
Most personality cult jokes in Hungary had either existed before as prototype jokes or came into existence after the fall or death of dictators.
Personality cult jokes appealed to people’s sense of justice.
Recycling jokes from a different time period or another part of the Eastern Bloc did not necessarily signal a lack of creativity.
Recycling jokes showed that problems persisted.
Recycling jokes showed that citizens had no other alternative to process the hopelessness of their situation.
Helplessness and pessimism can be traced in both recycled and original jokes before 1989.
Kádár personified the violent crushing of the 1956 Revolution.
Kádár served as a reminder of the hopelessness of challenging the State Socialist system.
Kádár could not overcome his Soviet connections after more than 30 years in power.
Jokes looked beyond Hungary.
Jokes addressed civil rights violations elsewhere in the Eastern Bloc.
The study will assess how Hungarian jokes reflected on the suppression of the Prague Spring of 1968.
The study will assess the Hungarian view of well-known Communist figures.
Special attention is given to Hungarian perceptions of Romanian dictator Nicolae Ceauşescu.
Nicolae Ceauşescu’s rule followed Stalinist patterns between 1965 and 1989.
Nicolae Ceauşescu’s rule followed Stalinist patterns with decades-long delay compared to the Soviet Union or Hungary.
Gallows humour was a common feature in jokes about Ceauşescu.
Gallows humour in jokes about Ceauşescu processed the cruelty and violence ubiquitous under Ceauşescu.

**********Claims for hard query**********

The "reeling out" process was a ubiquitous part of everyday life in Brezhnev’s time (1964–1982).
Democratic societies allow citizens the freedom to express opinions and dissatisfaction by voting for other parties and politicians.
The "reeling out" process was almost a ritual.

**********Formulated hard query**********

The "reeling out" process was a ubiquitous part of everyday life `during someone's rule`.
Democratic societies allow citizens the freedom to express opinions and dissatisfaction `in a certain way`.
The "reeling out" process was `in a certain state`.

**********Claims for medium query**********

Helplessness and pessimism can be traced in both recycled and original jokes before 1989.
Special attention is given to Hungarian perceptions of Romanian dictator Nicolae Ceauşescu.
Laughter flourished in repressive societies due to the everyday need to navigate through the absurdity of the system.

**********Formulated medium query**********

Helplessness and pessimism can be traced in **certain types of jokes** before 1989.
Special attention is given to Hungarian perceptions of **someone**.
Laughter flourished in **certain types of societies** due to the everyday need to navigate through the absurdity of the system.

**********Claims for easy query**********

Political jokes under Kádár may provide insights into how the restriction of human rights impacted the humour of the oppressed.
Political jokes in Hungary between 1963 and 1989 may contribute to a more comprehensive understanding of the link between state oppression and human rights.
Political jokes under Kádár may provide insights into the concerns oppressed people had in their specific political context.

**********Formulated easy query**********

Political jokes under **someone** may provide insights into how the restriction of human rights impacted the humour of the oppressed.
Political jokes in **somewhere** between 1963 and 1989 may contribute to a more comprehensive understanding of the link between state oppression and human rights.
Political jokes under Kádár may provide insights into the concerns oppressed people had **in a certain state**.

**********Page content extracted**********

Title: Wilde about Ulysses: Deleuzian Assemblages and The Importance of Being Oscar
URL: https://olh.openlibhums.org/article/id/16536/
Content: ## Abstract

While Oscar Wilde’s influence on James Joyce has been explored by many scholars, the flamboyant playwright, novelist, journalist, and critic’s importance to _Ulysses_ remains elusive. We suggest that Wildean avatars—Deleuzian ‘assemblages’ (D

**********Extracted claims**********

The importance of Oscar Wilde to _Ulysses_ remains elusive, despite many scholars exploring Wilde's influence on James Joyce.
Wildean avatars, defined as Deleuzian ‘assemblages’, open _Ulysses_ in the form of Buck Mulligan in ‘Telemachus’.
Wildean avatars, defined as Deleuzian ‘assemblages’, close _Ulysses_’s public narrative in the form of D. B. Murphy in ‘Eumaeus’.
Wildean avatars, defined as Deleuzian ‘assemblages’, trigger the private resolutions of the main cast members in ‘Ithaca’ and ‘Penelope’.
These assemblages bookend _Ulysses_’s opening and closing.
These assemblages highlight overlooked queer themes in _Ulysses_.
These assemblages particularly highlight the socially constructed nature of identity.
Buck Mulligan and D. B. Murphy are highly costumed and performative characters.
Buck Mulligan and D. B. Murphy establish Oscar Wilde’s foundational importance to _Ulysses_.
Buck Mulligan and D. B. Murphy epitomize the queering influence that permeates _Ulysses_.
The queering influence permeating _Ulysses_ has only recently begun to be acknowledged.
James Joyce was absorbed by scandals, both his own and those of others, throughout his formative years and literary career.
Margot Gayle Backus states that James Joyce became fixated on newspapers and newspaper scandals in his youth, which in turn inspired his notoriously scandalous writings.
Homosexual scandals, such as the Dublin Castle case of 1884 and the Cleveland Street incident of 1889, piqued James Joyce’s interest.
The 1895 trials and subsequent fate of Oscar Wilde were particularly consequential for James Joyce’s life and work.
The scandals attached to the Oscar Wilde trials framed and influenced James Joyce’s composition of _Ulysses_.
The Deleuzian concept of the assemblage involves the rejection of unity in favour of multiplicity, according to Thomas Nail.
The Deleuzian concept of the assemblage involves the rejection of essence in favour of events, according to Thomas Nail.
Oscar Wilde’s identity was varied.
The scandalous side of Oscar Wilde after the trials was just one part of a whole array of Oscar Wilde’s various and changing identities.
Oscar Wilde’s influence on _Ulysses_ has been explicated by many critics.
Oscar Wilde himself, albeit in costume or disguise, appears in _Ulysses_.
Oscar Wilde, in costume or disguise, informs the complex and polyvalent ontology of Buck Mulligan and D. B. Murphy.
Oscar Wilde, in costume or disguise, triggers the resolutions that end _Ulysses_ after Buck Mulligan and D. B. Murphy exit the public narrative.
Buck Mulligan and D. B. Murphy reveal James Joyce’s investment in the queer nature of Oscar Wilde’s various identities while James Joyce was writing _Ulysses_.
Oscar Wilde’s influence on _Ulysses_ was radically progressive.
Oscar Wilde’s influence on _Ulysses_ was bold by the standards of queer politics in the 1920s.
Oscar Wilde’s influence on _Ulysses_ anticipated a far more complex understanding of queer identities.

**********Claims for hard query**********

The Deleuzian concept of the assemblage involves the rejection of unity in favour of multiplicity, according to Thomas Nail.
The Deleuzian concept of the assemblage involves the rejection of essence in favour of events, according to Thomas Nail.
Buck Mulligan and D. B. Murphy are highly costumed and performative characters.

**********Formulated hard query**********

The Deleuzian concept of the assemblage involves the rejection of unity in favour of multiplicity, according to someone.
The Deleuzian concept of the assemblage involves the rejection of something in favour of events, according to Thomas Nail.
Someone and D. B. Murphy are highly costumed and performative characters.

**********Claims for medium query**********

Wildean avatars, defined as Deleuzian ‘assemblages’, close _Ulysses_’s public narrative in the form of D. B. Murphy in ‘Eumaeus’.
Wildean avatars, defined as Deleuzian ‘assemblages’, open _Ulysses_ in the form of Buck Mulligan in ‘Telemachus’.
The 1895 trials and subsequent fate of Oscar Wilde were particularly consequential for James Joyce’s life and work.

**********Formulated medium query**********

Wildean avatars, defined as Deleuzian ‘assemblages’, close _Ulysses_’s public narrative in the form of **someone** in ‘Eumaeus’.
Wildean avatars, defined as Deleuzian ‘assemblages’, open _Ulysses_ in the form of Buck Mulligan in **something**.
The 1895 trials and subsequent fate of Oscar Wilde were **in a certain way** for James Joyce’s life and work.

**********Claims for easy query**********

Buck Mulligan and D. B. Murphy reveal James Joyce’s investment in the queer nature of Oscar Wilde’s various identities while James Joyce was writing _Ulysses_.
Oscar Wilde’s influence on _Ulysses_ anticipated a far more complex understanding of queer identities.
The scandals attached to the Oscar Wilde trials framed and influenced James Joyce’s composition of _Ulysses_.

**********Formulated easy query**********

Someone reveal James Joyce’s investment in the queer nature of Oscar Wilde’s various identities while James Joyce was writing _Ulysses_.
Oscar Wilde’s influence on _Ulysses_ anticipated something.
The scandals attached to the Oscar Wilde trials in a certain way James Joyce’s composition of _Ulysses_.

**********Page content extracted**********

Title: Humour from the Right: Authoritarian Populism and Punch-Down Laughter in India
URL: https://olh.openlibhums.org/article/id/16778/
Content: ## Abstract

This paper examines India’s authoritarian populist politics through a study of humorous speeches made by the nation’s prime minister, Narendra Modi, known for his Hindu supremacist right-wing stance. It qualitatively analyses Modi’s strategic

**********Extracted claims**********

A study of humorous speeches by Narendra Modi examines India’s authoritarian populist politics.
Narendra Modi is known for his Hindu supremacist right-wing stance.
The study qualitatively analyzes Narendra Modi’s strategic use of humour.
Narendra Modi’s humour targets marginalized groups.
Marginalized groups targeted by Narendra Modi’s humour include intellectuals, women, people with disabilities, and the Muslim community.
The act of suicide has been a target of Narendra Modi’s humour.
The state of widowhood has been a target of Narendra Modi’s humour.
The study employs textual analysis of specific jokes and insults delivered by Narendra Modi in public forums.
The study demonstrates that carnivalesque speech is used to ‘punch down’ on individuals and groups based on their identity.
The paper compares Narendra Modi's humour with Donald Trump's use of similar humour.
Both Narendra Modi and Donald Trump utilize humour to destabilize their opposition.
Both Narendra Modi and Donald Trump utilize humour to mock minorities.
The study uses Mikhail Bakhtin’s carnival theory as a lens.
Bakhtin’s carnival theory originally posits a democratic and inclusive potential to subvert power.
The study argues that the ‘inverted carnival’ employed by leaders like Narendra Modi and Donald Trump serves to consolidate power.
The study argues that the ‘inverted carnival’ employed by leaders like Narendra Modi and Donald Trump serves to undermine minority rights.
This research introduces the concept of ‘inverted carnival’.
The concept of ‘inverted carnival’ is a new framework for analyzing the use of humour in authoritarian populist governance globally.
Narendra Modi has tweeted about the need for more satire and humour in public life.
Narendra Modi has emphasized the power of satire and humour to bring happiness and healing.
In January 2017, Narendra Modi tweeted from his @PMOIndia handle that more satire and humour are needed.
Narendra Modi stated in a tweet that humour brings happiness and is the best healer.
In March 2017, Narendra Modi tweeted from his @narendramodi handle that more humour is needed in public life.
Narendra Modi has expressed favor for humour by tweeting about it twice.
One tweet by Narendra Modi about humour was from his official prime ministerial account.
Another tweet by Narendra Modi about humour was from his personal account.
Narendra Modi contends that humour has uplifting and restorative powers.
Narendra Modi stresses the importance of humour in public life.
Narendra Modi highlighted humour’s beneficial powers.
Humour also possesses damaging powers.
Narendra Modi tells jokes.
Narendra Modi has called his political rivals names at public events and electoral rallies.
Narendra Modi has targeted scholarly figures in his speeches.
Narendra Modi has targeted women in his speeches.
Narendra Modi has targeted disabled people in his speeches.
Narendra Modi has targeted Muslims in his speeches.
Narendra Modi is not known to make self-deprecatory jokes often or effectively when addressing audiences in India.
Narendra Modi has used self-mockery during his visit to the US.
Narendra Modi has used delightful rhetoric to entertain his audience in Australia.
Narendra Modi’s political style has been described as authoritarian populist.
Authoritarian populism is understood as a widespread international trend towards illiberalism.
Authoritarian populism is a kind of politics rooted in setting one group of people against another.
In authoritarian populism, leadership represents itself as the voice of the ‘common people’.
In authoritarian populism, leadership presents a struggle against ‘the elite’ and minority groups.
In authoritarian populism, the leader is represented as a ‘strongman’.
In authoritarian populism, the leader possesses a cult-like personality.
In authoritarian populism, the leader embodies the will of the common people.
The trend of authoritarian populism has degraded democratic discourse.
The trend of authoritarian populism has fuelled nationalism.
The trend of authoritarian populism has obscured the lines between truth and fiction.
Donald Trump, the 45th president of the USA, has been described as an authoritarian populist.
Donald Trump used mocking humour as a political weapon.
Donald Trump used mocking humour to destabilize his opponents.
Donald Trump used mocking humour to wear down democracy.
Donald Trump is known for his disregard of minority rights.
Donald Trump is known for his ridicule of women.
Donald Trump is known for his ridicule of immigrants.
Donald Trump has been accused of mocking a disabled reporter.
Both Donald Trump and Narendra Modi engage in strongman mockery.
The strongman mockery by Donald Trump and Narendra Modi is aimed at belittling minority groups.
The strongman mockery by Donald Trump and Narendra Modi is aimed at belittling the so-called establishment.
Strongman mockery by Donald Trump and Narendra Modi engenders popular electoral support.
Strongman mockery by Donald Trump and Narendra Modi maintains popular electoral support.
The historical origins of the Bharatiya Janata Party (BJP) in the 1920s have been linked to ideological sympathies with European fascism.
The BJP is widely recognised for its right-wing politics.
The leadership of the BJP is widely recognised for its right-wing politics.
Mikhail Bakhtin, a Russian philosopher and literary critic, conceptualized carnival.
Bakhtin conceptualized carnival as a popular festive form.
Carnival, as conceptualized by Bakhtin, symbolizes the inversion of accepted social order.
Within Bakhtin’s carnival framework, laughter is a form of resistance to power.
Within Bakhtin’s carnival framework, laughter engenders a sense of subversion from below.
Bakhtin’s carnival model has critics.
Bakhtin’s carnival model has been commended for its democratic ethic.
Bakhtin’s carnival model has been commended for its potential to open up spaces that challenge hierarchies.
Scholars have studied Bakhtin’s work in the context of India.
Connections have been drawn between Bakhtin’s concepts and ancient Indian philosophical traditions.
This study examines aspects of ‘punch-down’ humour in Narendra Modi’s speeches.
This study uses Bakhtin’s carnival model to examine aspects of ‘punch-down’ humour in Narendra Modi’s speeches.
The study seeks to understand the objective behind Narendra Modi’s humour.
Narendra Modi’s humour targets disability, mental health, suicide, intellectualism, women, widowhood, and the Indian National Congress Party.
The paper analyzes how humour is wielded by India’s populist leadership from their position of power.
India’s populist leadership seemingly punches up at the ‘establishment’.
The ‘establishment’ is represented by the Nehru-Gandhi dynastic members of the Congress.
In Bakhtin’s model, the common ‘folk’ were allowed carnival as an event to mock authority figures.
In Bakhtin’s model, carnival allowed the common ‘folk’ to punch up at those higher up in the hierarchy.
In the contexts of Narendra Modi and Donald Trump, humour is used to punch down.
Narendra Modi and Donald Trump are both powerful individuals.
As populist politicians, Narendra Modi and Donald Trump have avowedly positioned themselves as outsiders.
Narendra Modi and Donald Trump have avowedly positioned themselves as being located on the margins.
From their avowed positions, Narendra Modi and Donald Trump appear to be punching up at the establishment.
The actions of Narendra Modi and Donald Trump shape public opinion.
The actions of Narendra Modi and Donald Trump arguably influence electoral outcomes.
The paper argues that this kind of carnivalesque use is a co-option of Bakhtin’s carnival vision.
The co-option of Bakhtin’s carnival vision is for undemocratic gains.
This carnivalesque use is an inversion of the Bakhtinian carnival inversion.
This inversion brings one back to the status quo.
This form of carnivalesque punches down to reinforce hierarchies.
The co-opted model of carnival inversion is a novel framework.
The novel framework may be useful in studies of punch-down humour used by politicians globally.

**********Claims for hard query**********

Donald Trump has been accused of mocking a disabled reporter.
This inversion brings one back to the status quo.
Donald Trump is known for his disregard of minority rights.

**********Formulated hard query**********

Donald Trump has been accused of mocking a certain type of person.
This inversion brings one back to a certain state.
Donald Trump is known for his in a certain way.

**********Claims for medium query**********

Narendra Modi stated in a tweet that humour brings happiness and is the best healer.
The study uses Mikhail Bakhtin’s carnival theory as a lens.
Narendra Modi tells jokes.

**********Formulated medium query**********

Someone stated in a tweet that humour brings happiness and is the best healer.
The study uses something as a lens.
Narendra Modi tells something.

**********Claims for easy query**********

This study uses Bakhtin’s carnival model to examine aspects of ‘punch-down’ humour in Narendra Modi’s speeches.
The paper analyzes how humour is wielded by India’s populist leadership from their position of power.
The concept of ‘inverted carnival’ is a new framework for analyzing the use of humour in authoritarian populist governance globally.

**********Formulated easy query**********

This study uses a certain model to examine aspects of ‘punch-down’ humour in Narendra Modi’s speeches.
The paper analyzes how humour is wielded by a certain leadership from their position of power.
A certain concept is a new framework for analyzing the use of humour in authoritarian populist governance globally.

**********Page content extracted**********

Title: Photo Archives and Linked Open Data. The Added Value
URL: https://olh.openlibhums.org/article/id/15232/
Content: ## Abstract

In the last two decades, cultural heritage institutions have been revisiting the way they publish their data. Due to the rise of Semantic Web technologies and graph-based search engines, the shift in the technology stack has required many to 

**********Extracted claims**********

Cultural heritage institutions have been revisiting their data publication methods in the last two decades.
The rise of Semantic Web technologies and graph-based search engines has prompted a reconsideration of data organization in many institutions.
The shift in data publication and organization methods in cultural heritage institutions has led to the development of data literacy skills among cataloguers, archivists, and collection managers.
Cataloguers, archivists, and collection managers were promised a revamp of their institution's image in terms of authoritativeness.
The promised revamp of authoritativeness was attributed to improved data quality.
Cataloguers, archivists, and collection managers were promised a revamp of their institution's image in terms of attractiveness towards patrons.
The promised revamp of attractiveness was attributed to enhanced search capabilities.
The rise of Semantic Web technologies has necessitated revisions in technology stacks and knowledge organization arrangements for organizations across various knowledge domains.
The Cultural Heritage domain has enthusiastically adopted Linked Open Data (LOD) technologies since the beginning of the LOD movement.
The Cultural Heritage domain currently represents one of the major application fields for Linked Open Data (LOD).
Libraries, archives, and museums (LAMs) have extensively adopted the Semantic Web/Linked Open Data paradigm, with varying degrees of implementation.
Scholarship in Cultural Analytics and Digital Humanities contains numerous case studies demonstrating successful institutional adoption of the Semantic Web.
Projects often address technical challenges arising from legacy data and software solutions.
Projects typically introduce new data sources, tools, or frameworks to resolve research problems.
A common goal for Semantic Web adoption is to achieve benefits like improved information retrieval, facilitated record linking, improved visibility, and enhanced analytics and services/applications.
Despite consistent referencing of benefits as a motivator for Semantic Web adoption, extensive discussion and evaluation of these achievements are not found in the literature.
Projects demonstrate the achievement of technological goals, but they do not provide evidence of benefits achieved or the extent of those benefits.
Traditional research methods persist in online catalogues, despite the promise of better analytics and new services.
Small institutions relying on aggregators for data publication lack the financial capacity to develop collection-specific tools.
Photo archives serve as a representative, yet understudied, example in the context of Semantic Web adoption.
Photo archives have increasingly digitized their collections and made them available through digital catalogues.
Digital catalogues of photo archives support scholars in iconographic and historiographic research.
Art historical photo archives are drawn to Linked Open Data (LOD).
Linked Open Data (LOD) can address the lack of structured metadata about image content.
Linked Open Data (LOD) can serve as a common language to integrate photo collections across different institutions.
The integration of photo collections aims to support scholars with advanced search capabilities.

**********Claims for hard query**********

Small institutions relying on aggregators for data publication lack the financial capacity to develop collection-specific tools.
Projects demonstrate the achievement of technological goals, but they do not provide evidence of benefits achieved or the extent of those benefits.
The promised revamp of attractiveness was attributed to enhanced search capabilities.

**********Formulated hard query**********

Small institutions relying on aggregators for data publication lack something to develop collection-specific tools.
Projects demonstrate the achievement of something, but they do not provide evidence of benefits achieved or the extent of those benefits.
The promised revamp of attractiveness was attributed to something.

**********Claims for medium query**********

The rise of Semantic Web technologies and graph-based search engines has prompted a reconsideration of data organization in many institutions.
Traditional research methods persist in online catalogues, despite the promise of better analytics and new services.
A common goal for Semantic Web adoption is to achieve benefits like improved information retrieval, facilitated record linking, improved visibility, and enhanced analytics and services/applications.

**********Formulated medium query**********

The rise of **something** has prompted a reconsideration of data organization in many institutions.
Traditional research methods are **in a certain state** in online catalogues, despite the promise of better analytics and new services.
A common goal for Semantic Web adoption is to achieve **something**.

**********Claims for easy query**********

Linked Open Data (LOD) can serve as a common language to integrate photo collections across different institutions.
Art historical photo archives are drawn to Linked Open Data (LOD).
Libraries, archives, and museums (LAMs) have extensively adopted the Semantic Web/Linked Open Data paradigm, with varying degrees of implementation.

**********Formulated easy query**********

Linked Open Data (LOD) can serve as a common language to integrate something across different institutions.
Someone is drawn to Linked Open Data (LOD).
Libraries, archives, and museums (LAMs) have adopted the Semantic Web/Linked Open Data paradigm in a certain way, with varying degrees of implementation.

**********Page content extracted**********

Title: Katherine Anne Porter’s Ship of Fools and the Ephemeral Promise of Transnational Community
URL: https://olh.openlibhums.org/article/id/16531/
Content: ## Abstract

In the 1920s and 1930s, transatlantic steam travel was at its fastest and most accessible. During voyages lasting mere days or weeks, shipping lines used onboard aesthetics and ephemera to construct community, attempting to replace national b

**********Extracted claims**********

Transatlantic steam travel was at its fastest and most accessible in the 1920s and 1930s.
During voyages, shipping lines used onboard aesthetics and ephemera to construct community.
Shipping lines attempted to replace national belonging with transnational solidarity during voyages.
Katherine Anne Porter’s novel _Ship of Fools_ suggests that the attempt to transcend passengers’ national loyalties could not counter the rising international tensions of the period.
_Ship of Fools_ was published in 1962.
_Ship of Fools_ was written largely after a 1931 trip.
The article considers how Porter’s inclusion of Interwar steamship travel ephemera allows her to represent transnational solidarity as temporary or illusory.
The article argues that Porter uses the intrinsically flimsy foundations of transnational solidarity aboard the ocean liner to indicate that international cooperation in the era would not succeed.
The paper asserts that Porter’s treatment of shipboard community runs counter to existing narratives about the exceptionalism of Interwar shipboard experience.
The paper asserts that _Ship of Fools_ reveals something new about the ways fiction can preserve the temporality of ephemera differently than the archive can.
Sinclair Lewis’s 1929 novel _Dodsworth_ describes newly embarked ocean liner passengers comically surveying ‘their fellow-citizens in this brave village amid the desert of waters’.
F. Scott Fitzgerald’s 1934 novel _Tender is the Night_ refers to the liner’s denizens as ‘citizen[s] of a commonwealth smaller than Andorra’.
_Dodsworth_ and _Tender is the Night_ emphasize attachments formed aboard ships when transatlantic passenger travel was at its peak in popularity and ease.
Travelers were thrust into community with people from around the world when ensconced at sea.
Travelers were encouraged to temporarily replace national belonging with shipboard solidarity in the new milieu.
The finite nature of crossings meant that bonds must be swiftly established and might dissipate quickly upon disembarkation.
Documents are integral to the social order that people inhabit, according to Lisa Gitelman’s book about the power of quotidian documents.
Shipboard materials clearly establish the parameters of a short-lived society.
Placing the name of the line or liner prominently throughout the ship was one means of inviting passengers into community.
The name of the line or liner was engraved on glassware, painted on dishes, woven into curtains, carved into furniture, embroidered on ribbons, and stamped on playing cards, napkins, and stationery.
This repetition provided passengers with visual reminders of their new, temporary affiliation.
The record of shipboard solidarity persists in discussions of transient belonging that appear in novels such as _Tender is the Night_ and _Dodsworth_.
The record of shipboard solidarity persists in the persistent travel ephemera that can be read in parallel with novels’ narrative accounts.
Katherine Anne Porter’s _Ship of Fools_ (1962) engages both records of shipboard community.
_Ship of Fools_ narrates shipboard community.
_Ship of Fools_ incorporates shipboard ephemera.
_Ship of Fools_ is the only long novel by Katherine Anne Porter.
Katherine Anne Porter is a Pulitzer Prize-winning American author.
Katherine Anne Porter is best known for her short stories.
_Ship of Fools_ is set aboard a steamship in 1931.
The fictional S.S. _Vera_ sailed from Mexico to Germany.
The novel _Ship of Fools_ preserves in language documents designed to become the detritus of travel.
_Ship of Fools_ references tickets, seating cards, cabin cards, shipboard newspapers, and lunch and dinner menus.
Porter recognizes the steamship as a contained society where the passengers would adopt new commitments.
Porter describes the ship as a ‘temporary haven’ on the opening page of _Ship of Fools_.
Porter suggests that documents create a social order.
The beginning of _Ship of Fools_ states that the _Vera_’s passengers hoped their ‘papers might establish for [them] at least a momentary immunity from the hazards of [their] enterprise’.
In Porter’s book, documents betray their bearers.
In Porter’s book, documents are as likely to cause division as to build solidarity.
Porter uses the ship as a space to stage the failure of the international project.
_Ship of Fools_ is set during a period of transnational promise but also increasing national tensions.
The article's reading of _Ship of Fools_ carries two implications beyond Interwar geopolitics.
_Ship of Fools_ maintains not only the material aspects of ephemera but its temporal nature as well.

**********Claims for hard query**********

Documents are integral to the social order that people inhabit, according to Lisa Gitelman’s book about the power of quotidian documents.
The fictional S.S. _Vera_ sailed from Mexico to Germany.
The name of the line or liner was engraved on glassware, painted on dishes, woven into curtains, carved into furniture, embroidered on ribbons, and stamped on playing cards, napkins, and stationery.

**********Formulated hard query**********

Documents are integral to the social order that people inhabit, according to something.
The fictional S.S. _Vera_ sailed from a certain place to another certain place.
The name of the line or liner was displayed on various items.

**********Claims for medium query**********

Porter recognizes the steamship as a contained society where the passengers would adopt new commitments.
_Ship of Fools_ is set aboard a steamship in 1931.
Shipboard materials clearly establish the parameters of a short-lived society.

**********Formulated medium query**********

Someone recognizes the steamship as a contained society where the passengers would adopt new commitments.
_Ship of Fools_ is set aboard a steamship at a certain time.
Shipboard materials clearly establish something.

**********Claims for easy query**********

The article considers how Porter’s inclusion of Interwar steamship travel ephemera allows her to represent transnational solidarity as temporary or illusory.
Katherine Anne Porter’s novel _Ship of Fools_ suggests that the attempt to transcend passengers’ national loyalties could not counter the rising international tensions of the period.
The record of shipboard solidarity persists in discussions of transient belonging that appear in novels such as _Tender is the Night_ and _Dodsworth_.

**********Formulated easy query**********

The article considers how Porter’s inclusion of Interwar steamship travel ephemera allows her to **in a certain way**.
Katherine Anne Porter’s novel _Ship of Fools_ suggests that **something** could not counter the rising international tensions of the period.
The record of shipboard solidarity persists in **something else** that appear in novels such as _Tender is the Night_ and _Dodsworth_.

**********Page content extracted**********

Title: Exploring Knowledge Graphs for Medieval and Renaissance Manuscripts with SPARQL
URL: https://olh.openlibhums.org/article/id/15329/
Content: ## Abstract

This article reports on research into the use of SPARQL for querying knowledge graphs, in the form of Linked Open Data triple stores, which relate to the history and provenance of medieval manuscripts. It looks at several recent initiatives a

**********Extracted claims**********

Recent initiatives and projects rely on RDF and SPARQL.
These initiatives and projects include Mapping Manuscript Migrations.
These initiatives and projects also include the Wikibase implementation of Digital Scriptorium.
Possible future directions in the field include the development of visual interfaces for SPARQL queries.
Possible future directions in the field also include the potential use of AI chatbots to formulate SPARQL queries.
SPARQL is the query language used with knowledge graphs constructed in accordance with the World Wide Web Consortium’s standards for Linked Open Data (LOD).
Knowledge graphs following LOD standards consist of sentence-like statements, also known as RDF triples.
RDF triples represent information about entities and their properties in the form: subject – predicate – object.
These knowledge graphs are defined using one or more declared ontologies and vocabularies.
Knowledge graphs constructed in accordance with LOD standards represent a complex body of interconnected knowledge.
Knowledge graphs constructed in accordance with LOD standards require a relatively complex methodology for querying and exploring them.
SPARQL is designed to provide a methodology for querying and exploring complex knowledge graphs.
Various other methods exist for structuring knowledge, including relational databases, other types of graph databases, document databases, and key-value databases.
The advantages and disadvantages of RDF triple stores, when compared to other knowledge structuring approaches, have been widely discussed.
RDF and SPARQL offer a sophisticated and valuable way of representing and querying data about medieval and Renaissance manuscripts.
RDF and SPARQL can serve to answer complex research questions about the history and provenance of manuscripts.
The Mapping Manuscript Migrations project found that SPARQL queries could answer a set of specific research questions considerably more effectively and fully than interfaces based on relational databases or TEI-encoded documents.
SPARQL can be deployed in multiple ways.
SPARQL can be run against a SPARQL endpoint using a third-party Web service like Yasgui.
SPARQL can also be run using the native query interface to an endpoint.
Wikidata and other Wikibase implementations use the native query interface to an endpoint.
Other approaches have been developed due to the relative complexity and expertise required to construct SPARQL queries.
One approach involves embedding SPARQL queries into other forms of software, such as Sampo-UI.
Sampo-UI is used for the Mapping Manuscript Migrations service.
Attempts have been made to develop visual interfaces for constructing SPARQL queries.
Some initial experiments have been carried out in getting AI chatbots like ChatGPT to write SPARQL queries.
In recent years, several knowledge graphs of data about medieval and Renaissance manuscripts have been published to the Web.
These knowledge graphs use the Linked Open Data and RDF framework.
The most notable of these knowledge graphs take the form of a standalone RDF triple store and graph database, with a SPARQL endpoint.
The Mapping Manuscript Migrations project is the fullest purpose-built example of a standalone RDF triple store and graph database with a SPARQL endpoint.
The Schoenberg Database of Manuscripts, a customized relational database, has transformed its data to RDF.
The Schoenberg Database of Manuscripts has made its RDF data available through a public SPARQL endpoint.
The Bibale database of manuscript provenance data has transformed its data to RDF.
The Bibale database does not offer a SPARQL endpoint.
The Biblissima service includes a standalone triple store.
The SPARQL endpoint for the Biblissima service is for internal use only.
The SPARQL endpoint for the Biblissima service has not been made publicly available.
Various efforts have been made to create Linked Open Data knowledge graphs of the content of specific types of manuscripts.
These specific types of manuscripts include notarial archives, Old English texts, books of hours, and music manuscripts.
Projects along these lines include Searobend, Sphaera, MusicKG, and NotaryPedia.
With the exception of MusicKG, these projects have not made a public endpoint available for SPARQL queries.

**********Claims for hard query**********

RDF triples represent information about entities and their properties in the form: subject – predicate – object.
Sampo-UI is used for the Mapping Manuscript Migrations service.
The Biblissima service includes a standalone triple store.

**********Formulated hard query**********

RDF triples represent information about entities and their properties in a certain way.
Something is used for the Mapping Manuscript Migrations service.
The Biblissima service includes something.

**********Claims for medium query**********

With the exception of MusicKG, these projects have not made a public endpoint available for SPARQL queries.
Attempts have been made to develop visual interfaces for constructing SPARQL queries.
Possible future directions in the field also include the potential use of AI chatbots to formulate SPARQL queries.

**********Formulated medium query**********

Attempts have been made to develop **something** for constructing SPARQL queries.
Possible future directions in the field also include the potential use of AI chatbots to **in a certain way**.

**********Claims for easy query**********

RDF and SPARQL offer a sophisticated and valuable way of representing and querying data about medieval and Renaissance manuscripts.
RDF and SPARQL can serve to answer complex research questions about the history and provenance of manuscripts.
The Mapping Manuscript Migrations project found that SPARQL queries could answer a set of specific research questions considerably more effectively and fully than interfaces based on relational databases or TEI-encoded documents.

**********Formulated easy query**********

RDF and SPARQL offer in a certain state of representing and querying data about medieval and Renaissance manuscripts.
RDF and SPARQL can serve to answer some kind of questions about the history and provenance of manuscripts.
Something found that SPARQL queries could answer a set of specific research questions considerably more effectively and fully than interfaces based on relational databases or TEI-encoded documents.

**********Page content extracted**********

Title: Implementing Linked Art in a Multi-Modal Database for Cross-Collection Discovery
URL: https://olh.openlibhums.org/article/id/15407/
Content: ## Abstract

Yale University has implemented a knowledge graph based discovery system that brings together the various art, natural history, archival, conservation and bibliographic collections using Linked Open Usable Data standards such as Linked Art an

**********Extracted claims**********

Yale University has implemented a knowledge graph-based discovery system.
The system brings together various art, natural history, archival, conservation, and bibliographic collections.
The system utilizes Linked Open Usable Data standards, specifically Linked Art and IIIF.
The system comprises more than 41 million records.
The system's records are projected to expand to more than 2 billion RDF triples.
The system's scale is similar to Europeana.
A five-year effort was undertaken concerning the usability of linked data structures across the organization.
Technologies needed to make use of the knowledge in a performant way were identified.
Appropriate design paradigms for front-end applications were determined.
Front-end applications should make the knowledge graph easily and intuitively accessible to researchers and the public.
Consistency in data modeling is a necessity for the system.
Records are an essential concept to maintain through multi-modal systems.
Hypertext and web caches are used to maintain separation between systems.
Yale University designed, implemented, and published a novel cross-collection and cross-domain discovery application between 2018 and 2023.
The application enables unified digital access to cultural heritage items in Yale University's museums, libraries, archives, and special collections.
The application is named LUX.
LUX was built using Linked Open Usable Data (LOUD).
The fundamental paradigm for LUX was to ensure that the collections were presented in a connected and coherent fashion, rather than merely aggregating records.
Prototypes were built and evaluations were performed throughout the development of LUX.
Evaluations aimed to find the most appropriate solutions around data, technology, and the interactions between systems and people.
The application LUX is in active use by faculty, staff, students, and the general public.
Users utilize LUX to discover and engage with the collections held by Yale University.
The code for LUX is available via the GitHub platform.
Implementations can be richer and provide generous interfaces for the benefit of users by following design principles that emphasize usability over semantic completeness.
The article is divided into sections based on three core areas of work: data, the technologies used, and the design of the front-end application.

**********Claims for hard query**********

Hypertext and web caches are used to maintain separation between systems.
The system comprises more than 41 million records.
Consistency in data modeling is a necessity for the system.

**********Formulated hard query**********

Something is used to maintain separation between systems.
The system comprises a certain number of records.
Something is a necessity for the system.

**********Claims for medium query**********

Technologies needed to make use of the knowledge in a performant way were identified.
The article is divided into sections based on three core areas of work: data, the technologies used, and the design of the front-end application.
The system's scale is similar to Europeana.

**********Formulated medium query**********

Technologies needed to make use of the knowledge in a certain way were identified.
The article is divided into sections based on something.
The system's scale is similar to something.

**********Claims for easy query**********

Users utilize LUX to discover and engage with the collections held by Yale University.
Yale University designed, implemented, and published a novel cross-collection and cross-domain discovery application between 2018 and 2023.
Yale University has implemented a knowledge graph-based discovery system.

**********Formulated easy query**********

Users utilize something to discover and engage with the collections held by Yale University.
Yale University in a certain way a novel cross-collection and cross-domain discovery application between 2018 and 2023.
Yale University has implemented something.

**********Page content extracted**********

Title: Semantic Instability and Philosophical Pessimism: Reading ‘De Profundis’ and Finnegans Wake with Schopenhauer
URL: https://olh.openlibhums.org/article/id/15319/
Content: ## Abstract

The following article explores Oscar Wilde’s and James Joyce’s different approaches to language. To offer a new perspective on the authors’ distinct approaches to words and syntax, I incorporate the philosophy of Arthur Schopenhauer that conn

**********Extracted claims**********

Arthur Schopenhauer maintains that the only knowledge afforded to humans is mediated by the senses and filtered by subjective perception.
The idea of a futile pursuit of knowledge is central to the pessimistic underpinnings of Schopenhauer’s philosophy.
Among the numerous allusions to Oscar Wilde in _Finnegans Wake_, direct references exist to Wilde’s particular way of reading Queensbury’s note by imposing an intelligible word (‘sodomite’) upon a misspelling (‘somdomite’).
These allusions in _Finnegans Wake_ provide commentary on the contingency of words and grammatical structures.
These allusions in _Finnegans Wake_ provide commentary on the impossibility of absolute and objective knowledge.
The non-representational features of _Finnegans Wake_ emphasize the material properties of letters more than the denotations of words.
These non-representational features of _Finnegans Wake_ align with Schopenhauer’s pessimistic vision by hindering the search for knowledge.
These non-representational features of _Finnegans Wake_ offer an aesthetic delight that affords a respite from the sufferings of existence.
_Finnegans Wake_ contains linguistic permutations, including neologisms, puns, and portmanteaux.
A historical misspelling associated with Oscar Wilde, specifically the linguistic error ‘For Oscar Wilde posing somdomite’ in a note sent to Wilde by the Marquess of Queensbury, stands out in _Finnegans Wake_.
Joyce’s fascination with sins and crimes is one reason for the prevalence of allusions to the 'somdomite' misspelling in _Finnegans Wake_.
The crimes associated with Oscar Wilde—gross indecency, buggery, and sodomy—all recur in _Finnegans Wake_.
The recurring crimes reinforce the Wakean preoccupation with sexual transgressions.
Joyce’s critique of the drive for conceptual stability is another reason for the prevalence of allusions to the 'somdomite' misspelling in _Finnegans Wake_.
The drive for conceptual stability set off the chain of events that led to Wilde’s indictment in the Central Criminal Court of England and Wales and his subsequent imprisonment.
Certain allusions to Wilde in _Finnegans Wake_ highlight Wilde’s impulse to correct the misspelling ‘somdomite’ implied by pursuing a libel action against Queensbury.
Wilde’s insistence on initiating a private prosecution against the Marquess of Queensbury included a linguistic impulse to decipher the meaning of permuted words.
This impulse involved imposing sense upon the linguistic unit ‘somdomite’, which is essentially nonsensical despite its author’s intention.
Wilde’s way of reading Queensbury’s note was a fatal appeal to the vocabulary of Victorian England.
The vocabulary of Victorian England restricted the body and its desires.
Wilde’s attitude toward established language continued in his post-indictment writing, especially in his letter ‘De Profundis’ (1905).
‘De Profundis’, written during Wilde’s confinement and published posthumously, promotes linguistic and semantic stabilities.
The linguistic and semantic stabilities promoted in ‘De Profundis’ align with the moralistic vocabulary that condemned Wilde.
In ‘De Profundis’, Wilde contrasts good and evil.
In ‘De Profundis’, Wilde suggests that rhetoric is the antithesis of truth.
In ‘De Profundis’, Wilde opposes love and hate.
In ‘De Profundis’, Wilde associates himself with ‘love’.
In ‘De Profundis’, Wilde associates his lover, Lord Alfred Douglas, with ‘hate’.
The presence of binary oppositions in ‘De Profundis’ highlights a strong tendency for maintaining semantic stability.
This tendency aligns with the conventional norms of Wilde’s era and the restrictive moralistic assumptions that governed human conduct.
‘De Profundis’ champions the importance of conceptual stability.
Conceptual stability, as championed in ‘De Profundis’, upholds traditional moral ideals.
These traditional moral ideals link individual redemption to progressive history and existential order.
Joyce shares a fascination with sexual behaviors considered inappropriate with Wilde.
Joyce’s attitude toward language suggests that semantic stability is at odds with unregulated acts of love and unauthorized desire.
Linguistic experimentations in _Finnegans Wake_ perform the collapse of linguistic and conceptual norms.
This collapse, in turn, challenges moralistic restrictions on human sexuality.
Through allusions to Wilde, _Finnegans Wake_ questions the validity of fixed categories and binary oppositions.
_Finnegans Wake_ releases human knowledge from the necessity of linguistic norms.
In _Finnegans Wake_, Wilde is described as ‘a great white caterpillar capable of any and every enormity’.
_Finnegans Wake_ displays a linguistic and conceptual chaos.
This chaos sets Wilde, and the readers, free of the confinement of universalities and traditional values dictated by semantic language and conceptual rigidity.
The philosophy of Arthur Schopenhauer, as presented in _The World as Will and Representation_ (1859), can provide insight into Wilde’s and Joyce’s conflicting ideas about language.
The core of Schopenhauer’s beliefs involves an irrevocable divide between language and actuality.
Schopenhauer’s philosophy assumes that the objective world cannot be known to human beings.
Schopenhauer’s fascination with the limitedness of language is evident in his engagement with his concept of the ‘will’.
The concept of the ‘will’ in Schopenhauer’s philosophy rejects conceptual thinking.
Schopenhauer imagines ‘will’ as an inaccessible and undefinable ‘thing-in-itself’.
‘Will’ is the unknown essence of nature and humanity that makes humans cling to life.
‘Will’ becomes a word denoting an experience that is essentially ‘unconscious, uncaring, unknowing, amoral, and fundamentally goalless’.
Schopenhauer’s philosophy is preoccupied with the unrepresentable.
This preoccupation advances Schopenhauer’s pessimistic outlook.
Schopenhauer’s pessimism aims to demonstrate ‘the inevitable suffering at the very foundation of the nature of life’.
Schopenhauer’s pessimism is associated with semantic instability.
Suffering and the inability of language to represent the world as independent of perception are both unrelenting facts of existence according to Schopenhauer.
Wilde’s pronounced aim to make peace with the life choices that led to his imprisonment connects with his insistence on semantic stability.
_Finnegans Wake_ partakes in a Schopenhauerian pessimistic vision.
This Schopenhauerian pessimistic vision annihilates any attempt to endow language, as well as human existence, with a coherent meaning.
Wilde’s adherence to dogmatic thinking in ‘De Profundis’ constitutes his attempt to come to terms with his sufferings.
_Finnegans Wake_ expresses Schopenhauer’s insistence that there is no single ordering principle that cures suffering.
The failure to justify suffering in a senseless world is demonstrated through linguistic means in _Finnegans Wake_.
This demonstration in _Finnegans Wake_ occurs specifically through allusions to Wilde.
Joyce’s radical approach to language deregulates linguistic conventions and traditional structures.
Joyce’s radical approach to language simultaneously performs Schopenhauer’s bleak views on existence.
Joyce’s radical approach to language simultaneously performs Schopenhauer’s vision for alleviating human suffering through the art of music.

**********Claims for hard query**********

These traditional moral ideals link individual redemption to progressive history and existential order.
The vocabulary of Victorian England restricted the body and its desires.
This collapse, in turn, challenges moralistic restrictions on human sexuality.

**********Formulated hard query**********

These traditional moral ideals link something.
The vocabulary of Victorian England restricted something.
This collapse, in turn, challenges something.

**********Claims for medium query**********

A historical misspelling associated with Oscar Wilde, specifically the linguistic error ‘For Oscar Wilde posing somdomite’ in a note sent to Wilde by the Marquess of Queensbury, stands out in _Finnegans Wake_.
Wilde’s insistence on initiating a private prosecution against the Marquess of Queensbury included a linguistic impulse to decipher the meaning of permuted words.
In ‘De Profundis’, Wilde suggests that rhetoric is the antithesis of truth.

**********Formulated medium query**********

A historical misspelling associated with Oscar Wilde, specifically the linguistic error `a certain phrase` in a note sent to Wilde by the Marquess of Queensbury, stands out in _Finnegans Wake_.
Wilde’s insistence on initiating a private prosecution against `someone` included a linguistic impulse to decipher the meaning of permuted words.
In `a certain text`, Wilde suggests that rhetoric is the antithesis of truth.

**********Validation Result**********

subquestion 'A historical misspelling associated with Oscar Wilde, specifically the linguistic error `a certain phrase` in a note sent to Wilde by the Marquess of Queensbury, stands out in _Finnegans Wake_.' is NOT supported by the context.
<reject> The information states that the linguistic error in the note was "a certain phrase." However, the text explicitly identifies the linguistic error as "`somdomite`" (within the phrase "`For Oscar Wilde posing somdomite`"), not as the generic "a certain phrase." While the text confirms the historical misspelling associated with Wilde in a note from the Marquess of Queensbury stands out in _Finnegans Wake_, the specific linguistic error described in the prompt is not accurately reflected in the content. </reject>

**********Claims for easy query**********

Through allusions to Wilde, _Finnegans Wake_ questions the validity of fixed categories and binary oppositions.
Among the numerous allusions to Oscar Wilde in _Finnegans Wake_, direct references exist to Wilde’s particular way of reading Queensbury’s note by imposing an intelligible word (‘sodomite’) upon a misspelling (‘somdomite’).
Certain allusions to Wilde in _Finnegans Wake_ highlight Wilde’s impulse to correct the misspelling ‘somdomite’ implied by pursuing a libel action against Queensbury.

**********Formulated easy query**********

Among the numerous allusions to Oscar Wilde in _Finnegans Wake_, direct references exist to Wilde’s particular way of reading Queensbury’s note by in a certain way.
Certain allusions to Wilde in _Finnegans Wake_ highlight Wilde’s impulse to correct the misspelling ‘somdomite’ implied by in a certain way.
Through allusions to someone, _Finnegans Wake_ questions the validity of fixed categories and binary oppositions.

**********Page content extracted**********

Title: Might a Sense of Place Approach Help the Public Connect to Brayford Pool’s Medieval Heritage?
URL: https://olh.openlibhums.org/article/id/10801/
Content: ## Abstract

It is challenging for people to perceive a particular aspect of an area’s rich history when it is not obvious, prominent, or interpreted (Hunt, 2021). This article draws on and develops this assertion by establishing the importance of the Bra

**********Extracted claims**********

People find it challenging to perceive an area’s rich history when it is not obvious, prominent, or interpreted.
The Brayford Pool held importance during the Medieval Period (1066–1540).
Challenges exist for people in perceiving the influence of the Medieval Period within the current landscape of the Brayford Pool area.
These perception challenges may be overcome through shared authority and public curation.
Shared authority and public curation could help re-establish the importance of the Brayford Pool area during the medieval period.
The principle of shared authority might be applied to create a public history project on the medieval history of the Brayford Pool area.
The proposed public history project would be owned by different communities who live, work, study, and engage in leisure activities on and around Brayford Pool.
The proposed approach might positively impact how people value a place, how people describe and interact with it, and the importance of its sustainability, which are other aspects of a Sense of Place.
Lincoln is a small city located in the East Midlands of the United Kingdom (UK).
Lincoln has a population of just over 100,000 people.
Lincoln's economy, like many UK and European cities, transitioned from one based on 'engineering, manufacturing, and supply chain networks' in the 19th and 20th centuries to a 'retail, leisure and education-based economy' in the twenty-first century.
The Brayford Pool area of Lincoln is located in the south and towards the west of the city.
The Brayford Pool area has been central to Lincoln's economic transformation.
The area around the Brayford Pool was the earliest inhabited part of Lincoln.
Evidence of human activity in the Brayford Pool area dates back to the Mesolithic period.
Roman, Saxon, and medieval occupation of a major city in such close proximity to that city have not been found elsewhere in Britain.
The Brayford Pool area is located within grid reference SK 971 711.
The Brayford Pool measures 555 meters by 444 meters.
The northernmost boundary of the Brayford Pool area sits behind modern leisure waterfront buildings and bisects Lucy Tower Car Park.
The eastern boundary of the Brayford Pool area includes buildings facing the Brayford Pool, a small section of Wigford Way, and the High Bridge.
The southern boundary of the Brayford Pool area includes the current railway line and a section of the University of Lincoln campus, which is bounded by Rope Walk.
The western boundary of the Brayford Pool area follows the line of the University’s Janet Lane Claypon building, cuts across the railway line, a small section of the A57 (Brayford Way), and stops at the Far Wharf.
Industrial development, deindustrialisation, degradation, and post-industrial reinvention have significantly impacted the Brayford Pool and its surrounding landscape.
Recent development in the Brayford Pool area has contributed to the environmental, economic, and social sustainability of the area and wider.
Each development over the last several hundred years has altered and erased the existing landscape in the Brayford Pool area.
Very little tangible evidence of the past in the built environment remains for people to perceive, identify, engage with, and appreciate in the Brayford Pool area.
The Medieval period is understood to date between 1066–1540 for the purpose of this article.
Nearly all tangible evidence of the Medieval period in the Brayford Pool area has been expunged by later developments.
The Brayford Pool area is in the south or ‘downhill’ part of the city.
The south or ‘downhill’ part of Lincoln contrasts naturally with the north or ‘uphill’ area of the city.
The north or ‘uphill’ area of Lincoln has a particularly well-preserved medieval area.
The north or ‘uphill’ area of Lincoln features a medieval castle and cathedral.
The University of Lincoln campus stretches along the south of Brayford Pool.
The University of Lincoln campus has seen the development of a series of large-scale buildings to meet the needs of modern university provision.
The scale and architectural language of the University of Lincoln campus buildings were consciously designed to juxtapose themselves with the medieval fabric of the inner city and the cathedral.
Tourist marketing for the Brayford Pool mentions a long history.
Tourist marketing for the Brayford Pool focuses on the Romans, the Industrial Revolution, and the development of the university over the last 25 years.
The uphill area of Lincoln has been successfully branded and promoted as the Cathedral Quarter by tourism marketers.
The Cathedral Quarter is aesthetically distinctive.
The aesthetic distinctiveness of the Cathedral Quarter draws attention away from the harder-to-interpret medieval character of other areas of the city, including the Brayford Pool.
A view has been created that the ‘uphill’ area was, and still is, ‘medieval’ Lincoln.
The view has been created that the medieval city did not stretch beyond the ‘uphill’ part of the city.
Perceivable medieval buildings of note exist on the Brayford Pool, or close to it, along the Lower High Street.
The stone High Bridge is located on the far east side of Brayford Pool.
The High Bridge is the only medieval bridge in England that has houses built on it.
The High Bridge was built in 1160 over the River Witham.
The current Stokes Café building on the High Bridge dates from 1540.
St Mary Le Wigford Church along the Lower High Street has Anglo Saxon, or Early Medieval origins.
Whitefriars House along the Lower High Street is a 15th-century timber-framed building.
Whitefriars House is hidden by a modern shop front.
St Mary’s Guildhall along the Lower High Street dates from 1157.
St Peter at Gowts Church along the Lower High Street has Anglo Saxon, or Early Medieval origins.
Archaeological excavations provide a picture of an industrious area during the medieval period in the Brayford Pool area.
Archaeological excavations were first driven by rescue archaeology projects in the 1970s and 1980s.
Archaeological excavations were later driven by planning requirements as the area was redeveloped.
A comprehensive Desk Based Assessment (DBA) of existing literature on the history and archaeology of the city was carried out.
A review of all available existing archaeological reports on the Brayford Pool area was carried out.
Many Watching Briefs, DBAs, and archaeological reports produced during redevelopment projects utilized the same literary sources and largely relied on earlier reports for contextual information.
Two full assessments of the archaeology of the Brayford Pool area were published in the early 2000s: K Steane et al’s 2001 book *The Archaeology of Wigford and the Brayford Pool*, and D Stoker et al’s 2003 book *The City by the Pool*.
K Steane et al’s 2001 book contains reports on excavations between 1972 and 1987.
Both *The Archaeology of Wigford and the Brayford Pool* and *The City by the Pool* include sections looking at the medieval period as part of a comprehensive overview of the area’s archaeology.
Both *The Archaeology of Wigford and the Brayford Pool* and *The City by the Pool* are currently out of print.
The article seeks to take an interdisciplinary approach to the urban area of Brayford Pool, including history, archaeology, landscape history, and geography.

**********Claims for hard query**********

St Mary’s Guildhall along the Lower High Street dates from 1157.
Lincoln is a small city located in the East Midlands of the United Kingdom (UK).
Lincoln has a population of just over 100,000 people.

**********Formulated hard query**********

St Mary’s Guildhall along the Lower High Street dates from a certain year.
Lincoln is a small city located in a certain region of the United Kingdom (UK).
Lincoln has a population of a certain number of people.

**********Claims for medium query**********

A comprehensive Desk Based Assessment (DBA) of existing literature on the history and archaeology of the city was carried out.
A view has been created that the ‘uphill’ area was, and still is, ‘medieval’ Lincoln.
Both *The Archaeology of Wigford and the Brayford Pool* and *The City by the Pool* are currently out of print.

**********Formulated medium query**********

A comprehensive Desk Based Assessment (DBA) of something was carried out.
A view has been created that a certain area was, and still is, ‘medieval’ Lincoln.
Both *The Archaeology of Wigford and the Brayford Pool* and *The City by the Pool* are currently in a certain state.

**********Claims for easy query**********

The article seeks to take an interdisciplinary approach to the urban area of Brayford Pool, including history, archaeology, landscape history, and geography.
Shared authority and public curation could help re-establish the importance of the Brayford Pool area during the medieval period.
The principle of shared authority might be applied to create a public history project on the medieval history of the Brayford Pool area.

**********Formulated easy query**********

The article seeks to take an interdisciplinary approach to something, including history, archaeology, landscape history, and geography.
Shared authority and public curation could help re-establish the importance of the Brayford Pool area during a certain period.
The principle of shared authority might be applied to create a certain kind of project on the medieval history of the Brayford Pool area.

**********Page content extracted**********

Title: A Politics of Working-Class Culture and the Culture of Working-Class Politics: The Aesthetics and Activism of Amber Film and Photography Collective and the Berwick Street Film Collective
URL: https://olh.openlibhums.org/article/id/10172/
Content: ## Abstract

This paper examines how Amber Film and Photography Collective’s working-class affiliations and Berwick Street Film Collective’s middle-class makeup shaped their divergent approaches to depicting ‘working-class issues’ by drawing on the films 

**********Extracted claims**********

The paper examines how Amber Film and Photography Collective’s working-class affiliations and Berwick Street Film Collective’s middle-class makeup shaped their approaches to depicting ‘working-class issues’.
The paper draws on films from both Amber Film and Photography Collective and Berwick Street Film Collective, alongside archival materials and oral testimonies.
The paper highlights the breadth of Amber Film and Photography Collective’s oeuvre.
Amber Film and Photography Collective’s filmmaking strategies included agitprop.
Amber Film and Photography Collective’s filmmaking strategies included the fusion of factual and fictional formal elements.
Amber Film and Photography Collective engaged in transnational collaboration with Deutsche Film-Aktiengesellschaft (DEFA), a German Democratic Republic's film production company.
Amber Film and Photography Collective transcended the constraints of Documentary Realism.
Amber Film and Photography Collective incorporated radical avant-garde aesthetics into its oppositional practice.
Contemporary theorists associated with Screen magazine and the British Film Institute criticized Amber Film and Photography Collective.
Amber Film and Photography Collective’s radical filmmaking is linked to its members’ working-class solidarities.
Amber Film and Photography Collective had a concern for championing working-class cultures.
Berwick Street Film Collective had broader political agendas.
The paper investigates the practical repercussions of Berwick Street Film Collective’s middle-class representation of ‘working-class interests’.
The paper assesses the theoretical criteria by which avant-garde depictions of ‘working-class issues’ are evaluated.
One of cinema’s earliest images depicts workers leaving a factory.
The film *Workers Leaving the Lumière Factory* shows women and men leaving industrial gates onto a sun-drenched street in Southern France.
In *Workers Leaving the Lumière Factory*, characters greet each other with delight while children and dogs frolic in the foreground.
*Workers Leaving the Lumière Factory* was first screened in Paris in 1895.
*Workers Leaving the Lumière Factory* constitutes a momentous moment in the annals of moving image.
Sean Cubitt considers *Workers Leaving the Lumière Factory* to represent ‘an innocence of movement that never after could recur in front of the camera’.
Sean Cubitt describes *Workers Leaving the Lumière Factory* as ‘visions of immanent utopia’.
Pedro Costa identifies *Workers Leaving the Lumière Factory*’s genesis as ‘when fiction was born, because the boss gave orders to an employee’.
*Workers Leaving the Lumière Factory* presages the enduring genre of non-fiction cinema known as the working-class film.
The paper examines the filmmaking practice of Berwick Street Film Collective and Amber Film and Photography Collective.
Berwick Street Film Collective and Amber Film and Photography Collective were both formed in Britain in the late 1960s.
Berwick Street Film Collective and Amber Film and Photography Collective are united by a politicized concern for representing working-class issues.
Theorists on the British New Left lauded Berwick Street Film Collective as fervently avant-garde.
Berwick Street Film Collective enjoys a canonical status in accounts of radical European filmmaking.
Amber Film and Photography Collective faces hostility from the same critics who lauded Berwick Street Film Collective.
Paul Willemen was an editorial board member of *Screen* magazine.
Paul Willemen championed Berwick Street Film Collective's *Nightcleaners* as ‘undoubtedly the most important political film to have been made in this country’.
Paul Willemen dismissed Amber Film and Photography Collective’s work as ‘simplistic’.
Subsequent commentators have reiterated criticisms of Amber Film and Photography Collective’s filmmaking.
Commentators have described Amber Film and Photography Collective’s work as ‘romantic’, ‘nostalgic’, and ‘paternalistic’.
Detractors perceive Amber Film and Photography Collective’s commitment to the conventions of Realism as a problem.
The perceived problem with Amber Film and Photography Collective relates to broader debates on the politics of representation.
A new wave of leftist commentators invigorates discourses on the history of independent cinema.
Erika Balsom and Hilga Peleg advocate for rehistoricizing a period of practice beyond the Realism/Modernism divide.
Erika Balsom and Hilga Peleg aim to perforate the binary between the avant-garde and Real.
Erika Balsom and Hilga Peleg seek to accentuate the breadth of conventions embraced by the avant-garde and Real.
Erika Balsom and Hilga Peleg aim to enlarge the scope of inquiry beyond the canon of work dominating English-language accounts.
Jamie Chambers reappraised Amber Film and Photography Collective’s 1970s ‘salvage-based’ documentaries.
Jamie Chambers’s reappraisal positions Amber Film and Photography Collective’s ‘salvage politics methodologies’ as operating ‘in service of a progressive politics of recognition’.
The paper draws on and contributes to a nascent body of criticism regarding Berwick Street Film Collective and Amber Film and Photography Collective.
The paper engages in a comparative reading of Berwick Street Film Collective and Amber Film and Photography Collective.
The paper does not claim to radically reappraise films made by either Berwick Street Film Collective or Amber Film and Photography Collective.
The paper mobilizes Amber Film and Photography Collective as a salient example of artists whose embedded approach to depicting the working classes transcended the constraints of Documentary Realism.
Amber Film and Photography Collective’s approach to depicting the working classes gestures towards the avant-garde.
The paper aims to probe the theoretical criteria by which representations of ‘working-class issues’ are evaluated.
The paper posits that discerning Amber Film and Photography Collective and Berwick Street Film Collective’s filmmaking practice through an optic of class difference reveals the limitations of indexing socially engaged art projects into theoretically proscribed categories.
Socially engaged art projects incorporate people and communities in discourse, collaboration, or social interaction.
The paper’s argument is laid out in two parts.
The first part of the paper schematizes the sociopolitical context of Amber Film and Photography Collective and Berwick Street Film Collective.
The first part of the paper assesses how the geographic, pedagogic, and political positionalities of Amber Film and Photography Collective and Berwick Street Film Collective structure their social exigencies.
The second section of the paper analyzes the filmmaking of Amber Film and Photography Collective and Berwick Street Film Collective.
The analysis in the paper initially focuses on Berwick Street Film Collective’s 1975 documentary *Nightcleaners*.
*Nightcleaners* is a touchstone of the avant-garde.
*Nightcleaners* was endorsed by *Screen* magazine’s anti-realist project.
The paper’s appraisal of Amber Film and Photography Collective’s practice examines productions that have been subjected to considerable criticism from both detractors and supporters.
The paper only considers films produced by Amber Film and Photography Collective and Berwick Street Film Collective.
The paper does not delve into Berwick Street Film Collective’s members’ subsequent inauguration of groups such as Lucia Films.
The paper does not analyze Marc Karlin’s solo productions.

**********Claims for hard query**********

The paper does not analyze Marc Karlin’s solo productions.
*Workers Leaving the Lumière Factory* was first screened in Paris in 1895.
Paul Willemen was an editorial board member of *Screen* magazine.

**********Formulated hard query**********

The paper does not analyze **something**.
*Workers Leaving the Lumière Factory* was first screened **somewhere** in 1895.
**Someone** was an editorial board member of *Screen* magazine.

**********Claims for medium query**********

Amber Film and Photography Collective transcended the constraints of Documentary Realism.
Detractors perceive Amber Film and Photography Collective’s commitment to the conventions of Realism as a problem.
Amber Film and Photography Collective’s filmmaking strategies included the fusion of factual and fictional formal elements.

**********Formulated medium query**********

Amber Film and Photography Collective transcended something.
Someone perceives Amber Film and Photography Collective’s commitment to the conventions of Realism as a problem.
Amber Film and Photography Collective’s filmmaking strategies included something.

**********Claims for easy query**********

The paper examines how Amber Film and Photography Collective’s working-class affiliations and Berwick Street Film Collective’s middle-class makeup shaped their approaches to depicting ‘working-class issues’.
The paper engages in a comparative reading of Berwick Street Film Collective and Amber Film and Photography Collective.
The paper posits that discerning Amber Film and Photography Collective and Berwick Street Film Collective’s filmmaking practice through an optic of class difference reveals the limitations of indexing socially engaged art projects into theoretically proscribed categories.

**********Formulated easy query**********

The paper examines how **certain characteristics** shaped their approaches to depicting ‘working-class issues’.
The paper engages in a comparative reading of **two groups**.
The paper posits that discerning Amber Film and Photography Collective and Berwick Street Film Collective’s filmmaking practice through an optic of class difference reveals the limitations of **something**.

**********Page content extracted**********

Title: Henry Moore: Neo-Working-Classicist
URL: https://olh.openlibhums.org/article/id/10191/
Content: ## Abstract

With his _Family Group_ of 1948–49, Henry Moore seemed to have reneged upon his early-career commitment to modernist experimentation, pivoting towards a more representational style for this large public sculpture, his first major bronze, scul

**********Extracted claims**********

Henry Moore created his *Family Group* sculpture in 1948–49.
*Family Group* is a large public sculpture.
*Family Group* was Henry Moore's first major bronze sculpture.
*Family Group* was sculpted for and installed in the Barclay School in Stevenage.
The Barclay School was one of the first purpose-built secondary modern schools of post-war Britain.
Stevenage was Britain’s first New Town.
Moore shifted towards a more representational style for *Family Group*.
*Family Group* is a figurative sculpture.
*Family Group* contains a stockpile of references ranging across centuries and continents, from the archaic to the Modern.
The artwork *Family Group* by Henry Moore is made of bronze.
The artwork *Family Group* measures 152 × 113 × 76 cm.
The artwork *Family Group* is located at Barclay School, Stevenage.
The reproduction of the artwork is by permission of The Henry Moore Foundation.
Michael Furze took the photo of the artwork.
Art critic Peter Fuller identified *Family Group* as the first in a series of Moore's post-war public works.
Peter Fuller claimed that Moore's post-war public works reveal a growing obsession with classicism.
Peter Fuller described *Family Group*'s composition as having 'a poise and an equilibrium for which the word ‘classical’ seems appropriate'.
Herbert Read dubbed the ‘inherent humanism’ of Moore’s work.
*Family Group* depicts immobile and stoic figures.
*Family Group* includes drapery pulled across the mother’s knees.
Peter Fuller stated that a change in Moore’s work was associated with a change in Moore’s conception of the sculptor’s role in the world.
*Family Group* was unveiled in late 1950.
A local reporter recorded responses from two ‘townspeople’ after the unveiling of *Family Group*.
One townsperson stated that *Family Group* did not look like any human being they had ever seen.
A postman thought *Family Group* was something from Belsen Camp.
These townspeople quotes were published in the _Daily Dispatch_ in 1950.
*Family Group* was the second in a series of public works by Moore directly informed by his *Shelter Drawings*.
The first work in this series was a wartime *Madonna and Child* for St. Matthew’s Church in Northampton.
Moore’s *Shelter Drawings* depict mothers and children sheltering underground from the Blitz.
Moore’s *Shelter Drawings* became famous through public exhibition.
The public exhibition of *Shelter Drawings* was under the aegis of the War Artists’ Advisory Committee (WAAC).
Moore’s *Shelter Drawings* were first publicly exhibited in 1941.
Moore’s *Shelter Drawings* were prompted by a highly personal experience of the war.
From their first public exhibition, the *Shelter Drawings* were assigned a civic role.
Moore’s works remained class-conscious.
Moore’s works represented the squalor and awfulness of war’s impact on London’s poorest communities.
Moore's *Shelter Drawings* and subsequent public works have continued to be understood within a context of national endurance and recovery.
This understanding often strips these works of their ambiguity.
*Family Group* appeared both idealised and inhuman to its audiences.
Andrew Causey identified an affinity between Moore’s turn towards figuration in the 1940s and Picasso’s ‘neo-classical’ turn after the First World War.
Picasso’s retrogressive turn has been described as part of a _rappel à l’ordre_ in French art.
_Rappel à l’ordre_ translates to ‘call to order’.
Picasso’s turn involved pulling away from pre-war avant-garde experiments.
Picasso’s turn involved favouring a more publicly acceptable style.
Picasso’s publicly acceptable style was informed or directed by the prevailing nationalism that took hold in France following the First World War.
Causey recognized a similar conservatism in Moore’s approach.
Causey noted this conservatism was dictated by the effects of another world war.
Recent scholarship generally agrees that Picasso’s ostensibly conservative turn was calculated.
Picasso’s turn was considered either ironic or sufficiently self-aware to mitigate or circumvent nationalistic overtures.
Picasso’s classicism included notes of parody and pastiche.
Picasso pursued his classicism alongside a continued commitment to cubist form.
Moore’s representational turn was concomitant with a continued engagement with ‘modernism’.
Moore explicitly searched for a publicly legible style with *Family Group*.
Moore intended *Family Group* for an audience of children, their families, and the local community surrounding the Barclay School.
Moore’s public sculptures produced after the war address the human experience of war.
Moore’s public sculptures produced after the war address the democratisation of Britain’s social infrastructures.
*Family Group* was produced for the new and substantially working-class population of Stevenage.
The population of Stevenage consisted mostly of young families relocated from bombed-out inner-city North and East London.
The figures in *Family Group* can be seen as looking something like the victims of the atrocities at Belsen.
The ‘inherent humanism’ of the figures in *Family Group* speaks to contemporary attempts to recover a semblance of humanity amidst the rubble of war.
The British Council toured Moore’s work internationally in the decades following its creation.
The British Council presented Moore's work as a physical manifestation of British humanitarian values.
James Hyman argued that the ‘openness of Moore’s imagery’ contributed to its denigration.
Moore was attacked for the remoteness of his vision from contemporary experience.
A photograph shows artist Judith Lauand and sculptor Henry Moore during a workshop for monitors at the 2nd São Paulo Biennial in December 1953.
The photograph is from Acervo Judith Lauand.
The photograph is public domain, via Wikimedia Commons.

**********Claims for hard query**********

The photograph is from Acervo Judith Lauand.
Stevenage was Britain’s first New Town.
_Rappel à l’ordre_ translates to ‘call to order’.

**********Formulated hard query**********

Something is the source of the photograph.
Stevenage was in a certain state.
Something translates to ‘call to order’.

**********Claims for medium query**********

*Family Group* is a large public sculpture.
The artwork *Family Group* is located at Barclay School, Stevenage.
From their first public exhibition, the *Shelter Drawings* were assigned a civic role.

**********Formulated medium query**********

*Family Group* is something.
The artwork *Family Group* is located somewhere.
From their first public exhibition, the *Shelter Drawings* were assigned something.

**********Claims for easy query**********

Moore’s public sculptures produced after the war address the democratisation of Britain’s social infrastructures.
Art critic Peter Fuller identified *Family Group* as the first in a series of Moore's post-war public works.
Moore’s public sculptures produced after the war address the human experience of war.

**********Formulated easy query**********

Moore’s public sculptures produced after the war address **a certain state**.
**Someone** identified *Family Group* as the first in a series of Moore's post-war public works.
Moore’s public sculptures produced after the war address **something**.

**********Page content extracted**********

Title: Mimesis, Diegesis, and Narrative Frames:  Gregory, Beckett, McGuinness
URL: https://olh.openlibhums.org/article/id/10477/
Content: ## Abstract

Location always matters – especially in Irish drama. Drawing on the spatial theories of Michael Issacharoff, Hélène Laliberté and Ruth Ronen, the article investigates the unique interplay between dramatic space and the thematic concept of the

**********Extracted claims**********

Location is always a significant factor, especially in Irish drama.
Augusta Gregory’s _The Workhouse Ward_ was published in 1908.
Samuel Beckett’s _Waiting for Godot_ was published in 1953/55.
Frank McGuinness’s _Observe the Sons of Ulster Marching Towards the Somme_ was published in 1985.
A special line of influence exists between Augusta Gregory’s _The Workhouse Ward_, Samuel Beckett’s _Waiting for Godot_, and Frank McGuinness’s _Observe the Sons of Ulster Marching Towards the Somme_ through the lens of spatial theory.
Chris Morash and Shaun Richard’s _Mapping Irish Theatre: Theories of Space and Place_ (2013) examines the geographies of Irish drama.
Michael Issacharoff developed a theory of mimetic and diegetic dramatic spaces.
Issacharoff’s theory is based on Gérard Génette’s theories of ‘showing’ and ‘telling’ in fictional narratives.
Issacharoff renames ‘setting’ as ‘mimetic dramatic space’.
Mimetic dramatic space is communicated visually.
Mimetic dramatic space is transmitted directly to the audience.
Diegetic dramatic spaces are evoked in the dialogue of characters.
Diegetic dramatic spaces are mentioned in stage directions.
Hélène Laliberté gathers Issacharoff’s mimetic and diegetic dramatic spaces under her category, ‘_l’espace physique_’.
‘_L’espace physique_’ includes ‘_l’espace off_’.
‘_L’espace off_’ refers to the space off stage.
Hélène Laliberté and Michael Issacharoff agree that ‘theatre space’ and ‘stage space’ should be treated separately from dramatic space.
Hélène Laliberté and Michael Issacharoff agree that ‘theatre space’ and ‘stage space’ should be treated separately from ‘story-space’.
Ruth Ronen draws on Issacharoff’s ideas on spatial arrangements.
Ronen groups Issacharoff’s categories for dramatic spaces under ‘scenic space’ and ‘extrascenic space’.
‘Extrascenic space’ is similar to Laliberté’s notions of _l’espace off_.
Ronen proposes a new theory of ‘frames’ for understanding spatial arrangements.
Ronen’s framework of multiple frames includes ‘first frame(s)’ (setting), ‘secondary frames’, ‘inaccessible frames’, ‘spatio-temporally distant frames’, and ‘generalised space’.
Ronen identifies these frames through their immediacy to the storyline.
Ronen defines ‘story-space’ as the ‘global organization of a story’.
The frameworks proposed by Issacharoff, Laliberté, and Ronen are indebted to the narrative theories of Gérard Genette.
Augusta Gregory’s play _The Workhouse Ward_ refers to small towns and townlands in Galway’s Kiltartan area.
Augusta Gregory’s play _The Workhouse Ward_ mentions the Kamchatka Peninsula.
The Kamchatka Peninsula is on the eastern shore of imperial Russia.
Samuel Beckett’s _Waiting for Godot_ refers to various locations in France.
Samuel Beckett’s _Waiting for Godot_ refers to locations in Connemara, County Galway.
Frank McGuinness’s play frames Ulster and the trenches of the river Somme in northern France.
Frank McGuinness’s play draws attention to the city of Strasbourg.
Strasbourg is home to the European Court of Human Rights.
The European Court of Human Rights was established in the aftermath of the Second World War.
Universal human themes play out in the specific locations and localities referred to in the three plays discussed.
Cleanth Brooks and Robert Penn Warren developed the notion that literary works express ‘universal habits of human thinking and feeling’.
The three dramatic works under discussion engage with one another.
The three dramatic works establish a line of continuity within twentieth-century Irish drama.
This line of continuity spans from the period of the Irish Literary Revival in the 1900s to the Northern Ireland Troubles during the 1980s.

**********Claims for hard query**********

Strasbourg is home to the European Court of Human Rights.
The European Court of Human Rights was established in the aftermath of the Second World War.
The Kamchatka Peninsula is on the eastern shore of imperial Russia.

**********Formulated hard query**********

Something is home to the European Court of Human Rights.
The European Court of Human Rights was established in a certain way.
The Kamchatka Peninsula is in a certain location.

**********Validation Result**********

subquestion 'The European Court of Human Rights was established in a certain way.' is NOT supported by the context.
<reject> The content states that the European Court of Human Rights was established "in the aftermath of the Second World War", which indicates *when* it was established, but it does not elaborate on *how* it was established (i.e., the "certain way"). </reject>

**********Claims for medium query**********

Ruth Ronen draws on Issacharoff’s ideas on spatial arrangements.
Mimetic dramatic space is communicated visually.
Ronen proposes a new theory of ‘frames’ for understanding spatial arrangements.

**********Formulated medium query**********

Ruth Ronen draws on someone’s ideas on spatial arrangements.
Mimetic dramatic space is communicated in a certain way.
Ronen proposes a new theory of ‘frames’ for understanding something.

**********Claims for easy query**********

A special line of influence exists between Augusta Gregory’s _The Workhouse Ward_, Samuel Beckett’s _Waiting for Godot_, and Frank McGuinness’s _Observe the Sons of Ulster Marching Towards the Somme_ through the lens of spatial theory.
Universal human themes play out in the specific locations and localities referred to in the three plays discussed.
Chris Morash and Shaun Richard’s _Mapping Irish Theatre: Theories of Space and Place_ (2013) examines the geographies of Irish drama.

**********Formulated easy query**********

A special line of influence exists between Augusta Gregory’s _The Workhouse Ward_, Samuel Beckett’s _Waiting for Godot_, and Frank McGuinness’s _Observe the Sons of Ulster Marching Towards the Somme_ through the lens of something.
Something play out in the specific locations and localities referred to in the three plays discussed.
Chris Morash and Shaun Richard’s something (2013) examines the geographies of Irish drama.

**********Page content extracted**********

Title: Exile and Exodus: Dante, Wilde, Joyce
URL: https://olh.openlibhums.org/article/id/11647/
Content: ## Abstract

This paper reads Oscar Wilde’s _De Profundis_ and the ‘Aeolus’ episode of James Joyce’s _Ulysses_ together via their usage of Dante, asking what productively emerges from considering this medievalism side by side. The resonance of Dante, in p

**********Extracted claims**********

The paper compares Oscar Wilde’s _De Profundis_ and James Joyce’s ‘Aeolus’ episode of _Ulysses_ based on their use of Dante.
The comparison aims to reveal what emerges from considering this medievalism side by side in the two texts.
The resonance of Dante, specifically his _Commedia_, in both texts aligns with a shared focus on difficulty and ambiguity.
Both _De Profundis_ and ‘Aeolus’ depict the act of re-reading Dante.
Both texts address the experience of various kinds of exile and the challenge of representing these states.
Both texts attempt to create new aesthetic modes by following Dante’s example.
Both texts utilize a Dantean poetics referred to as the purgatorial mode.
_Purgatorio_ serves as a precursor to these works.
Wilde’s _De Profundis_ immerses the reader in layers of reminiscence to evoke the experience of a difficult middle.
_De Profundis_ declares a queer aesthetics of imperfection that aims for a liberated future.
Joyce’s ‘Aeolus’ dramatizes the movement of _Purgatorio_.
‘Aeolus’ allegorizes the ascent to perfection through exile, drawing on Dante’s use of the biblical exodus of the Israelites.
The aesthetics of exile achieved by both texts provides a difficult middle rather than a clear answer to problems of representation.
Oscar Wilde wrote to Helena Sickert about conditions in American prisons in April 1882.
Wilde described a cell in Lincoln, Nebraska, that contained a copy of Dante’s _Commedia_.
Wilde found it strange and beautiful that the sorrow of a single Florentine in exile could lighten the sorrow of a common prisoner centuries later.
One of Wilde’s lectures delivered during his American tour included the phrase ‘sorrow of a single Florentine in exile’.
In ‘The English Renaissance of Art,’ delivered earlier in 1882, Wilde stated that nothing that has interested men or women can cease to be a fit subject for culture.
In ‘The English Renaissance of Art,’ Wilde reminded his audience of Europe’s debt to the sorrow of a single Florentine in exile at Verona.
Wilde’s early work, his later incarceration, and the position of other Irish artists in exile like James Joyce are connected by the idea of aesthetically productive exile.
James Joyce also considered Dante to be at the pinnacle of literary achievement.
The work of Wilde and Joyce shows them struggling with the notion of the benefits of exile.
Dante emerges as a difficult model for both Wilde and Joyce to emulate.
Both authors faced a difficult middle, described as an ascent up their own artistic Mount Purgatory.
Dante’s sorrowful exile provides a connection between Wilde’s early and late periods.
Wilde read Dante in his own cell.
Wilde’s 1878 poem ‘Ravenna,’ his 1891 theoretical work ‘The Critic as Artist,’ and his 1897 work _De Profundis_ reference the same points of sorrow.
‘Ravenna’ uses the imagery of ‘steep stairs and bitter bread’ from _Paradiso_ canto 17 as a basis for its reverie.
Cacciaguida informs the Dante-pilgrim in _Paradiso_ canto 17 that steep stairs and bitter bread will be the fruits of exile.
‘The Critic as Artist’ contains a summary of the entire _Commedia_, including _Inferno, Purgatorio_, and _Paradiso_.
_De Profundis_ incorporates memories of a lifetime of Dante reading into its structure.
A specifically Dantean aesthetic strain in _De Profundis_ becomes a tragicomic mode.
This tragicomic mode in _De Profundis_ enacts and artistically redeems the sorrow of exile.
After Wilde’s death, _De Profundis_ was published in a shortened version in 1905.
Evidence suggests this tragicomic mode continued in a queer martyrology that emerged after Wilde's death.
Anna, Comtesse de Brémont, framed Wilde’s tragicomic mode as one of purgation.
De Brémont stated that Wilde’s soul won victory over the flesh and his genius arose renewed from suffering.
De Brémont described _De Profundis_ as the crowning masterpiece of Wilde’s pen.
De Brémont’s reading presents Wilde as a Saint Sebastian, redeemed by suffering.
De Brémont’s reading suggests that Wilde’s suffering revealed the iniquity of homophobic systems that punished him for his ‘great feminine soul’.
De Brémont framed Wilde as a tragic scapegoat, stating that blind forces of humankind were unleashed against him.
James Joyce, in his 1909 article for _Il Piccolo della Sera_ on ‘the Poet of “Salomé”’, framed Wilde’s downfall in a way similar to de Brémont.
Joyce stated that Wilde’s downfall paradoxically displayed the truth in Catholicism: man reaches the divine heart through separation and loss, called sin.
The notion of the scapegoat and the downfall of an Irish man due to scandal in a sexually repressive society held significance for Joyce.
Charles Stewart Parnell and Wilde were two notorious and formative examples for Joyce.
Joyce later owned de Brémont’s book while writing _Ulysses_ in Paris.
Joyce’s article avoided claiming Wilde’s incarceration was redeemed by a purgative literary work.
Joyce emphasized that Wilde’s works defied a hostile public.
Joyce stated that Wilde, exiled and dishonored, heard righteous men recite his name with that of the unclean spirit, and he was a scapegoat.
Joyce’s figuration of Wilde’s post-trial reception includes a distinctly colonial dynamic.
Joyce wrote that Wilde’s fantastic myth and work were divided booty.
Joyce saw _De Profundis_ as a ‘true’ expression of Wilde’s ‘soul,’ similar to de Brémont.
Joyce added a sense of injustice to this spiritual discourse.
Joyce saw a dynamic in Wilde’s exile and dishonour that applied to how the spoils of the colonised were subsumed into imperial hegemony.
Hélène Cixous viewed Joyce’s article as an act of self-analysis by Joyce.
Cixous suggested that the necessity of separation and sin for creation led Joyce to offer himself as a scapegoat.
Joyce recognized a pattern or exilic aesthetics in Wilde’s sorrow that spoke to Irishness generally.
In _Ulysses_, exile gains a broader meaning as Ireland’s colonized position.
Ireland’s colonized position is presented as a kind of exile, similar to the Israelites in Egypt.
This position requires purgative transformation into exodus.
The essay investigates what productively emerges from considering Wilde’s and Joyce’s exiles simultaneously.
The essay traces a specifically Dantean aesthetics of exile in both _De Profundis_ and _Ulysses_.
Both Wilde and Joyce dramatize ‘exile’ in Dantean terms as a state of suffering that must be overcome for ‘redemption’.
Literary exile, due to its Dantean inheritance, risks instrumentalizing suffering.
This literary exile embodies a difficult middle and an ambiguous tragicomic vision.
The suffering of the present in this vision is directed towards a spiritually liberated future.
This vision refigures exile as exodus.
This orientation and middleness mean that _De Profundis_ and _Ulysses_ use a particular Dantean mode of representation called the purgatorial mode.

**********Claims for hard query**********

This position requires purgative transformation into exodus.
The suffering of the present in this vision is directed towards a spiritually liberated future.
Oscar Wilde wrote to Helena Sickert about conditions in American prisons in April 1882.

**********Formulated hard query**********

This position requires `a certain process`.
The suffering of the present in this vision is directed towards `a certain future state`.
Oscar Wilde wrote to `someone` about conditions in American prisons in April 1882.

**********Validation Result**********

subquestion 'This position requires `a certain process`.' is NOT supported by the context.
<reject> The text does not contain the phrase "a certain process" or any statement indicating that "this position" (or any position) requires such a process. The word "position" appears in the text, but it refers to "Ireland’s colonised position" or the "position of other Irish artists in exile," not a role or job that would require a process. </reject>

**********Claims for medium query**********

In ‘The English Renaissance of Art,’ Wilde reminded his audience of Europe’s debt to the sorrow of a single Florentine in exile at Verona.
One of Wilde’s lectures delivered during his American tour included the phrase ‘sorrow of a single Florentine in exile’.
De Brémont’s reading presents Wilde as a Saint Sebastian, redeemed by suffering.

**********Formulated medium query**********

In something, Wilde reminded his audience of Europe’s debt to the sorrow of a single Florentine in exile at Verona.
One of Wilde’s lectures delivered during some event included the phrase ‘sorrow of a single Florentine in exile’.
Someone’s reading presents Wilde as a Saint Sebastian, redeemed by suffering.

**********Claims for easy query**********

The essay traces a specifically Dantean aesthetics of exile in both _De Profundis_ and _Ulysses_.
Both Wilde and Joyce dramatize ‘exile’ in Dantean terms as a state of suffering that must be overcome for ‘redemption’.
The essay investigates what productively emerges from considering Wilde’s and Joyce’s exiles simultaneously.

**********Formulated easy query**********

The essay traces a certain type of aesthetics in both _De Profundis_ and _Ulysses_.
Both Wilde and Joyce dramatize ‘exile’ in a certain way as a state of suffering that must be overcome for ‘redemption’.
The essay investigates what productively emerges from considering something simultaneously.

**********Page content extracted**********

Title: James Joyce, Oscar Wilde, and Punitive Child Loss in the Modern Bureaucratic State
URL: https://olh.openlibhums.org/article/id/11596/
Content: ## Abstract

The intense ambivalence of James Joyce’s references to Oscar Wilde throughout Joyce’s literary career poses a riddle to which scholars have proposed an array of answers. This article seeks the basis for Joyce’s simultaneous identification and

**********Extracted claims**********

James Joyce's references to Oscar Wilde throughout his literary career show intense ambivalence.
Scholars have offered various explanations for Joyce's ambivalence toward Wilde.
This article investigates the basis for Joyce's simultaneous identification and disidentification with Wilde.
The basis for Joyce's identification and disidentification with Wilde is sought in the painful affect informing collective subjectivity in the modern nation-state.
Two new crimes, "gross indecency" and "custodial neglect," emerged in late 19th century Britain.
These new crimes were coined at the urging of the Social Purity movement.
The new laws of gross indecency and custodial neglect made families and communities vulnerable to punitive child loss.
The enforcement of these new laws created conditions for losing child custody based on charges that could be brought without substantial evidence.
Gross indecency and child neglect were ill-defined and highly stigmatizing offenses.
These new offenses were difficult to defend against.
The most severe consequences of these new offenses were often extra-judicial.
In _De Profundis_, Oscar Wilde describes the dehumanizing anguish of extra-judicial punishments.
Wilde depicts the loss of his children as a figurative crucifixion to convey the anguish of punishments for a new kind of moral criminal.
The article charts accounts by social historians describing the early years of the National Society for the Prevention of Cruelty to Children (NSPCC) in Dublin.
The article examines the NSPCC's impact on socially precarious families.
The article incorporates episodes from Joyce's biography.
The article includes Joyce's literary reinventions of biographical episodes.
The article uses passages from _De Profundis_ that influenced Joyce's writing.
The article uses historical accounts of moral policing introduced by the Social Purity movement.
The article uses Joyce's biographical materials, letters, and published writing.
The article connects changing affect in Joyce's childhood family to his aversion, outrage, and empathy for Wilde's 'civil death'.
In the fall of 1902, James Joyce introduced himself to W.B. Yeats.
Joyce's parting assessment to Yeats was, "I have met you too late. You are too old."
Oscar Wilde played a role in authorizing Joyce's dismissal of Yeats.
Yeats's unpublished account states that Joyce's invocation of Wilde changed Yeats's impression of him.
Yeats enjoyed and preserved Joyce's outrageous parting shot due to the Wilde invocation.
Yeats was surprised by the ferocity of Joyce's verbal attack.
Yeats became a captive audience to a reading of Joyce's "little prose descriptions and meditations."
Yeats remained "puzzled" as Joyce listed his objections to Yeats's work.
Yeats concluded that Joyce was "from the Royal University" and believed "everything has been settled by Thomas Aquinas."
Joyce brought up Oscar Wilde's rumored conversion to Catholicism before his death in late 1900.
Yeats initially pigeonholed Joyce as an educated but indoctrinated product of an Irish Jesuit education.
Yeats thought Joyce would have brought up Wilde's conversion to disconcert the Anglo-Irish theosophist.
Yeats believed Joyce would frame Wilde's conversion as the Catholic Church scoring off the Church of Ireland.
Joyce defied Yeats's expectations by coolly concluding he hoped Wilde had kept his integrity.
Joyce signaled his principled apostasy without activating Yeats’s Anglo-Irish prejudices.
Joyce made Wilde's resistance to religious orthodoxy the litmus test of Wilde's artistic worth.
Joyce made himself legible to Yeats in relation to Wilde.
Joyce had artistic aspirations that were both high and iconoclastic.
Joyce intended to maintain his creative and intellectual freedom at all costs, unlike Wilde.
Joyce established himself as a new kind of artist through his intricate self-positioning as both like and unlike Wilde.
Joyce's stance of ambivalent identification and disidentification toward Wilde influenced his allusions to Wilde throughout his career.
The tone of Joyce's allusions to Wilde grew more empathetic between 1906 and 1909.
During 1906 and 1909, Joyce reconceived Wilde as more than a convenient whetstone for his artistic identity.
This period (1906-1909) is bracketed by a letter Joyce wrote to his brother Stanislaus on August 19, 1906.
This period is also bracketed by the publication of Joyce's short essay, "Oscar Wilde: The Poet of _Salome_," in April 1909.
By the time Joyce wrote "Poet of _Salome_," Wilde was becoming an intimate, fraught doppelganger for Joyce.
Franklin Walton describes Wilde as haunting _Finnegans Wake_ as "someone other bearing my burdens."
Wilde emerged as one of the central characters in _Finnegans Wake_.
_Finnegans Wake_ can be read as Joyce's effort to rewrite Wilde's fate and his own.
_Finnegans Wake_ can be read as Joyce's "own _De Profundis_."
In 1906, Joyce wrote a letter to Stanislaus describing his reactions to first reading the Italian translation of _The Picture of Dorian Gray_.
The letter reveals Joyce's initial thoughts about _The Picture of Dorian Gray_.
The letter reveals Joyce's horror at imagining the use of parts of the novel by Wilde's prosecuting counsel.
The letter indicates emotional turmoil, as Joyce asks about a "cure for dreaming."
Joyce's critique of the novel is immediately followed by his question about a "cure for dreaming."
The letter formally connects Wilde's novel to recent nightmares involving "death, corpses, assassinations."
Joyce takes an "unpleasantly prominent part" in the nightmares.
Joyce gives no sign of being conscious of a connection between Wilde's novel and his nightmares.
In the letter to Stanislaus, Joyce treats Wilde as a whetstone whose failures sharpen Joyce's aspirations.
By 1906, Wilde's failure had split into two contradictory faults for Joyce.
Joyce feared his own writing might be used as evidence against him in court, leading to a fate like Wilde's.
Joyce denounced Wilde for being too diffident, complaining that Wilde's writing was "crowded" with "lies and epigrams."
By disparaging Wilde's evasiveness, Joyce disavowed his resemblance to Wilde as a sexually and politically dissenting artist.
Joyce could pass over a visceral, emotionally-charged identification with Wilde by emphasizing Wilde's supposed moral and artistic alterity.
In both cases (Yeats encounter and Stanislaus letter), Joyce identified a false step by Wilde that discredited Wilde's art.
Joyce's identification of Wilde's false step implicitly elevated his own artistic aspirations.
From the beginning, Joyce's disidentification with Wilde was softened by hope.
Joyce hoped that Wilde had, after all, overcome social forces that had appeared to defeat him.
To Yeats, Joyce expressed a rhetorically-motivated wish that rumors of Wilde's conversion were untrue.
To Stanislaus, Joyce "suspect[s]" that Wilde might have better fulfilled his "good intentions" in some other book.
In the years following, Joyce actively looked for the book in which Wilde had more fully succeeded in spinning his life into art.
One indication of Joyce's continued thought about Wilde is his literary work during the 1906-1909 period.
During 1906-1909, Joyce was radically revising _Stephen Hero_ into _A Portrait of the Artist as a Young Man_.
The title _A Portrait of the Artist as a Young Man_ is an "echo" of Oscar Wilde's _The Picture of Dorian Gray_.
Based on Joyce's Trieste library, he obtained and read several more of Wilde's books in the 1906-1909 timeframe.
Joyce obtained and read an edition of _Dorian Gray_ in the original English during this period.
Joyce annotated his English edition of _Dorian Gray_ with atypical intensity.
In the period following 1906, Joyce found what he was looking for in the extensively expurgated 1905 edition of Wilde's prison letter: _De Profundis_.
Scholars have proposed numerous explanations for Joyce's acutely ambivalent references to Wilde.
Scholars often focus on "Oscar Wilde: The Poet of _Salome_" when explaining Joyce's references to Wilde.
Richard Ellmann observes that in the 1909 essay, Joyce explored aspects of his own personality through his ambivalent treatment of Wilde.
Ellmann characterizes Joyce's personality as "the miserable man who sings of joy."
David Pierce characterizes Wilde as a "cautionary model" for Joyce.
Wilde's destruction by English courts reminded disenfranchised Irish sons that wit alone was insufficient to save them.
Éibhear Walshe focuses on the proleptic energies in "The Poet of _Salome_."
Walshe argues that in "The Poet of _Salome_," Joyce begot in Wilde an Irish literary precursor.
This Irish literary precursor challenged the political and moral hegemony of the British Empire.
Joseph Valente connects Joyce's psychoanalytic ambivalence toward Wilde and same-sex desire to Wilde's verdict and punishment.
Joyce came to adolescence in the year Oscar Wilde thrice came to trial.
Wilde's trials fixed "the image of the queer" in the British popular mind, according to Alan Sinfield.
The "image of the queer" was fixed to subject individuals to suspicion, stigma, and surveillance.
The widespread interest and magnitude of the Wilde affair fueled Joyce's growing mindfulness of same-sex desire.
Same-sex desire was a potent source of curiosity, contempt, fear, and fascination.
The Spring 1994 issue of _JJQ: Joyce and Homosexuality_ formed the basis for _Quare Joyce_.
_JJQ: Joyce and Homosexuality_ includes readings of Joyce's ambivalent references to Wilde through a queer theoretical lens.
These readings interpret Wilde's conviction and Joyce's response at the intersection of sociality and psychoanalysis.
Valente terms this intersection "the British popular mind."
Less accounted for in this work is the "British mind's subliminal, irrational counterpart: British social affect."
This painful, subverbal affective identification/disidentification subtends and informs collective subjectivity in the modern nation-state.
The burgeoning late-nineteenth century press's sensational coverage of Wilde's trials and punishment unleashed waves of intense affect.
These waves of intense affect profoundly reshaped British affect, in addition to the British mind.
The national mind consists of shared narratives, symbols, phrases, images, concepts, heroes, villains, historical events, slogans, and ideals.
The inchoate realm of a society's shared social affect and the national mind produce a society's "moral episteme."
A society's "moral episteme" refers to broad "evaluative assumptions" held in common within that society.

**********Claims for hard query**********

The article examines the NSPCC's impact on socially precarious families.
The enforcement of these new laws created conditions for losing child custody based on charges that could be brought without substantial evidence.
These new offenses were difficult to defend against.

**********Formulated hard query**********

The article examines something's impact on socially precarious families.
The enforcement of these new laws created conditions for losing child custody based on charges that could be brought in a certain way.
These new offenses were in a certain state.

**********Claims for medium query**********

In _De Profundis_, Oscar Wilde describes the dehumanizing anguish of extra-judicial punishments.
The letter reveals Joyce's initial thoughts about _The Picture of Dorian Gray_.
The article includes Joyce's literary reinventions of biographical episodes.

**********Formulated medium query**********

In _De Profundis_, `someone` describes the dehumanizing anguish of extra-judicial punishments.
The letter reveals Joyce's initial thoughts about `something`.
The article includes Joyce's literary reinventions of `something else`.

**********Claims for easy query**********

The basis for Joyce's identification and disidentification with Wilde is sought in the painful affect informing collective subjectivity in the modern nation-state.
Scholars have proposed numerous explanations for Joyce's acutely ambivalent references to Wilde.
This article investigates the basis for Joyce's simultaneous identification and disidentification with Wilde.

**********Formulated easy query**********

The basis for Joyce’s identification and disidentification with Wilde is sought in **something** informing collective subjectivity in the modern nation-state.
**Someone** have proposed numerous explanations for Joyce’s acutely ambivalent references to Wilde.
This article **in a certain way** the basis for Joyce’s simultaneous identification and disidentification with Wilde.

**********Page content extracted**********

Title: The Illusion of Accuracy: Simulating the Crusades in Ancestors Legacy (2018)
URL: https://olh.openlibhums.org/article/id/10344/
Content: ## Abstract

_Ancestors Legacy_ is a 2018 real-time strategy video game set in the Middle Ages. The game was developed by the controversial Polish studio Destructive Creations, whose members have been accused of sympathizing and supporting far-right movem

**********Extracted claims**********

_Ancestors Legacy_ is a real-time strategy video game.
_Ancestors Legacy_ was released in 2018.
The game _Ancestors Legacy_ is set in the Middle Ages.
Destructive Creations, a Polish studio, developed _Ancestors Legacy_.
Members of Destructive Creations have been accused of sympathizing with and supporting far-right movements online.
Some video games from Destructive Creations have incorporated crusading medievalisms.
The use of crusading medievalisms in Destructive Creations' games aligns with the civilizational-conflict narrative.
The civilizational-conflict narrative suggests a never-ending battle between Christianity, Islam, and other cultures.
The crusades are presented as an episode within the civilizational-conflict narrative.
_Ancestors Legacy_ condemns the crusades as unfair and hypocritical.
_Ancestors Legacy_'s condemnation of the crusades is supported by a reasonably accurate recounting of historical events.
The historical accuracy in _Ancestors Legacy_ is superficial.
The superficial accuracy in _Ancestors Legacy_ is shaped by a larger ideological framework about the Middle Ages and the crusades.
The game _Ancestors Legacy_ occupies a dissonant space.
_Ancestors Legacy_ condemns crusading but adopts it as an unavoidable part of a clash of civilizations.
The clash of civilizations portrayed in _Ancestors Legacy_ is depicted as lasting until the present day.
The game justifies player-exercised violence, despite condemning crusading.
_Ancestors Legacy_ exemplifies Adrienne Shaw's "tyranny of realism."
The "tyranny of realism" involves an obsession with accuracy in video games.
The obsession with accuracy is based on hegemonic and audience-driven perceptions of the past.
The "tyranny of realism" does not allow for a critical and emancipatory approach to history.
_Ancestors Legacy_ was developed and published by Destructive Creations.
_Ancestors Legacy_ features top-view click-and-drag gameplay.
The gameplay in _Ancestors Legacy_ is similar to _Age of Empires II, Warcraft III_, and _Star Craft II_.
Players in _Ancestors Legacy_ must defend their base, collect resources, recruit armies, and develop technologies to defeat opponents.
_Ancestors Legacy_ includes a single-player campaign mode.
The single-player campaign mode in _Ancestors Legacy_ follows the exploits of medieval figures.
Each campaign in _Ancestors Legacy_ is divided into five narratively-driven scenarios.
Players reenact the lives of famous kings and warriors from the medieval past in the campaign scenarios.
The Middle Ages in _Ancestors Legacy_ are characterized by violence, warfare, hypermasculinity, racial homogeneity, cruelty, and religious intolerance.
Cruelty and religious intolerance are intertwined in the game's portrayal of the medieval world.
Warfare in _Ancestors Legacy_ is most gruesome when faiths and cultures clash, such as during Viking raids on Christian lands and the crusades.
_Ancestors Legacy_ offers nine campaigns to the player.
Two of _Ancestors Legacy_'s campaigns are set in crusading scenarios.
The crusading scenarios in _Ancestors Legacy_ include the Prussian rebellion of 1260–1274 against the Teutonic Knights and Saladin's recapture of Jerusalem in 1187.
Destructive Creations has problematic relations with far-right movements and ideas.
Members of Destructive Creations have been involved in right-wing, neo-fascist, and neo-pagan groups.
Members of Destructive Creations have promoted neo-fascist ideas online.
The German website _Keinen Pixel Dem Faschismus!_ highlights the involvement of Destructive Creations members in right-wing groups.
Megan Condis has noted that the video game industry has predominantly marketed its products to a demographic prone to recruitment by far-right groups since the 1980s and 1990s.
The target demographic for video games often consists of working-class, white men.
Gaming offers a masculinist power fantasy, allowing escape from real-world constraints, to this demographic.
This demographic may feel their place of cultural preeminence is threatened by feminism and multiculturalism.
#GamerGate was an online campaign against feminist and anti-racist video game critics.
#GamerGate was used by online far-right groups to recruit new members.
Far-right groups used gaming culture and representation to introduce gamers to ideas like the ‘Jewish Question’ during #GamerGate.
Nazism and other extreme ideologies are often portrayed in gaming as superhuman fictionalized villains or empty shells of enemies.
Games like _Wolfenstein_ depict Nazism as superhuman fictionalized villains.
Games like _Call of Duty_ depict Nazism as empty shells of endless enemies without ideological elements.
Emil Lundedal Hammar argues that right-wing ideologies are favored in video gaming due to production practices and industry demographics.
The simulation of the past in video games, and the simplification of history for a virtual ludic experience, carry political messages.
Jörg Friedrich has shown that focusing on the conflict side of World War II in games like _Call of Duty_ and _Medal of Honor_ perpetuates the ‘clean Wehrmacht’ myth.
The ‘clean Wehrmacht’ myth is perpetuated due to the simulation’s unwillingness to deal with the horrors of Nazism for political and economic reasons.
The simplification of the past for ludic purposes facilitates the reproduction of ideological myths.
An ideological myth is a political or ideological statement that appears natural and is not always recognized as such by developers and players.
History in games often emphasizes eventfulness, implying that the game only transmits facts as they happened.
This emphasis on eventfulness in games obscures history’s narrative and constructed nature.
This approach can reproduce problematic understandings of history, such as the notion that the West represents the historical experience _par excellence_.
Sid Meier’s _Civilization_ series has contributed to the notion that the West is the historical experience _par excellence_.
The potential problems with games like _Civilization_ or _Call of Duty_ do not stem from incorrect historical information.
The Industrial Revolution was preceded by the expansion of European colonialism and the Enlightenment.
Berlin fell to the Soviets in 1945.
The issue with historical games lies with the economic incentives and political considerations behind audience expectations.
These narratives tend to center hegemonic understandings of the past.
These narratives can reproduce potentially dangerous understandings of history.
Narrative decisions in historical games are often shielded under the guise of accuracy.
Adrienne Shaw's "tyranny of realism" refers to an over-concern with perceived accuracy.
The "tyranny of realism" obscures the ideological understanding of a period by the developer.
The "tyranny of realism" stifles the emancipatory potential of interactive media like historical games.

**********Claims for hard query**********

This demographic may feel their place of cultural preeminence is threatened by feminism and multiculturalism.
The Industrial Revolution was preceded by the expansion of European colonialism and the Enlightenment.
Berlin fell to the Soviets in 1945.

**********Formulated hard query**********

This demographic may feel their place of cultural preeminence is threatened by something.
Something was preceded by the expansion of European colonialism and the Enlightenment.
A certain place fell to the Soviets in 1945.

**********Claims for medium query**********

_Ancestors Legacy_ is a real-time strategy video game.
Players in _Ancestors Legacy_ must defend their base, collect resources, recruit armies, and develop technologies to defeat opponents.
_Ancestors Legacy_ was developed and published by Destructive Creations.

**********Formulated medium query**********

Something is a real-time strategy video game.
Players in _Ancestors Legacy_ must operate in a certain way to defeat opponents.
_Ancestors Legacy_ was developed and published by someone.

**********Claims for easy query**********

The superficial accuracy in _Ancestors Legacy_ is shaped by a larger ideological framework about the Middle Ages and the crusades.
The use of crusading medievalisms in Destructive Creations' games aligns with the civilizational-conflict narrative.
Some video games from Destructive Creations have incorporated crusading medievalisms.

**********Formulated easy query**********

The superficial accuracy in _Ancestors Legacy_ is shaped by something.
The use of crusading medievalisms in someone's games aligns with the civilizational-conflict narrative.
Some video games from Destructive Creations have in a certain way crusading medievalisms.

**********Page content extracted**********

Title: Moments of Being-in-the-Archive
URL: https://olh.openlibhums.org/article/id/10468/
Content: ## Abstract

This paper adopts a constellation or patchwork writing structure to examine five encounters with archival materials and practices occurring over the span of 15 years. We observe how these encounters were characterised by strong, spontaneous r

**********Extracted claims**********

The paper uses a constellation or patchwork writing structure.
The paper examines five encounters with archival materials and practices.
The encounters discussed in the paper occurred over a 15-year period.
These encounters were characterized by strong, spontaneous reactions, including emotions like disgust and shame.
These reactions referred either to the archival objects themselves or to the researchers' relationship to them.
The encounters also involved semi-conscious behavioral acts.
Paying attention to such responses facilitates new and complementary modes of investigation into key questions of archival research.
These key questions include reflections on ownership, ethics, responsibilities, and the role of archival discovery in creating new knowledge.
These new modes of investigation are embodied and affective.
These modes emphasize the materiality of the objects involved.
The investigation attempts to harness the potential of fleeting moments of affect commonly experienced by archival researchers.
Such fleeting moments of affect are rarely the primary focus of archival inquiries.
The investigation is in dialogue with Susan Howe’s investigations of ‘insignificant visual and verbal textualities and textiles’.
The paper attempts to answer Maryanne Dever’s call to refocus attention on experiential knowledge from the archive.
The paper aims to allow for new and different questions and research pathways to emerge from experiential knowledge.
The paper proposes new archival methodologies that embrace the full embodied and affective experience of ‘being-in-the-archive’.
The discussion chronicles and performs two archival researchers’ reflections on 15 years of theoretical and experiential knowledge.
These reflections are from the researchers' current position in a newly post-pandemic and chronically precarious academic landscape.
The paper consists of four vignettes.
The vignettes relate moments of archival affect and encounter.
These moments are described as an embodied mode of attentiveness involving sensing, perceiving, feeling, registering, and engaging.
The focus on spontaneous encounters correlates with recent inquiries into the function and purpose of insight by neuroscientists and behavioral psychologists.
Insight is defined as a solution to a problem that appears suddenly.
Moments of insight are commonly experienced alongside positive emotions, such as joy or happiness, and a release of tension.
Solutions arrived at through insight are recalled easily and with intensity.
This finding is equivalent to Virginia Woolf’s 'moments of being', where reality is experienced vividly and without mediation.
For Woolf, such moments often arise from a shock or insight.
Woolf’s formulation underpins Maryanne Dever’s concept of ‘being-in-the-archive’.
Evidence suggests it may be possible to identify when an insight is occurring from a thinker’s affective and somatic responses.
Not all emotions recalled in the vignettes are positive, but all were experienced intensely and are remembered with detail and affective force.
Somatic and affective responses to archival encounters may indicate cognitive sparking.
Such reactions to ‘insignificant visual and verbal textualities and textiles’ may form a gateway to new forms of knowing.
These new forms of knowing are inaccessible via primarily rational, elaborative, or step-by-step thought processes.
The vignettes consider archival encounters described as 'scraps' of research.
These experiences have not been the primary focus of previous work but are considered to offer something valuable.
The piece reconsiders and refashions these moments of being-in-the-archive.
The piece gathers these 'scraps' into a patchwork form.
Placing one vignette (or patch) next to another within a journal article works paratactically.
This approach weaves conceptions and articulations of archival encounters together.
The approach allows for links to be made between vignettes whether explicit or not.
This open and suggestive approach enables a generative and multidirectional mode of reading across and between the vignettes.
Walter Benjamin’s _Illuminations_ offers a pathway for associative thought patterns, characterizing ideas as stars in a constellation.
Benjamin’s method does not draw direct connections between concepts, but positions them together as part of a wider system of thought.
A dialogue develops between concepts in Benjamin’s method without authorial exposition.
Benjamin’s flat hierarchy for presenting ideas has influenced creative and theoretical works.
W. G. Sebald’s _The Rings of Saturn_ moves between descriptions of East Anglian textiles workers and children in Nazi Germany learning sericulture.
The evil governing and enabling these moments in Sebald’s work is intuited when read together.
Sebald’s work deliberately arranges images within the same narrative structure or patchwork.
Other theorists observe spontaneous coming together of ideas.
Julietta Singh states that for her, the word ‘archive’ has become inextricably connected with Argentine political prisoners storing subversive literature.
Singh describes these two things as having ‘become sutured in my thought’.
Moments of synchronicity and _correspondance_ are present in the discussions.
One researcher was being admonished in the National Archives while the other was watching a cat vomit.
A decade separates the freezing of tomatoes in Norwich and their relatives taking over a Leicestershire greenhouse.
Two vignettes are connected to the challenges of early parenthood.
Such correspondences act as catalysts for understanding.
These correspondences are the puncta that help recall ‘moments of archival affect’.
These correspondences insist on the co-existence and significance of these moments.
Acts and emotional responses triggered by such moments contain forms of knowledge.
These forms of knowledge are made accessible by their disruptive power, according to Susan Howe in _Spontaneous Particularities_.
The epistemic jolt or insight from these moments comes from an opposite direction due to their precarious spontaneity.
By paying attention to these forms of knowledge, the paper considers what has not been fully explored in current archival practice and theory.
The paper aims to generate new archival methodologies in response to Dever’s call for refocusing attention on experiential knowledge.
These new methodologies would embrace the full embodied and affective experience of being-in-the-archive.
The approach insists on the interconnectedness and potential of physical, emotional, and intellectual experiences in the vignettes.
The approach refuses to privilege either academic or creative texts in its body of references.
The paper aligns with Singh’s view that she cannot distinguish between academic and creative modes.
Both academic and creative modes are present in the affective archival encounter.
Wilson et al. maintain that creative insight is ‘felt instead of explained’.
The paper contends that engaging with what is felt (emotionally and somatically) deepens and extends reading and thinking from archive experiences.
The archive is seen as a material and affective space, offering a multiple ‘contact zone’ rich with potential, aligning with Sara Ahmed’s view.
The articulation of different kinds of engagement with different kinds of archives shows how personal and public, affective and intellectual, institutional and everyday aspects shape each other.
The paper does not argue for the redundancy of current methods of engaging with archive materials.
Advances in information science regarding metadata development, genetic work, and attention to artifact physicality are vital for archive adaptability, resilience, and visibility.
The paper suggests that the embodied nature of the encounter with the physical archive must be acknowledged in addition to current methods.
Acknowledging the embodied encounter enables fuller modes of knowing and valuing the archive.
The paper intends to open up and explore new possibilities rather than determining or foreclosing future directions of this work.
This intention is reflected in the mode and form of the piece, which works through attaching, collating, negotiating, assembling, and forging links between previously unconnected things.
The seams of this patchwork piece draw from a range of interlinked critical approaches, offering a framework for the vignettes.
The thinking in the paper is in dialogue with the affective turn in archive studies and the postcritical turn in literary studies.
Both schools of thought acknowledge the material reality of the objects they study.
Both schools of thought allow for imaginative empathy and emotional/spiritual responses, categorized by Greenblatt as ‘resonance and wonder’.
Such positions insist that ‘affective and analytical aspects of meaning are closely intertwined’.
The initial emotional response is considered a type of fore-knowledge.
Details vibrate and resonate with special force when they connect with passions, predilections, and affectively soaked histories and memories.
The paper’s attention to moments of being-in-the-archive stems from their persistence over time and their usefulness for understanding archival practices and forms of knowing.
The focus is not primarily on the material existence of archival details, texts, and objects as ‘things’.
The focus is on what is provoked and enabled by the contact between researcher and object.
The consideration of archival materiality follows Dever’s interest in archival objects’ ‘capacities’ and what they ‘can do’.
Archival objects are seen as ‘dynamic or lively’, not fixed or given, and manifesting in interactions with them.
The vignettes articulate moments of archival affect within cumulative experiences of working with archives.
Much of the significance and potential of these experiences has been sharpened by reflection and written articulation.
The possibility for these preoccupations and experiences to inform archival methods and practices was often initially unknown to the researchers.
This knowledge has emerged through subsequent scholarship and collaborative thinking.
This knowledge may offer insights for future work.
For Howe, archives have potential as a ‘visionary spirit, a deposit from a future yet to come’.
The creative-critical mode of the piece enables tracing and drawing out intellectual potentialities and value from experiences in the archive.
The piece aims to explore Dever’s hopes for ‘an expanded hermeneutics that … can more readily account for what then happens in our encounters with’ archival objects.

**********Claims for hard query**********

Benjamin’s method does not draw direct connections between concepts, but positions them together as part of a wider system of thought.
Insight is defined as a solution to a problem that appears suddenly.
A decade separates the freezing of tomatoes in Norwich and their relatives taking over a Leicestershire greenhouse.

**********Formulated hard query**********

Someone’s method does not draw direct connections between concepts, but positions them together as part of a wider system of thought.
Insight is defined as a solution to a problem that appears in a certain way.
A decade separates something.

**********Claims for medium query**********

These forms of knowledge are made accessible by their disruptive power, according to Susan Howe in _Spontaneous Particularities_.
These correspondences insist on the co-existence and significance of these moments.
Walter Benjamin’s _Illuminations_ offers a pathway for associative thought patterns, characterizing ideas as stars in a constellation.

**********Formulated medium query**********

These forms of knowledge are made accessible in a certain way, according to Susan Howe in _Spontaneous Particularities_.
These correspondences insist on these moments being in a certain state.
Walter Benjamin’s something offers a pathway for associative thought patterns, characterizing ideas as stars in a constellation.

**********Validation Result**********

subquestion 'These correspondences insist on these moments being in a certain state.' is NOT supported by the context.
<reject> The text mentions that "Such correspondences... insist not only on their co-existence but on their significance, too." While it states what the correspondences insist upon regarding these moments (co-existence and significance), it does not state that they insist on "these moments being in a certain state." </reject>

**********Claims for easy query**********

The vignettes articulate moments of archival affect within cumulative experiences of working with archives.
The piece aims to explore Dever’s hopes for ‘an expanded hermeneutics that … can more readily account for what then happens in our encounters with’ archival objects.
The paper proposes new archival methodologies that embrace the full embodied and affective experience of ‘being-in-the-archive’.

**********Formulated easy query**********

The vignettes articulate **something** within cumulative experiences of working with archives.
The piece aims to explore **someone’s** hopes for ‘an expanded hermeneutics that … can more readily account for what then happens in our encounters with’ archival objects.
The paper proposes new archival methodologies that embrace the full embodied and affective experience of **a certain state**.

**********Page content extracted**********

Title: Gesamtkunstwerk Transcriptions in the Polish Theatrical Avant-Garde
URL: https://olh.openlibhums.org/article/id/10929/
Content: ## Abstract

When considering the concept of the _Gesamtkunstwerk_ in the context of the avant-garde, it seems useful to use the term transcription, borrowed from musical terminology, which denotes the development of a composition for a different instrume

**********Extracted claims**********

The article suggests that using the term "transcription" is useful when considering the concept of the *Gesamtkunstwerk* in the context of the avant-garde.
"Transcription" is a term borrowed from musical terminology.
"Transcription" denotes the development of a composition for a different instrument, voice, or ensemble than originally intended.
The concept of "transcription" can be applied to the development of Wagner’s *Gesamtkunstwerk* concept in other areas of the arts.
The notion of the *Gesamtkunstwerk* frequently appears in Polish theater studies.
Wagner’s concept of the *Gesamtkunstwerk* is often cited as an inspiration for selected artists and their artistic practices in Polish theater studies.
The inspiration of Wagner's concept is evident in the activities of artists among the Polish theatrical avant-garde.
The article examines how the idea of the *Gesamtkunstwerk* functions in selected works of Polish artists.
Polish artists Zbigniew Pronaszko, Jerzy Grotowski, and Tadeusz Kantor are discussed in the article.
These artists consciously refer to the Wagnerian idea.
These artists perceive the work of theater art primarily as a tool for possible social change.
The idea of the *Gesamtkunstwerk* originally referred to musical drama.
The idea of the *Gesamtkunstwerk* has expanded over time to include opera, modern theater, architecture, and other forms of art.
The concept of the *Gesamtkunstwerk* is currently ubiquitous.
The concept of the *Gesamtkunstwerk* can be applied liberally.
The concept of the *Gesamtkunstwerk* is a useful category in the broadest sense of art.
David Roberts analyzes the concept of the *Gesamtkunstwerk* in his 2011 book, *The Total Work of Art in European Modernism*.
Roberts’s analysis focuses on both aesthetic and political aspects of the *Gesamtkunstwerk*.
Roberts points to anticipations of the total work of art in the philosophy of German Romanticism.
Roberts points to anticipations of the total work of art in the literature of French Romanticism in the first half of the 19th century.
Roberts points to anticipations of the total work of art in the festivals of the French Revolution.
Roberts refers to the thesis of Roger Fornoff.
Roger Fornoff’s thesis was mainly expressed in the 2004 book *Die Sehnsucht nach dem Gesamtkunstwerk*.
Roberts describes four basic structural components of the *Gesamtkunstwerk* concept.
One component defines the *Gesamtkunstwerk* as an inter- or multimedia union of different arts in relation to a comprehensive vision of the world and society.
A second component states that the *Gesamtkunstwerk* can constitute an implicit or explicit theory of the ideal union of the arts.
A third component states that a total work of art is a closed worldview, combining a social-utopian, historical-philosophical, or metaphysical-religious image of the whole with a radical critique of existing society and culture.
A fourth component states that the *Gesamtkunstwerk* signifies a projection of an aesthetic-social or aesthetic-religious utopia, which looks to the power of art for its expression and as the aesthetic means to a transformation of society.
The components listed above represent certain aspects or viewpoints from which a total work of art can be considered.
The components listed above do not form an unambiguous traditional definition.
The components listed above offer interpretive possibilities for the *Gesamtkunstwerk*.
The idea of a total work of art, presented in this way, is not primarily a utopian project of musical drama or a problem of the history of Wagner’s influence.
The idea of a total work of art is one of the most important utopias of modern culture, according to Świtek (2013: 177).
Roberts’s further considerations to transpose the aesthetic aspect of the *Gesamtkunstwerk* to the context of European avant-garde movements are justified.
Roberts’s further considerations to transpose the aesthetic aspect of the *Gesamtkunstwerk* to the political atmosphere of 20th-century totalitarianism (Stalinism and Hitlerism) are justified.
Stalinism and Hitlerism are phenomena close to utopian thinking.
The article intends to show how and in what configurations the aspects of the *Gesamtkunstwerk* mentioned by Roberts function when applied to the Polish theatrical avant-garde.
The article argues that a phenomenon of the peculiar transfiguration of Wagner’s concept of the total work of art takes place in the activities, visions, and concepts of selected theater artists.
Various artists have taken the idea of the *Gesamtkunstwerk* as a reference point and a specific goal for their art over the years.
This is manifest in the work of avant-garde artists of the early 20th century.
This is manifest later in the post-war neo-avant-garde period (the 1960s and 1970s).
It was previously believed that artists active in the post-war period, primarily Tadeusz Kantor and Jerzy Grotowski in the field of theater, were the direct successors of the pre-war theatrical avant-garde.
A desire for a total work of art with strong performative power existed despite differences and dissimilarities resulting from the variability of various conditions and contexts.

**********Claims for hard query**********

"Transcription" is a term borrowed from musical terminology.
Roberts refers to the thesis of Roger Fornoff.
The components listed above do not form an unambiguous traditional definition.

**********Formulated hard query**********

"Transcription" is a term borrowed from `something`.
Roberts refers to the thesis of `someone`.
The components listed above do not form `in a certain way`.

**********Claims for medium query**********

The concept of the *Gesamtkunstwerk* is currently ubiquitous.
The concept of the *Gesamtkunstwerk* can be applied liberally.
A desire for a total work of art with strong performative power existed despite differences and dissimilarities resulting from the variability of various conditions and contexts.

**********Formulated medium query**********

The concept of the *Gesamtkunstwerk* is currently in a certain state.
The concept of the *Gesamtkunstwerk* can be applied in a certain way.
A desire for a total work of art with something existed despite differences and dissimilarities resulting from the variability of various conditions and contexts.

**********Claims for easy query**********

Wagner’s concept of the *Gesamtkunstwerk* is often cited as an inspiration for selected artists and their artistic practices in Polish theater studies.
The article intends to show how and in what configurations the aspects of the *Gesamtkunstwerk* mentioned by Roberts function when applied to the Polish theatrical avant-garde.
The article argues that a phenomenon of the peculiar transfiguration of Wagner’s concept of the total work of art takes place in the activities, visions, and concepts of selected theater artists.

**********Formulated easy query**********

Wagner’s concept of the *Gesamtkunstwerk* is often cited as an inspiration for selected artists and their artistic practices in something.
The article intends to show how and in what configurations the aspects of the *Gesamtkunstwerk* mentioned by someone function when applied to the Polish theatrical avant-garde.
The article argues that in a certain way of Wagner’s concept of the total work of art takes place in the activities, visions, and concepts of selected theater artists.

**********Page content extracted**********

Title: Anhyld þinre heortan eare: Mind as Body in the Sermons of Ælfric
URL: https://olh.openlibhums.org/article/id/9065/
Content: ## Abstract

By using a metaphor of the mind as body, with eyes, and ears, a throat and voice, Ælfric explains the complexities of an Augustinian understanding of the mind in comparatively simple terms, to lead: ‘those who dwell in cities and towns and vi

**********Extracted claims**********

Ælfric explains the complexities of an Augustinian understanding of the mind in comparatively simple terms by using a metaphor of the mind as a body with eyes, ears, a throat, and a voice.
Ælfric aims to lead individuals who dwell in cities, towns, and villages to an understanding of Christ.
In Ælfric’s _Dominica in Quinquagesima_, the mind is endowed with the potential for sight and has a voice.
The Old English phrase "swa hwa swa oncnæwð þa blindnysse his modes Clipige he mid inweardre heortan" translates to "he who is aware of his mind’s blindness let him shout out with inward heart."
Ælfric’s references to the inner mind or heart go beyond a bodily personification and refer to layers of consciousness.
Ælfric’s depiction suggests one part of the mind can have an awareness that another part does not.
The concept of a layered mind, conveyed through the metaphor of mind as body, is found in Alfredian translations.
The concept of a layered mind, conveyed through the metaphor of mind as body, is found in the Old English translation of the Benedictine Rule.
The opening of Æðelwold’s translation of the Benedictine Rule enjoins the novice monk to "incline the ear of your heart."
The Old English phrase "anhyld þinre heortan eare" translates to "incline the ear of your heart."
The representation of the mind in the Benedictine Rule quotation has organs linked to the senses of perception.
This representation of the mind provides access to the outside world.
This representation of the mind is capable of movement, specifically inclining.
The figurative organs of the mind are presented as offering a bridge between the inner person and the outer world.
The phrase "inclina aurem cordis tui" is the exact Latin equivalent of "incline the ear of your heart."
Representations of the mind in bodily terms belong to the Christian tradition.
Representations of the mind in bodily terms reflect a grounding in the conceptualization of mind by Christian thinkers, most notably St. Augustine.
In the Benedictine Rule quotation, the ear of the mind appears to be inclining towards an external and worldly stimulus, such as the novice’s teacher.
Images of the mind with organs are most often employed in an attempt to communicate with God.
Images of the mind with organs are most often employed to describe an impediment towards communication with God.
A specifically spiritual engagement is required in the context of the Benedictine Rule.
The soul of the novice must engage in the Benedictine Rule context.
The goal in the Benedictine Rule context is to turn towards God.
The Old English phrase "Gode gecyrran" translates to "to turn towards God."
The lives of monks in the monastic context of the Benedictine Rule are centered around prayer and communion with God.
Monks learn the dangers of temptation through readings of John Cassian.
Monks learn the need for mental control through readings of John Cassian.
John Cassian was a disciple of Evagrius of Pontus.
Monks learn that the mind must control mind to fight the dangers of temptation.
Mental control is an essential step in the search for communion with God.
Communion with God can be sought through a vision or _theoria_.
Benedict’s use of mind-as-body imagery facilitates a novice's understanding of the layered nature of the mind.
Old English glosses of Latin terms give some indication of ranges of meaning, at least in prose.
The Old English term "_mod_" frequently glosses "_mens_".
The Latin term "_mens_" can signify mind, disposition, feeling, character, heart, or soul.
According to the _Thesaurus of Old English_, "_mod_" and its compounds can represent values including spirit, soul, heart, and the place of thought.
Soon-Ai Low (2001: 11) includes "_mod_" (with "_sefa_, _sawol_ and _ferhð_") as representing the seat of emotions.
In the glossed version of the Benedictine Rule, "_mod_" glosses both "_animus_" and "_anima_".
The Latin term "_animus_" refers to the rational soul.
The Latin term "_anima_" in a Christian context usually refers to the life force or part of the soul common to men and animals.
The usage of "_anima_" is not entirely consistent.
The Old English term "_heorte_" glosses "_cor_".
Both "_heorte_" and "_cor_" are mind terms.
"_Heorte_" and "_cor_" often seem to refer to the place in which thoughts are held.
There does not seem to be a hard and fast distinction between some of the Old English mind terms.
To a lesser degree, a lack of hard and fast distinction is also true of some Latin or Present-Day English terms.
Soon-Ai Low (2001: 15) concludes that it is necessary to consider terms in context.
Ælfric describes the mind/soul as a tripartite entity in _Feria III De Fide Catholica_.
Ælfric follows Augustine in his description of the mind/soul as a tripartite entity.
Ælfric established the nature of the Trinity as three equal and undiminishable aspects in one.
Ælfric compares the Trinity to the sun, which is composed of form, heat, and brightness.
Ælfric explains in what way humankind is made in God’s image.
Ælfric states that humankind is made in God’s image in the soul, not in the body.
Ælfric states that humankind’s soul has in its nature a likeness to the Holy Trinity.
Ælfric states that the soul has in it three things: memory, understanding, and will.
The Old English phrase "on þære sawle na on þam lichaman; þæs mannes sawul hæfð on hire gecynde þære halgan þrynesse anlicnysse, for þan ðe heo hæfð on hire ðreo ðing, þæt is gemynd and andgit and willa" translates to "in the soul, not in the body; man’s soul has in its nature a likeness to the Holy Trinity, because it has in it three things, that is: memory, understanding and will."
Augustine states that humankind was not made to the image of God as regards the shape of the body.
Augustine states that humankind was made to the image of God as regards the rational mind.
Augustine explores ways in which mental trinities resemble the divine Trinity.
The chief triad explored by Augustine as resembling the divine Trinity is memory, will, and understanding.
Ælfric’s explanation of the Trinity is, in essence, a summary of Augustine's _De Trinitate_.

**********Claims for hard query**********

Soon-Ai Low (2001: 15) concludes that it is necessary to consider terms in context.
The Old English term "_heorte_" glosses "_cor_".
John Cassian was a disciple of Evagrius of Pontus.

**********Formulated hard query**********

Someone concludes that it is necessary to consider terms in context.
The Old English term `something` glosses "_cor_".
John Cassian was a disciple of `someone`.

**********Claims for medium query**********

In the glossed version of the Benedictine Rule, "_mod_" glosses both "_animus_" and "_anima_".
The soul of the novice must engage in the Benedictine Rule context.
A specifically spiritual engagement is required in the context of the Benedictine Rule.

**********Formulated medium query**********

In the glossed version of the Benedictine Rule, something glosses both "_animus_" and "_anima_".
The soul of someone must engage in the Benedictine Rule context.
Something is required in the context of the Benedictine Rule.

**********Claims for easy query**********

Ælfric explains the complexities of an Augustinian understanding of the mind in comparatively simple terms by using a metaphor of the mind as a body with eyes, ears, a throat, and a voice.
The concept of a layered mind, conveyed through the metaphor of mind as body, is found in the Old English translation of the Benedictine Rule.
Ælfric’s references to the inner mind or heart go beyond a bodily personification and refer to layers of consciousness.

**********Formulated easy query**********

Ælfric explains the complexities of an Augustinian understanding of the mind in comparatively simple terms by using a metaphor of the mind as a body with certain features.
The concept of a layered mind, conveyed through the metaphor of mind as body, is found in a certain document.
Ælfric’s references to the inner mind or heart go beyond a bodily personification and refer to a certain state.

