**********Page content extracted**********

Title: how-to-horse-trek-in-kyrgyzstan
URL: https://www.lonelyplanet.com/articles/how-to-horse-trek-in-kyrgyzstan
Content: _**These are the best places to travel this summer**_








“Horses are the wings of man.” So goes an ancient Kyrgyz proverb.

A visit to Kyrgyzstan is not complete without taking to horseback. Brimming with thousands of years of nomadic history and nat

**********Extracted claims**********

An ancient Kyrgyz proverb states, "Horses are the wings of man."
Horse trekking in Kyrgyzstan involves traveling on horseback for several days through the wilderness from one yurt camp to another.
Horse trekking is described as the backbone of Kyrgyzstan’s culture, economy, and history.
Kyrgyzstan is a historically nomadic country.
Kyrgyzstan has relied on horses for transport and livelihood for thousands of years.
For centuries, horses have supported nomadic families, Silk Road merchants, warriors, and rural farmers in Kyrgyzstan.
Horses continue to play a crucial role in the lives of Kyrgyz people.
Horse meat is a culinary tradition in Kyrgyzstan.
Kok Boru is the national sport of Kyrgyzstan.
Kok Boru is a traditional game played with dead goats, resembling horse polo.
Netflix released a documentary episode on Kok Boru as part of their _Home Game_ series in 2020.
Since gaining independence in 1992 after the fall of the Soviet Union, Kyrgyzstan has viewed horses as synonymous with Kyrgyz statehood.
Horses are still considered the most reliable and efficient mode of transport in many remote areas of Kyrgyzstan.
The horse remains a steadfast cornerstone of modern Kyrgyzstan, despite a rapidly transforming economy and urban centers like Bishkek.
Azamat Zhumashov is the CEO and founder of KAGAN Tours.
Azamat Zhumashov stated that Kyrgyz people are synchronized with and deeply connected to horses.
Azamat Zhumashov stated that horses are the greatest investment for Kyrgyz people.
Kyrgyzstan is dominated by two major mountain systems: Tien Shan and Pamir Alay.
The Tien Shan mountains are located in eastern Kyrgyzstan.
The Pamir Alay mountains are located in southwestern Kyrgyzstan.
The Tien Shan and Pamir Alay mountain systems cover 90 percent of Kyrgyzstan’s land.
The Tien Shan mountains are locally known as the Celestial Mountains.
The Tien Shan mountains are home to some of Kyrgyzstan’s most famous natural wonders.
The Tien Shan is the most popular destination for horse treks in Kyrgyzstan.
The Tien Shan is notable for its diversity in landscape and species.
Multi-day horse treks can be taken to Song-Kol Lake.
Horse treks can head through Jeti-Oguz for red canyon formations and lush, flower-speckled valleys.
The Tien Shan region contains vast, wildlife-filled forests, rushing rivers, and hidden hot springs.
The Pamir Alay Mountain range is a popular destination for horse treks.
The Pamir Alay is rockier than the Tien Shan.
The Pamir Alay is known for its snowcapped peaks peering over dramatically steep valleys.
Many travelers opt to hike on foot in the Pamir Alay region.
Most horse treks in Kyrgyzstan are highly customizable.
Tour companies offer a variety of lengths for horse trek routes.
The Song-Kol Lake trek is the most popular horse trek in the Tien Shan region.
The Song-Kol Lake trek is recommended for beginner riders.
Song-Kol Lake treks typically last 2-5 days.
Song-Kol Lake treks include views of the alpine lake, towering mountain vistas, and lush green forests.
Treks to Ala-Kol Lake and Altyn Arashan Valley depart from Karakol.
Karakol is a hub for outdoor adventure.
Karakol has local coffee shops, Kyrgyz cuisine, and backpacker hostels.
The Ala-Kol Lake and Altyn Arashan Valley trek includes hot springs in Altyn Arashan and the Arashan River.
Jyrgalan was once a prosperous Soviet mining town.
Jyrgalan is now an oasis for natural beauty.
Several horse routes, ranging from 1-4 days, can be taken from Jyrgylan.
Chon-Kemin Nature Park is 135km (84 miles) from Bishkek.
Chon-Kemin Nature Park is Kyrgyzstan’s longest gorge.
Chon-Kemin Nature Park is nestled between two branches of the Tien Shan.
Chon-Kemin Nature Park features a twisting river, numerous grazing animals, and fir trees.
Chon-Kemin Nature Park is a relatively untouched region.
Tours in Chon-Kemin Nature Park start at one day.
Longer treks from Chon-Kemin Nature Park often connect the park with a journey to Issyk-Kol Lake.
Issyk-Kol Lake is the second largest alpine lake in the world.
The Tash-Rabat to Chatyr Kol trek usually takes around five days.
The Tash-Rabat to Chatyr Kol trek follows an ancient Silk Road route in the far east.
The Tash-Rabat to Chatyr Kol trek passes green rolling hills, rocky mountain passes, and the Tash Rabat caravanserai.
The Tash Rabat caravanserai is a 15th-century stone-built building.
The Tash Rabat caravanserai is believed to have served as a rest stop for Silk Road merchants.
A pre-obtained border permit is necessary to visit Chatyr Kol as part of a trek.
Permits for Chatyr Kol can take up to two weeks to obtain.
Tourist companies such as Kyrgyz Tourism and Too.kg offer assistance in obtaining Chatyr Kol permits.
The Tulpar-Kol to Peak Lenin Base Camp excursion takes riders through the Pamir region.
This excursion offers a chance to spend the night at Peak Lenin Base Camp.
Lenin Peak is known as the world’s easiest 7000m (23,000 ft) peak to climb.
Both Ak Tor Pass and Kum Bell Pass Alay treks offer views of the rugged Pamir-Alay region.
These treks offer a chance to immerse oneself in the lives of local families who relocate to the mountains in the summer months.
The Arslanbob Walnut Forest is located outside the Tien Shan and Pamir Alay ranges.
The Arslanbob Walnut Forest is estimated to be 50 million years old.
The Arslanbob Walnut Forest is home to around 130 varieties of nuts and fruit.
The Arslanbob Walnut Forest is the largest forest of its kind in the world.
The Arslanbob Walnut Forest is located 70km (44 miles) from Uzbekistan in the southwest Babash-Ata mountains.
Most people living in the Arslanbob area are ethnic Uzbeks.
Ethnic Uzbeks in the Arslanbob area speak a local dialect, wear traditional clothing, and share a distinct culture.
Arslanbob Village serves as the main hub before heading into the Arslanbob Walnut Forest.
Notable horse excursions in the Arslanbob area include the Sary-Chelek Trek and Toktogul Valley.
Plenty of local and international tour companies organize horse treks in Kyrgyzstan.
Visit Alay is a popular Kyrgyz-based entity.
Visit Alay offers horse treks, hiking treks, and Pamir Highway tours.
Other trusted operators include Gulsary Stables, Datka Travel, and Kyrgyzstan Nomad Trekking.
Community Based Tourism Kyrgyzstan focuses on using a sustainable and holistic ecotourism approach.
Community Based Tourism Kyrgyzstan aims to improve living conditions in remote areas.
Community Based Tourism Kyrgyzstan relies on local resources and manpower.
Travelers can book with Community Based Tourism Kyrgyzstan ahead of time or directly at one of their local offices.
Bulak Say Horseback Riding and Trekking is a tour company.
Most horse treks in Kyrgyzstan leave from Bishkek, Karakol in the east, or Osh in the southwest.
Getting to Karakol from Bishkek requires a 7-8-hour car ride.
There are numerous spots to stop along the way from Bishkek to Karakol for a dip in Issyk-Kol Lake.
Karakol National Airport opened in late 2024.
Flights from Bishkek to Karakol are still few and far between.
Osh is more connected to Bishkek than Karakol.
Several flights a day operate between Osh and Bishkek.
It is possible to fly between Osh and Istanbul.
The southern region of Kyrgyzstan is more internationally accessible via Osh.
Depending on the trekking company, participants in a horse trek might stay in tents or traditional yurt camps.
Yurts are ingrained in the national identity of Kyrgyzstan.
Kyrgyzstan’s flag features a red backdrop with a stylized tunduk in the center.
The tunduk is the top opening of a traditional yurt.
Yurt camps exist across Kyrgyzstan in the summer season.
Yurt camps are located in riverside communities and jailoos (high mountain pastures).
Yurt camps are found in isolated parts of the Kyrgyz landscape.
Camps are collections of several yurts.
One yurt typically serves as the kitchen in a camp.
Other yurts serve as bedrooms or dining areas.
The bathroom situation varies from camp to camp.
Camps are largely family-run.
Children on summer break commonly help out with dinner and play with guests at camps.
At a tent site or yurt camp, meals are typically served banquet style.
Tables are laid out with traditional breads, fruit, cookies, jams, and other snacks.
The main dish will likely be a hearty bowl of rice with meat (beef, mutton, horse or yak) or a soup.
Dietary restrictions can be honored during meals.
Breakfast might consist of freshly made ayran or eggs.
Ayran is a fermented drink similar to yogurt.
Touring companies typically organize abundant picnic lunches during long days of horseback riding.
Kumis is the traditional Kyrgyz alcoholic beverage.
Kumis is made from fermented horse milk.
Horse trekking in Kyrgyzstan is a safe activity for people of all equestrian skill levels.
Tours are led by practiced local horse guides.
Many local horse guides have been riding since nearly before they could walk.
Novices may be placed with calmer horses during treks.
Novices may be led by nose rein for the first few days of a trek.
More advanced participants can gallop freely in some of the fields.
Sam McManus is the managing director of YellowWood Adventures.
YellowWood Adventures is a travel company specializing in Kyrgyz horse tours.
Sam McManus stated that participants are in very capable hands of local nomadic horsemen.
Horse trekking in Kyrgyzstan is only possible in the summer.
Snow tends to pile up deeply in Kyrgyzstan in the colder months.
Late May to early September is the typical timeframe for horse trekking in Kyrgyzstan.
The timeframe for horse trekking shrinks in more remote areas of Kyrgyzstan.
July and August are considered peak season for horse trekking in Kyrgyzstan.
Sturdy hiking boots are a must for a Kyrgyz horse adventure.
Layers, rain gear, and sun protection are recommended for a Kyrgyz horse adventure.
It can get very hot in parts of Kyrgyzstan.
Temperatures can cool down quickly in parts of Kyrgyzstan.

**********Claims for hard query**********

The Tash Rabat caravanserai is a 15th-century stone-built building.
Tables are laid out with traditional breads, fruit, cookies, jams, and other snacks.
Dietary restrictions can be honored during meals.

**********Formulated hard query**********

The Tash Rabat caravanserai is a building from a certain time period built in a certain way.
Tables are laid out with something.
Dietary restrictions can be handled in a certain way during meals.

**********Claims for medium query**********

A pre-obtained border permit is necessary to visit Chatyr Kol as part of a trek.
Chon-Kemin Nature Park is Kyrgyzstan’s longest gorge.
Kyrgyzstan is dominated by two major mountain systems: Tien Shan and Pamir Alay.

**********Formulated medium query**********

A pre-obtained border permit is necessary to visit a certain place as part of a trek.
Chon-Kemin Nature Park is in a certain state.
Kyrgyzstan is dominated by something.

**********Claims for easy query**********

Plenty of local and international tour companies organize horse treks in Kyrgyzstan.
Most horse treks in Kyrgyzstan are highly customizable.
Horse trekking in Kyrgyzstan involves traveling on horseback for several days through the wilderness from one yurt camp to another.

**********Formulated easy query**********

`Some entities` organize horse treks in Kyrgyzstan.
Most horse treks in Kyrgyzstan are `in a certain state`.
Horse trekking in Kyrgyzstan involves `in a certain way`.

**********Page content extracted**********

Title: florence-on-a-budget
URL: https://www.lonelyplanet.com/articles/florence-on-a-budget
Content: _**These are the best places to travel this summer**_








Sitting comfortably along the banks of the Arno River, Florence has been welcoming tourists since the early days of international tourism, building a global reputation that is hard to match.

B

**********Extracted claims**********

Florence is situated along the banks of the Arno River.
Florence has a long history of welcoming international tourists.
Florence has a strong global reputation.
British aristocrats began traveling to Florence in the 17th century.
German aristocrats began traveling to Florence in the 17th century.
British and German aristocrats traveled to Florence to admire Gothic and Renaissance masterpieces.
Florence continues to receive a steady stream of visitors.
Florence is an expensive city compared to other Italian cities.
Florence's city center is a UNESCO-listed site.
Florence's city center measures approximately 5 square kilometers (1.9 square miles).
Florence's city center attracts millions of people annually.
Tourism has contributed to increasing prices in Florence for decades.
Budget accommodations in Florence are increasingly difficult to find.
Florence offers many world-class museums.
Florence provides many day-trip opportunities.
A visit to Florence can be costly.
Tourist crowds are present in Florence from spring until early autumn.
Tourist traffic in Florence peaks in the summer.
Italians on holiday contribute to queues in Florence during summer.
Accommodation prices in Florence's historic city can increase significantly from May to September.
Visiting Florence between November and February (excluding Christmas to Epiphany) can offer good deals.
Many major museums in Florence offer low-season rates.
Major museums in Florence experience fewer crowds in the low season.
Access to the Uffizi costs €12 ($14 USD) during the low season.
Access to the Uffizi costs €25 ($29 USD) during the regular season.
Tickets for Palazzo Pitti cost €10 ($11 USD) during the low season.
Tickets for Palazzo Pitti cost €16 ($18.79 USD) during the regular season.
Tickets for the Boboli Gardens cost €6 ($7 USD) during the low season.
Tickets for the Boboli Gardens cost €10 ($11.74 USD) during the regular season.
Florence has an airport named Amerigo Vespucci.
Florence's Amerigo Vespucci airport is connected to the city center via the T2 tram line.
The T2 tram line connects Amerigo Vespucci airport terminal to Santa Maria Novella railway station.
Pisa has an airport named Galileo Galilei.
Flying into Pisa's Galileo Galilei airport may be cheaper than flying into Florence.
Pisa's Galileo Galilei airport is located over an hour's drive from Florence.
Pisa's Galileo Galilei airport offers numerous low-cost flight options.
Ryanair flies daily to and from Pisa.
Wizz Air flies daily to and from Pisa.
Vueling flies daily to and from Pisa.
easyJet flies daily to and from Pisa.
The approximate cost to travel from Pisa to Florence and back is €30 ($35 USD).
The Pisamover service connects Pisa's airport to Pisa Centrale railway station.
The Pisamover journey takes about five minutes.
The Pisamover service costs €6.50 ($7.63 USD).
A regional train from Pisa Centrale to Florence's city center takes one hour.
A regional train from Pisa Centrale to Florence's city center costs €9.30 ($10.92 USD).
Florence's city center has many restaurants.
Some trattorias in Florence offer all-included, fixed-price menus.
Fixed-price menus in Florence typically include a first course, a second course, and a side dish.
Fixed-price menus in Florence cost between €14 and €20 ($16.44 to $23 USD).
Fixed-price lunch menus are available at Trattoria Guelfa, Ostaria dei Centopoveri, Il Contadino, and Trattoria Da Giorgio.
Florence has traditional sandwiches available at bakeries.
Traditional sandwiches in Florence cost around €7 ($8.22 USD).
Schiacciata bread is similar to focaccia.
Schiacciata bread has a crispy outer crust and a soft interior.
Schiacciata bread is typically stuffed with cured meats, grilled vegetables, and cheeses.
All’Antico Vinaio is a sandwich shop.
All’Antico Vinaio is located on Via dei Neri.
All’Antico Vinaio has queues extending from its doors.
Sandwich shops are located throughout Florence.
Pugi, Forno Becagli, Schiacciamatta, and Schiaccia Passera are sandwich shops in Florence.
Schiacciamatta is open until late.
Florence is known for more than just stuffed schiacciata sandwiches.
Lampredotto is a famous Florentine street food.
Lampredotto is made with the abomasum, which is the fourth and final stomach of a cow.
The abomasum in lampredotto is slow-cooked in a broth.
Lampredotto is covered in salsa verde.
Salsa verde is a green sauce made with parsley and anchovies.
Lampredotto is served between soft white bread.
Tripperia Pollini and 'l Trippaio di San Frediano serve lampredotto.
Inexpensive regional Trenitalia trains connect Florence to Lucca, Pisa, Siena, Arezzo, Pistoia, and Prato.
Regional train tickets from Florence to these destinations often cost under €10 ($11.74 USD) per way.
Booking in advance is not required for regional train tickets.
Regional train tickets can be purchased on the spot without a price increase.
Hiring a private guide in Florence typically costs between €60 and €120 ($70 and $141 USD) per hour.
Many cultural institutions in Florence provide official guides for an additional fee to the ticket price.
Official guided tours often grant access to areas not independently accessible.
The La Specola Natural History Museum features 18th-century anatomical waxes.
The La Specola Natural History Museum's anatomical waxes can only be visited with a guide.
A guide for the La Specola Natural History Museum costs an additional €3 ($3.52 USD) per person.
Palazzo Medici Riccardi was the Medici's first Florentine residence.
Palazzo Medici Riccardi houses the Cappella dei Magi.
The Cappella dei Magi was frescoed by Benozzo Gozzoli.
A guided tour of Palazzo Medici Riccardi costs €4 ($4.69 USD).
MUS.E is a foundation.
MUS.E handles tours of Florence's civic museums.
MUS.E organizes many group activities.
A visit to Palazzo Vecchio's secret passages costs €5 ($5.87 USD).
Palazzo Vecchio's secret passages lead to Francesco I’s Studiolo.
Francesco I’s Studiolo is a Renaissance wonder room.
Palazzo Vecchio is Florence's city hall.
A service fee may be charged for coffee consumed at a table in Florence.
The rule about service fees for table service does not apply to all cafes.
Coffee breaks in Italy are typically quick and frequent.
People in Italy often drink coffee standing up.
Wine has been a staple in Tuscany since the Middle Ages.
Enoteche are wine shops.
Enoteche in Florence sell locally produced wine varieties.
Chianti and Sangiovese are locally produced wine varieties from the hills surrounding Florence.
Alla Sosta dei Papi and Vino Divino are wine shops.
Alla Sosta dei Papi and Vino Divino allow customers to fill their own bottles with young wine for a few euros.
Fratelli Zanobini and Casa del Vino are located in the San Lorenzo neighborhood.
Fratelli Zanobini and Casa del Vino serve wine by the glass.
Drinking on the street is permitted in Italy.
Florentines often gather in public squares to drink wine on warm summer evenings.
Vino della casa is the cheapest wine option in Florentine restaurants.
Vino della casa is often sold by the carafe.
Florence has many museums for art enthusiasts.
The Firenze Card costs €85 ($100 USD).
The Firenze Card is valid for 72 hours.
An extension option is available for the Firenze Card.
The Firenze Card includes access to over 70 museums, galleries, churches, and monuments.
A hostel room in Florence costs between €35 and €55 ($41 and $65 USD).
A basic room for two people in Florence costs between €80 and €120 ($94 and $141 USD).
A self-catering apartment in Florence costs between €80 and €120 ($94 and $141 USD).
An espresso coffee in Florence costs €1.20 ($1.40 USD).
A pizza in Florence costs between €8 and €14 ($9.39 and $16.44 USD).
Dinner for two in a trattoria in Florence costs approximately €60 ($70 USD).
A beer at a bar in Florence costs €6 ($7 USD).
A schiacciata sandwich in Florence costs €7 ($8.22 USD).
Museum tickets in Florence cost between €10 and €25 ($11.74 and $29 USD).
A glass of wine in Florence costs between €3 and €9 ($3.52 and $10.57 USD).
A tram ride in Florence costs €1.70 ($1.99 USD).
The average daily costs in Florence range from €130 to €200 ($153 to $235 USD).

**********Claims for hard query**********

MUS.E is a foundation.
Lampredotto is made with the abomasum, which is the fourth and final stomach of a cow.
Salsa verde is a green sauce made with parsley and anchovies.

**********Formulated hard query**********

MUS.E is something.
Lampredotto is made with something.
Salsa verde is something.

**********Claims for medium query**********

Florence has a strong global reputation.
A guide for the La Specola Natural History Museum costs an additional €3 ($3.52 USD) per person.
German aristocrats began traveling to Florence in the 17th century.

**********Formulated medium query**********

Florence has something.
A guide for something costs an additional €3 ($3.52 USD) per person.
Someone began traveling to Florence in the 17th century.

**********Claims for easy query**********

The average daily costs in Florence range from €130 to €200 ($153 to $235 USD).
A visit to Florence can be costly.
Florence is an expensive city compared to other Italian cities.

**********Formulated easy query**********

The average daily costs in Florence range from a certain amount.
A visit to Florence can be in a certain state.
Florence is in a certain way compared to other Italian cities.

**********Page content extracted**********

Title: top-things-to-do-in-venice
URL: https://www.lonelyplanet.com/articles/top-things-to-do-in-venice
Content: _**These are the best places to travel this summer**_








Visitors flock to Venice year-round, and who can blame them? Some 118 islands float on this fairy-tale lagoon, linked by 400 bridges. Each is crammed with dazzling _palazzi_(mansions)and heart-

**********Extracted claims**********

Venice has approximately 118 islands.
These islands float on a lagoon.
The islands of Venice are linked by 400 bridges.
Venice's islands are filled with palazzi and art.
Venice’s world-famous sights are overcrowded.
Venice’s world-famous sights are in precarious health due to mass tourism.
Empty streets and local voices can be found in neighborhoods a few blocks away from busy areas in Venice.
Piazza San Marco is a waterfront square in Venice.
Piazza San Marco includes the Basilica, cafes beneath porticoes, and the Campanile.
High tide occasionally causes water to slosh around in Piazza San Marco.
The Basilica di San Marco is a Byzantine basilica.
The Basilica di San Marco glitters with golden mosaics inside.
Elevators in the Campanile whisk visitors up 98.6m (323ft).
The Museo Correr is located at the opposite end of Piazza San Marco from the Basilica.
The Museo Correr tells the story of Venice through its objects.
Quadri is an 18th-century cafe in Piazza San Marco.
Libreria La Toletta in Dorsoduro is a bookshop in Venice.
Libreria La Toletta offers hundreds of volumes about Venice.
Ponte dei Sogni in Castello is a bookshop for children.
The Palazzo Ducale (Doge’s Palace) served as the Republic of Venice’s seat of power for approximately 900 years.
The Palazzo Ducale has a pink and white facade.
The Palazzo Ducale contains art by notable artists.
The Bridge of Sighs is connected to the Palazzo Ducale.
The Palazzo Ducale includes grim prisons.
Lines for the Palazzo Ducale can be long before 11 am.
Venice’s palazzi were built to be admired from the water.
The number 1 vaporetto is a passenger ferry that plies the Grand Canal.
The Fondaco dei Turchi was once the headquarters for Arab and Muslim merchants.
The Fondaco dei Turchi is now Venice's natural history museum.
Ca’ d’Oro has a carved and marble-clad facade.
Ca’ Foscari is Venice’s university.
The Salute church is an octagonal church.
Punta della Dogana offers lagoon views.
The Zattere waterfront is a location in Venice.
A number 2 vaporetto goes to Piazza San Marco from the Zattere waterfront.
The Rialto Bridge is a crossing over the Grand Canal.
The Rialto Bridge is made of Istrian stone.
A market has existed on the western side of the Rialto Bridge for over 1000 years.
The Rialto Market includes a fish market and a fruit and vegetable area.
Bancogiro is located on Campo Erbaria.
Bancogiro offers cicchetti (small snacks).
The alleyways surrounding the Rialto market are full of food stores.
The Gallerie dell’Accademia is an art museum in Dorsoduro.
The Gallerie dell’Accademia is located at the end of the wooden Accademia Bridge.
The Gallerie dell’Accademia exhibits works that once hung from Venice’s church walls.
The museum tells the story of Venetian art.
The collection includes works by Paolo Veneziano, Carpaccio, Mantegna, Bellini, Tintoretto, Titian, and Veronese.
Cornici Trevisanello is a business where the Trevisanello family makes picture frames.
Paolo Olbi is a bookbinder near Ca’ Foscari.
Paolo Olbi creates stationery with hand-printed Venetian and Byzantine motifs.
Il Pavone is a business where Paolo Pelosin makes items with marbled paper.
Ombra is the local name for a small glass of wine.
Ombra is served in a bacaro.
A bacaro is a traditional wine bar or tavern.
Cicchetti are finger food-style bar snacks.
Most cicchetti are slices of baguette bread topped with various ingredients.
Old-style cicchetti include hard-boiled egg with anchovies.
Sarde in saor are sardines in a sweet-sour marinade with pine nuts and raisins.
Burano is known for its candy-colored cottages.
Burano has been a fishing community since medieval times.
Burano is located in the north lagoon.
Burano is a 45-minute vaporetto ride from Venice.
The Museo del Merletto teaches about the local lace-making tradition in Burano.
Trattoria al Gatto Nero is a family-run restaurant in Burano.
Risotto di gò is a goby fish risotto.
The word "ghetto" comes from the Venetian "getto," meaning foundry.
Venice's Ghetto was abandoned and undesirable when the Jewish community was forcibly settled there in 1516.
The Ghetto area was originally one tiny island.
The area was expanded twice by the 17th century.
Residents of the Ghetto were gated in every night.
Residents lived in eight-story "skyscrapers" in the Ghetto.
The Jewish community built five synagogues in the Ghetto.
The Scola Levantina is one of the synagogues in the Ghetto.
The Scola Levantina was redesigned by Baldassare Longhena, a 17th-century architect.
The Jewish Museum provides information about the Ghetto area's history.
The Scuola Grande di San Rocco was one of Venice’s lay confraternities that performed charity work.
Tintoretto’s paintings fill two floors of the Scuola Grande di San Rocco, including the ceiling.
Tintoretto decorated the Scuola Grande di San Rocco to celebrate the end of the 1576 plague.
The 1576 plague wiped out a third of Venice.
The Scuola Grande di San Rocco contains more than 60 paintings of swirling Biblical scenes by Tintoretto.
Tintoretto revolutionized the depiction of movement and use of rich color.
The main hall’s roof in the Scuola Grande di San Rocco has Tintoretto paintings.
The church of San Rocco is nearby and contains Tintoretto artworks.
The Fondazione Querini Stampalia is located in a 16th-century palazzo.
The Fondazione Querini Stampalia combines a museum, gallery, library archive, and a modernist wing and garden.
The modernist wing and garden were designed by Carlo Scarpa.
The main gallery has works by Palma il Vecchio, Canaletto, and Bellini.
Bellini’s "Presentation at the Temple" is one of Venice’s artworks.
Information panels in the museum contextualize the art and teach about Venetian life.
The church of Santa Maria Formosa is located outside the Fondazione Querini Stampalia.
Santa Maria Formosa is a true Renaissance building in Venice.
Baron Giorgio Franchetti bought the 15th-century Ca’ d’Oro in 1894.
Ca’ d’Oro is a Gothic palazzo on the Grand Canal.
Ca’ d’Oro was named the "Golden House."
Ca’ d’Oro had fallen into disrepair when Franchetti bought it.
Franchetti dedicated his life to restoring Ca’ d’Oro.
Franchetti’s ashes are buried in the courtyard of Ca’ d’Oro.
The Santa Sofia vaporetto stop is near Ca’ d’Oro.
The Santa Sofia vaporetto stop connects with the Rialto Market.
Some of Venice’s art is located in its churches.
A Chorus pass provides entry to 18 of Venice’s churches.
Each church belonging to the Chorus group costs €3.50 (US$3.63) to enter individually.
A Chorus pass for all churches is valid for one year and costs €16 (US$18.50).
Santa Maria dei Miracoli is a marble-clad Renaissance building.
San Sebastiano is frescoed and painted almost entirely by Veronese.
Murano is an island located a 10-minute vaporetto ride north of Cannaregio.
Murano is known for its glass blowers.
The Museo del Vetro is Murano’s glass museum.
The art of glass-making was perfected in the Middle East.
Venice’s medieval trade links with Syria allowed it to copy glass-making techniques.
Lucevetro is a business where Cecilia Cenedese designs products.
Wave Murano Glass offers furnace tours and lessons.
The Basilica dei Santi Maria e Donato has a 12th-century marble mosaic carpet.
The church of San Pietro Martire has works by Bellini, Tintoretto, and Veronese.
Torcello is an island across the water from Burano.
Torcello was the first island of the lagoon to be settled.
Torcello was an early medieval boomtown.
Torcello currently has around a dozen inhabitants.
The Basilica di Santa Maria Assunta is a large church on Torcello.
The Basilica di Santa Maria Assunta’s interior has Byzantine-style mosaics from the 11th century.
Cannaregio is a neighborhood with tranquil canals and grand palazzi.
The church of Madonna dell’Orto was Tintoretto’s neighborhood church.
Tintoretto is buried in the church of Madonna dell’Orto.
Tintoretto’s artist children, Domenico and Marietta, are buried in Madonna dell’Orto.
The walls of Madonna dell’Orto are covered with Tintoretto’s paintings.
Madonna dell’Orto also contains works by Titian, Palma il Giovane, and Cima da Conegliano.
The church of Sant’Alvise is part of the Chorus association.
Sant’Alvise is known for its trompe l’oeil ceiling.

**********Claims for hard query**********

Residents lived in eight-story "skyscrapers" in the Ghetto.
Residents of the Ghetto were gated in every night.
Sarde in saor are sardines in a sweet-sour marinade with pine nuts and raisins.

**********Formulated hard query**********

Residents lived in a certain state "skyscrapers" in the Ghetto.
Residents of the Ghetto were gated in at a certain time.
Sarde in saor are sardines in a certain state.

**********Claims for medium query**********

High tide occasionally causes water to slosh around in Piazza San Marco.
Tintoretto revolutionized the depiction of movement and use of rich color.
Venice has approximately 118 islands.

**********Formulated medium query**********

Something occasionally causes water to slosh around in Piazza San Marco.
Someone revolutionized the depiction of movement and use of rich color.
Venice has approximately something.

**********Claims for easy query**********

Some of Venice’s art is located in its churches.
Venice's islands are filled with palazzi and art.
Venice’s palazzi were built to be admired from the water.

**********Formulated easy query**********

Some of Venice’s art is located in a certain place.
Venice's islands are filled with certain things.
Venice’s palazzi were built in a certain way.

**********Page content extracted**********

Title: top-free-things-to-do-in-algarve
URL: https://www.lonelyplanet.com/articles/top-free-things-to-do-in-algarve
Content: _**These are the best places to travel this summer**_








The Algarve’s spectacular scenery is guaranteed to make your heart sing and keep your purse happy. You don’t need to spend a cent to wander around whitewashed pretty villages like Ferragudo, lo

**********Extracted claims**********

The Algarve offers opportunities for free activities.
Visitors do not need to spend money to wander around whitewashed villages like Ferragudo.
Visitors do not need to spend money to lounge on award-winning golden beaches.
Visitors do not need to spend money to relish the sunset from cliff-topping trails.
The Algarve has a handful of free-to-access nature reserves.
The Algarve has no-cost museums.
Ticketed exhibitions in the Algarve seldom cost more than a couple of euros.
The Algarve has a packed cultural calendar of complimentary events.
Benagil Cave has become crowded and costly.
The Seven Hanging Valleys Trail is a 6km (3.7 miles) linear trail.
The Seven Hanging Valleys Trail connects the rock formations of Praia da Marinha with Vale de Centeanes.
The trail is a rugged, cliff-topping route.
Visitors can glance inside the caves from behind erosion-protecting barriers along the trail.
New regulations were introduced at Benagil Cave in 2024.
Guides are mandatory for all visits to Benagil Cave.
Non-guided kayak rentals and swimming are prohibited at Benagil Cave.
Breaches of Benagil Cave regulations are punishable by a fine.
Many of the Algarve’s biggest festivities are complimentary.
Loulé’s Carnival street parades occur in winter.
Carvoeiro’s Black and White Night beach party celebrates summer.
Portimão's Sardine Festival includes snacks and live bands.
Albufeira's NYE beach bash closes out the year.
Numerous smaller cultural events occur year-round in the Algarve.
The inland town of Loulé retains a gentle, traditional Algarvian feel.
Loulé is known for its neo-Moorish market.
Loulé’s market is particularly busy on Saturdays.
Loulé’s market is the Algarve’s largest _mercado_.
Loulé Criativo is a network of six traditional workshops.
Loulé Criativo workshops were created to preserve ancestral crafts.
Loulé Criativo studio-cum-museum spaces are designed to showcase handicrafts at work.
Copper is beaten into _cataplana_ cooking pots in the workshops.
Centuries-old palm tree weaving techniques are demonstrated in the workshops.
Moorish-era pottery is spun in the workshops.
Some of Loulé’s museums remain free every opening day.
The Islamic Baths archaeological site in Loulé is free every opening day.
Loulé’s main museum, including part of the castle walls, costs €1.62 (US$1.85) to enter.
Children under 13, adults 65 and older, and students enter Loulé’s main museum for free.
The Algarve’s _passadicos_ (boardwalks) are all free to access.
Boardwalks are encountered crossing dune beaches, craggy cliffs, and in the mountains.
Wooden walkways link Lagos and the Ponta da Piedade headland.
Staircases along the walkways descend to Praia do Camilo and Praia Dona Ana.
A viewing platform overlooks the sandstone sea stacks.
All beaches in the Algarve are free to access.
Renting a parasol and sun loungers from concessions typically costs around €15 (US$17) per day for two.
The Parque Natural da Ria Formosa blends barrier islands, wetlands, and _salinas_ (salt pans).
The park provides a haven for migratory birds, purple swamphen, and flamingos.
The purple swamphen is the symbol of Parque Natural da Ria Formosa.
Some flamingos have nested year-round in the park.
Entry to the park’s headquarters and environmental center, Quinta de Marim, is ticketed.
Flamingos are often spotted for free around the _salinas_ in Tavira or Olhão.
Flamingos are often spotted for free on the Passadiços de Loulé boardwalk behind Faro’s beach lagoon.
Boardwalk bird blinds are found around Ria de Alvor Nature Reserve in the west.
Bird blinds are found in the _salinas_ in mainland Portugal's oldest nature reserve in the east.
A handful of barrier islands separate the Ria Formosa’s lagoon from the Atlantic.
Inexpensive ferries link the barrier islands with the mainland.
Ilha de Tavira can be accessed for free by crossing a bridge just west of Santa Luzia.
A picturesque pathway adjacent to a mini train leads to Ilha de Tavira.
The pathway to Ilha de Tavira is 1.5km (1 mile) long.
The pathway leads to Praia do Barril’s far-reaching sands and anchor cemetery.
The anchor cemetery honors the extinct tuna fishing industry.
Praia de Faro is technically a peninsula beach rather than an island.
Praia de Faro can be reached by bike or bus.
Ferry costs from Olhão to the Ria Formosa’s other islands start from €2.30/US$2.63 one-way.
Olhão’s waterfront market is a location for crafting a picnic.
_Bola de Berlim_ (custard-filled doughnuts) are traditional summer beach snacks.
The village of Estoi has the elegant, 18th-century Palácio de Estoi.
Palácio de Estoi is adorned with Baroque, Rococo, and neo-Moorish flourishes.
Palácio de Estoi previously allowed non-guests to visit the palace-turned-hotel and its well-manicured gardens for free.
There is now an entrance fee to Palácio de Estoi.
A no-cost peek into Palácio de Estoi’s grounds is possible by entering the lower gardens via the green entrance gate on the village’s main square.
The palace grounds are embellished with stained glass, _azulejos_ (blue and white painted tiles), and statues.
On Sundays, public access to Palácio de Estoi gardens is closed unless paying the hotel’s €5 (US$5.70) entrance fee.
The nearby Milreu Ruins cost €2 (US$2.28) to enter.
Milreu Ruins are a vast open-air, mosaic-decorated Roman villa.
Sagres is on the Algarve’s westernmost tip.
Fortaleza de Sagres dominates Sagres’ headland.
Fortaleza de Sagres is a 15th-century military structure.
Fortaleza de Sagres houses an “Age of Discovery” exhibition center.
The ticket to Fortaleza de Sagres costs €10 (US$11.42).
Cabo de São Vicente is a lighthouse-crowned southwesternmost point of Europe.
Cabo de São Vicente experiences a regularly fierce salty breeze and bellowing waves.
The west coast’s Fishermen’s Trail is a 13-section multiday trek.
The trail goes between the Costa Vicentina’s surf beaches, craggy cliffs, and Moorish ruins.
Praia de Odeceixe is a river-wrapped beach.
Aljezur has a Moorish castle.
Dinosaur footprints are fossilized on Salema’s beach rocks.
The Pontal da Carrapateira Trail offers a beach-hopping overview.
Southern sections of the Fishermen’s Trail are better connected by public transport.
Buses along the west coast are limited.
Vamus line 47 has multiple daily connections from Lagos to Vila do Bispo.
Section 10 of the trail from Vila do Bispo to Sagres is mostly coastal and 20km (12.5 miles) long.
Faro’s Vila-Adentro (Inner Old Town) is a location for free city walking tours.
Tavira has bougainvillea-adorned backstreets and colorful doors.
Tavira has a cluster of free historical sights.
Free historical sights in Tavira include a crowning Moorish castle, a small and fenced Phoenician excavation site, and a reconstructed Roman bridge.
Beyond the _salinas_, Tavira has a tuna fishing museum.
Tavira is famous for its 30-odd churches.
Larger churches in Tavira charge an entry fee.
A combined ticket for Tavira churches is available.
Smaller chapels in Tavira, such as Ermida de São Sebastião, are free.
Ermida de São Sebastião features a hand-painted ceiling.
Excavations of the 12th-century Almohad Quarter are hidden inside the Convento Da Graça, which is now a hotel.
Convento Da Graça is free to enter.
Waterfalls are free.
Pego do Inferno in Tavira is a cascade-fed swimming hole.
Alte is a picturesque rural hill hamlet.
Alte is hemmed by citrus groves.
Alte is sliced by fontes (natural spring streams).
Queda do Vigário waterfall is located near Alte.
A 13th-century watermill is located near the _fontes_ in Alte.
Casa do Esparto is a grass-weaving workshop in Alte.
Casa do Esparto is part of Loulé Criativo.
Fabrica de Brinquedos is an abandoned school-turned-toy factory near Alte.
Small and free museums and attractions exist in Salir and Penina.
Street art has added color to the Algarve’s whitewashed canvas.
Street art in the Algarve creates outdoor galleries and installations.
Bordalo II is one of Portugal's celebrated street artists.
Bordalo II is known for fusing upcycled trash with environmental messaging.
Bordalo II has larger artworks on Praia de Faro’s water tower.
Bordalo II has larger artworks on Alcoutim’s pier.
Olhão has a signposted, art-speckled Caminho das Lendas for murals.
LAC’s works are found in Lagos.
Giant pieces celebrating Cristiano Ronaldo and sardines are found in Portimão.
_Calçada portuguesa_ (patterned cobblestone pavements) are Portugal’s ubiquitous and original street art.
The finest _calçada portuguesa_ are in Faro.
Portimão's 6km (3.7 miles) Rota Acessível is a concrete path.
Portimão's Rota Acessível is decorated in part with colorful art.
Portimão's Rota Acessível is suitable for travelers with limited mobility or using a wheelchair.
The Serra de Monchique mountain range is located in the hinterlands.
The Serra de Monchique mountain range is crisscrossed by trails.
Trails in Serra de Monchique range from challenging climbs to easy-going options.
Passadiços Barranco do Demo is a suspension bridge boardwalk.
The Via Algarviana is a multi-day trail.
Fóia is the Algarve’s highest peak.
Fóia is 902m (2959ft) high.
Fóia offers far-reaching countryside and coastal panoramas.
Trilho da Fóia is a 6.8km (4.2 miles) circular trail.
The Barbelote Waterfall extension can be added to Trilho da Fóia.
Caldas de Monchique is a quaint, thermal spa town.
Locals refill bottles of Monchique’s high alkaline (9.5pH) water directly from spring-fed taps in Caldas de Monchique.

**********Claims for hard query**********

Moorish-era pottery is spun in the workshops.
The anchor cemetery honors the extinct tuna fishing industry.
Buses along the west coast are limited.

**********Formulated hard query**********

`Something` is spun in the workshops.
The anchor cemetery honors `something`.
Buses along the west coast are `in a certain state`.

**********Claims for medium query**********

Fortaleza de Sagres dominates Sagres’ headland.
Bird blinds are found in the _salinas_ in mainland Portugal's oldest nature reserve in the east.
Palácio de Estoi previously allowed non-guests to visit the palace-turned-hotel and its well-manicured gardens for free.

**********Formulated medium query**********

Something dominates Sagres’ headland.
Bird blinds are found in the _salinas_ in a certain place in the east.
A certain place previously allowed non-guests to visit the palace-turned-hotel and its well-manicured gardens for free.

**********Claims for easy query**********

The Algarve offers opportunities for free activities.
The Algarve’s _passadicos_ (boardwalks) are all free to access.
The Algarve has a handful of free-to-access nature reserves.

**********Formulated easy query**********

The Algarve offers a certain something.
The Algarve’s some things are all free to access.
The Algarve has a handful of certain places.

**********Validation Result**********

subquestion 'The Algarve has a handful of certain places.' is NOT supported by the context.
<reject> The text mentions "a handful of free-to-access nature reserves," which is a specific type of place. It does not state that "The Algarve has a handful of certain places" in a general sense. In fact, the article goes on to list 13 distinct places/experiences, which is more than what "a handful" typically implies. </reject>

**********Page content extracted**********

Title: best-things-to-do-in-ho-chi-minh-city
URL: https://www.lonelyplanet.com/articles/best-things-to-do-in-ho-chi-minh-city
Content: _**These are the best places to travel this summer**_








Still known by its old name of Saigon for ease, Ho Chi Minh City (HCMC) is Vietnam’s southern metropolis – at times hectic, sometimes overwhelming, but always worth exploring. The country’s mos

**********Extracted claims**********

Ho Chi Minh City is also known by its old name, Saigon.
Ho Chi Minh City is Vietnam’s southern metropolis.
Ho Chi Minh City is Vietnam's most internationally influenced and outward-looking city.
Ho Chi Minh City is a key stop for travelers to Vietnam.
Ho Chi Minh City includes ancient sites such as Giac Lam Pagoda and Phuoc An Hoi Quan Pagoda.
The Ho Chi Minh City Museum provides a deeper understanding of the city's past.
Binh Tay Market, located in District 6, sells an assortment of items including fresh produce, spices, textiles, and handicrafts.
Binh Tay Market is housed within a historic building.
Ho Chi Minh City offers free attractions.
Ho Chi Minh City serves as a hub for day trips to the Mekong Delta region.
Ho Chi Minh City is at its most peaceful and friendly early in the morning.
Locals in Ho Chi Minh City wake up early to engage in strenuous activities before midday heat and humidity build.
Ho Chi Minh City's parks are filled with energy from 5 am until 9 am.
Walkers, runners, dance groups, exercise clubs, badminton players, and social groups populate green spaces across Ho Chi Minh City in the early hours.
Tao Dan Park is located in District 1 of Ho Chi Minh City.
Tao Dan Park is a location to find strong phin (filtered) coffee sold by stalls and bicycle vendors.
The demographic in Tao Dan Park generally skews toward older citizens.
Young people can be observed on sidewalks surrounding Notre Dame Cathedral and Central Post Office in the early morning.
Sitting on plastic stools or tarps and sipping strong coffee before sunrise is a common activity in Saigon.
The area around Notre Dame Cathedral and Central Post Office comes to life at night.
Fresh coconuts and sugary soft drinks are sold in the evening around Notre Dame Cathedral and Central Post Office.
Snack vendors selling traditional and trendy Vietnamese snacks frequently pass through the area around Notre Dame Cathedral and Central Post Office at night.
Book Street is located to the side of the Central Post Office and across from Notre Dame Cathedral.
Many of Vietnam’s top publishers have storefronts on Book Street.
Books on Book Street are mostly in Vietnamese.
Some storefronts on Book Street have English-language sections.
English-language titles on Book Street focus on Vietnamese history and culture, translated fiction, and writing-related souvenirs.
The War Remnants Museum is included in most Saigon tourism itineraries.
The American War is little discussed in modern Vietnam.
The War Remnants Museum reveals painful realities of the war, including the My Lai massacre and prison camps on Phu Quoc and Con Dao.
The War Remnants Museum uses photographs and artifacts.
The War Remnants Museum's primary focus is on the activities of America and its allies.
The War Remnants Museum also features material related to the French colonial period and past conflicts with China.
Ho Chi Minh City's Water Taxi service was introduced in 2017.
The Water Taxi service is a practical method of public transportation.
Water Taxi boats depart from Bach Dang Wharf in District 1.
Water Taxi boats meander along the Saigon River.
Notable sights passed by Water Taxi boats include Jade Emperor Pagoda, Skyview, and the surrounding Central Park.
The Water Taxi ride offers glimpses into private yards of Thao Dien’s opulent villas.
The Water Taxi ride offers views of some of Binh Thanh’s humble neighborhoods.
Travelers can stop at five stations along the Water Taxi route.
The Thanh Da neighborhood has a long riverside park and market.
Water Taxi tickets are 15,000d one-way.
Water Taxi tickets often sell out, especially on weekends.
District 4 in Ho Chi Minh City has transformed into a street food destination, especially for snails.
Vinh Khanh Street is a top spot for seafood in District 4.
Restaurants like Ốc Oanh (534 Vinh Khanh) and Quán Ốc Sáu Nở (128 Vinh Khanh) are located on Vinh Khanh Street.
Restaurants on Vinh Khanh Street serve oysters, grilled shrimp, crab, and snails with dipping sauces.
Ho Thi Ky Flower Market is located in District 10 (Hem 52 Ho Thi Ky, Ward 1, District 10).
Ho Thi Ky Flower Market serves as Ho Chi Minh City's fresh flower hub.
The area around the Ho Thi Ky Flower Market is home to a large Cambodian community.
The food section of Ho Thi Ky Flower Market features Khmer treats, including noodles flavored with prahok (Khmer fermented fish paste).
Early morning is the best time to see fresh flower displays at Ho Thi Ky Flower Market.
Food stalls at Ho Thi Ky Flower Market are most active in the evening.
Cash is generally required for purchases at Ho Thi Ky Flower Market.
Vietnamese modernist architecture developed in the mid-20th century.
Vietnamese modernism was inspired by the global modernist movement.
Vietnamese modernism includes elements specific to Vietnam, considering the tropical climate and local cultural preferences.
Buildings exemplifying Vietnamese modernism include the Reunification Palace, the General Sciences Library, the VAR building, and the central statue at Turtle Lake.
Vietnamese modernist style uses double-skin façades with ornate geometric patterns, overhanging rooftops, and mosaics.
The Vietnamese modernist style includes elements of brutalism.
Locals visit District 2’s Thu Thiem area at sundown to fly kites.
Thu Thiem is a stretch of prime real estate undergoing new developments.
Some kite enthusiasts in Thu Thiem bring their own impressive dragon kites and classic Vietnamese designs.
Simpler kites are sold by local vendors in Thu Thiem.
Street foods such as fried corn, local sausages, sugar cane juice, fresh coconuts, and soft drinks are available in Thu Thiem.
Ho Chi Minh City has an emerging luxury goods scene.
Markets in Ho Chi Minh City sell cheap crafts and souvenirs.
Young designers in Saigon produce clothing designs, prints, art books, and other items.
District 1 offers an introduction to Saigon's fashion scene.
Many small shops are located in the New Playground complex at 26 Ly Tu Trong and an adjacent former apartment complex in District 1.
OhQuao specializes in prints, stickers, and gifts.
OhQuao operates in two locations: one in District 3 and one in Thao Dien ward of District 2.
Thao Dien Ward is considered Ho Chi Minh City's expat hub.
Thao Dien Ward features bakeries, upscale cafes, clothing boutiques, art galleries, and fine dining experiences.
Cafe Slow in Thao Dien offers artisanal coffee sourced from Vietnamese farmers.
Soma in Thao Dien offers vegan-friendly lunch options.
Mami Cocktails in Thao Dien offers cocktails and fusion tapas.
Breadventure in Thao Dien offers pastries.
Ho Chi Minh City has a Japanese community.
The Japan Town off Le Thanh Ton can be overwhelming and seedy.
The Pham Viet Chanh neighborhood in Binh Thanh District is a location for authentic Japanese food and ambiance.
Cozy izakaya and sushi bars in Pham Viet Chanh cater to Japanese expats and Vietnamese people.
Trendy bars such as Birdy, Khaoi, and Lozzi are located in Pham Viet Chanh.
Saigon's Opera House is one of the city’s historic buildings.
Saigon's Opera House is an entertainment and culture venue.
The Opera House was built by the French at the turn of the 20th century.
The Opera House has served various functions over decades, including temporary housing and as the venue for the National Assembly.
The AO Show at the Opera House begins with an introduction to the building’s history and French design.
The Opera House's façade is modeled after Paris’ Petit Palais.
The AO Show combines gymnastics, modern dance, and aerial ballet with cultural mythmaking.
The Ho Chi Minh City Ballet Symphony Orchestra performs at the Opera House.
The Opera House can be chilly due to air conditioning.

**********Claims for hard query**********

The Water Taxi service is a practical method of public transportation.
Some storefronts on Book Street have English-language sections.
The demographic in Tao Dan Park generally skews toward older citizens.

**********Formulated hard query**********

The Water Taxi service is a practical method of `something`.
Some storefronts on `something` have English-language sections.
The demographic in Tao Dan Park generally `in a certain way` toward older citizens.

**********Validation Result**********

subquestion 'The demographic in Tao Dan Park generally `in a certain way` toward older citizens.' is NOT supported by the context.
<reject> The content states that "the demographic in Tao Dan skews toward older citizens," which identifies the primary age group frequenting the park. However, it does not describe how this demographic generally acts or behaves toward older citizens. </reject>

**********Claims for medium query**********

The Pham Viet Chanh neighborhood in Binh Thanh District is a location for authentic Japanese food and ambiance.
The area around the Ho Thi Ky Flower Market is home to a large Cambodian community.
Restaurants on Vinh Khanh Street serve oysters, grilled shrimp, crab, and snails with dipping sauces.

**********Formulated medium query**********

A certain neighborhood is a location for authentic Japanese food and ambiance.
The area around the Ho Thi Ky Flower Market is home to a certain group of people.
Restaurants on Vinh Khanh Street serve a certain type of food.

**********Claims for easy query**********

Saigon's Opera House is one of the city’s historic buildings.
Saigon's Opera House is an entertainment and culture venue.
Ho Chi Minh City offers free attractions.

**********Formulated easy query**********

Something is one of the city’s historic buildings.
Saigon's Opera House is a certain kind of thing.
Ho Chi Minh City offers something.

**********Page content extracted**********

Title: top-things-to-do-oban-scotland
URL: https://www.lonelyplanet.com/articles/top-things-to-do-oban-scotland
Content: _**These are the best places to travel this summer**_








The gateway to the islands of the Inner Hebrides, the seaside town of Oban sits at the heart of the Scottish Highlands. With trains zipping here from Glasgow and Edinburgh
and ferries connectin

**********Extracted claims**********

Oban is a seaside town located at the heart of the Scottish Highlands.
Oban serves as the gateway to the islands of the Inner Hebrides.
Trains connect Oban to Glasgow and Edinburgh.
Ferries connect Oban to half a dozen islands offshore.
Oban’s history began with whisky.
Oban Distillery was founded in 1794.
The founding of Oban Distillery led to the small fishing village of Oban flourishing into a busy seaside resort.
Victorians arrived in Oban Bay on the *Comet* steamship.
Famous writers and composers, including Robert Louis Stevenson and Felix Mendelssohn, took inspiration from voyages to the wild, sparsely inhabited isles of the Inner Hebrides.
Oban is known as the "Gateway to the Isles."
Oban is referred to as the “Seafood Capital of Scotland.”
Local fishing boats bring their catch to Oban's Railway Pier.
Oban Seafood Hut is located on Oban's Railway Pier.
Oban Seafood Hut offers prawn sandwiches, mussels cooked in white wine and garlic, and seafood platters.
Ee-Usk is a restaurant located on North Pier in Oban.
Ee-Usk serves shellfish from Loch Linnhe, scallops from Mull, and lobster from Luing.
Coast restaurant has been operating for over 20 years.
George Street Fish Restaurant & Chip Shop offers takeaway fish and chips.
Oban Distillery is one of Scotland’s smallest and oldest whisky makers.
Oban Distillery has over two centuries of experience.
Oban Distillery uses traditional methods and only two pot stills to create its single malt whisky.
The Oban Inn was established in the same decade as the Oban Distillery.
The Oban Inn features weekly live-music lineups and traditional music sessions.
The View is a venue across the street from the Oban Inn, offering food and drinks on a waterfront terrace.
The View hosts Ceilidh Nights twice weekly during peak season.
McCaig’s Tower is located on Battery Hill, which is the backdrop to Oban’s main thoroughfare.
McCaig’s Tower was commissioned by local banker John Stuart McCaig in 1897.
The purpose of McCaig’s Tower was to provide work for the town’s stonemasons and to create a memorial for the McCaig family.
McCaig's Tower offers views of Oban and ferries in transit from its viewing platform.
McCaig's Tower includes well-maintained gardens.
Oban Guided Tours offers walking tours exploring Oban’s architectural heritage.
Dunollie Castle is located 1 mile (1.6km) from the center of Oban.
Dunollie Castle is the ancestral seat of Clan MacDougall of Lorne.
Dunollie Castle has guarded the coastline since the 13th century.
Dunollie Castle offers views across Oban Bay to the Inner Hebrides.
Dunollie Castle features exhibits in the 1745 House Museum.
Dunollie Castle grounds contain groves of temperate rainforest.
The Kettle Garden Cafe is located within Dunollie Castle.
The Draper’s Shop is located within Dunollie Castle and sells traditional tartans and textiles.
Dunstaffnage Castle was built as a Clan MacDougall stronghold in the 13th century.
Dunstaffnage Castle was captured by Robert the Bruce during the Wars of Independence in 1309.
Near Dunstaffnage Castle are the ruins of a 13th-century chapel with Campbell tombs.
West Coast Motors buses can be taken to Dunbeg to reach Dunstaffnage Castle.
North and South Ledaig and Benderloch have long beaches with views over Ardmucknish Bay.
Ganavan Sands is a beach near Oban.
Ganavan Sands is accessible by bus from Oban town center.
Ganavan Sands offers views across the bay toward Mull.
The waters at Ganavan Sands are sheltered.
Dougie Dan’s Grill van is parked inland from Ganavan Sands.
The West Coast Motors 417 bus reaches Ganavan Sands from Oban in 10 minutes.
Oban Whisky & Fine Wines sells premium brands, old and rare whiskies, and island gins.
Made in Argyll at Railway Pier features crafts from local artists and makers.
Orsay on Stevenson St is a gallery selling curated gifts from across the country.
The Highland Soap Company on George St specializes in handmade soaps, skincare, and home fragrances using natural and organic ingredients.
The Oban Chocolate Company sells handmade bars, truffles, and boxes of chocolates.
The Sea of the Hebrides and the coastline around Oban are rich in marine life.
Marine life in the area includes seabird colonies, seals, harbor porpoises, minke whales, dolphins, and basking sharks.
Basking sharks are present in the area from June to September.
Oban Sea Tours offer two-hour cruises in the Firth of Lorne, combining history, scenery, and wildlife-spotting.
Sea Kayak Scotland offers guided kayaking adventures around Oban’s coastline.
Basking Shark Scotland offers environmentally responsible tours to swim with plankton-eating basking sharks.
Basking Shark Scotland offers a three-hour guided introduction to snorkeling in the waters around Oban on the Scottish Wildlife Trust’s North Argyll Snorkel Trail.
The Isle of Kerrera is the closest island to Oban.
The Isle of Kerrera can be reached by water taxi from Oban or by foot-passenger-only Caledonian MacBrayne (CalMac) ferry from Gallanach.
Gallanach is located about 2 miles (3.2km) south of Oban.
E-bikes can be hired at the Kerrera Marina on the Isle of Kerrera.
The honesty shop at Balliemore Farm on Kerrera sells cold drinks, island crafts, and ice cream.
The Kerrera Tea Garden serves traditional Scottish stovies, lentil soup, cakes, muffins, and hot drinks.
Gylen Castle is an atmospheric 16th-century ruin on Kerrera.
Gylen Castle was one of a string of castles built by the MacDougall clan.
The ferry terminal at Gallanach can be reached on foot from Oban in about half an hour or by taxi in a few minutes.
Explore Lismore offers bespoke tours of the Isle of Lismore.
The Isle of Lismore is about 5 miles (8km) north of Oban.
Tours of Lismore include exploration by private Land Rover.
Notable stops on Lismore tours include the crumbling 13th-century ruin of Castle Coeffin, the Sailean Lime Quarry, and the Lismore Gaelic Heritage Centre.
Lismore Bike Hire offers bike rentals.
Port Ramsay is a settlement created for limestone workers 200 years ago.
CalMac ferries run daily from Oban to Mull, Coll, Tiree, Iona, and other islands.
The crossing from Oban to Craignure on Mull takes less than an hour.
West Coast Motors buses run from Craignure to Tobermory on Mull.
Tobermory is recognizable by the rainbow facades along its harbor.
The Mull Aquarium is due to reopen after a refurb in 2025.
A forest path from the Mull Aquarium leads into Aros Park.
Glengorm Castle & Estate, Croig Harbour, and Loch Na Keal are good spots for photographers on Mull.
Ben More is 1174m (3852ft) high and is the only Munro in the Hebrides outside of the Isle of Skye.
Ben More can be climbed in six to eight hours from Benmore Farm.
Croig Harbour and Loch Na Keal are haunts for otters.
Eagles are often seen cruising overhead on Mull.
The Rubha nan Gall Lighthouse offers accommodation in its former lighthouse-keeper’s quarters.
Tobermory Distillery is known for its single malts.
The Mishnish pub is located on Tobermory harbor.
The ferry from Fionnphort on Mull’s southwestern tip travels to the island of Iona.
Iona Abbey was built over a monastery founded by St Columba in 563 CE.
White Strand of the Monks and Bay at the Back of the Ocean are beaches on Iona.
The article was adapted from Lonely Planet’s *Scottish Highlands & Islands* guidebook, published in June 2025.

**********Claims for hard query**********

Orsay on Stevenson St is a gallery selling curated gifts from across the country.
Coast restaurant has been operating for over 20 years.
George Street Fish Restaurant & Chip Shop offers takeaway fish and chips.

**********Formulated hard query**********

Something on Stevenson St is a gallery selling curated gifts from across the country.
Coast restaurant has been operating for a certain duration.
A certain place offers takeaway fish and chips.

**********Claims for medium query**********

The View is a venue across the street from the Oban Inn, offering food and drinks on a waterfront terrace.
Oban Distillery has over two centuries of experience.
The Mishnish pub is located on Tobermory harbor.

**********Formulated medium query**********

The View is a venue across the street from something, offering food and drinks on a waterfront terrace.
Oban Distillery has been in a certain state.
The Mishnish pub is located on something.

**********Claims for easy query**********

The Sea of the Hebrides and the coastline around Oban are rich in marine life.
The Isle of Kerrera is the closest island to Oban.
Sea Kayak Scotland offers guided kayaking adventures around Oban’s coastline.

**********Formulated easy query**********

Something is rich in marine life.
Something is the closest island to Oban.
Something offers guided kayaking adventures around Oban’s coastline.

**********Page content extracted**********

Title: best-road-trips-in-iceland
URL: https://www.lonelyplanet.com/articles/best-road-trips-in-iceland
Content: _**These are the best places to travel this summer**_








Driving in Iceland is a dreamy experience, and having your own set of wheels offers the freedom to explore the country at your own pace.

Picture the scene: you’re gliding along a road curling 

**********Extracted claims**********

Having one's own set of wheels in Iceland offers the freedom to explore the country at a personal pace.
The article presents eight selected Iceland road trips.
The Blue Diamond tourist route starts and finishes at Keflavík International Airport.
The Blue Diamond tourist route has an approximate distance of 75–115km (50–70 miles).
The Blue Diamond tourist route loops around the lava landscapes of Reykjanes Peninsula, through seaside villages and the Reykjanes Geopark.
The Reykjanes Geopark was recognized as a UNESCO Global Geopark in 2015.
The borders between the American and Eurasian tectonic plates are visible on the Reykjanes Peninsula.
The Reykjanes Peninsula shows signs of geothermal and volcanic activity.
The milky blue waters of the Blue Lagoon steam into the sky.
Geldingadalir erupted in 2021 and again in August 2022.
Geldingadalir is currently inactive.
Discoveries on the Blue Diamond tourist route include the shore by Reykjanes Lighthouse and Kleifarvatn Lake.
Kleifarvatn Lake is home, according to legend, to a wormlike monster the size of a whale.
Numerous hiking trails are present along the Blue Diamond tourist route.
Road 435 (Nesjavallaleið) starts and finishes in Reykjavík.
Road 435 has an approximate distance of 225km (140 miles).
Road 435 is open in the summer.
Road 435 offers a route that differs from the Golden Circle.
The Golden Circle is Iceland’s most popular day tour.
Road 435 passes through moss-covered lava landscapes and steep hills.
Road 435 offers a view of Þingvallavatn Lake in the distance.
Marked hiking trails are located along Road 435.
Puffs of steam indicate the approach to Nesjavallavirkjum Power Plant and the ION Adventure Hotel along Road 435.
Road 435 continues along lakes, including Úlfljótsvatn which has a church on its banks.
Road 435 passes through a summer house region where city dwellers go for weekend breaks.
Road 435 leads to the main road past the Kerið crater lake.
Kerið crater lake is an obligatory Golden Circle stop.
The route back can include Gullfoss waterfall, Geysir, and Þingvellir National Park.
All other geysers take their name from Geysir.
Laugarvatnshellar features cave houses.
Gljúfrasteinn Laxness Museum in Mosfellsdalur is the former home of Halldór Laxness.
Halldór Laxness was a prominent Icelandic writer.
Halldór Laxness won the Nobel Prize for Literature in 1955.
The Remote East Fjords drive starts and finishes in Egilsstaðir.
The Remote East Fjords drive has an approximate distance of 820km (510 miles).
The village of Vopnafjörður is home to Selárlaug, a swimming pool on the banks of a salmon-filled river.
Selárlaug is popular for fishing.
The mountain pass Hellisheiði eystri (Road 917) is narrow and steep with a gravel road.
The village of Bakkagerði has a hotel, a spa, and a puffin-watching house.
The Bræðslan music festival is held in Bakkagerði in July.
Bakkagerði is a suitable base for hiking.
The trek to Stórurð is a popular hiking route.
Stórurð is a turquoise lake enclosed by massive boulders.
The maritime heritage of the East Fjords region is honored in elegantly renovated historic houses in Eskifjörður and Neskaupstaður.
Randulfssjóhús in Eskifjörður and Beituskúrinn in Neskaupstaður function as restaurants.
Petra’s Stone Collection museum in Stöðvarfjörður showcases the variety of minerals found in the mountains in eastern Iceland.
Reindeer can be observed on the route back to Egilsstaðir.
The Westfjords route by road and ferry starts and finishes in Reykjavík.
The Westfjords route has an approximate distance of 765km (475 miles).
The route to the Westfjords from Reykjavík passes through the rural region of Dalir.
Erpsstaðir dairy farm provides an opportunity to learn about traditional farming life and sample homemade cheeses and treats.
Historical sites near Dalir include Eiríksstaðir and Guðrúnarlaug.
Eiríksstaðir is a living museum about life in the Viking era.
Guðrúnarlaug is a replica of the pool where the heroine of Laxdæla saga bathed.
Reykhólar is the first Westfjordian town on the route.
Reykhólar is home to Sjávarböðin, a spa specializing in seaweed baths.
Seaweed baths are said to have healing properties.
The drive along the peninsula’s southern coast features steep gravel roads.
Rauðasandur is a red-sand beach.
Látrabjarg is Iceland’s westernmost point.
Látrabjarg is a haven for birdlife.
Thousands of seabirds, including puffins, razorbills, and guillemots, nest in the cliffs at Látrabjarg.
A ferry from Brjánslækur travels via Flatey to Stykkishólmur on Snæfellsnes.
Flatey is an idyllic island.
Only seven people live on Flatey year-round.
Flatey used to be the bustling center of the Breiðafjörður islands.
The Library of Water in Stykkishólmur is a modern art museum.
Sjávarpakkhúsið in Stykkishólmur offers locally sourced seafood.
The Snæfellsnes Peninsula route starts and ends in Reykjavík.
The Snæfellsnes Peninsula route has an approximate distance of 440km (275 miles).
The ice cap Snæfellsjökull is visible from Reykjavík in clear weather.
The Snæfellsnes Peninsula features varied landscapes, including sand and pebble beaches, volcanoes, a glacier, rhyolite mountains, lava fields, grassy terrain, caves, bird-filled cliffs, and waterfalls.
The peninsula’s southern side includes the white-sand beach Löngufjörur and the lava landscape around Búðir.
Löngufjörur is a popular location for horseback riding.
Snæfellsjökull National Park is located on the southern side of the peninsula.
The northern side of the peninsula has fishing villages and Kirkjufell mountain.
Kirkjufell is one of Iceland’s most photographed mountains.
Kirkjufell is particularly popular for photography when the Northern Lights are out.
The ancient Kjölur route starts and finishes in Reykjavík.
The ancient Kjölur route has an approximate distance of 1378km (856 miles).
Road 35 splinters off from Route 1 past Gullfoss waterfall.
Road 35 continues along the ancient Kjölur route between Langjökull and Hofsjökull glaciers.
Road 35 is an F-road.
F-roads require a 4WD vehicle.
Road 35 is only open in the summer.
Road 35 does not involve river crossings.
Hveravellir is located around the halfway point of the route.
Hveravellir is an oasis in the desert landscape.
Hveravellir has a lodge, a natural pool for bathing, and a multicolored geothermal area with marked hiking trails.
The route includes trails to Kerlingarfjöll mountains.
The route re-enters the Ring Road about an hour’s drive from Akureyri.
Akureyri is described as the “capital” of the north.
Fáskrúðsfjörður has a museum honoring French sailors.
The museum in Fáskrúðsfjörður is located inside a renovated French hospital.
Microbrewery Beljandi is located in Breiðdalsvík.
Beljandi microbrewery is named after a waterfall.
Djúpivogur features granite egg sculptures in Gleðivík by artist Sigurður Guðmundsson.
The Diamond Circle route starts and finishes in Húsavík.
The Diamond Circle route has an approximate distance of 250km (155 miles).
The Diamond Circle is North Iceland’s equivalent to the Golden Circle.
Ásbyrgi is located at the northern realms of Vatnajökull National Park.
Ásbyrgi is a horseshoe-shaped canyon characterized by vertical cliffs.
Eyjan offers a view of the North Atlantic and sand beaches.
Ásbyrgi is gyrfalcon territory.
Gyrfalcons are the largest falcons in the world.
The Mývatn area features a lake, lava fields, steaming fumaroles, and bubbling hot springs.
Goðafoss waterfall is located in Skjálfandafljót.
Goðafoss is called the “waterfall of the gods”.
Legend states that lawspeaker Þorgeir Ljósvetningagoði threw pagan sculptures into Goðafoss after Icelanders converted to Christianity in 1000 CE.
Aldeyjarfoss is a waterfall surrounded by columnar basalt located upstream.
Húsavík is a whale-watching town.
Geosea Geothermal Sea Baths are located on Húsavíurhöfði next to a yellow lighthouse.
Geosea Geothermal Sea Baths offer an unobstructed view of the whale-watching boats on Skjálfandi Bay.
The Arctic Coast Way starts in Hvammstangi and finishes in Bakkafjörður.
The Arctic Coast Way has an approximate distance of 900km (560 miles).
The Arctic Coast Way is designed for slow travel.
The Arctic Coast Way runs along Iceland’s northern coastline.
The Arctic Coast Way encompasses sleepy villages, six islands, and natural sites.
Hvammstangi is a seal-watching town.
Bakkafjörður is described as windblown.
At Þrístapar, one can learn about Agnes Magnúsdóttir.
Agnes Magnúsdóttir is the heroine of Hannah Kent’s Burial Rites.
Agnes Magnúsdóttir was the last woman executed in Iceland.
Brimslóð in Blönduós offers an option to forage for dinner.
The Museum of Prophecies is located in Skagaströnd.
In summer, the midnight sun reflects off the ocean surface.
In winter, the Northern Lights are visible in the night sky, far from light pollution.
The Arctic Coast Way includes stops such as the Hvítserkur sea stack, the Arctic Henge in Raufarhöfn, and the gannet colony at Stóri Karl on Langanes.
The Arctic Henge in Raufarhöfn is an ancient stone monument inspired by Norse mythology.

**********Claims for hard query**********

Gyrfalcons are the largest falcons in the world.
Geldingadalir is currently inactive.
Beljandi microbrewery is named after a waterfall.

**********Formulated hard query**********

Something is the largest falcons in the world.
Something is currently inactive.
Something is named after a waterfall.

**********Claims for medium query**********

The village of Vopnafjörður is home to Selárlaug, a swimming pool on the banks of a salmon-filled river.
Puffs of steam indicate the approach to Nesjavallavirkjum Power Plant and the ION Adventure Hotel along Road 435.
Bakkagerði is a suitable base for hiking.

**********Formulated medium query**********

The village of **a certain village** is home to Selárlaug, a swimming pool on the banks of a salmon-filled river.
Puffs of steam indicate the approach to **a certain place** and the ION Adventure Hotel along Road 435.
**A certain location** is a suitable base for hiking.

**********Claims for easy query**********

The article presents eight selected Iceland road trips.
The Arctic Coast Way runs along Iceland’s northern coastline.
The Arctic Coast Way starts in Hvammstangi and finishes in Bakkafjörður.

**********Formulated easy query**********

The article presents a certain number of selected Iceland road trips.
The Arctic Coast Way runs along a certain coastline.
The Arctic Coast Way starts in a certain place and finishes in another certain place.

**********Page content extracted**********

Title: shopping-for-groceries-thailand
URL: https://www.lonelyplanet.com/articles/shopping-for-groceries-thailand
Content: _**These are the best places to travel this summer**_








_Chawadee Nualkhair_ _is a food writer specializing in street food and has written food-focused guidebooks spanning the length of Thailand, including the third edition of "Thailand's Best Stree

**********Extracted claims**********

Each shopping experience in Thailand offers a unique insight into Thai culture and cuisine.
Local wet and floating markets in Thailand are often microcosms of the neighborhoods they serve.
Markets provide intimate glimpses into other lives and tables.
Markets offer informal tours that can vary in expense and length.
Thailand's many night markets are places for both tourists and locals.
Night markets offer cheap food, gimmicky snacks, and bucket cocktails.
Gimmicky snacks at night markets include "dancing shrimp," which are baby shrimp tossed in a spicy dressing.
Floating markets offer a more varied food experience than night markets.
Floating markets offer items such as fruit and ready-to-go snacks like mango sticky rice.
Floating markets are considered more authentic than night markets.
Open-air markets are the most popular places for Thais to buy groceries.
Open-air markets are sometimes referred to as "wet markets."
The term "wet market" is used because of the perishable goods and smaller livestock that comprise most of their inventory.
Open-air markets are found in every Thai neighborhood throughout the kingdom.
Each open-air market caters exclusively to its own clientele.
There are subtle and sometimes not-so-subtle differences between Thai open-air markets.
Klong Toei is a nearly 24-hour market located in central Bangkok.
Klong Toei serves as a central hub for Bangkok's food scene.
Klong Toei offers a variety of products, including curry pastes, fresh vegetables, flapping fish, and live frogs.
Or Tor Kor market caters to Bangkok's affluent residents seeking high-end items.
Fruit is individually wrapped at Or Tor Kor market.
Nang Loeng Market sells handmade traditional sweets.
Nang Loeng Market offers old-fashioned snacks.
Nang Loeng Market sells impeccable ready-made curries for consumption on-site or for take-home.
Many Thai locals prefer large supermarkets for a less chaotic experience.
Large supermarkets are known as "supers" in Thai.
Central Food Hall is an upscale supermarket option.
Gourmet Market is suitable for Japanese and Korean products.
Villa Market is suitable for American goods.
Tops and Foodland are mid-range supermarket choices.
Foodland is open 24 hours.
Big C and Makro are budget-friendly supermarket options.
Makro requires membership for shopping.
UFM Fuji Super is Thailand’s only supermarket entirely dedicated to Japanese products.
UFM Fuji Super sells Japanese products, including natto (fermented soybeans).
Convenience stores are ubiquitous throughout Thailand.
7-Eleven operates over 14,000 outlets across Thailand.
7-Eleven offers essentials such as milk, bread, and water.
7-Eleven provides quick snacks including hard-boiled eggs, instant noodles, and toasted ham-and-cheese sandwiches.
Bangkok's diverse neighborhoods offer international flavors.
In areas with large Japanese expat communities, stores like Lawson and Family Mart offer Japanese favorites.
Japanese favorites available at Lawson and Family Mart include onigiri (rice balls) and oden (hot pot).
Markets in Chinatown sell items like shark’s fin, bird’s nest, and ingredients for traditional Chinese medicine.
Shops on Soi Arab (Sukhumvit 3/1) offer oud and shisha pipes.
Little India (Pahurat) features spices like Indian cardamom and curry leaves.
Little India (Pahurat) also offers sweets like gulab jamun and samosas.
Products in Thai wet markets are highly seasonal and local.
Mangoes, mangosteens, and durian are at their peak during Thailand's summer, specifically March and April.
The rainy season in Thailand, from May to October, brings cheap limes, milder chilies, and an abundance of bamboo shoots.
The cool season in Thailand, from November to February, features an abundance of citrus fruits and fresh herbs like coriander and dill.
Thai regional markets have their own specialties.
In Thailand's North and Northeast, the rainy season produces hed proh (false earthstar mushrooms).
Hed proh are highly prized for their explosive flavor.
Ant larvae and glossy ants are found in Thailand's North and Northeast during the rainy season.
Ant larvae and glossy ants are described as tasting like coconut milk.
Freshly harvested rice is available nationwide during Thailand's cool season.
Strawberries, figs, and peaches can be found in Thailand's far North.
Thailand's far South has a Muslim-Thai majority.
In Thailand's far South, dishes like khao yum (herbal Thai rice salad) and turmeric-brushed grilled fish are abundant.
Most markets in Thailand feature a collection of vendors offering simple noodles, fried snacks, or sweets.
These market vendors are usually within walking distance of supermarkets.
Makrut (or kaffir) lime leaves, lemongrass, and galangal are foundational to many Thai dishes.
Makrut lime leaves, lemongrass, and galangal are much cheaper in Thailand than in local markets abroad.
Makrut lime leaves, lemongrass, and galangal freeze well.
Wild grachai (wild ginger) is suitable for seafood.
Prik Thai aun (green peppercorns) are ideal for jungle curry.
Fresh turmeric is used for sour curry.
These herbs and spices are available at wet markets.
These herbs and spices are available at higher prices in supermarkets.
Thai curry paste simplifies making Thai dishes at home.
Brands like Lobo offer a wide selection of Thai curry pastes.
Lobo curry pastes are widely available throughout Thailand.
Buying nam pla (fish sauce) in Thailand is significantly cheaper than at specialty stores abroad.
A wider variety of nam pla brands are available in Thailand.
Bo.lan Grocer, operated by the restaurant Bo.lan, sells artisanal Thai ingredients.
Bo.lan Grocer offers fish sauce from Samut Songkhram and Rayong.
Supermarkets stock nam pla brands such as Megachef and Squid.
Thailand offers both see ew khao (white soy sauce) and see ew dum (thick, dark soy sauce).
See ew dum (thick, dark soy sauce) is ideal for sweet-and-sour stir-fries.
Dek Somboo is arguably the most widely used soy sauce brand in Thailand.
Nam prik pao (roasted chilli jam) is a versatile, umami-rich, and slightly sweet condiment.
Nam prik pao is usually made with shrimp.
Nam prik pao can be used on pasta, in stir-fries, and mixed with cream cheese on a bagel.
Nam makham piek (tamarind juice) is a staple in Thai cooking.
Nam makham piek provides a sweet acidity that is less harsh than lime juice.
Nam tan peep (palm sugar) is prized for its mellower and more rounded sweetness compared to granulated sugar.
Nam tan peep figures largely in traditional pad Thai.
The palm sugar from the central Thai town of Phetchaburi is considered by many to be the best in the country.
Nam dok mai mangoes are available year-round in Thailand.
The peak season for nam dok mai mangoes is March to April.
Mangosteens, rambutans, and lychees are available in Thailand.
Mangosteens, rambutans, and lychees are fresher and cheaper in Thailand than abroad.
Maesri offers tinned curry pastes.
Roza provides Thai pantry staples such as mackerel in tomato sauce.
Canned fruits like rambutan, lychee, and toddy palm fruit are available.
A variety of unique food items are available outside Bangkok.
In Thailand's North, markets like Talad Warorot in Chiang Mai sell buffalo rinds and pork rinds.
Talad Warorot market sells chili paste dips like nam prik num and nam prik ong.
Makhwan, a Sichuan peppercorn-like spice with numbing qualities, can be found in Thailand's North.
In Thailand's Northeast, cow placenta, crickets, and coconut grubs are available.
Jars of sato (rice wine) are available in Thailand's Northeast.
Durian is prominent in Chantaburi, located in Thailand's East.
Durian is a spiky fruit with a strong smell.
Airlines are unlikely to allow durian onboard flights.
Tourists from across Asia visit Chantaburi during the hot season to sample durians.
The original Sriracha sauce, such as Sriraja Panich, can be purchased in Si Racha.
Sriraja Panich is more complex than the Sriracha version popular in the West.
In Thailand's South, kapi (shrimp paste) is valued for its superior flavor.
Coconut-based products, including bowls and utensils, are available in Thailand's South.
Dozens of unique potato chip flavors exist in Thailand that are not found elsewhere.
Unique potato chip flavors in Thailand include miang kham, Northeastern Thai larb, and Thai barbecue.
Taro brand offers spicy fish strips.
Mama brand produces instant noodles, including a shrimp tom yum flavor.
Doi Tung offers flavored macadamia nuts, including a wasabi flavor.
Fresh Thai sweets do not travel well.
Mango sticky rice is available at Suvarnabhumi International Airport.
Packets of dried fruits like mango and mangosteen are easy to pack.
Dried fruits are widely available in Thailand.
Thailand does not have a strong tea culture.
Many traditional tisanes are made from medicinal ingredients in Thailand.
Traditional tisanes include butterfly pea, used for controlling blood sugar.
Traditional tisanes include roselle, used for blood pressure.
Traditional tisanes include bael fruit, used for digestion.
Granite mortar and pestle sets are superior for making pastes.
Granite mortar and pestle sets are heavy to transport.
Wooden mortar and pestle sets are ideal for making salads like som tum.
Haggling is generally acceptable in open-air markets and some specialty shops in Thailand.
Prices in supermarkets are fixed as marked.
Aggressive haggling, involving raised voices or excessive gesticulation, is considered taboo in Thailand.
Vendors selling similar ingredients, such as vegetables and meat, are typically grouped together in wet markets.
In some supermarkets, shoppers must weigh their own fruit and meat and apply the price sticker.
Cashiers in these supermarkets cannot weigh items for shoppers.
Higher-end supermarkets like Villa and Gourmet Market have staff available at weighing stations.
At places like Big C, shoppers may need to actively seek out an employee for assistance with weighing.
Weekends are the busiest shopping times for Thais.
Weekday hours from 10 am to 3 pm are less crowded for shopping.
Stores are able to sell alcohol from 11 am to 2 pm and from 5 pm to midnight.
There is an increase in shoppers when stores begin selling alcohol.
Alcohol sales are prohibited on Buddhist holidays and election days in Thailand.
Hotels are exempt from the alcohol sales prohibition on Buddhist holidays and election days.
Cash is the primary payment method in open-air markets and small neighborhood shops.
In most cases, direct money transfers to vendor accounts are possible with a Thai bank account.
Supermarkets and convenience stores accept credit and debit cards.
Mom-and-pop convenience stores, often located near wet markets, may not accept credit or debit cards.

**********Claims for hard query**********

Hed proh are highly prized for their explosive flavor.
Granite mortar and pestle sets are heavy to transport.
Traditional tisanes include roselle, used for blood pressure.

**********Formulated hard query**********

Something are highly prized for their explosive flavor.
Granite mortar and pestle sets are in a certain state.
Traditional tisanes include something, used for blood pressure.

**********Claims for medium query**********

Night markets offer cheap food, gimmicky snacks, and bucket cocktails.
Roza provides Thai pantry staples such as mackerel in tomato sauce.
Dek Somboo is arguably the most widely used soy sauce brand in Thailand.

**********Formulated medium query**********

Something offers cheap food, gimmicky snacks, and bucket cocktails.
Someone provides Thai pantry staples such as mackerel in tomato sauce.
Something is arguably the most widely used soy sauce brand in Thailand.

**********Claims for easy query**********

Each shopping experience in Thailand offers a unique insight into Thai culture and cuisine.
Open-air markets are the most popular places for Thais to buy groceries.
Most markets in Thailand feature a collection of vendors offering simple noodles, fried snacks, or sweets.

**********Formulated easy query**********

Each shopping experience in Thailand offers a unique insight into something.
Open-air markets are in a certain state for Thais to buy groceries.
Most markets in Thailand feature a collection of vendors offering something.

**********Page content extracted**********

Title: top-things-to-do-in-havana
URL: https://www.lonelyplanet.com/articles/top-things-to-do-in-havana
Content: _**These are the best places to travel this summer**_








Havana seduces you slowly, getting under your skin with its street energy, historical heirlooms and charismatic people. It's a complex city with many different layers.

The range of attractions

**********Extracted claims**********

Many attractions in Havana are free to visit.
Habana Vieja is a meticulously renovated UNESCO World Heritage Site.
The Museo de la Revolucion, Capitolio Nacional, Museo de la Ciudad, Museo Nacional de Bellas Artes, and Gran Teatro de la Habana Alicia Alonso are sites related to Cuba's history.
An art factory in Havana allows visitors to listen to internationally recognized musicians.
Havana has nearby beaches characterized by white sand and palm trees.
Habana Vieja was named one of 25 World Heritage sites with best practices in conservation.
City historian Eusebio Leal transformed Habana Vieja into a significant restoration project in the Americas starting in the 1960s.
City authorities have reinvested profits from Habana Vieja into social projects for its community of 100,000 people.
A free walking tour of the historic quarter of Havana departs daily from the Plazuela de Santo Ángel.
The Malecón is an oceanfront sea wall in Havana that stretches for 7km (4.3 miles).
The Malecón extends from the jaws of the harbor to the mouth of the Río Almendares.
The Malecón is a place where people in Havana gather in the evenings.
The Malecón is flanked by crashing waves on one side and aging buildings on the other.
Fishers, musicians, and couples are found on the Malecón.
Fusterlandia is an art district in Havana.
Fusterlandia was developed over two decades by Havana-based artist José Fuster.
In the 1990s, José Fuster began decorating the walls and houses of Jaimanitas, his neighborhood, with murals and mosaics.
The murals and mosaics in Jaimanitas pay tribute to the work of Gaudí and Picasso.
José Fuster expanded the project in Jaimanitas to cover more than 80 buildings, including bus shelters and a doctor's office.
The Fusterlandia project incorporates Cuban motifs and avant-garde sculptures.
Fusterlandia has transformed the fishing neighborhood of Jaimanitas into one of Havana's top sights.
Games of soccer, bici-taxis, and lively conversations are common on Havana's streets.
Activity is found on the Malecón and in Centro Habana west of the Prado.
Habana Vieja possesses a street spirit, especially away from Calle Obispo.
Calle Obispo is Habana Vieja's main tourist artery.
Necrópolis Cristóbal Colón is a large cemetery in Havana.
Necrópolis Cristóbal Colón features a Byzantine-style entry gate, a neo-Romanesque central chapel, marble crucifixes, ornate mausoleums, tombs, and memorials.
The cemetery contains approximately 800,000 graves.
The tomb of General Máximo Gómez, a leader in Cuba's War of Independence, is located in Necrópolis Cristóbal Colón.
The final resting place of Señora Amelia Goyri, known as La Milagrosa, is in Necrópolis Cristóbal Colón.
Señora Amelia Goyri died in childbirth.
Señora Amelia Goyri's tomb features a marble statue depicting her with a baby.
When Señora Amelia Goyri's body was exhumed years later, it was uncorrupted.
Señora Amelia Goyri's uncorrupted body led to her being considered a figure of Catholic sanctity.
Flowers are left on Señora Amelia Goyri's grave.
Havana was a prominent place for gambling and cabaret clubs prior to the current era.
Havana's casinos are no longer present.
Some of Havana's pre-revolutionary glitzy cabarets still operate.
The Tropicana is Havana's most famous cabaret club.
The Tropicana has hosted nightly shows for over 80 years.
The Tropicana's open-air theater has changed little since the 1950s.
Performances are staged in the Hotel Nacional.
The Hotel Nacional's Parisién show features flamboyant costumes and acrobatic dancing.
Fábrica de Arte Cubano is an art collective and performance space.
Fábrica de Arte Cubano is located in an old cooking oil factory in eastern Vedado.
Artists mingle with the audience at Fábrica de Arte Cubano.
Fábrica de Arte Cubano hosts art exhibits, DJ sets, choral performances, tango dancing lessons, chamber music concerts, rap, and salsa.
Fábrica de Arte Cubano contains bars and a food court, and offers live music.
Regla has a strong Santeria tradition.
Regla is accessible by ferry from Havana.
Regla's streets feature ration shops, Ladas, and bars.
Regla has a dockside church.
The church in Regla contains a devotional image of the Virgin of Regla, depicted as a black Madonna.
The Virgin of Regla is venerated in both Catholic and Santeria faiths.
In Santeria, the Virgin of Regla is associated with Yemayá, the orisha of the ocean and patron of sailors.
Vendors outside the church in Regla sell flowers and religious statuettes.
Devotees pray inside the church in Regla to a blue-clad representation of Mary.
Habana Vieja has four squares.
Plaza Vieja is a large cobbled square in Habana Vieja.
Plaza Vieja is surrounded by cafes and bars.
Plaza Vieja is ringed by colonial-era buildings dating from the 17th-century, including Mudejar and art nouveau styles.
Azúcar Lounge is a bar in Plaza Vieja.
Plaza Vieja features a central fountain, multicolored vitrales (stained glass windows), and restored UNESCO edifices.
The cañonazo is a nightly cannon-firing ceremony at La Cabaña fort.
The cañonazo tradition dates back to the early 18th century.
Havana was a walled city from the 1670s to the 1860s.
During Havana's time as a walled city, a nightly 9pm cannon shot marked the closing of the city's gates.
The cañonazo tradition continued after Havana's walls were removed in the mid-19th century.
The modern cañonazo show incorporates pageantry, fire torches, and soldiers in military regalia.
Dona Eutimia is a restaurant located off Plaza de la Catedral.
Dona Eutimia serves ropa vieja (shredded beef), moros y cristianos (rice and beans), tostones (fried plantains), and seasoned root vegetables.
El Rum Rum de la Habana is a restaurant in Havana.
Osiris Oramas is the owner of El Rum Rum de la Habana and is a wine and cigar sommelier.
El Rum Rum de la Habana's kitchen combines Cuban classics with Spanish flavors.
San Cristóbal is a restaurant in Centro Habana.
San Cristóbal once served US President Barack Obama.
San Cristóbal offers diners a complimentary glass of rum.
Havana has local beaches known as Playas del Este.
Playa Santa María del Mar offers sun-loungers and watersports.
Tarará is suitable for kitesurfing.
Playa Bacuranao offers calm reefs and sunken ships for snorkeling.
The T3 Havana Tour Bus connects Parque Central to the Playas del Este beaches.

**********Claims for hard query**********

The cemetery contains approximately 800,000 graves.
When Señora Amelia Goyri's body was exhumed years later, it was uncorrupted.
Señora Amelia Goyri died in childbirth.

**********Formulated hard query**********

The cemetery contains approximately something.
When Señora Amelia Goyri's body was exhumed years later, it was in a certain state.
Señora Amelia Goyri died in a certain way.

**********Claims for medium query**********

The cañonazo tradition continued after Havana's walls were removed in the mid-19th century.
Fusterlandia was developed over two decades by Havana-based artist José Fuster.
Fábrica de Arte Cubano is an art collective and performance space.

**********Formulated medium query**********

The cañonazo tradition continued after `a certain structure` were removed in the mid-19th century.
Fusterlandia was developed over two decades by `someone`.
`Something` is an art collective and performance space.

**********Claims for easy query**********

Many attractions in Havana are free to visit.
Havana has local beaches known as Playas del Este.
A free walking tour of the historic quarter of Havana departs daily from the Plazuela de Santo Ángel.

**********Formulated easy query**********

Many attractions in Havana are in a certain state.
Havana has local beaches known as something.
A free walking tour of the historic quarter of Havana departs daily from a certain place.

**********Page content extracted**********

Title: best-independent-shops-kansas-city
URL: https://www.lonelyplanet.com/articles/best-independent-shops-kansas-city
Content: _**These are the best places to travel this summer**_








In our 5 Shops series, we’ll point you in the direction of our favorite independent shops across some of the world's best cities. From food markets to bookshops, vintage and homegrown design, w

**********Extracted claims**********

Taylor Swift made a surprise appearance in a box at a Kansas City Chiefs football game.
A$AP Rocky shot a video in the West Bottoms.
Kansas City is known by the nicknames City of Fountains, Heart of America, and Paris of the Plains.
Locals in Kansas City wear T-shirts dedicated to the city.
Jason Sudeikis, a Kansas City native, wears a Three KC Joearthur Gatestack shirt in the first episode of Ted Lasso.
Westside Storey is located in Kansas City's Westside.
Westside Storey offers souvenir options, including hats, pins, and candles.
Westside Storey is known for its range of new and vintage Kansas City tees.
Westside Storey offers locally made items dedicated to Kansas City civic pride and its sports teams.
The Charlie Hustle KC heart shirt is available at Westside Storey.
Locals in Kansas City wear the Charlie Hustle KC heart shirt.
Dear Society is located in the Crossroads district.
Dear Society was founded in 2015.
Dear Society offers a blend of new, contemporary, and vintage clothing pieces.
Dear Society also sells small gifts, including candles and stationery.
Chancel Jezek is the owner of Dear Society.
Chancel Jezek states on Dear Society's website that she aims to highlight female designers and entrepreneurs.
Chancel Jezek states on Dear Society's website that she aims to curate a minimal and timeless collection.
The sustainable fashion line Cvet Préri is displayed in Dear Society.
Artwork by locally based ceramic artist Katherine Moes is displayed in Dear Society.
Styling sessions are available for purchase at Dear Society.
The styling sessions at Dear Society assist with styling existing wardrobe pieces or selecting new ones.
The West Bottoms is a historic area surrounding the 12th Street Bridge.
The West Bottoms contains antique shops, including Vintage Posch and Bella Pantina.
Some shops in the West Bottoms have multiple stories.
Shops in the West Bottoms typically open simultaneously during First Friday, which occurs on the first weekend of the month.
Several old buildings in the West Bottoms become multi-level haunted houses in the weeks leading up to Halloween.
French Market is located in Prairie Village, Kansas.
Prairie Village is near the state line from Kansas City.
French Market is owned by the Quillec family.
French Market is associated with Café Provence.
Café Provence is an upscale and acclaimed restaurant.
Café Provence is located near French Market.
French Market features a café with a patio.
The café at French Market offers French food, pastries, and wine.
The market portion of French Market sells grab-and-go meals, treats, French imports, premium home goods, vintage items, cookbooks, and local Kansas City food items.
Afterword is located in the Crossroads Arts District.
Afterword operates as both a bar and a bookstore.
Afterword serves craft cocktails, mocktails, wine, and beer.
Afterword sells books by nationally acclaimed authors and local authors.

**********Claims for hard query**********

The styling sessions at Dear Society assist with styling existing wardrobe pieces or selecting new ones.
French Market is owned by the Quillec family.
Dear Society was founded in 2015.

**********Formulated hard query**********

The styling sessions at **a certain place** assist with styling existing wardrobe pieces or selecting new ones.
French Market is owned by **a group of people**.
Dear Society was founded **at a certain time**.

**********Claims for medium query**********

Artwork by locally based ceramic artist Katherine Moes is displayed in Dear Society.
The West Bottoms is a historic area surrounding the 12th Street Bridge.
Afterword serves craft cocktails, mocktails, wine, and beer.

**********Formulated medium query**********

Artwork by locally based ceramic artist `someone` is displayed in Dear Society.
The West Bottoms is a historic area surrounding `something`.
Afterword serves `certain beverages`.

**********Claims for easy query**********

Westside Storey offers locally made items dedicated to Kansas City civic pride and its sports teams.
Kansas City is known by the nicknames City of Fountains, Heart of America, and Paris of the Plains.
Locals in Kansas City wear T-shirts dedicated to the city.

**********Formulated easy query**********

Something offers locally made items dedicated to Kansas City civic pride and its sports teams.
Kansas City is known by certain names.
Locals in Kansas City express their pride in a certain way.

**********Page content extracted**********

Title: top-things-to-do-in-st-augustine
URL: https://www.lonelyplanet.com/articles/top-things-to-do-in-st-augustine
Content: _**These are the best places to travel this summer**_








With its rip-roaring amusement parks, sun-drenched beaches and spring break scenes, Florida attracts both the young and young at heart. But if it’s the actual Fountain of Youth you’re searching

**********Extracted claims**********

St Augustine is the oldest continuously occupied settlement of European and African-American origin in the US.
The city of St Augustine dates back to 1565.
St Augustine's founding date is four decades before Jamestown was settled.
St Augustine's founding date predates the Pilgrims’ landing at Plymouth Rock.
Spanish explorer Juan Ponce de León was convinced he would find the fabled Fountain of Youth in the region.
Historians have largely dismissed the story of Ponce de León finding the Fountain of Youth.
The city of St Augustine embraces the legend of the Fountain of Youth.
St Augustine is a historical city filled with Spanish and Moorish revival architecture.
St Augustine possesses Southern charm.
St Augustine’s central historic district is located on the National Register of Historic Places.
St Augustine’s central historic district is the oldest part of the city.
Many buildings in St Augustine’s central historic district date back to the 1700s.
Plenty of streets in the historic district existed long before the 1700s.
The layout of the historic district is fully walkable.
The historic district features charming Spanish and Moorish pastiche architecture.
The Lightner Museum is a highlight in the historic district.
The Lightner Museum was formerly American industrialist Henry Flagler's Hotel Alcazar.
The Lightner Museum contains ornate Gilded Age furnishings.
The Lightner Museum contains collections of marbles.
The Lightner Museum contains collections of cigar-box labels.
The Lightner Museum building dates back to 1887.
The Lightner Museum building was designed in the Spanish Renaissance Revival style.
The Lightner Museum building was designed by New York City architects Carrère & Hastings.
The Colonial Quarter is a two-acre area modeled after a Spanish colonial village.
The Colonial Quarter features actors playing blacksmiths, shopkeepers, musicians, and musketeers.
The Colonial Quarter actors demonstrate their trades.
The Colonial Quarter includes canon and musket firing demonstrations.
Ponce de León’s Fountain of Youth Archaeological Park is located near where the conquistador first landed.
Ponce de León spotted “La Florida” on March 27, 1513.
The Fountain of Youth Archaeological Park has fifteen waterfront acres.
The park overlooks the Matanzas River and St Augustine Inlet.
Smoked Southern BBQ is an on-premises food shack at the park.
Smoked Southern BBQ serves brisket and burgers.
The park grounds feature various exhibits.
Exhibits at the park include a Timucua Indian burial ground.
Exhibits at the park include a blacksmith shop.
Exhibits at the park include the Fountain of Youth Spring House.
The gift shop at the park sells bottles of the spring’s water.
Aviles Street dates back to the 16th century.
Aviles Street is brick-lined.
Aviles Street is the oldest thoroughfare in the nation.
Aviles Street is one of St Augustine’s arts districts.
Aviles Street contains galleries, antiques, boutiques, and jewelry shops.
The Spanish Military Hospital Museum is located on Aviles Street.
The Spanish Military Hospital Museum provides a look at surgical and medical practices from over 400 years ago.
Peace Pies serves ice cream sandwiches.
Hotel Ponce de León was built in the 1880s.
Hotel Ponce de León is a former luxury hotel.
Hotel Ponce de León now belongs to Flagler College.
Flagler College purchased Hotel Ponce de León in 1967.
Hotel Ponce de León is a Spanish Renaissance building.
The lobby of Hotel Ponce de León can be visited for free.
Castillo de San Marcos is the oldest masonry fort built in the US.
Castillo de San Marcos was originally used to defend Spain’s claims in Florida.
Castillo de San Marcos was built after a series of pirate raids in the late 1500s.
The self-guided tour of Castillo de San Marcos goes through rooms that once housed soldiers and prisoners.
The self-guided tour of Castillo de San Marcos includes the gun deck.
Historic weapons demonstrations take place most weekends at Castillo de San Marcos.
Rangers and volunteers are available to discuss the fort's history.
Short thematic presentations may be running at Castillo de San Marcos.
Tournament Players Club (TPC) Sawgrass is located 20 miles north of St Augustine.
TPC Sawgrass is one of the top golf courses in the US.
Two championship courses are open to the public at TPC Sawgrass.
The Players Stadium course is one of the championship courses at TPC Sawgrass.
The Players Stadium course hosts the annual Players Championship.
Dye’s Valley course is the other championship course at TPC Sawgrass.
Pete Dye designed both golf courses at TPC Sawgrass.
The Players Stadium fairways include the notorious par-3 17th hole.
The cheapest time of year to tee off at TPC Sawgrass is June to August.
St Augustine Alligator Farm features various crocodilian species, lemurs, birds, and several species of endangered monkeys.
The St Augustine Alligator Farm park has a climbing wall.
The St Augustine Alligator Farm park has two zip-line courses.
The zip-line courses send participants soaring 35ft over the exhibitions.
Talks and shows occur throughout the day at the St Augustine Alligator Farm park.
Alligator feeding times at the park are noon and 3pm.
The St Augustine Alligator Farm park is a five-minute drive from downtown St Augustine.
The St Augustine Alligator Farm park is located along Anastasia Blvd.
The St Augustine Amphitheater hosts a farmers market every Saturday.
The farmers market operates from 8:30am to 12:30pm.
The farmers market features local food, beverage, and craft vendors.
The market is located in a grove of sun-dappled oaks.
The market offers freshly baked vegan muffins, bottles of raw local honey, and fermented foodstuffs.
Live bluegrass music fills the venue during the market.
A night market is held four Tuesdays through the year.
The night market operates from 5 to 9pm.
Anastasia State Park is a beach destination in St Augustine.
Activities at Anastasia State Park include swimming, kayaking, and stand-up paddleboarding in the Atlantic Ocean.
Anastasia State Park has miles of protected white-quartz sand beaches.
Anastasia State Park is a 1600-acre wildlife preserve.
Visitors can spend the day shelling at the park.
Occasional pods of dolphins visit the Anastasia State Park area.
Anastasia State Park has trails for spotting warblers, cardinals, and gopher tortoises.
Anastasia State Park opens at 8am every day.
Anastasia State Park closes at sundown every day.
Entry to Anastasia State Park costs $8 per vehicle.
St Augustine Distillery is housed in a renovated Florida Power & Light ice plant.
The ice plant building was built in 1905.
St Augustine Distillery distills and bottles everything it sells.
St Augustine Distillery does not source or blend outside whiskies.
Educational guided tours are available at St Augustine Distillery.
Free self-guided tours take place at St Augustine Distillery at 10:30am and 5:30pm daily.
No reservation is required for self-guided tours at St Augustine Distillery.
ID is required for tours at St Augustine Distillery.
Fort Mose Historic State Park was the first legally sanctioned settlement of free Africans in the US.
Escaping enslaved Africans had to declare allegiance to the king of Spain to settle at Fort Mose.
Escaping enslaved Africans had to convert to Catholicism to settle at Fort Mose.
No original settlement structures remain at Fort Mose.
An interactive museum at Fort Mose provides information about the site’s history.
A boardwalk at Fort Mose overlooks the land where the village once stood.
Fort Mose is a popular place for bird-watchers.
Fort Mose is a popular place for Geocachers.
San Sebastian Winery is situated in one of Henry Flagler’s East Coast Railway buildings.
San Sebastian Winery has been producing vintages since 1996.
San Sebastian Winery focuses on sparkling and dessert varieties.
San Sebastian Winery uses the muscadine grape.
Free tours and tastings are available seven days a week at San Sebastian Winery.
Visitors can sample San Sebastian Winery varietals, a robust port, and a creamy sherry.
ID is required for tastings at San Sebastian Winery.
Villa Zorayda Museum was built in 1883.
Villa Zorayda Museum was built out of a mix of concrete and local coquina shells.
The Villa Zorayda Museum structure resembles a faux Spanish castle.
The Villa Zorayda Museum structure was the fantasy of an eccentric millionaire.
The millionaire was obsessed with Spain's 12th-century Alhambra Palace.
The Villa Zorayda Museum is an odd and engaging museum.
The museum's Moorish-style atrium and rooms contain quirky antiques, archaeological pieces, and other artifacts.
Highlights of the museum include a 2400-year-old mummy's foot.
Highlights of the museum include an Egyptian "Sacred Cat Rug".
Ice Plant Bar is a bar and restaurant in St Augustine.
Ice Plant Bar has stayed true to its 1927 design.
An original bridge crane is visible above the bar at Ice Plant Bar.
The crane was once used to pick up huge blocks of ice.
The ice was broken down and sold to local customers, including shrimpers.
Ice Plant Bar offers varieties of ice for cocktails.
Cocktails at Ice Plant Bar incorporate fresh-pressed juices, bitters, and house-made syrups.

**********Claims for hard query**********

The crane was once used to pick up huge blocks of ice.
The night market operates from 5 to 9pm.
A night market is held four Tuesdays through the year.

**********Formulated hard query**********

St Augustine is the oldest continuously occupied settlement of a certain origin in the US.
Someone was convinced he would find the fabled Fountain of Youth in the region.
The Lightner Museum was a certain type of building that belonged to someone.
Aviles Street is the oldest thoroughfare in a certain location.
Something is the oldest masonry fort built in the US.

**********Claims for medium query**********

Aviles Street dates back to the 16th century.
St Augustine's founding date predates the Pilgrims’ landing at Plymouth Rock.
Anastasia State Park closes at sundown every day.

**********Formulated medium query**********

Aviles Street dates back to a certain time period.
St Augustine's founding date predates the Pilgrims’ landing at a certain place.
Anastasia State Park closes at a certain time every day.

**********Claims for easy query**********

Free self-guided tours take place at St Augustine Distillery at 10:30am and 5:30pm daily.
Ice Plant Bar is a bar and restaurant in St Augustine.
St Augustine Distillery is housed in a renovated Florida Power & Light ice plant.

**********Formulated easy query**********

Something is a bar and restaurant in St Augustine.
St Augustine Distillery is housed in a renovated `something` ice plant.
Free self-guided tours take place at `Something` at 10:30am and 5:30pm daily.

**********Page content extracted**********

Title: weekend-itinerary-chefchaouen
URL: https://www.lonelyplanet.com/articles/weekend-itinerary-chefchaouen
Content: _**These are the best places to travel this summer**_








Wrapped in the green folds of the Rif Mountains, blue-washed Chefchaouen is one of the most photographed cities in Morocco.


I’ve seen it go from an off-the-beaten-track destination for hippie

**********Extracted claims**********

Chefchaouen is a blue-washed city located in the Rif Mountains of Morocco.
Chefchaouen is one of Morocco's most photographed cities.
Day-trippers, Moroccan tourists, and influencers are present along Chefchaouen's aqua-colored alleys.
Chefchaouen is also known by locals as Chaouen.
Chaouen was founded in 1471.
Chaouen was founded as a base for Riffian Amazigh tribes.
The purpose of Chaouen's founding was to defend against Portuguese invaders.
Muslim and Jewish refugees from Spain arrived in Chefchaouen in the late 15th century.
These refugees built Andalusian-style whitewashed houses in Chefchaouen.
The exact time and reason for Chefchaouen's blue hues remain a mystery.
Chefchaouen remained isolated and xenophobic, forbidding entry to Christians, until Spanish troops occupied it in 1920.
Spanish troops were thrown out of Chefchaouen by Abd el-Krim, also known as the Lion of the Rif.
The Spanish returned to Chefchaouen and remained there until Moroccan independence in 1956.
Weekends are the busiest time for local tourism in Chefchaouen.
A traditional Riffian market can be observed on Monday or early Thursday.
Visiting Chefchaouen in spring or autumn helps avoid peak summer crowds.
The nearest international airport to Chefchaouen is Tangier Ibn Battouta.
A taxi from Tangier Ibn Battouta to Chefchaouen is an option.
A taxi from Tangier Ibn Battouta can be taken to Tangier’s CTM bus station.
The bus journey from Tangier’s CTM bus station to Chefchaouen takes 2.5 hours.
Private transfers to Chefchaouen can be arranged through accommodations.
The medina in Chefchaouen is suitable for strolling.
Petit taxis can be used to travel further afield from the medina.
Grand taxis are available for direct travel to Akchour.
Riad Baraka is a riad that has been converted into a hostel.
Riad Baraka offers dorm beds from 100 Moroccan dirham (US$11).
Riad Baraka offers private rooms from 275 Moroccan dirham (US$30).
La Petite Chefchaouen is a contemporary-style riad.
La Petite Chefchaouen has staff and offers views.
La Petite Chefchaouen has rooms starting from 780 Moroccan dirham (US$85).
Riad Cherifa is a traditional riad.
Riad Cherifa features a small pool and a hammam.
Riad Cherifa has rooms starting from 850 Moroccan dirham (US$93).
Chefchaouen’s dress code is casual.
Chefchaouen features cobblestone streets and hilly terrain.
Cafe Clock has counterparts in Fez and Marrakesh.
Cafe Clock offers workshops.
Cafe Clock has a roof terrace that provides views.
Cafe Clock serves Berber eggs, cooked in a spicy tomato sauce with jben (a creamy Riffian goat cheese).
Cafe Clock serves pancakes topped with caramelized bananas.
Plaza Uta El Hammam is the main square in Chefchaouen.
Plaza Uta El Hammam is overlooked by the Grande Mosquée and a 15th-century Kasbah.
Place El Haouta is a small square with an ornate fountain.
Medina shops in Chefchaouen offer handwoven wool blankets and wooden crafts.
Toda Creperie is located along Ave Hassan I.
Bab El Ansar is the eastern gate of the medina.
The Oued Ras El Maa is a bridge located outside the medina's eastern gate.
The Spanish Mosque is located 1 kilometer (0.62 miles) uphill from the Oued Ras El Maa bridge.
The area around the Spanish Mosque can get crowded with sunset photographers.
El Cielo is a restaurant located in the medina in a garden setting.
Dishes at El Cielo are made with organic local ingredients.
El Cielo offers shish, kofte, paprika fries, and a meze platter.
The meze platter at El Cielo includes baba ganoush and fattoush.
Fattoush is a salad composed of toasted bread, tomatoes, onions, and mint leaves.
El Cielo serves fluffy couscous on Fridays.
El Cielo offers vegetarian choices.
Bilmos is located on the main square and offers fresh juice.
Oum Rabie is located just outside the medina.
Oum Rabie serves alcohol and tapas until late.
Talassemtane National Park is near Chefchaouen.
Shimmering waterfalls near the village of Akchour are popular hikes in Talassemtane National Park.
The natural stone arch of God’s Bridge is a popular hike in Talassemtane National Park.
The higher reaches of Talassemtane National Park are home to the rare and endangered Moroccan fir.
Lush green fields of cannabis are present in the higher reaches of Talassemtane National Park.
Wildlife in Talassemtane National Park can be shy.
Birdlife in Talassemtane National Park includes golden eagles and black-shouldered kites.
Public bathhouses are available in Chefchaouen.
Riad Cherifa’s hammam features tiles.
Ghassoul is a mineral-rich clay mask used in hammam treatments.
Sofia is a female-owned restaurant.
Sofia serves traditional dishes at alfresco tables.
Sofia serves pastela rolls and vegetarian couscous.
Sofia serves mint lemonade.
Cafe Clock offers a half-day cooking workshop on Monday.
The cooking workshop at Cafe Clock allows participants to choose a four-course menu with a chef.
Zaalouk is a smoky mix of eggplant, tomatoes, and spices.
Ingredients for the cooking workshop are sourced from the souq, including a spice shop and a halal butcher.
Jbeliya women wear distinctive chichia hats.
Chichia hats are made of reeds and decorated with pompoms.
A market where jbeliya women are present occurs twice-weekly.

**********Claims for hard query**********

Wildlife in Talassemtane National Park can be shy.
Sofia is a female-owned restaurant.
Cafe Clock serves pancakes topped with caramelized bananas.

**********Formulated hard query**********

Wildlife in something can be shy.
Something is a female-owned restaurant.
Something serves pancakes topped with caramelized bananas.

**********Claims for medium query**********

Riad Baraka is a riad that has been converted into a hostel.
Oum Rabie is located just outside the medina.
Plaza Uta El Hammam is overlooked by the Grande Mosquée and a 15th-century Kasbah.

**********Formulated medium query**********

Something is a riad that has been converted into a hostel.
Something is located just outside the medina.
Something is overlooked by the Grande Mosquée and a 15th-century Kasbah.

**********Claims for easy query**********

Day-trippers, Moroccan tourists, and influencers are present along Chefchaouen's aqua-colored alleys.
Weekends are the busiest time for local tourism in Chefchaouen.
Chefchaouen is a blue-washed city located in the Rif Mountains of Morocco.

**********Formulated easy query**********

Day-trippers, Moroccan tourists, and influencers are present along Chefchaouen's something.
Something are the busiest time for local tourism in Chefchaouen.
Chefchaouen is a blue-washed city located somewhere.

**********Page content extracted**********

Title: getting-around-madrid
URL: https://www.lonelyplanet.com/articles/getting-around-madrid
Content: _**These are the best places to travel this summer**_








Few cities are as easy to get around as Madrid.

The Spanish capital is highly commuter-friendly, thanks to the multimodal public transit infrastructure, which includes an efficient and reliabl

**********Extracted claims**********

Madrid is easy to navigate.
Madrid has a highly commuter-friendly multimodal public transit infrastructure.
Madrid's public transit infrastructure includes an efficient and reliable subway system, an organized bus network, late-night buses, long-distance high-speed trains, and electric bike stations.
Car rentals are impractical in Madrid due to parking shortages and low-emission zone regulations.
Madrid's buses are completely diesel-free.
Madrid is the largest city in Europe with a 100% clean-powered bus fleet.
Madrid's bus and subway vehicles and stations are designed for universally accessible travel.
The Madrid Metro consists of 12 metro lines, three tram lines, and over 300 stations.
The Madrid Metro is open from 6:00 AM to 1:30 AM.
Madrid Metro trains pass every two minutes during busy times.
Madrid Metro trains pass every 15 minutes after midnight.
Adolfo Suárez Madrid–Barajas Airport connects directly to the Nuevos Ministerios central hub in Madrid.
Cercanias Renfe trains serve outlying towns and villages near Madrid.
Cercanias Renfe trains are accessible via Atocha Station (Metro Line 1).
Cercanias trains have 10 lines throughout the Madrid region.
Cercanias trains run daily from between 5:00 AM and 6:00 AM up to midnight.
Cercanias trains have intervals of five to ten minutes during weekday peak hours.
A Metro ticket provides access to some Cercanias stations that are part of the Metro network.
A Bonotren rail pass is required to travel to long-distance Cercanias destinations.
EMT Madrid is the public bus service in Madrid.
EMT Madrid operates over 200 bus lines.
EMT Madrid buses run from 6:00 AM to 11:30 PM.
Three zero-carbon-emission buses are free to use in Madrid: 001 Atocha Renfe-Moncloa, 002 Puerta de Toledo-Argüelles, and C03 Puerta de Toledo-Argüelles.
There are 27 night buses in Madrid, known as Búhos and marked with an N.
Night buses are accessible from Plaza de Cibeles after 11:30 PM.
Madrid’s Green Buses are intercity buses identified by green route numbers.
Green Buses are privately owned and managed by different companies.
Green Buses operate across multiple fare zones.
Green Buses connect to municipalities in the Madrid region.
Single tickets for interurban buses can be purchased directly from the driver.
Vouchers for 10 trips on interurban buses can be purchased from bus station kiosks.
Several car-hailing services operate in Madrid, including Uber, Cabify, Bolt, and Free Now.
BlaBla Car is a car-sharing option for longer distance destinations from Madrid, including regional towns and other Spanish cities.
Car-share rides through BlaBla Car can be booked to points around the Madrid region and across Spain.
Individuals can publish their own rides on the BlaBla Car website for ride-sharing.
Bicimad is a bike service that provides over 7,700 electric bikes.
Bicimad has 630 charging and docking stations.
Bicimad stations are located in all 21 districts of Madrid.
Madrid has many bike-friendly routes.
The Bicimad app can be used to find docks and pay fees.
Bicimad fees start at €0.50 for the first 30 minutes.
An additional €3 is charged for each 30-minute period after the first hour of Bicimad use.
The Tarifa Plana is an auto-renewing plan for unlimited Bicimad rides.
The Tarifa Plana costs €10 per month.
The Tarifa Plana can be canceled at any time.
The Abono Turístico (Tourist Travel Pass) is a practical and cost-effective option for multimodal travel for visitors in Madrid.
The Abono Turístico is a contactless card available at any Metro station.
The Abono Turístico allows use of the Metro, EMT city bus lines, light rail, and Renfe suburban trains.
Abono Turístico passes are loaded onto a Tarjeta Multi.
The Tarjeta Multi is available at any Metro station.
Tarjeta Multi cards can be topped up with pay-per-ride options after a pass expires.
Tarjeta Multi smartcards are valid for up to 10 years.
Tarjeta Multi cards can be added to in any Metro station.
Madrid’s trains and stations have been significantly upgraded to improve accessibility for people with disabilities.
The Madrid Metro has installed universal accessibility features in all its stations.
Over half of all Metro stations are fully accessible via elevators or ramps for wheelchair access.
Metro accessibility measures include reinforced step edges, elevator signs, and handrails with Braille markings.
All EMT buses have universal access features.
EMT bus features include low floors, Braille-embossed stop buttons, reserved spaces for strollers and reduced mobility passengers, tilts, and ramps for wheelchair users.
The Madrid Accessible to You guide is an inclusive and accessible resource for travelers with disabilities.
The Madrid Accessible to You guide is published by the Madrid City Council with PREDIF (the Spanish Representative Platform for the Physically Disabled).

**********Claims for hard query**********

The Bicimad app can be used to find docks and pay fees.
The Tarifa Plana can be canceled at any time.
Cercanias trains have intervals of five to ten minutes during weekday peak hours.

**********Formulated hard query**********

The Bicimad app can be used in a certain way.
The Tarifa Plana can be canceled in a certain state.
Cercanias trains have intervals of something during weekday peak hours.

**********Claims for medium query**********

EMT Madrid buses run from 6:00 AM to 11:30 PM.
There are 27 night buses in Madrid, known as Búhos and marked with an N.
A Metro ticket provides access to some Cercanias stations that are part of the Metro network.

**********Formulated medium query**********

EMT Madrid buses run at certain times.
There are a certain number of night buses in Madrid, known as Búhos and marked with an N.
A certain ticket provides access to some Cercanias stations that are part of the Metro network.

**********Claims for easy query**********

Madrid's bus and subway vehicles and stations are designed for universally accessible travel.
Madrid's public transit infrastructure includes an efficient and reliable subway system, an organized bus network, late-night buses, long-distance high-speed trains, and electric bike stations.
Madrid has a highly commuter-friendly multimodal public transit infrastructure.

**********Formulated easy query**********

Madrid's bus and subway vehicles and stations are in a certain state.
Madrid's public transit infrastructure includes something.
Madrid has something.

**********Page content extracted**********

Title: iceland-with-kids
URL: https://www.lonelyplanet.com/articles/iceland-with-kids
Content: _**These are the best places to travel this summer**_








Iceland's incredible landscape is an endless source of wonder no matter your age, and exploring it with your family will create memories that will last a lifetime.

Don't worry about cries of "

**********Extracted claims**********

Jumping balloons are a type of outdoor trampoline found in Iceland.
The jumping balloon in Blönduós is particularly large and bouncy.
Soccer pitches are located throughout Iceland.
Soccer pitches in Iceland are often located near schools.
Reykjavík and its vicinity have the most museums, restaurants, swimming pools, and the largest variety of children's activities in Iceland.
Almost every town and village in Iceland has at least a pool and a playground.
Some of the remotest places in Iceland have unique museums.
Swimming pools are located in almost every town and village in Iceland.
Swimming pools are also found in some scenic countryside locations in Iceland.
Many swimming pools in Iceland have waterslides.
All swimming pools in Iceland are heated.
The Akureyri pool is the most popular swimming pool in Iceland.
The Akureyri pool has the longest slide in Iceland.
The Álftanes pool outside Reykjavík has a wave pool.
The Álftanes pool outside Reykjavík has an indoor pool.
Sundhöll in central Reykjavík has jumping boards.
The Hofsós pool offers a view of Drangey Island and the fjord.
Lýsulaugar on Snæfellsnes is a geothermal bath.
Lýsulaugar on Snæfellsnes contains unique green algae.
Lýsulaugar on Snæfellsnes offers a glacial view.
Nauthólsvík in Reykjavík is a beach with hot tubs.
Guðlaug in Akranes is a beach with hot tubs.
Drangsnes in the Westfjords is a beach with hot tubs.
Hauganes near Akureyri is a beach with hot tubs.
Iceland has forests.
Forests in Iceland are popular for outdoor recreation among Icelanders.
Many forests in Iceland have playgrounds for children.
Many forests in Iceland have obstacle courses for children.
Heiðmörk on the outskirts of Reykjavík has a playground and obstacle course for children.
Kjarnaskógur in Akureyri has a playground and obstacle course for children.
Vaglaskógur Forest in the North of Iceland is one of Iceland's largest forests.
Hallormsstaður Forest in the East of Iceland is one of Iceland's largest forests.
Vaglaskógur Forest has campgrounds.
Hallormsstaður Forest has campgrounds.
A project is in progress across Iceland to develop forested areas along main roads with facilities for lunch breaks.
Reykjavík Zoo and Family Park features Iceland's domesticated animals and other exotic creatures.
Reykjavík Zoo and Family Park has a mini funfair in the summer.
Horse farms across Iceland offer stable visits.
Horse farms across Iceland offer horseback riding adventures.
Sólvangur near Eyrarbakki in South Iceland is a horse farm.
Finnsstaðir outside Egilsstaðir in the East of Iceland is a horse farm.
Slakki is a petting zoo located on the Golden Circle.
Daladýrð has animals that welcome visitors.
Fellabær by Egilsstaðir is home to a Reindeer Park.
The Reindeer Park in Fellabær has reindeer.
The Caves of Hella in South Iceland are ancient manmade caves.
Raufarhólshellir near Reykjavík is one of Iceland's longest lava tunnels.
Laugarvatnshellar is located on the Golden Circle.
People lived in Laugarvatnshellar until the early 1900s.
Vatnshellir is an ancient lava tube located on Snæfellsnes in West Iceland.
Vatnshellir is situated 35 meters (115ft) below the earth’s surface.
A manmade ice tunnel exists on Langjökull.
A smaller ice tunnel is located in Perlan, the Wonders of Iceland museum in Reykjavík.
Whale watching is possible from many locations in Iceland.
Húsavík in the North is a famous location for whale watching in Iceland.
Sea angling tours are available from Reykjavík.
Kayaking tours are available in Stokkseyri.
Children aged six and upwards can participate in kayaking tours in Stokkseyri.
Kayaking tours are offered in various other locations in Iceland.
Viðey is located five minutes off Reykjavík's coast by ferry.
Hrísey is a 15-minute ferry ride from Árskógssandur near Akureyri.
Flatey is located in the middle of Breiðafjörður Bay.
Flatey is 1.5 hours by ferry from Stykkishólmur.
Vestmannaeyjar can be reached in 30 minutes by ferry from Landeyjahöfn.
Many campgrounds with good facilities are located in spectacular locations across Iceland.
Hamrar is a campground in Kjarnaskógur forest in Akureyri.
Ásbyrgi is a campground in the northern realms of Vatnajökull National Park.
Atlavík is a campground in Hallormsstaðaskógur forest outside Egilsstaðir in the East.
A campground is located at Skógafoss waterfall in the South.
Úlfarsfell and Mosfell are considered easier hikes near Reykjavík.
The crater Grábrók is located off the Ring Road in West Iceland.
Fálkafell in Akureyri offers a view of Eyjafjörður.
Iceland's longest and fastest zipline is located in Hveragerði.
Hveragerði is 40 minutes from Reykjavík.
Ziplining is available in Vík in the South.
Ziplining is available in Akureyri in the North.
Children aged nine years and up can zipline in Vík and Akureyri when accompanied by an adult.
The Adrenalin Adventure Park in Nesjavellir offers ziplining and climbing.
Nesjavellir is located an hour from Reykjavík.
Bláfjöll is Iceland's largest ski resort.
Bláfjöll is located thirty minutes outside Reykjavík.
Bláfjöll offers equipment rental.
Bláfjöll has slopes for various skill levels.
Bláfjöll has a ski school for children.
Hlíðarfjall in Akureyri is located 10 minutes outside the town.
Hlíðarfjall offers both adventurous and easy ski slopes.
Hlíðarfjall offers ski lessons.
Hlíðarfjall offers snowboard lessons.
Other ski resorts exist in North Iceland, East Iceland, and the Westfjords.

**********Claims for hard query**********

Vatnshellir is situated 35 meters (115ft) below the earth’s surface.
Flatey is located in the middle of Breiðafjörður Bay.
People lived in Laugarvatnshellar until the early 1900s.

**********Formulated hard query**********

Vatnshellir is situated at a certain depth.
Flatey is located in a certain location.
People lived in Laugarvatnshellar until a certain time.

**********Claims for medium query**********

Ziplining is available in Vík in the South.
Bláfjöll has a ski school for children.
Hlíðarfjall in Akureyri is located 10 minutes outside the town.

**********Formulated medium query**********

Ziplining is available in a certain place in the South.
A certain location has a ski school for children.
Hlíðarfjall in Akureyri is located a certain duration outside the town.

**********Claims for easy query**********

Reykjavík and its vicinity have the most museums, restaurants, swimming pools, and the largest variety of children's activities in Iceland.
Many forests in Iceland have playgrounds for children.
Forests in Iceland are popular for outdoor recreation among Icelanders.

**********Formulated easy query**********

Someone has the most museums, restaurants, swimming pools, and the largest variety of children's activities in Iceland.
Many forests in Iceland have something for children.
Forests in Iceland are popular in a certain way.

**********Page content extracted**********

Title: best-parks-lisbon
URL: https://www.lonelyplanet.com/articles/best-parks-lisbon
Content: _**These are the best places to travel this summer**_








With the sun shining brightly most of the year in Lisbon, public gardens, urban parks and picturesque squares are the place to be for people-watching and getting into the rhythm of the city. Fr

**********Extracted claims**********

The sun shines brightly for most of the year in Lisbon.
Public gardens, urban parks, and picturesque squares are popular places in Lisbon for people-watching and experiencing the city's rhythm.
Lisbon offers a selection of unmissable parks, including under-the-radar parks, gated romantic gardens, iconic historic locations, and spots for cultural and art immersion.
Jardim Botânico is Lisbon’s botanical garden.
Jardim Botânico started as a scientific project in the 19th century.
Jardim Botânico was established to support students at the on-site university.
The university on-site at Jardim Botânico is now the Museum of Natural History.
Jardim Botânico contains more than 2000 species of trees and plants from various parts of the world.
Jardim Botânico was established as an educational garden from its inception.
Jardim Botânico often hosts guided tours and environment-conscious activities for children.
Monsanto Forest Park is the largest green area in Lisbon.
Monsanto Forest Park is a popular weekend destination for families with young children.
Monsanto Forest Park features hiking trails, playgrounds, a skatepark, and picnic areas with ready-to-use grills.
Monsanto Forest Park is easy to access by bus or car.
Monsanto Forest Park provides plenty of free parking spaces.
The Corredor Verde de Monsanto walking path starts at Parque Eduardo VII in central Lisbon.
The Corredor Verde de Monsanto walking path is 2.6 km (1.6 miles) long.
The Corredor Verde de Monsanto walking path takes walkers through some of Lisbon’s parks and viewpoints.
Jardins do Bombarda are the gardens of the former psychiatric hospital Miguel Bombarda.
The former psychiatric hospital Miguel Bombarda closed in 2011.
The community-focused art project Largo Residências took over the gardens of the former psychiatric hospital Miguel Bombarda.
Jardins do Bombarda opened in the summer of 2024.
Jardins do Bombarda has established itself as one of Lisbon’s trending cultural hubs.
Jardins do Bombarda has a diverse and packed calendar of mostly free-entrance events.
Events at Jardins do Bombarda include workshops, concerts, art shows, fairs, and markets.
The Pinhal (pine forest) at Jardins do Bombarda is 2000 sq m (approximately 21,500 sq ft).
The Pinhal at Jardins do Bombarda is tree-filled.
The Pinhal at Jardins do Bombarda is free to roam.
The gardens at the Gulbenkian Foundation were designed by Gonçalo Ribeiro Telles.
Gonçalo Ribeiro Telles was an icon of Portuguese modernist landscape architecture in the 1960s.
The locations of each tree, plant, statue, cement bench, and picnic table in Jardim Gulbenkian were meticulously planned and placed.
Jardim Gulbenkian pays tribute to a style known as Portuguese Garden.
Jardim Gulbenkian is an urban haven.
Jardim Gulbenkian features shaded and isolated nooks, water streams, a lake, grassy clearings, an outdoor amphitheater, and cafes.
Jardim Gulbenkian is located near the Gulbenkian Foundation’s two museums, Museu Calouste Gulbenkian and Centro de Arte Moderna.
Tapada das Necessidades is used more by locals than by tourists.
The large lawn near the old greenhouse in Tapada das Necessidades is ideal for family picnics or yoga classes.
Tapada das Necessidades requires maintenance.
An improvement project for Tapada das Necessidades is planned.
The planned improvement project for Tapada das Necessidades is funded by the tourist tax.
Pavements in Tapada das Necessidades can be uneven.
Loose cobblestones are present in Tapada das Necessidades.
Rogue tree roots poke out of dirt paths in Tapada das Necessidades.
Tapada das Necessidades is a gated park.
Tapada das Necessidades is dog-friendly.
Tapada das Necessidades is located in Alcântara.
Tapada das Necessidades is a little away from the city center.
Tapada das Necessidades is accessible by bus and tram.
Parque Eduardo VII is manicured and modernist.
Parque Eduardo VII is the chosen location for some of Lisbon’s major outdoor gatherings.
Outdoor gatherings at Parque Eduardo VII include Lisbon’s Book Fair every spring, music events throughout the year, and Wonderland Lisboa every Christmas.
Estufa Fria and Estufa Quente are on-site greenhouses within Parque Eduardo VII.
Estufa Fria and Estufa Quente contain exotic and tropical plants.
A viewpoint on the north side of Parque Eduardo VII offers a view of part of Lisbon’s downtown area and the river.
Largo do Carmo is a small square in the Chiado quarter.
Largo do Carmo was inundated by locals on April 25, 1974.
A military coup overthrew the five-decade-long conservative dictatorship in Portugal on April 25, 1974.
Largo do Carmo became the symbolic location for the beginning of Portugal’s democracy.
Largo do Carmo is known for its old Lisbon charm.
Largo do Carmo features black-and-white cobblestones.
Largo do Carmo has a Baroque fountain.
Brazilian rosewood trees bloom in purple in Largo do Carmo in spring.
The post-1755 earthquake ruins of Convento do Carmo are located near Largo do Carmo.
Jardim da Estrela is a gated park.
Jardim da Estrela is inspired by English gardens.
Jardim da Estrela has ponds and resident ducks.
Jardim da Estrela features kiosks that have been converted into cafes.
A wrought-iron bandstand is the trademark image of Jardim da Estrela.
Casa do Jardim da Estrela is a free-to-visit cultural center.
Casa do Jardim da Estrela is run by the city.
Casa do Jardim da Estrela puts on sustainability-focused cultural events and exhibitions.
The baroque church Basílica da Estrela is located across the street from Jardim da Estrela.
Tram 28E is an iconic tram.
Jardim Amália Rodrigues is named after Portugal’s most famous fado singer.
Jardim Amália Rodrigues has one of uptown Lisbon’s best views.
Jardim Amália Rodrigues is located across the street north of Parque Eduardo VII.
The outdoor amphitheater in Jardim Amália Rodrigues has open views over Avenida da Liberdade and Rio Tejo.
An artificial lake is in the center of Jardim Amália Rodrigues.
The cafe Linha de Água is located near the artificial lake in Jardim Amália Rodrigues.
Some ducks from neighboring Gulbenkian visit Jardim Amália Rodrigues.
Jardim Botânico Tropical is a forest refuge in the touristic Belém neighborhood.
Jardim Botânico Tropical is located behind Pastéis de Belém.
Jardim Botânico Tropical is a 5-hectare botanical garden.
Jardim Botânico Tropical has resident peacocks.
The first path on the right after the ticket office in Jardim Botânico Tropical is lined with palm trees.
The path on the right after the ticket office in Jardim Botânico Tropical leads to a lake and manicured lawns.
The path on the left in Jardim Botânico Tropical leads to the Asian garden.
The Asian garden in Jardim Botânico Tropical contains tall trees, streams, and ponds crossed by red bridges.
The Asian garden in Jardim Botânico Tropical includes a pagoda-style sitting area.
Torre de Belém is one of Lisbon’s most famous landmarks.
Torre de Belém is intricately decorated.
Torre de Belém is a symbol of the 15th-century Portuguese-led Age of Exploration.
Torre de Belém has UNESCO World Heritage Site status.
Jardim da Torre de Belém features sprawling, manicured lawns.
Jardim da Torre de Belém is less crowded than other riverside parks in Lisbon.

**********Claims for hard query**********

The former psychiatric hospital Miguel Bombarda closed in 2011.
Tapada das Necessidades requires maintenance.
A military coup overthrew the five-decade-long conservative dictatorship in Portugal on April 25, 1974.

**********Formulated hard query**********

The former psychiatric hospital Miguel Bombarda closed in a certain year.
Tapada das Necessidades requires something.
A military coup overthrew the five-decade-long conservative dictatorship in Portugal on a certain date.

**********Claims for medium query**********

The Pinhal (pine forest) at Jardins do Bombarda is 2000 sq m (approximately 21,500 sq ft).
Tapada das Necessidades is a gated park.
A wrought-iron bandstand is the trademark image of Jardim da Estrela.

**********Formulated medium query**********

The Pinhal (pine forest) at Jardins do Bombarda is of a certain size.
Tapada das Necessidades is in a certain state.
A certain thing is the trademark image of Jardim da Estrela.

**********Claims for easy query**********

Lisbon offers a selection of unmissable parks, including under-the-radar parks, gated romantic gardens, iconic historic locations, and spots for cultural and art immersion.
Public gardens, urban parks, and picturesque squares are popular places in Lisbon for people-watching and experiencing the city's rhythm.
Outdoor gatherings at Parque Eduardo VII include Lisbon’s Book Fair every spring, music events throughout the year, and Wonderland Lisboa every Christmas.

**********Formulated easy query**********

Lisbon offers a selection of unmissable parks, including **certain kinds of locations**.
Public gardens, urban parks, and picturesque squares are popular places in Lisbon for **certain activities**.
Outdoor gatherings at **a certain park** include Lisbon’s Book Fair every spring, music events throughout the year, and Wonderland Lisboa every Christmas.

**********Page content extracted**********

Title: dubrovnik-itinerary
URL: https://www.lonelyplanet.com/articles/dubrovnik-itinerary
Content: _**These are the best places to travel this summer**_








Whether you call it the Pearl of the Adriatic or King's Landing, Dubrovnik’s main claim to fame is its gorgeous UNESCO-listed old town, one of the best preserved medieval cores in the world. Sp

**********Extracted claims**********

Dubrovnik is also known as the Pearl of the Adriatic.
Dubrovnik is also known as King's Landing.
Dubrovnik's main claim to fame is its UNESCO-listed old town.
Dubrovnik's old town is one of the best-preserved medieval cores in the world.
Low-cost flights to Dubrovnik are available throughout the year.
The airport shuttle stops at Ploče gate by Dubrovnik's old town.
The airport shuttle stops at the main bus station in Gruž.
From Gruž, buses, taxis, or transport apps are available for travel.
Dubrovnik is compact.
Dubrovnik is very walkable.
Dubrovnik has hilly terrain and stairs.
Yellow Libertas buses in Dubrovnik have good frequency.
Yellow Libertas buses in Dubrovnik have good coverage.
The old town of Dubrovnik can be hectic.
The Excelsior hotel is an iconic hotel in the Ploče area of Dubrovnik.
Villa King and Morning View apartment are private accommodations around the Ploče area.
The residential area of Lapad is close to beaches.
The residential area of Lapad is close to areas frequented by locals.
The Dubrovnik pass is available in one-day, three-day, or seven-day options.
The one-day Dubrovnik pass includes access to the city walls.
The one-day Dubrovnik pass includes access to 10 city museums.
The one-day Dubrovnik pass includes a 24-hour bus pass.
The price of a one-day Dubrovnik pass is equivalent to a single-entry ticket to the city walls.
Gundulić square has an open-air market.
Cafe Cele is located by St Blaise's Church.
The medieval city walls in Dubrovnik have specific opening times.
A walk on the city walls can be started by Ploče gates.
Gianni’s offers artisanal gelato.
The cathedral in Dubrovnik has a treasury.
The cathedral's treasury contains relics of saints.
The Rector's Palace is located across the street from the cathedral.
Dubrovnik was an independent republic called Ragusa from 1358 to 1808.
Buffet Škola is an informal sandwich bar.
Buffet Škola fills freshly baked bread with local cheese.
Buffet Škola fills freshly baked bread with pršut (prosciutto).
The Large Onofrio Fountain provides water.
The Franciscan monastery has a 14th-century cloister.
The Franciscan monastery has a still-operating pharmacy.
The pharmacy at the Franciscan monastery makes cream of rose using ancient recipes.
Lokrum island is forested.
Lokrum island is reachable by ferry from the old town port.
Lokrum island has a Benedictine monastery.
The Adriatic Sea around Lokrum island is turquoise.
Lokrum island has many rocky outposts suitable for swimming.
Marco Polo is a family-owned restaurant.
Marco Polo serves local dishes like šporki makaruli.
Šporki makaruli is a traditional pasta dish with slow-cooked meat sauce.
Marco Polo serves tuna tartare.
D’Vino bar offers a selection of Croatian wines.
Revelin is a world-renowned nightclub.
Revelin is set inside a 16th-century fort.
Srđ is a hill that overlooks Dubrovnik.
The Path of the Cross is a scenic hike to Srđ.
A cable car provides a swift ride to Srđ.
From Srđ, one can see the whole town of Dubrovnik.
From Srđ, one can see the Elafiti archipelago.
From Srđ, one can see mountains in Montenegro.
From Srđ, one can see laundry air-drying in Bosnia and Herzegovina.
The Homeland War Museum is located in Fort Imperial.
The Homeland War Museum pays tribute to the defense of Dubrovnik during the 1991/92 attacks.
Panorama restaurant offers bird’s-eye vistas of the old town.
Gruž Bay is the town’s main port.
Gruž Bay is a bustling residential area.
The Red History Museum is an interactive museum.
The Red History Museum educates visitors about the time Croatia was part of Yugoslavia.
DBC brewery is located nearby the Red History Museum.
The Babin Kuk peninsula has Renaissance estates.
The Babin Kuk peninsula has contemporary residences.
Coral Beach Club is located along the Babin Kuk peninsula.
Pantarul restaurant is located in Lapad.
Pantarul restaurant is known for its seasonally changing menu.
Pantarul restaurant is known for its risottos.
Pantarul restaurant is known for its desserts.
Cave Bar More is set in an actual cave.
Lazareti is an iconic nightclub.
Lazareti is set in the former quarantine station by the old town’s eastern gates.
Gradska kavana Arsenal offers views of the old town port.
Cavtat is a small seaside town.
Cavtat's old town consists of a cluster of stone houses built on a small peninsula.
The Bukovac House is the birthplace of painter Vlaho Bukovac.
Vlaho Bukovac lived from 1855 to 1922.
The Račić Family Mausoleum is located in the hilltop cemetery in Cavtat.
The Rat peninsula is pine-shaded.
Kamen Mali is a swimming location on the Rat peninsula.
Ključice beach is a swimming location on the Rat peninsula.
Leut is a long-standing restaurant in Cavtat.
Leut serves fresh fish.
Leut serves seafood.
Ludo More is a restaurant in Uvala Tiha.
M’arden is located in the old town’s southern maze of streets.
M’arden offers a wine-paired tapas-style tasting.
The Dubrovnik Summer Festival features starlit theater performances.
The Midsummer Scene Festival features starlit theater performances.
Park Orsula hosts open-air concerts.

**********Claims for hard query**********

The Franciscan monastery has a still-operating pharmacy.
Cafe Cele is located by St Blaise's Church.
The Homeland War Museum is located in Fort Imperial.

**********Formulated hard query**********

Something has a still-operating pharmacy.
Something is located by St Blaise's Church.
The Homeland War Museum is located in something.

**********Claims for medium query**********

Gundulić square has an open-air market.
The Babin Kuk peninsula has Renaissance estates.
The residential area of Lapad is close to beaches.

**********Formulated medium query**********

A certain place has an open-air market.
The Babin Kuk peninsula has something.
The residential area of a certain place is close to beaches.

**********Claims for easy query**********

The Dubrovnik Summer Festival features starlit theater performances.
The old town of Dubrovnik can be hectic.
The Dubrovnik pass is available in one-day, three-day, or seven-day options.

**********Formulated easy query**********

The Dubrovnik Summer Festival features something.
The old town of Dubrovnik can be in a certain state.
The Dubrovnik pass is available in something.

**********Page content extracted**********

Title: top-things-to-do-in-tulum
URL: https://www.lonelyplanet.com/articles/top-things-to-do-in-tulum
Content: _**These are the best places to travel this summer**_








Tulum is one of Mexico’s crown jewels with picture-perfect beaches and ancient seaside ruins, where nature and art intertwine, and a boho-chic vibe permeates.

It’s also a city with two souls –

**********Extracted claims**********

Tulum has picture-perfect beaches.
Tulum has ancient seaside ruins.
Nature and art intertwine in Tulum.
A boho-chic vibe permeates Tulum.
Tulum is a city with two distinct areas: beach and town.
Tulum offers easy access to nightlife.
Tulum offers good food.
Tulum offers magnificent outdoor adventure.
Tulum's beaches have soft white sand.
Tulum's beaches offer vast views of turquoise water.
Tulum's beaches have towering palm trees.
Tulum's beaches have bungalows.
The amount of sargassum in Tulum significantly increased in 2025.
Sargassum is most prevalent in Tulum during June, July, and August.
Tulum contains numerous open-air cenotes.
The cenotes in Tulum are surrounded by dense forest.
The waters of Tulum's cenotes are cool and clear.
Schools of tiny fish inhabit the waters of Tulum's cenotes.
Many cenotes in Tulum, including Carwash, Cristal, and Escondido, have simple rope swings.
Many cenotes in Tulum, including Carwash, Cristal, and Escondido, have jumping platforms.
Caverns exist beneath the surface of many cenotes in Tulum.
Cenotes contain yawning caverns.
Cenotes contain narrow passages.
Cenotes contain illuminated stalactites.
Cenotes contain illuminated stalagmites.
Eyeless fish swim in cenotes.
Cenote Dos Ojos is part of the world's largest underwater cave systems.
Cenote Dos Ojos is operated by a local Maya community project.
Snorkel guides lead visitors through the water-filled caverns at Cenote Dos Ojos.
Qualified divers can visit Cenote Dos Ojos.
The Tulum ruins are an archaeological site.
The Tulum ruins represent an ancient walled city.
The Tulum ruins include ornate stone structures.
The Tulum ruins are perched on a seaside cliff.
The Tulum ruins are located high above Caribbean waters.
The structures at Tulum ruins are modest compared to other archaeological sites.
A beach is located at the Tulum ruins site.
Reserva de la Biosfera de Sian Ka’an is located directly south of Tulum.
Reserva de la Biosfera de Sian Ka’an is a vast reserve.
Reserva de la Biosfera de Sian Ka’an contains tropical forests.
Reserva de la Biosfera de Sian Ka’an contains untouched beaches.
Reserva de la Biosfera de Sian Ka’an contains coral reefs.
Reserva de la Biosfera de Sian Ka’an contains blue lagoons.
Maya-run Community Tours Sian Ka’an offers snorkeling tours.
Maya-run Community Tours Sian Ka’an offers kayaking tours.
Maya-run Community Tours Sian Ka’an offers bird-watching trips.
Maya-run Community Tours Sian Ka’an offers swimming through ancient Maya canals.
El Batey features live music.
Latin beats are played at El Batey.
El Batey is a popular venue in Tulum town.
El Batey is a go-to place for mojitos.
Mojitos at El Batey are sweetened with freshly pressed sugar cane.
Mojitos at El Batey are prepared on the bar’s iconic VW bug.
Biking allows exploration of the beachfront from the Tulum ruins to Sian Ka’an.
A canopy of leaves lines the beach road in Tulum.
Hotels in Tulum often offer complimentary bikes.
Affordable bike rentals are easy to find in Tulum.
Papaya Playa Project is a hotel and beach club.
Papaya Playa Project hosts full-moon parties.
Papaya Playa Project hosts Saturday DJ nights on the beach.
Midweek at Papaya Playa Project is quieter.
Papaya Playa Project offers sunset yoga.
Papaya Playa Project offers workshops on topics such as 'ecstatic movement' and 'love immersion'.
Nortes (northerly winds) occur in Tulum during the winter season.
Kiteboarders engage in activities such as skimming, lifting, flipping, and flying above the waves in Tulum.
Kiteboarding lessons are available from water sports operators on Tulum's southern beaches.
Kiteboarding gear is available for rent from water sports operators on Tulum's southern beaches.
Mexican Caribbean Kitesurf is a prominent water sports operator in Tulum.
Optimum winds for kiteboarding in Tulum occur from November to May.
The strongest winds for kiteboarding in Tulum typically occur in February and March.
SFER IK art museum has circular windows.
SFER IK art museum's windows offer views into Tulum’s dense tropical forest.
SFER IK art museum is constructed from bejuco (vine-like wood) and undulating cement.
SFER IK art museum is located close to the beach.
SFER IK art museum displays contemporary works of art.
Temescal ceremonies date back to pre-Colombian times.
Temescal ceremonies are spiritual cleansings.
Temescal ceremonies involve participants sitting in a windowless structure.
The structure used for temescal ceremonies is heated with steaming volcanic rocks.
A Maya healer leads the temescal ritual at Yaax Healing Sanctuary.
Laguna Kaan Luum is a circular lagoon.
Laguna Kaan Luum has restorative muds.
The waters of Laguna Kaan Luum alternate between blue and green.
Laguna Kaan Luum is fed by a deep cenote.
The feeding cenote of Laguna Kaan Luum is visible from a lookout tower.
The waters of Laguna Kaan Luum are warm.
The waters of Laguna Kaan Luum are shallow.
Hartwood is an off-the-grid restaurant.
Hartwood's menu changes daily.
Hartwood uses fresh ingredients.
Hartwood uses locally sourced ingredients.
Meals at Hartwood are cooked over a wood fire.
Meals at Hartwood are served in an open-air dining room.
Tulum has street-side grills that operate as the sun sets.
Tacos al pastor consist of pint-size tortillas topped with sizzling spit-roasted pork.
Tacos al pastor pork is bright red with achiote seasoning.
Tacos al pastor are topped with pineapple.
Taquería El Carboncíto is a place to eat tacos.
Taquería El Carboncíto has plastic tables on the sidewalk.
Tulum town has a vibrant art scene.
Dozens of murals are present in Tulum's streets.
Murals in Tulum depict subjects such as swimming sea turtles, Maya jaguars, psychedelic flowers, and fish-headed people.
More murals appear in Tulum each year.
A map of murals can be obtained at the tourist information booth in Tulum.
Calle Sol Oriente is a central location for viewing street art in Tulum.

**********Claims for hard query**********

Meals at Hartwood are cooked over a wood fire.
Hartwood uses fresh ingredients.
Hartwood uses locally sourced ingredients.

**********Formulated hard query**********

Meals at Hartwood are cooked over something.
Hartwood uses ingredients in a certain state.
Hartwood uses ingredients in a certain way.

**********Claims for medium query**********

A Maya healer leads the temescal ritual at Yaax Healing Sanctuary.
Qualified divers can visit Cenote Dos Ojos.
The amount of sargassum in Tulum significantly increased in 2025.

**********Formulated medium query**********

Someone leads the temescal ritual at Yaax Healing Sanctuary.
Qualified divers can visit something.
The amount of sargassum in Tulum significantly increased in a certain year.

**********Claims for easy query**********

Tulum offers magnificent outdoor adventure.
Tulum town has a vibrant art scene.
Dozens of murals are present in Tulum's streets.

**********Formulated easy query**********

Something offers magnificent outdoor adventure.
Some place has a vibrant art scene.
Dozens of murals are present in some place.

**********Page content extracted**********

Title: getting-around-argentina
URL: https://www.lonelyplanet.com/articles/getting-around-argentina
Content: _**These are the best places to travel this summer**_








Argentina is a big country. In fact, it’s a vast country with long distances to travel between its major tourist attractions.

It has just over 2.8 million sq km (1.1 million sq miles) and 46 m

**********Extracted claims**********

Argentina is a vast country with long distances between its major tourist attractions.
Argentina spans just over 2.8 million square kilometers (1.1 million square miles).
Argentina has 46 million inhabitants.
Argentina is sparsely populated for its size.
Argentina is the second-largest country in Latin America.
Argentina is the eighth-largest country globally.
In Argentina, buses are referred to as _micros_.
The entire country can be traversed using medium- and long-distance bus services.
Several comfort levels are available for long-distance buses.
Some buses feature partially reclining seats, known as _semi cama_.
Some buses offer fully reclining seats, known as _cama_.
Luxury seats, called _cama ejecutivo_ or _suite_, are available on some buses.
Luxury seats on buses include a hot meal service on board.
All long-distance buses are equipped with restrooms, reclining seats, and air conditioning.
Some bus companies provide on-board Wi-Fi and USB ports.
Renting a car in Argentina is more expensive than in Europe or North America.
Infrequent bus services affect smaller towns in the northwest, including Salta, Jujuy, and Patagonia.
Basic third-party protection insurance is incorporated into car rental agreements in Argentina.
National roads in Argentina are generally in good condition.
Rural roads in Argentina tend to be unpaved and contain potholes.
Argentina's railway network was once one of the most extensive globally and served as a model for Latin America.
In the 1990s, Argentina's railway networks were dismantled and privatized.
Many intercity train services ceased operation, and the overall service quality declined.
Popular cities such as Mar del Plata, Córdoba, Rosario, and Tucumán remain accessible by train.
Train services in Argentina are slower and less frequent than bus services.
Train services in Argentina are cheaper than bus services.
Specific trains offer panoramic views in parts of Argentina, including El Tren del Fin del Mundo in Ushuaia, Tren Ecológico de la Selva in Puerto Iguazú, and Tren a las Nubes in Salta.
Aerolíneas Argentinas is the leading airline in the nation.
Aerolíneas Argentinas serves a wide range of domestic, regional, and international destinations.
The Argentine government allowed low-cost airlines to enter the market in 2018.
JetSmart and Flybondi are two low-cost airlines operating flights within Argentina.
JetSmart and Flybondi have increased competition in the domestic aviation market.
Flight prices have improved in Argentina.
There are more flight options available in Argentina, particularly to tourist centers like Bariloche, Puerto Iguazú, and Mendoza.
Flight prices in Argentina significantly increase in December and January during the holiday season.
Few opportunities exist for travel by boat within Argentina.
Ferry services connect Argentina to the cities of Colonia, Montevideo, and Punta del Este in Uruguay.
Colonia Express and Buquebus are the two companies that provide ferry services between Argentina and Uruguay.
Regular ferry services operate along the channels of the Paraná Delta from Tigre.
Sturla offers river excursions from Puerto Madero to the Río de la Plata and Tigre.
To reach Ushuaia by bus or car, travelers must cross Chile and take a ferry across the Magellan Strait.
Buenos Aires is the only city in Argentina with a subway network.
Buenos Aires' subway network consists of six lines and 56 kilometers (35 miles) of tracks.
A SUBE card is required to use the subway, buses, and suburban trains in Buenos Aires.
Obtaining a SUBE card is not easy.
Subway stations and some kiosks typically sell SUBE cards.
Buenos Aires' extensive bus network is identified by numbers.
Other large cities like Córdoba and Rosario also identify their bus networks by numbers.
Some areas of Buenos Aires feature exclusive bus lanes.
The number of taxis in Buenos Aires has decreased in recent years.
Uber, Cabify, and DiDi are app-based ride services that compete with taxis in Buenos Aires.
Buenos Aires constructed bicycle lanes in 2009 to encourage cycling.
Buenos Aires currently has over 300 kilometers (186 miles) of bike lanes.
Ecobici is a bicycle-sharing system operating in Buenos Aires.
Ecobici has 340 stations and more than 3600 bicycles distributed throughout Buenos Aires neighborhoods.
Foreigners require a valid passport and an international credit card to use the Ecobici app.
The cities of Cordoba and Rosario have expanded their bicycle lane networks.
Cordoba and Rosario have implemented public bicycle systems.
The Seven Lakes Route is 110 kilometers (68 miles) long.
The Seven Lakes Route connects Villa La Angostura and San Martin de los Andes in Patagonia.
The Calchaquíes Valleys route is 300 kilometers (186 miles) long.
The Calchaquíes Valleys route traverses northern Argentina, specifically Salta, Tucumán, and Catamarca.
The Calchaquíes Valleys route features mountains, mud constructions, and villages with indigenous heritage.
Broken sidewalks and inaccessible buildings are common in big cities in Argentina.
Buenos Aires is working to improve wheelchair ramps in hotels, bus stations, and subway stations.
The National Parks administration is improving accessibility in its parks.
The National Parks administration manages frequently visited parks such as Iguazú, Los Glaciares, and Nahuel Huapi.
The National Parks administration offers adapted chairs in wilderness areas.
The National Parks administration provides accessible trails.
The National Parks administration has accessible infrastructure.

**********Claims for hard query**********

The National Parks administration offers adapted chairs in wilderness areas.
The Seven Lakes Route is 110 kilometers (68 miles) long.
Subway stations and some kiosks typically sell SUBE cards.

**********Formulated hard query**********

Something offers adapted chairs in wilderness areas.
Something is 110 kilometers (68 miles) long.
Something typically sell SUBE cards.

**********Claims for medium query**********

In Argentina, buses are referred to as _micros_.
The Argentine government allowed low-cost airlines to enter the market in 2018.
The cities of Cordoba and Rosario have expanded their bicycle lane networks.

**********Formulated medium query**********

In Argentina, buses are referred to as a certain term.
The Argentine government allowed low-cost airlines to enter the market in a certain year.
Some places have expanded their bicycle lane networks.

**********Claims for easy query**********

Argentina is a vast country with long distances between its major tourist attractions.
There are more flight options available in Argentina, particularly to tourist centers like Bariloche, Puerto Iguazú, and Mendoza.
Specific trains offer panoramic views in parts of Argentina, including El Tren del Fin del Mundo in Ushuaia, Tren Ecológico de la Selva in Puerto Iguazú, and Tren a las Nubes in Salta.

**********Formulated easy query**********

Argentina is `in a certain state` with long distances between its major tourist attractions.
There are more flight options available in Argentina, particularly to tourist centers like `certain locations`.
Specific trains offer panoramic views in parts of Argentina, including `certain trains`.

**********Page content extracted**********

Title: spain-on-a-budget
URL: https://www.lonelyplanet.com/articles/spain-on-a-budget
Content: _**These are the best places to travel this summer**_








Compared to the rest of Europe, Spain is easy on the eyes and even easier on the wallet. Between the low cost of food and drinks and the ease of finding budget accommodations outside of large c

**********Extracted claims**********

Spain has nearly 5000km (3107 miles) of coastline.
Spain is interspersed with parks.
Guides offering free walking tours are available in many Spanish cities.
Tipping is expected at the end of free walking tours in Spanish cities.
January and February are the cheapest months to travel to Spain.
Credit cards can be tapped for payment in most places in Spain.
Pickpockets are a problem on public transportation and in crowded tourist areas in Spain.
In Barcelona, the Aerobus transports passengers to Plaza Catalunya from the airport.
In Madrid, passengers can take the metro from the airport to the city center.
Hostels are common throughout Spain.
Prices for accommodations are higher in major Spanish cities.
Along the Camino de Santiago, hostels are known as albergues.
Each town along the Camino de Santiago offers a variety of lodging options at various price points for long-distance walkers.
Including the Canary and Balearic Islands, Spain has a total of 16 national parks.
Spain has hundreds of smaller parks in addition to its national parks.
Campsites are available on the coast or in the mountains in Spain.
Spanish campsites offer a range of amenities, from minimal wild spots to camping resorts with hot showers and restaurants.
The WeCamp chain of campgrounds has multiple locations around Spain.
WeCamp offers bungalows and glamping tents.
Spain is rich in cultural heritage.
Spain has an impressive art legacy, visible in Madrid.
Spain has contemporary fashion and modern architecture.
Some museums in Spain offer free entry during certain days or hours.
Many monasteries throughout Europe serve as guesthouses for travelers.
Monastery accommodations are typically simple and cost less than €100 (US$116) per night.
Travelers do not have to be believers to check into monasteries that serve as guesthouses.
The Reial Monestir de Santa Maria de Poblet is located an hour’s drive away from Barcelona.
The Reial Monestir de Santa Maria de Poblet hosts guests starting at €73 (US$85) per night.
The Reial Monestir de Santa Maria de Poblet is a UNESCO World Heritage site.
In Barcelona, El Born Centre de Cultura i Memòria contains Roman ruins protected under the roof of a 19th-century market.
In Seville, free nightly flamenco shows are available at La Carbonería.
Public transportation in Spain is affordable.
Public transportation in Spain is clean.
Public transportation in Spain is relatively reliable.
Promos and combos for transportation and activities are mostly targeted at locals in Spain.
Some places in Spain may not be reachable by train or public transportation.
Many locals in Spain enjoy packed lunches and snacks at beaches and in public parks.
Mini markets in Spain sell ham, cheese, fresh fruit, Spanish snack foods, and affordable Spanish beers.
The average daily cost per person in Spain is €150–200 (US$174–233).
A night in a hostel room in Spain costs €20–30 (US$23–35).
A night in a basic hotel room for two in Spain costs €80–150 (US$93–174).
A night in a self-catering apartment in Spain costs €80–300 (US$93–349).
A public transportation ticket in Spain costs €1.50–3 (US$1.75–3.50).
A coffee in Spain costs €1–3 (US$1.15–3.50).
A sandwich in Spain costs €3–6 (US$3.50–7).
Dinner for two in Spain costs €24–50 (US$28–58).
A museum ticket in Spain costs €15–20 (US$17.50–23).
Tapas in Spain cost €4–12 (US$4.50–14).
House wine in Spain costs €3–5 (US$3.50–5.80).
Beer in Spain costs €2–5 (US$2.30–5.80).

**********Claims for hard query**********

In Barcelona, El Born Centre de Cultura i Memòria contains Roman ruins protected under the roof of a 19th-century market.
The Reial Monestir de Santa Maria de Poblet is a UNESCO World Heritage site.
WeCamp offers bungalows and glamping tents.

**********Formulated hard query**********

In Barcelona, `something` contains Roman ruins protected under the roof of a 19th-century market.
`Something` is a UNESCO World Heritage site.
`Something` offers bungalows and glamping tents.

**********Claims for medium query**********

Tipping is expected at the end of free walking tours in Spanish cities.
Spain is rich in cultural heritage.
Some places in Spain may not be reachable by train or public transportation.

**********Formulated medium query**********

Tipping is expected at the end of something.
Spain is rich in something.
Some places in Spain may not be reachable by something.

**********Claims for easy query**********

The average daily cost per person in Spain is €150–200 (US$174–233).
A night in a hostel room in Spain costs €20–30 (US$23–35).
A night in a basic hotel room for two in Spain costs €80–150 (US$93–174).

**********Formulated easy query**********

The average daily cost per person in Spain is a certain amount.
A night in a hostel room in Spain costs another certain amount.
A night in a basic hotel room for two in Spain costs a third certain amount.

**********Validation Result**********

subquestion 'A night in a basic hotel room for two in Spain costs a third certain amount.' is NOT supported by the context.
<reject> The content states that a night in a basic hotel room for two costs €80–150 (US$93–174), but it does not specify "a third certain amount." </reject>

**********Page content extracted**********

Title: oregon-best-beaches
URL: https://www.lonelyplanet.com/articles/oregon-best-beaches
Content: _**These are the best places to travel this summer**_








Though it may not spring to mind when you're daydreaming about classic all-American beaches, Oregon has 363 miles of rugged coastline dotted with some incredibly beautiful stretches of sand, dr

**********Extracted claims**********

Oregon's coastline is 363 miles long.
Oregon's coastline features stretches of sand, dramatic headlands, and prime surfing.
Oregon's coastline has been protected from development.
Oregon's coastline is designated as "the People's Coast."
The Beach Bill was passed in 1913.
Since 1913, Oregon's beaches, coves, and coastline have been reserved as public lands for the enjoyment of Oregonians.
Cannon Beach is one of the most popular beach towns on the Oregon coast.
Haystack Rock is an iconic symbol of Cannon Beach.
Haystack Rock rises 235 feet out of the sands.
Haystack Rock has appeared in several movies.
Haystack Rock is part of the Oregon Islands National Wildlife Refuge.
Haystack Rock is home to various seabirds, including the tufted puffin.
Tide pools and sea caves can be investigated at Haystack Rock during low tide.
Volunteers are present in summer to protect the Haystack Rock area and provide information.
Sandcastle Day is Cannon Beach's largest festival.
Sandcastle Day typically takes place in June.
Sandcastle Day involves teams competing in sand sculpture.
The next Sandcastle Day is scheduled for June 26, 2026.
Cannon Beach is located on the North Oregon Coast.
Cannon Beach has limited 2-hour parking near the beach.
Cannon Beach has more parking options downtown.
Cannon Beach has lifeguards at peak times.
Cannon Beach has many nearby bars and restaurants.
Cannon Beach has bike rental and watersports stores.
Dogs are allowed off-leash in Cannon Beach if well-behaved.
Seaside is Oregon's largest resort town.
Seaside attracts families and young people.
Seaside's central precinct is dominated by ice-cream shops, video-game arcades, and gift stores.
Seaside's central precinct is crowded with tourists on summer weekends, holidays, or during festivals.
Seaside's central precinct takes on a carnival-like atmosphere during peak times.
Seaside's boardwalk, known as the Prom, is 2 miles long.
Bicycles and surreys are common on Seaside's Prom.
Most of Seaside's sandy beach is relatively peaceful.
Seaside is located on the North Oregon Coast.
Seaside has ample public parking for RVs and cars.
Seaside has many restaurants, surf stores, and bike-rental shops.
Seaside has lifeguard patrol.
Free beach wheelchairs are available in Seaside with advance reservation.
Dogs are allowed off-leash on Seaside beach.
Dogs are allowed on-leash on Seaside Promenade.
Yachats is a town on the Oregon coast.
Yachats is located at the base of Cape Perpetua.
Yachats offers scenery of a rugged and windswept land.
The beach near Yachats town features sand and sea stacks.
Cape Perpetua provides room to explore the coast.
Cape Perpetua is located 3 miles south of Yachats.
Cape Perpetua is a volcanic remnant.
Cape Perpetua was sighted and named by Captain James Cook in 1778.
The Cape Perpetua area is known for dramatic rock formations and crashing surf.
The Cape Perpetua area contains trails exploring ancient shell middens, tide pools, and old-growth forests.
Views from Cape Perpetua include coastal promontories from Cape Foulweather to Cape Arago.
Yachats is located near Cape Perpetua.
Scenic coastal parks near Yachats have parking lots.
Restaurants and facilities are available in Yachats town, away from the beaches.
Yachats has both on-leash and off-leash areas for dogs.
Gold Beach is located at the mouth of the Rogue River.
Gold Beach originated in 1853 due to the discovery of precious ore.
Gold Beach mines were not as rich as other locations.
The town of Gold Beach remained.
In the early 20th century, Gold Beach's salmon-rich waters attracted anglers like Jack London and Zane Grey.
Cape Sebastian State Park is a rocky headland 7 miles south of Gold Beach.
Cape Sebastian State Park offers a panorama stretching from California to Cape Blanco.
Jet-boat excursions up the Rogue River are an attraction in Gold Beach.
The Rogue River is one of Oregon's wildest and most remote rivers.
Wildlife viewing on the Rogue River includes deer, elk, otters, beavers, eagles, and osprey.
A 1.5-mile walking trail leads to the cape near Gold Beach.
Whales can be spotted from December to April from the cape near Gold Beach.
Gold Beach is located on the Southern Oregon Coast.
Gold Beach has parking lots at Cape Sebastian State Park and Cape Blanco.
Gold Beach offers small-town shopping and a beach visitor center.
Gold Beach provides access to a free mobility chair.
Gold Beach is dog friendly, with some on-leash requirements.
The Oregon Dunes stretch for nearly 50 miles between Florence and Coos Bay.
The Oregon Dunes are the largest expanse of oceanfront sand dunes in the USA.
The Oregon Dunes reach heights of up to 500 feet.
The Oregon Dunes extend inland for up to 3 miles.
The Oregon Dunes meet coastal forests.
The Oregon Dunes harbor ecosystems that sustain wildlife, particularly birds.
The Oregon Dunes area inspired Frank Herbert's _Dune_ novels.
The northern and southern sections of the Oregon Dunes are dominated by OHVs, including dune buggies and dirt bikes.
The central section of the Oregon Dunes is closed to OHVs.
The central section of the Oregon Dunes is preserved for wildlife, hiking, and canoeing.
Florence has an Old Town neighborhood.
Florence's Old Town neighborhood is a waterfront district.
Florence's Old Town neighborhood is located along the Siuslaw River.
Florence's Old Town neighborhood is next to the Oregon Coast's prettiest harbor.
Florence and the Oregon Dunes are located in Lane County.
Florence and the Oregon Dunes have several public parking lots.
A fee is payable for parking in the Oregon Dunes.
Amenities are available in towns near the Oregon Dunes.
Few facilities are directly on the beach in the Oregon Dunes area.
Dogs are welcome in Florence and the Oregon Dunes, with varying leash rules.
Manzanita is a hamlet on Oregon's coast.
Manzanita has white-sand beaches.
Manzanita is smaller than Cannon Beach.
Manzanita is less hyped than Cannon Beach.
Manzanita retains a peaceful atmosphere.
Neahkahnie Mountain is located near Manzanita.
Neahkahnie Mountain offers views over the coast.
Oswald West State Park is located just north of Manzanita.
Oswald West State Park comprises dense coastal rainforest and two headlands.
A 2.4-mile trail leads to Cape Falcon.
Cape Falcon offers expansive views and bird-watching opportunities.
Short Sand Beach offers good waves for surfers and bodyboarders.
Kayaking opportunities are available in Wheeler, 4 miles south of Manzanita.
Manzanita is located on the North Oregon Coast.
Oswald West State Park has four parking lots.
Some beaches in Manzanita have limited parking spaces.
Stores and facilities are available in Manzanita village.
Manzanita is dog friendly, with some on-leash requirements.
Brookings is located 6 miles from the California border.
Brookings is a commercial town.
Brookings is situated on the bay of the Chetco River.
Brookings' winter temperatures are around 60°F.
Brookings is referred to as the state's "banana belt."
Brookings is a popular spot for retirees.
Samuel H Boardman State Park is located 4 miles north of Brookings.
US 101 winds for 11 miles through headlands in Samuel H Boardman State Park.
Samuel H Boardman State Park contains coastline.
The highway through Samuel H Boardman State Park has roadside turnouts and picnic areas.
Turnouts and picnic areas in Samuel H Boardman State Park have short trails to secluded beaches and viewpoints.
Tiny island chains are located off the coast near Brookings.
These island chains serve as home to shorebirds and sea lions.
Lone Ranch Beach is the southernmost turnoff in Samuel H Boardman State Park.
Lone Ranch Beach has picnic spots.
Lone Ranch Beach has tidepools.
Lone Ranch Beach is a sandy cove with triangular sea stacks.
Cape Ferrelo is located half a mile north of Lone Ranch Beach's turnoff.
Cape Ferrelo offers ocean vistas.
House Rock Viewpoint is a mile north of Cape Ferrelo's turnoff.
House Rock Viewpoint is a high, windy promontory.
Thomas Creek Bridge is Oregon's highest bridge at 345 feet.
North of Thomas Creek Bridge is the turnoff for Natural Bridge Viewpoint.
Natural Bridge Viewpoint offers views of rock arches off the coast.
The rock arches near Natural Bridge Viewpoint are remnants of collapsed sea caves.
Arch Rock Point is about a mile north of Natural Bridge Viewpoint.
Arch Rock Point features eroded volcanic headlands.
Roads from Brookings lead inland up the Chetco River.
These roads reach the western edge of the Kalmiopsis Wilderness.
Oregon's only redwood forests are found in the Brookings area.
Alfred A Loeb State Park is a location to see redwood forests.
Brookings is located on the Southern Oregon Coast.
Brookings has parking lots at state parks and viewpoints.
Brookings has shops, accommodations, and restaurants.
Brookings is dog friendly and has specific dog parks.
Bandon is a town located at the bay of the Coquille River.
Bandon's Old Town district is a harborside location.
Bandon's Old Town district offers strolling, window-shopping, and sweets-tasting.
South of Bandon are miles of sandy beaches.
These beaches are broken by outcroppings of towering rocks.
These rock outcroppings are home to many seabirds.
Ledges of stone provide shelter for seals, sea lions, and life in tide pools.
Whale-watching is available in Bandon in the spring.
Marine life can be seen in Bandon year-round.
Sea lions and shorebirds inhabit Table Rock at Coquille Point.
A path leads over the headland at Face Rock State Park Wayside to beaches around Face Rock.
Bandon is located on the Southern Oregon Coast.
Bandon has parking lots with varying capacity.
Central Bandon has shops, restaurants, and other services.
Bandon is dog friendly, and leash guidance varies.
Depoe Bay is located 10 miles south of Lincoln City.
Depoe Bay is edged by modern timeshare condominiums.
Depoe Bay retains some original coastal charm.
Depoe Bay claims to have the world's smallest navigable harbor.
Depoe Bay claims to be the world's whale-watching capital.
Whale-watching and charter fishing are year-round attractions in Depoe Bay.
Devil's Punchbowl is located 5 miles south of Depoe Bay.
Devil's Punchbowl is a collapsed sea cave.
Devil's Punchbowl churns with waves.
Devil's Punchbowl offers tidepools nearby.
Devil's Punchbowl is accessible via Otter Crest Loop.
Depoe Bay is located in Lincoln County.
Depoe Bay beach has street parking.
Depoe Bay has waterfront shops, restaurants, and tour companies.
Dogs are welcome on-leash on Depoe Bay trails and beaches.
Indian Beach is located north of Cannon Beach.
Indian Beach is at the foot of Tillamook Head.
Indian Beach is in Ecola State Park.
Indian Beach is popular with surfers.
Indian Beach was used as a filming location for La Push beach in the original _Twilight_ movie.
The Indian Beach area has numerous hiking trails.
Trails in the Indian Beach area lead to the top of headlands.
The headlands near Indian Beach offer expansive views of the coastline.
Indian Beach is located on the North Oregon Coast.
Ecola State Park has a parking lot.
Ecola Point and Indian Beach have limited parking.
Indian Beach has picnic areas.
Indian Beach has restrooms.
Off-leash dogs are permitted in Ecola State Park if well-trained.

**********Claims for hard query**********

Brookings' winter temperatures are around 60°F.
Florence's Old Town neighborhood is a waterfront district.
Florence has an Old Town neighborhood.

**********Formulated hard query**********

Something's winter temperatures are around 60°F.
Florence's Old Town neighborhood is in a certain state.
Florence has something.

**********Claims for medium query**********

Central Bandon has shops, restaurants, and other services.
Haystack Rock is an iconic symbol of Cannon Beach.
Tide pools and sea caves can be investigated at Haystack Rock during low tide.

**********Formulated medium query**********

A certain place has shops, restaurants, and other services.
Something is an iconic symbol of Cannon Beach.
Tide pools and sea caves can be in a certain way at Haystack Rock during low tide.

**********Claims for easy query**********

Oregon's coastline features stretches of sand, dramatic headlands, and prime surfing.
Cannon Beach is one of the most popular beach towns on the Oregon coast.
Indian Beach is in Ecola State Park.

**********Formulated easy query**********

Oregon's coastline features something.
Something is one of the most popular beach towns on the Oregon coast.
Indian Beach is in a certain place.

**********Page content extracted**********

Title: best-things-to-do-cuba
URL: https://www.lonelyplanet.com/articles/best-things-to-do-cuba
Content: _**These are the best places to travel this summer**_








Beaches, salsa dancing, classic cars and the last bastion of communism in the western hemisphere – Cuba’s got all of that, but there’s so much more.

Go armed with acres of patience and the rig

**********Extracted claims**********

Cuba offers beaches, salsa dancing, classic cars, and the last bastion of communism in the western hemisphere.
Cuba is an enigmatic Caribbean island.
Cuba is experiencing a tough time.
Old Havana is a sun-splashed patchwork of Spanish colonial squares, baroque churches, balconied buildings, restored mansions, and desiccating townhouses.
Old Havana covers 5 square kilometers (2 square miles).
Old Havana is UNESCO-protected.
Old Havana is heavily pedestrianized.
The narrow streets of Old Havana make vehicle travel difficult.
San Isidro is a southern neighborhood in Old Havana known for street murals.
Airbnb debuted in Cuba in 2015.
Families in Cuba operate a network of bed and breakfasts called "casas particulares" across the island.
Casas particulares offer welcome, local information, intel on the national mood, help with onward transport, and a filling breakfast.
State-owned hotels across Cuba do not offer the same benefits as casas particulares.
Cuba Tourist Sim cards are available from Suena Cuba.
A VPN is needed to book an Airbnb and Víazul coach seat while traveling in Cuba.
Varadero is a 20-kilometer (13-mile) long strip of white sand.
Varadero is often crowned one of the world’s top beaches.
Low-rise all-inclusive resorts line Varadero.
Cuba has more than 3200 kilometers (2000 miles) of coastline and offshore cays.
Caletón is a fishing village located near Playa Larga.
Caletón is set on the Bay of Pigs.
Caletón is the only place in Cuba with homestays (casas particulares) directly on the sand.
The homes in Caletón curve around the shore with a mix of restaurants and bars.
The region around Caletón is known for its birdlife, including flamingos and the bee hummingbird.
The bee hummingbird is the smallest bird in the world.
A sinkhole exists in the area near Caletón.
The coastline in the Caletón area has secret sandy coves and water harboring colorful fish and coral.
A 1961 Bay of Pigs landing craft is located on the seabed just offshore at Punta Perdiz.
Havana offers opportunities to catch jazz, salsa, bolero, electronic DJs, and rooftop jams.
Most music nights in Havana combine great vibes and great drinks.
Big state institutions like Teatro Nacional do not allow shorts.
International stars perform in Cuba, such as American Jon Cleary at Fábrica de Arte Cubano and Portugal’s Salvador Sobral at Saudade.
Entry prices for music venues can be US$3 or less.
Live rumba and classical repertoires can be found at Teatro la Caridad and Sala de Conciertos José White in Matanzas.
In Trinidad, salsa is danced at Casa de la Música and Casa de la Trova.
In Santiago, schedules can be checked at Casa de la Trova near the cathedral.
Santiago’s Casa de las Tradiciones has a rocking and authentic vibe.
Havana Edge, Aguacero, and La Papeleta provide information on island events.
Cuba’s aquamarine seas, pristine coral reefs, and protected seas make it a diving and snorkeling destination.
Jardines de la Reina is a world-class diving destination.
Jardines de la Reina is an offshore archipelago of coral isles.
Jardines de la Reina is only accessible by pre-booked liveaboard.
Avalon is the sole operator for liveaboards to Jardines de la Reina.
Marine turtles and goliath groupers roam the seas of Jardines de la Reina.
Dozens of sharks circle in Jardines de la Reina.
Along the Bay of Pigs, snorkeling and diving from shore reveal colorful reefs and fish.
A landing craft from the 1961 CIA-backed Bay of Pigs invasion is found on the seabed near Punta Perdiz.
The quality of local snorkel equipment in Cuba is not always good.
Cuba’s quirkiest festival takes place on February 5 each year.
The festival involves a mock funeral in the village of Santiago de las Vegas, south of Havana.
The "Wake of Pachencho" begins at 7:30 am.
The tradition of the "Wake of Pachencho" is an invented one.
One man is chosen to be buried, and townspeople play roles like widow, priest, and mourners in the "Wake of Pachencho."
The wake launches in the town’s Liceo.
A conga procession of mourners travels to the town cemetery during the "Wake of Pachencho."
The "dead" man is lowered into a tomb during the festival.
The "corpse" is revived through liquor during the festival.
The coffin is pulled around town by a tractor during the festival.
The whole town dances the conga after the funeral gathering.
Cuba’s capital, Havana, brims with art, music, dance, and culture.
DJ Jigüe is the first Cuban to set up an indie urban record label on the island.
DJ Jigüe offers a masterclass on Cuba’s musical history.
Live band nights occur on Havana’s rooftops.
Cuban maestro Ernán López-Nussa plays at Hotel Claxon rooftop.
Larger jazz bands play at the rooftop restaurant La Guarida.
Bar Yarini consistently features a roster of eclectic sounds.
Jazz and blues venue Saudade is a popular place to hear local and international talent.
Fábrica de Arte Cubano features music, dance, photography, and fashion.
Gallería Continua features cutting-edge art.
The Cuban collection of the Museum of Fine Arts has temporary exhibitions.
The Cordillera de Guaniguanico runs down the spine of tapering Western Cuba.
Las Terrazas and Soroa are eco-communities located deep in mountain forests.
Las Terrazas and Soroa are havens for birds, orchids, and reptiles.
The Valley of Viñales is UNESCO-protected.
Pudding basin mountains dot the rust-red fields of tobacco and yucca in the Valley of Viñales.
The Guanahacabibes biosphere reserve is at the far-flung western tip of Cuba.
The Guanahacabibes biosphere reserve contains marine creatures, endemic birds, and American crocodiles.
Endemic birds in Guanahacabibes include the tocororo and Cuban tody.
Exploring Western Cuba fully requires one's own vehicle.
Cuba has lush, protected nature including waterfalls.
El Nicho is located between Cienfuegos and Trinidad.
El Nicho has terraces of teal water spilling through a forested paradise.
Some waterfall terraces at El Nicho are shallow.
Havana’s Jíbaro guide offers walking tours focused on food and markets.
Lorena runs her own TV cooking show.
Lorena teaches classes on how to make _ropa vieja_ (shredded beef in a tomato sauce), tostones (twice-fried plantains), and mojitos (Cuba’s classic rum cocktail).
A cooking class at a farmer’s home in Jamal, near Baracoa, teaches eastern Cuba’s regional recipes.
Noel Coutin Lobaina is a guide for cooking classes in eastern Cuba.
Santa Clara is a university city.
Santa Clara is associated with Che Guevara’s legacy.
Argentine doctor Che Guevara met the Castros in Mexico.
Che Guevara joined the July 26 Movement.
Che Guevara arrived in Cuba in 1956 aboard a yacht named _Granma_.
Che Guevara launched the Cuban Revolution.
Che Guevara rose to become Minister of Industries after 1959.
Che Guevara left Cuba in 1967 to foment revolution in Bolivia.
Che Guevara was assassinated by elite Bolivian troops trained by US special forces.
Santa Clara contains Che Guevara’s lasting resting place in Revolution Plaza.
Santa Clara has a small museum dedicated to one of the defining battles of Fidel Castro’s Revolution.
Santa Clara has a cafe stuffed with Che Guevara memorabilia.
Santa Clara is known as Cuba’s most LGBTIQ-friendly city.
El Mejunje cultural center is at the heart of Santa Clara’s LGBTIQ-friendly scene.
Beyond Roots Tour takes visitors to Guanabacoa near Havana.
Guanabacoa is described as the cradle of Afro-Cuban culture.
Around 800,000 enslaved people from West Africa were brought to Cuba from the 16th century until abolition in 1886.
Enslaved people were mainly brought to Cuba to work sugar plantations.
Haitian culture can be explored through the Lakou Lwa Sociocultural Project in Guantánamo.
Following the revolution of enslaved people in Haiti in 1791, the French migrated to eastern Cuba.
Some 30,000 French settlers were granted land in eastern Cuba for arabica coffee cultivation.
A second wave of migration occurred in the early 20th century with Haitians seeking work in Cuba.
Pozo Azul is located more than 1000 kilometers (620 miles) from Havana at the eastern tip of Cuba.
Pozo Azul is reached by a 12-kilometer (7.5-mile) 4WD ride and a walk along a trail through limestone forest.
Pozo Azul consists of twinned sinkholes connected by a small channel.
Pozo Azul sinkholes are fringed by ferns and sparkle like teal green jewels.
Butterflies flit above the water at Pozo Azul.
Casa el Mirador offers a view of El Yunque mountain, lush greenery, and the curve of the Bay of Honey facing the blue Atlantic Sea.
Casa el Mirador is located on a steep hill behind the Boca de Miel fishing village, southeast of Baracoa.
El Yunque mountain is flat-topped.
The Carretera Granma, also known as the back road, runs from Bayamo to Santiago de Cuba.
The Carretera Granma asphalt snakes between the wild turquoise sea and the ragged edges of the highest mountains on the island.
The route of the Carretera Granma goes from Bayamo, west to Manzanillo, then follows the coast, then southeast to Pilón, and finally east along the coast towards Santiago.
Parts of the Carretera Granma have been snatched by the ocean.
Novela Cuba offers car rentals.
Few travelers visit Baracoa and the eastern tip of Cuba.
Public transport to Baracoa from Santiago de Cuba has been reduced.
The Cuchillas del Toa mountains can be accessed via a 4WD on the Vía Mulata highway.
The Vía Mulata highway is edged with giant ferns.
The River Quibijan has a permaculture project called El Eden.
El Eden is run by a family on their own farm.
The trip to El Eden involves trekking down into the valley and crossing the river by bamboo raft.
The river at El Eden is crystal-clear.

**********Claims for hard query**********

The "dead" man is lowered into a tomb during the festival.
Big state institutions like Teatro Nacional do not allow shorts.
Entry prices for music venues can be US$3 or less.

**********Formulated hard query**********

Someone is lowered into a tomb during the festival.
Big state institutions like Teatro Nacional do not allow something.
Entry prices for music venues can be a certain amount.

**********Claims for medium query**********

Che Guevara left Cuba in 1967 to foment revolution in Bolivia.
Las Terrazas and Soroa are havens for birds, orchids, and reptiles.
Lorena teaches classes on how to make _ropa vieja_ (shredded beef in a tomato sauce), tostones (twice-fried plantains), and mojitos (Cuba’s classic rum cocktail).

**********Formulated medium query**********

Che Guevara left Cuba in 1967 for a certain purpose.
Las Terrazas and Soroa are havens for certain creatures.
Someone teaches classes on how to make _ropa vieja_ (shredded beef in a tomato sauce), tostones (twice-fried plantains), and mojitos (Cuba’s classic rum cocktail).

**********Claims for easy query**********

Few travelers visit Baracoa and the eastern tip of Cuba.
Cuba offers beaches, salsa dancing, classic cars, and the last bastion of communism in the western hemisphere.
Cuba has lush, protected nature including waterfalls.

**********Formulated easy query**********

Few travelers visit a certain place.
Cuba offers beaches, something, classic cars, and the last bastion of communism in the western hemisphere.
Cuba has lush, protected nature including something.

**********Validation Result**********

subquestion 'Cuba offers beaches, something, classic cars, and the last bastion of communism in the western hemisphere.' is NOT supported by the context.
<reject> The information states "something" as one of the things Cuba offers. While the content lists "salsa dancing" in that position, the vague term "something" itself is not explicitly mentioned in the text. The text provides a specific item where the information uses a generic placeholder. </reject>

**********Page content extracted**********

Title: top-things-to-do-on-cape-cod
URL: https://www.lonelyplanet.com/articles/top-things-to-do-on-cape-cod
Content: _**These are the best places to travel this summer**_








With miles and miles of dunes and dreamy beaches, Cape Cod is a sunseeker’s paradise. Yet Massachusetts’ famous “arm” also has historic sites galore, fantastic food, delightful family activitie

**********Extracted claims**********

Cape Cod features miles of dunes.
Cape Cod features miles of dreamy beaches.
Cape Cod is located in Massachusetts.
Cape Cod contains numerous historic sites.
Cape Cod offers fantastic food.
Cape Cod offers delightful family activities.
Many attractions in Cape Cod extend beyond the sea and sand.
Visitors to Cape Cod can observe wildlife from the water.
Cape Cod offers opportunities to indulge in seafood.
Cape Cod offers nightlife options.
Visitors can shop at art galleries in Cape Cod.
Visitors can shop at antique shops in Cape Cod.
Cape Cod features unique landscapes.
Cape Cod features gorgeous gardens.
Stellwagen Bank is a national marine sanctuary.
Stellwagen Bank is one of the world’s richest feeding grounds for marine mammals.
Stellwagen Bank is one of the world’s richest feeding grounds for marine birds.
Dolphin Fleet Whale Watch cruises originate from Provincetown.
Cape Cod is a premier location on the USA’s East Coast for consuming raw oysters.
The "merroir" of Cape Cod Bay contributes to the quality of its oysters.
The Naked Oyster in Hyannis serves raw oysters.
Mac’s Shack in Wellfleet serves raw oysters.
Cape Cod Bay is protected from Atlantic waves.
At low tide, Cape Cod Bay becomes an expansive interplay of sunlight, sea, and sand.
At low tide, the beach in Cape Cod Bay is suitable for sandcastle building.
At low tide, the beach in Cape Cod Bay is suitable for hermit-crab hunting.
At low tide, the beach in Cape Cod Bay is suitable for Frisbee throwing.
West-facing bayside beaches are excellent locations for watching sunsets.
Mayflower Beach in Dennis is an excellent location for watching sunsets.
Point of Rocks in Brewster is an excellent location for watching sunsets.
Route 6A, between Bourne and Orleans, is known as the Old King’s Highway.
The Old King’s Highway previously served as the main east–west thoroughfare along Cape Cod.
The Old King’s Highway is adorned with white picket fences framing flower-filled gardens.
The Old King’s Highway features stately old homes.
Yarmouthport has the highest concentration of historic homes.
Approximately 50 sea captains’ houses are situated along Main Street in Yarmouthport.
Main Street in Yarmouthport is also referred to as Captains’ Mile.
Antique shops are distributed along the Old King’s Highway.
The Cape Cod National Seashore extends along the outer edge of the Outer Cape.
The Cape Cod National Seashore spans 40 miles (64 km).
The Cape Cod National Seashore includes pristine beaches.
The Cape Cod National Seashore includes glorious sand dunes.
The Cape Cod National Seashore includes pine forests.
The Cape Cod National Seashore includes kettle ponds.
The Cape Cod National Seashore includes lighthouses.
The Province Lands bike trail is a 5.45-mile (8.8 km) loop.
Race Point Beach is a wild beach.
The sandscape of the Cape Cod National Seashore is accessible by 4WD vehicles with a permit.
Art’s Dune Tours provides guided tours of the Cape Cod National Seashore.
Nauset Marsh features calm waters.
Nauset Marsh contains prolific wildlife.
Nauset Marsh is a suitable kayaking destination for beginners in Cape Cod.
Seals can be observed in Nauset Marsh.
Otters can be observed in Nauset Marsh.
Rich birdlife is present in Nauset Marsh.
Kayaking journeys from Nauset Marsh can extend into Salt Pond Bay.
Kayaking journeys from Nauset Marsh can extend to Coast Guard Beach.
Cape Cod is home to approximately 50,000 gray and harbor seals.
Boat trips to Monomoy Island offer opportunities to view seals.
Seals can be seen swimming in the water near Monomoy Island.
Seals can be seen resting on the beach near Monomoy Island.
During mating season, hundreds of seals occupy the long, narrow beach on Monomoy Island.
Seals can be observed from the observation deck at Chatham Fish Pier.
Chatham Fish Pier is a suitable location for a lobster-roll lunch.
The Cape Cod Baseball League is one of the oldest collegiate leagues in the country.
The Cape Cod Baseball League is one of the most prestigious collegiate leagues in the country.
Over a thousand players from the Cape Cod Baseball League have advanced to major league baseball.
Admission to Cape Cod Baseball League games is free.
The Cape Cod Baseball League has been a tradition in Cape Cod since 1885.
Games in the Cape Cod Baseball League are held in various towns across Cape Cod.
The Wellfleet Drive-In uses updated technology.
The Wellfleet Drive-In offers a drive-in movie experience reminiscent of 1957.
The Wellfleet Drive-In includes a playground.
The Wellfleet Drive-In includes mini golf.
Sandy Neck is located in Barnstable.
Sandy Neck is a 6.5-mile-long (5.9 km-long) barrier beach.
Sandy Neck faces Cape Cod Bay.
Sandy Neck features miles of hiking trails.
Hiking trails at Sandy Neck wind through undulating dunes.
Hiking trails at Sandy Neck wind through salt marshes.
Hiking trails at Sandy Neck wind through maritime forests.
Red foxes can be sighted at Sandy Neck.
Shorebirds can be sighted at Sandy Neck.
The Snack Shack serves fried clams.
The Snack Shack serves ice cream treats.
Commercial Street in Provincetown offers window shopping.
Commercial Street in Provincetown offers gallery hopping.
Commercial Street in Provincetown offers people-watching.
Aqua Bar is a suitable location for sipping a cocktail.
Aqua Bar offers views of sunsets over Provincetown Harbor.
Provincetown is described as the liveliest town in Cape Cod.
Provincetown is described as a prominent LGBTIQ+ destination in the northeast.
An afternoon Tea Dance is held at the Boatslip.
Drag shows are performed at the Crown & Anchor.
A-House is a venue for dancing.
The Beachcomber is located at Cahoon Hollow Beach in Wellfleet.
The Sesuit Harbor Cafe is located in Dennis.
Heritage Museums & Gardens encompass 100 acres.
Heritage Museums & Gardens feature manicured landscapes.
Heritage Museums & Gardens feature walking trails.
Heritage Museums & Gardens are located in Sandwich.
The Dexter Rhododendron Garden blooms in May and June.
The Hydrangea Display Garden blooms from July to September.
The Hydrangea Display Garden contains thousands of blossoms.
Heritage Museums & Gardens house an antique car collection.
Heritage Museums & Gardens feature a functional vintage carousel.
Heritage Museums & Gardens include an outdoor play area for children.
Highland Links was established in 1892.
Highland Links is one of Cape Cod’s oldest golf courses.
Highland Links is one of Cape Cod’s most scenic golf courses.
Highland Links is situated on bluffs overlooking the Truro coastline.
Highland Links has nine holes.
Highland Links is a traditional links-style golf course.
Highland Links features natural rough.
Highland Links features coarse grasses.
Highland Links is highlighted by the picturesque Highland Lighthouse.
The Cape Cod Rail Trail is a flat, paved, scenic, off-road path.
The Cape Cod Rail Trail extends over 25 miles (40 km).
The trail spans from South Yarmouth to Wellfleet.
The trail passes through forests.
The trail passes through farms.
The trail passes through kettle ponds.
The trail passes through cranberry bogs.
The trail passes through salt marshes.
The final few miles of the trail run parallel to the National Seashore.
Cape Cod offers beaches suitable for swimming.
Cape Cod offers beaches suitable for sunbathing.
Cape Cod offers beaches suitable for surfing.
Crowds at Cape Cod beaches decrease during the off-season.
The off-season provides conditions suitable for beachcombing.
The off-season provides conditions suitable for wildlife watching.
The off-season provides conditions suitable for romantic rendezvous.
The Cape Cod peninsula experiences very cold temperatures in winter.

**********Claims for hard query**********

The Hydrangea Display Garden blooms from July to September.
A-House is a venue for dancing.
Highland Links was established in 1892.

**********Formulated hard query**********

Something blooms from July to September.
A-House is a venue for a certain activity.
Highland Links was established at a certain time.

**********Claims for medium query**********

Hiking trails at Sandy Neck wind through salt marshes.
Highland Links is one of Cape Cod’s oldest golf courses.
Boat trips to Monomoy Island offer opportunities to view seals.

**********Formulated medium query**********

Hiking trails at a certain location wind through salt marshes.
Something is one of Cape Cod’s oldest golf courses.
Boat trips to a certain place offer opportunities to view seals.

**********Claims for easy query**********

Cape Cod offers delightful family activities.
Many attractions in Cape Cod extend beyond the sea and sand.
Cape Cod features miles of dreamy beaches.

**********Formulated easy query**********

Cape Cod offers something.
Many attractions in Cape Cod extend in a certain way.
Cape Cod features a certain kind of place.

**********Page content extracted**********

Title: things-to-know-before-traveling-to-india
URL: https://www.lonelyplanet.com/articles/things-to-know-before-traveling-to-india
Content: _**These are the best places to travel this summer**_








India overwhelms your senses in the best possible way – nowhere else delivers quite the same barrage of sights, sounds and sensations as this continent-sized country at the heart of Asia.

It w

**********Extracted claims**********

India is a continent-sized country.
India is located at the heart of Asia.
India has 1.4 billion inhabitants.
India features snow-capped peaks, velvety beaches, historic temples, and luxuriant palaces.
India has a reputation for being hot and humid.
India's climate is diverse.
India's diverse climate is due to having beaches, mountains, hills, coastlines, and plains within a relatively small geographical area.
The southwest monsoon brings rainy weather to most of India from June to September.
June to September is the ideal time of year to visit the high-altitude deserts of Ladakh.
There is a risk of encountering landslides and floods in Ladakh during the monsoon season.
The far south of India experiences a milder rainy season from October to December.
The ideal weather window for travel in India is from October to May.
Temperatures and humidity rise significantly from March onward, leading up to the monsoon.
The Himalayan foothills offer milder temperatures and good trekking conditions in the spring.
There is no official requirement for vaccinations to enter India.
A yellow fever vaccination is required for entry into India if a traveler is coming from a country where the disease is endemic.
It is important to contact a health professional at least eight weeks before travel to India to ensure vaccinations are up to date.
Vaccinations for diphtheria, tetanus, hepatitis A and B, polio, and typhoid are usually recommended for travel to India.
Typical childhood vaccinations for measles, mumps, rubella, and varicella should be up to date before traveling to India.
Vaccinations for Japanese B encephalitis, meningitis, and rabies are worth considering for longer trips to India.
Monkeys, dogs, and cats can carry the rabies parasite.
Rabies infection is fatal if untreated.
Taking a course of anti-malarial tablets may be advisable depending on the specific travel destination within India.
Northeastern and eastern parts of India, along with the city of Mangalore, have a higher malaria risk.
Taking precautions against mosquito bites also helps prevent dengue fever.
Dengue fever is a viral infection transmitted by mosquitoes to humans.
Sleeping under a mosquito net is advisable to prevent mosquito bites.
Wearing long sleeves and trousers in light colors is advisable to prevent mosquito bites.
Using a repellent and/or a plug-in mosquito killer with a high concentration of DEET (diethyltoluamide) is advisable to prevent mosquito bites.
Travel insurance is essential for travel to India.
Public hospitals in some areas of India are poorly equipped.
Most private clinics and hospitals in India require payment before treatment.
Travel insurance should cover emergency evacuation and any planned adventure activities.
In India, the national emergency numbers are 100 and 112.
A police report, known as a FIR (First Information Report), is required to make a claim on travel insurance after being a victim of crime in India.
Having a local SIM card in India simplifies many activities, including train bookings and online food orders.
An unlocked phone from home or a locally acquired phone is suitable for use with a local SIM card in India.
A local pay-as-you-go SIM package can be obtained from a phone shop upon arrival in India.
Passport photos and photocopies of passport ID pages are needed to complete the application for a local SIM card in India.
India can be very busy from November to February.
Affordable accommodations are typically fully booked during India's peak season (November to February).
Booking accommodations ahead of time is recommended for travel to India.
Train tickets should be booked in advance, especially for popular routes in India.
Train tickets in India can be booked via the government booking site IRCTC, or through local booking sites such as 12Go or Cleartrip.
India officially adheres to the Gregorian calendar.
Major festivals for Hinduism, Buddhism, Jainism, Islam, and several other religions in India follow lunar calendars.
Festival dates in India vary from year to year.
Checking festival dates before booking a trip to India is always advisable.
The Indian government maintains a useful online list of public holidays.
English serves as the lingua franca in most metropolitan areas in India.
Polite hellos, goodbyes, and thank yous are understood in smaller towns in India.
In northern India, "namaste" can be used as a greeting with hands joined in a prayer-like gesture in front of the chest.
"Namaste" means "I bow to you."
When meeting Muslims in north India, "salaam alaikum" can be used as a greeting.
"Salaam alaikum" means "peace be with you."
The correct response to "salaam alaikum" is "alaikum salaam."
The effort to use local greetings is often welcomed more than perfect pronunciation.
Shaking hands is a standard business greeting between men in India.
Outside metropolitan regions in India, men and women rarely shake hands.
Only the right hand should be used for shaking hands or passing items, including money.
If invited to someone's home in India, bringing a small gift, such as flowers or sweets, is a safe option.
Shoes should be removed before entering someone's home in India.
It is polite to consume what is offered when invited to someone's home, even if one does not particularly fancy it.
Many religions in India have their own dietary rules.
Muslims in India avoid pork.
Many Hindus in India avoid beef.
Some Hindus and Buddhists in India are vegetarian or vegan.
Many Jains are vegetarians who avoid certain vegetables, including onions, garlic, and potatoes.
Many Jains try to avoid causing harm to all living creatures.
Vegan and vegetarian food is often easy to find in India.
Eating with hands is customary in many Indian restaurants, particularly in parts of southern India.
The right hand should be used when eating with hands.
Rice and curry can be mixed into balls with fingers and brought to the mouth with the thumb.
Some thalis (plate meals consisting of multiple dishes) are served on a washed and flash-heated banana leaf instead of a plate.
Haggling for a fair price is common practice in India when purchasing items from street stalls and open-air markets.
Losing one's temper during haggling is considered extremely bad form.
If a mutually agreeable price cannot be reached, one should politely decline and seek another vendor.
Vendors typically quote a price that is higher than the item's worth during haggling.
The buyer should make a counter-offer and negotiate upwards until a mutually agreeable figure is reached.
The "walking away" tactic may lead to last-minute price adjustments during haggling.
A threshold will eventually be reached below which the vendor will not go.
Including extra items in a purchase may lead to a discount on the overall cost.
Many travelers prefer not to haggle in places where the money directly benefits artisans.
It is advisable to be aware of the rules and expectations when visiting temples, mosques, monasteries, gurdwaras (Sikh shrines), synagogues, and churches in India.
One should always check if entry is permitted to a religious site.
Some temples and mosques are closed to individuals who do not follow the faith.
Mosques may be closed to visitors during prayers or on Fridays.
Shoes should be removed before entering any religious building if requested.
One should be prepared to cover their head with a scarf or shawl in religious buildings.
Generally, legs and arms should always be covered when visiting religious sites.
Some temples in India ban leather goods.
Many religious sites in India do not allow photography.
The soles of one's feet should not be pointed towards a person or deity in India.
Pointing the soles of one's feet towards a person or deity is considered disrespectful.
Touching any person or effigy on the head is considered disrespectful.
It is customary to walk around Buddhist and Hindu shrines in a clockwise direction.
The clockwise ceremonial circuit around shrines is known as a parikrama.
Making an offering or leaving a donation is often expected at religious sites in India.
Locals always offer something at religious sites.
Giving something is appropriate, but one should not feel pressured into leaving large sums.
Modesty is taken seriously in India, especially for women.
Travelers of any gender will have an easier time if they wear loose-fitting clothing that covers their legs and arms.
Swimwear is appropriate only for the beach in India.
It is not uncommon to see locals swim fully clothed in India.
Investing in a kurta pyjama (a traditional garment resembling a long shirt and loose trousers for men) or a salwar kameez (a long shirt, loose trousers, and scarf for women) can help one fit in.
The giving of alms has a long history in India.
Foreigners can expect to be regularly approached with requests for money in India.
Many Indians give alms daily, particularly when visiting temples and mosques.
Some requests for money will be scams.
India has complex social rules concerning respect for elders.
Older people in India are often greeted with the honorific "auntie" or "uncle."
The ending "ji" may be added to someone’s name as a sign of respect.
Outside bigger cities, India can be quite conservative regarding interactions between unmarried men and women.
Most parts of India are conservative regarding same-sex relationships.
Public displays of affection should be avoided in India regardless of sexuality.
Parts of India are frequently in the news due to concerns about women’s safety.
Beyond unwelcome stares and persistent attempts at conversation, more serious assaults are a risk in India.
Groping is common in crowds in India, particularly during festivals.
One should never enter a taxi or auto rickshaw in India containing anyone other than the driver.
Walking alone in quiet areas, especially at night, should be avoided in India.
Offers of food or drinks from strangers should be declined in India.
If traveling by public transport as a woman, it is advisable to seek train carriages and designated seating reserved for women.
Wearing a wedding ring (even if not married) can offer some privacy on public transport in India.
Using dark sunglasses and headphones (even if turned off) can offer some privacy on public transport in India.
Drawing loud attention to an intrusion may encourage others to provide aid.
India has experienced deadly attacks by separatist and Marxist groups and Kashmiri insurgents.
The security situation should always be checked before traveling to Srinagar and the Kashmir Valley due to potential unrest flare-ups.
Strikes, demonstrations, and protests are best avoided in India due to the risk of violence.
In the event of trouble, one should obey local curfews and stay inside.
A hotel is generally the safest place to be during trouble.
Some geographical areas in India are prone to natural disasters.
The risk of natural disasters is higher in certain seasons.
Hilly areas of Himachal Pradesh often experience flash flooding and landslides during the monsoon.
The Indian Meteorological Department’s website and social media handle provide timely updates on weather and natural disasters.
India has laws and regulations that visitors might find unfamiliar.
Taking photographs of bridges, the periphery of military camps, and border crossings in India is considered a serious security issue.
Flying drones over bridges, military camps, or border crossings in India is considered a serious security issue.
When traveling by plane within India, passengers may be asked to surrender batteries from devices in their cabin bags.
Smoking is banned in most public places in India.
A few states in India have bans on the consumption of beef.
Killing or injuring a cow in a road accident, even accidentally, can lead to violent reprisals in India.
India's drug laws are strict.
Possessing even small amounts of drugs for personal use can lead to a prison sentence in India.
Some religious groups in India are permitted to consume marijuana for ceremonial purposes.
This permission for marijuana consumption often does not extend to tourists.
Bhaang, a marijuana mixture made with the leaves of the cannabis plant, can be found at government-approved bhaang shops in India.
Acute Mountain Sickness (AMS) is a risk when traveling above 2500m (8202ft).
Most of the Indian Himalayas are above 2500m (8202ft).
AMS can be fatal.
If one begins to feel ill while hiking in the mountains, they should stop.
If symptoms do not improve, one should descend immediately.
Tap water in India is not potable.
Drinking or brushing teeth with tap water in India can lead to stomach troubles.
Stomach troubles are the most common illness experienced by tourists in India.
One should consume purified or bottled water in India.
Purifying one's own water can help avoid contributing to India’s plastic waste.
The rule to avoid tap water extends to ice in drinks and ice cream.
One should be wary of uncooked foods, particularly salads and dishes like coriander chutneys, which may have been washed with contaminated water.
When eating fruit in India, one should stick to items that can be peeled or thoroughly washed.
One should be cautious of freshly prepared juices.
Hot drinks are generally safe to consume in India.
Chai is a milky tea, often spiced and sweet.
India has a reputation for tourist scams.
Touts and confidence tricksters are often found where tourists gather in India.
Tourist information and bookings should be made at official offices rather than "tourist offices" recommended by unsolicited helpers.
If someone steers a person to a hotel, shop, or establishment without being asked, they may be seeking a commission.
Any commission sought by a steer will be added to the price paid by the traveler.
Claims that a desired place is "closed" should be viewed with skepticism and independently verified.
Deals that sound too good to be true should be viewed warily.
The gem scam involves tricking travelers into buying worthless gems with the false promise of selling them for a profit back home.

**********Claims for hard query**********

Monkeys, dogs, and cats can carry the rabies parasite.
Rabies infection is fatal if untreated.
A threshold will eventually be reached below which the vendor will not go.

**********Formulated hard query**********

Something can carry the rabies parasite.
Rabies infection is in a certain state if untreated.
A threshold will eventually be reached in a certain way.

**********Claims for medium query**********

Locals always offer something at religious sites.
If traveling by public transport as a woman, it is advisable to seek train carriages and designated seating reserved for women.
Passport photos and photocopies of passport ID pages are needed to complete the application for a local SIM card in India.

**********Formulated medium query**********

Locals always offer something in certain places.
If traveling by public transport as a woman, it is advisable to seek certain spaces.
Certain documents are needed to complete the application for a local SIM card in India.

**********Claims for easy query**********

India has a reputation for tourist scams.
Checking festival dates before booking a trip to India is always advisable.
India has laws and regulations that visitors might find unfamiliar.

**********Formulated easy query**********

India has a reputation for `something`.
Checking `something` before booking a trip to India is always advisable.
India has `something` that visitors might find unfamiliar.

**********Page content extracted**********

Title: top-free-things-to-do-in-nice
URL: https://www.lonelyplanet.com/articles/top-free-things-to-do-in-nice
Content: _**These are the best places to travel this summer**_








As one of Europe’s most glamorous, star-studded corners, the sun-kissed Côte d’Azur can take a toll on your wallet. Yet there are plenty of free things to do in Nice, its largest city, without 

**********Extracted claims**********

The Côte d’Azur is considered one of Europe’s glamorous and star-studded regions.
Nice is the largest city on the Côte d’Azur.
Nice offers many free activities.
Nice is well-stocked with free sights for budget travelers.
Nice features panoramic hilltop vistas.
Nice includes some of the world’s famous beaches.
Nice’s coast has an arcing blue sweep.
Free-to-visit public beaches are located along the shore in the center of Nice.
Coco Beach and La Réserve are pebble coves.
The stones of Nice’s beaches are not sand.
Villefranche-sur-Mer has sandy beaches.
Plage Villefranche-sur-Mer and Plage des Marinieres are beaches in Villefranche-sur-Mer.
The Promenade des Anglais is a palm-tree-lined walkway.
The Promenade des Anglais stretches for 6.5km (4 miles) along Nice’s seafront.
The Promenade des Anglais gets busy during the summer.
Grand hotels and casinos, including the Hôtel Negresco, are located along the waterfront of the Promenade des Anglais.
A distant lighthouse at Port Lympia flashes metronomically at night.
Colline du Château (Castle Hill) offers panoramic views of Nice.
Colline du Château is located at the eastern end of the central beach strip.
The Alps may be visible from Colline du Château on a clear day.
Colline du Château offers views down towards Nice's Old Port.
La Maison d’Adam et Eve is an architectural curiosity in Nice.
La Maison d’Adam et Eve is located on Rue de la Poissonnerie.
La Maison d’Adam et Eve is one of the oldest structures in Nice.
La Maison d’Adam et Eve dates from 1584.
La Maison d’Adam et Eve features a relief fresco on its first floor depicting Adam and Eve.
Jardin du Monastère de Cimiez is located 2.7km (1.7-miles) from Nice's waterfront.
The garden of the Cimiez Monastery (Jardin du Monastère de Cimiez) was created in 1546.
The garden of the Cimiez Monastery was originally an orchard and vegetable garden for resident monks.
Jardin du Monastère de Cimiez offers views back across the rooftops toward Colline du Château.
Henri Matisse's grave is located in the cemetery at the Monastère de Cimiez.
The monastery at Cimiez has an attractive chapel.
Nice’s Villa Arson is an institution involved in the cultural and artistic life of the city.
Villa Arson is housed in a brutalist building.
Villa Arson is located in a neighborhood north of central Nice.
Villa Arson has housed a national center of contemporary art, a national school of art, a media library, and a residence for artists for over 40 years.
Villa Arson has a hanging garden with a view over the city.
Place Masséna is a grand city square in Nice.
Place Masséna was designed by Joseph Vernier in 1843.
Nice was part of the Italian state of Piedmont-Sardinia when Place Masséna was designed.
Trams glide through Place Masséna.
The Fontaine Miroir d’eau has soaring water jets.
The Fontaine du Soleil has a statue of Apollo.
Bright peach and pink Italianate architecture surrounds Place Masséna.
Place Masséna is close to the Old Town.
Rue Alexandre Mari provides access to the Old Town from the southern end of Place Masséna.
The Old Town has terracotta-tiled buildings.
The Cathédrale Sainte-Réparate is in the heart of Nice's Old Town.
The Cathédrale Saint-Nicolas is located a couple of streets behind Nice-Ville train station.
The Cathédrale Saint-Nicolas is a Russian Orthodox church.
The Cathédrale Saint-Nicolas has five tiled onion domes.
The Cathédrale Saint-Nicolas is considered one of the most important Russian Orthodox buildings outside the Russian Federation.
The interior of the Cathédrale Saint-Nicolas is filled with blue floral patterns and icons in gilded frames.
The Cours Saleya in the Old Town is a well-trodden tourist spot.
The Cours Saleya is home to one of France’s famous flower markets, the Marché aux Fleurs.
The Marché aux Fleurs operates from Tuesday to Sunday.
The market at Cours Saleya has been in operation since 1861.
The Marché aux Fleurs offers flower arrangements, bouquets, plants, fresh fruit, colorful vegetables, local artisan products, and gourmet specialty items.
The Opéra de Nice facade is west of the market at Cours Saleya.
Plage des Ponchettes is a free-to-access beach located east of the market at Cours Saleya.
La Cave Romagnan is a hub for creativity and culture on Rue d’Anglaise.
La Cave Romagnan is closed from 2 pm to 4:30 pm.
La Cave Romagnan hosts poetry slams, theater shows, and live jazz from 7 pm to 9 pm.
Cimetière du Château is a 10-minute walk from the summit of Colline du Château.
Cimetière du Château is a terraced hilltop cemetery.
Cimetière du Château contains finely carved tombs, including that of Léon Gambetta.
A smaller Jewish cemetery is next to Cimetière du Château.
The Jewish cemetery houses Romanesque-style and neoclassical monuments.
The Jewish cemetery includes a Holocaust memorial with small marble urns.
Nice became a sanctuary city for Jewish migrants in the medieval period.
Thousands of Jewish residents were deported from Nice during the Nazi occupation from 1943 to 1944.
Port de Nice is accessible by exiting Colline du Château to the east via Montée Montfort.

**********Claims for hard query**********

A distant lighthouse at Port Lympia flashes metronomically at night.
Villa Arson is housed in a brutalist building.
La Maison d’Adam et Eve dates from 1584.

**********Formulated hard query**********

A distant lighthouse somewhere flashes metronomically at night.
Villa Arson is housed in a certain kind of building.
La Maison d’Adam et Eve dates from a certain year.

**********Claims for medium query**********

Colline du Château is located at the eastern end of the central beach strip.
The Côte d’Azur is considered one of Europe’s glamorous and star-studded regions.
The stones of Nice’s beaches are not sand.

**********Formulated medium query**********

Colline du Château is located in a certain position.
The Côte d’Azur is considered one of Europe’s regions in a certain state.
The beaches of Nice have something that is not sand.

**********Claims for easy query**********

Colline du Château (Castle Hill) offers panoramic views of Nice.
Colline du Château offers views down towards Nice's Old Port.
Free-to-visit public beaches are located along the shore in the center of Nice.

**********Formulated easy query**********

Colline du Château (Castle Hill) offers something.
Colline du Château offers views down towards something.
Free-to-visit public beaches are located in a certain place.

**********Page content extracted**********

Title: top-things-to-do-in-italy
URL: https://www.lonelyplanet.com/articles/top-things-to-do-in-italy
Content: _**These are the best places to travel this summer**_








With its jaw-dropping art, architecture and culinary delights, Italy has been a star of the world stage for millennia.

The epicenter of the Roman Empire and the birthplace of the Renaissance, 

**********Extracted claims**********

Italy was the epicenter of the Roman Empire.
Italy was the birthplace of the Renaissance.
The Amalfi Coast features a rugged, cliff-laced landscape.
Positano is located on the Amalfi Coast.
Sorrento's old town is known for traditional marquetry.
Ravello has gardens.
The Sentiero degli Dei is a rugged hiking trail.
Florence is a UNESCO-listed city.
Florence contains Renaissance palaces, medieval-frescoed chapels, and art museums.
Art museums in Florence contain Botticelli and Michelangelo masterpieces.
The Uffizi is located in Florence.
The Uffizi contains Renaissance masterpieces.
Millions of visitors visit the Uffizi each year.
The Uffizi Diffusi project is a five-year project that started in 2021.
The Uffizi Diffusi project encourages travel across Tuscany's backcountry to view Italian masterpieces.
The Uffizi Diffusi project is a sustainable tourism initiative.
The Uffizi Diffusi project aims to distribute Florence's tourist load.
The Uffizi Diffusi project establishes pop-up galleries in remote chapels, fortresses, hilltop villages, and other unconventional spaces.
The Uffizi Diffusi project allows artworks to be viewed amidst the Tuscan landscapes that inspired the artists.
Rome was the former capital of the world (caput mundi).
Rome was the epicenter of the Roman Empire.
Rome is the spiritual headquarters of the Christian world.
Rome holds over two millennia of European art and architecture.
The Colosseum, the Pantheon, the Roman Forum, Michelangelo's Sistine Chapel, and the Vatican Museums are located in Rome.
The Colosseum offers access to its underground vaults with a "Full Experience" ticket.
The Trevi Fountain is in Rome.
Italy has approximately 450 islands.
Italy is known as "il bel paese" (the beautiful country).
Italian islands are located in the Mediterranean, Ionian, Adriatic, and Tyrrhenian Seas.
Venice consists of 17 islands.
Sicily and Sardinia are Italy's largest islands.
Sicily and Sardinia are Italy's busiest islands.
Capri is accessible by boat from Naples.
Capri attracts celebrities and wealthy individuals.
Panarea is located in Sicily's Aeolian archipelago.
Panarea attracts celebrities and wealthy individuals.
Ischia is a volcanic island.
Ischia has thermal spas and gardens.
The Grado lagoon contains salt marshes and mudflats with birdlife.
The Grado lagoon is located in Friuli Venezia Giulia.
Friuli Venezia Giulia borders Austria and Slovenia.
Approximately 25 million tourists visit Venice annually.
The Bridge of Sighs is in Venice.
Basilica di San Marco is in Venice.
Turnstiles at city entrances and advance reservations via an app are being considered to manage crowds in Venice.
A tourist tax was implemented in Venice in 2024.
The tourist tax in Venice is intended to ensure day-trippers contribute to the city's survival.
The Abruzzo region is situated near the Apennine mountains and the Adriatic Sea.
The Abruzzo region experienced an earthquake in 2009.
L'Aquila is a town in Abruzzo.
A new outpost of MAXXI (National Museum of 21st Century Arts) is located in L'Aquila.
Santo Stefano di Sessanio is a remote mountain village.
The Sextantio albergo diffuso program operates in Santo Stefano di Sessanio.
Rare Marsican bears are found in Parc Nazionale d'Abruzzo.
The Via Francigena is a medieval long-distance trail.
The Via Francigena is a pilgrim route in Italy.
The Via Francigena spans 1900km (1180 miles).
The Via Francigena runs from Canterbury, England, to Rome.
The Italian section of the Via Francigena passes through Tuscany and Lazio.
The Italian section of the Via Francigena includes hilltop villages, volcanic lakes, Etruscan ruins, remote monasteries, Lucca, the Val d'Orcia, and Viterbo.
The Val d'Orcia is UNESCO-protected.
Naples is an urban hub in Italy's south.
Naples contains frescoed ruins and markets.
Naples has an old market that sells swordfish heads and sweet ricotta pastries.
The Centro Storico in Naples has street art.
Mt Vesuvius views are visible from the Lungomare seafront in Naples.
Naples has subterranean catacombs.
Via Chiaia is a location in Naples where passeggiata occurs.
Rare white truffles are found in the countryside around Alba.
Truffles are tracked by dogs in the woods.
Piedmont is a northwestern region of Italy.
Piedmont is the birthplace of the Slow Food movement.
Piedmont produces hazelnuts from the Langhe hills.
Piedmont produces chocolate and cocoa creations, found in Turin.
Nebbiolo grapes are used to produce Barolo and Barbaresco wines.
Barolo and Barbaresco wines are served with aperitivo.
Aperitivo are pre-meal snacks consumed with a drink to stimulate appetite.
Sicily is an island in the Mediterranean.
Sicily has diverse landscapes and cultural treasures.
Syracuse is located in southeastern Sicily.
Syracuse was the largest city in the ancient world.
Syracuse was larger than ancient Athens and Corinth.
Syracuse played an important role in classical Greece.
Syracuse has archaeological ruins.
Syracuse is surrounded by citrus orchards and the Mediterranean Sea.
Syracuse's amphitheater hosts Greek dramas, contemporary theater, and live music.
Teatro Greco is an antiquity stage.
Cinque Terre consists of five villages.
The Cinque Terre villages are located on the Italian Riviera.
The Cinque Terre features terraced vineyards, cliffs, and the sea.
The Cinque Terre villages are crowded in summer.
The autumn grape harvest in Cinque Terre is known as vendemmia.
The Cinque Terre has cobbled lanes, vertical vineyards, hillsides, and ancient sanctuaries.
Macchia is an herbal scrub found in the Cinque Terre hillsides.
Grapes harvested in Cinque Terre are used to produce Sciacchetrà wine.
Sciacchetrà is a sweet, fortified wine.
Corniglia and Riomaggiore are villages in Cinque Terre.
The Aosta Valley is surrounded by some of Europe's highest peaks, including Mont Blanc, the Matterhorn, Monte Rosa, and Gran Paradiso.
The Aosta Valley has winter sports facilities.
Courmayeur is in the Aosta Valley.
Skiers in Courmayeur can ski into France and Switzerland.
Skiing in Courmayeur involves crossing glaciers.
Cable cars are used for return trips in Courmayeur.
Parco Nazionale del Gran Paradiso and the area around Mont Blanc offer hiking trails.
Franco-Provençal, also known as Valdôtain, is a local language in the Aosta Valley.
Franco-Provençal is a Franco-Italian language.

**********Claims for hard query**********

Syracuse was larger than ancient Athens and Corinth.
Teatro Greco is an antiquity stage.
The Grado lagoon contains salt marshes and mudflats with birdlife.

**********Formulated hard query**********

Syracuse was larger than **something**.
Teatro Greco is **in a certain state**.
The Grado lagoon contains **something**.

**********Claims for medium query**********

Naples has subterranean catacombs.
Piedmont is the birthplace of the Slow Food movement.
Via Chiaia is a location in Naples where passeggiata occurs.

**********Formulated medium query**********

Naples has something.
Piedmont is the birthplace of something.
Via Chiaia is a location in Naples where an activity occurs.

**********Claims for easy query**********

The Italian section of the Via Francigena includes hilltop villages, volcanic lakes, Etruscan ruins, remote monasteries, Lucca, the Val d'Orcia, and Viterbo.
The Aosta Valley is surrounded by some of Europe's highest peaks, including Mont Blanc, the Matterhorn, Monte Rosa, and Gran Paradiso.
Italy is known as "il bel paese" (the beautiful country).

**********Formulated easy query**********

The Italian section of the Via Francigena includes certain places.
Something is surrounded by some of Europe's highest peaks, including Mont Blanc, the Matterhorn, Monte Rosa, and Gran Paradiso.
Italy is known as a certain phrase.

**********Page content extracted**********

Title: getting-around-paris
URL: https://www.lonelyplanet.com/articles/getting-around-paris
Content: _**These are the best places to travel this summer**_








_Alexis is one of the authors of our latest Paris guidebook. Here she shares her tips on navigating Paris' public transport, taxis and more._

Paris is a gorgeous sprawl of beautiful monuments 

**********Extracted claims**********

The Paris metro system covers the city extensively.
The bus system in Paris is comprehensive.
The bus system in Paris allows passengers to sightsee while traveling.
Paris' train network consists of two separate but linked systems: the metro and the RER.
The Paris metro currently has 16 lines (numbered 1–14, plus two secondary lines, 3bis and 7bis).
The Paris metro network is being expanded to add another four lines as part of the Grand Paris Express project.
The RER system has five main lines, A to E.
The metro and RER systems are fully integrated.
Transfers can be easily made between the metro and RER train systems.
RER express trains save time crossing the city.
RER express trains serve the suburbs of Paris.
Escalators and elevators ease long climbs within some Paris metro stations.
Escalators and elevators are not available at every Paris metro station.
Metro service is very frequent in Paris.
Metro wait times are generally under five minutes.
Some metro lines run above street level, offering scenic views.
Walking is usually quicker than taking the metro for only one or two stops.
Paris buses have no stairs.
Paris buses are widely accessible.
Paris buses are suitable for parents with prams/strollers.
Paris buses are suitable for people with limited mobility.
Bus lines complement the metro system in Paris.
For some journeys, a bus is a more direct way to travel in Paris.
For some journeys, a bus provides a more scenic way to travel in Paris.
Bus stops in Paris show schedules and routes.
Bus stops in Paris often show the wait time until the next bus.
The RATP, IDF Mobilités, and SNCF apps can be used for journey planning, route maps, and wait times for the next train or bus.
The RATP, IDF Mobilités, and SNCF apps allow users to charge travel passes.
Metro and bus maps of various sizes and degrees of detail are available for free at metro ticket windows.
Metro stations and on-board trains are top zones for pickpocket activity.
The Batobus is a hop-on, hop-off service.
The Batobus stops at nine key destinations along the Seine.
In warmer months, the Batobus service runs regularly through the day.
The Batobus offers a chance for a river cruise at a fraction of the price of a tour boat.
The Vélib’ bike-share scheme has over 20,000 bikes.
Vélib’ bikes are available in both classic (green) and electric (blue) models.
The Vélib’ scheme operates from 1400 stations citywide.
Vélib’ subscriptions can be bought online using an RATP Navigo transit pass or credit card.
Vélib’ subscriptions can be bought at docking stations, which accept European-compatible chip-and-pin credit cards.
Vélib’ offers single-trip, day, and multiday pass options.
App-based electric trottinettes (scooters) were discontinued in September 2023.
The discontinuation of electric scooters was decided by popular vote.
The Navigo Easy card is the cheapest way to use public transport in Paris.
The Navigo Easy card is the easiest way to use public transport in Paris.
The Navigo Easy card is sold for €2 (US$2).
The Navigo Easy card is available at all metro and RER ticket windows.
The Navigo Easy card is available at RATP-affiliated outlets such as tobacconists and markets.
The Navigo Easy card is a credit-card-sized fare card.
The Navigo Easy card is used for all ticketing needs on Paris public transport.
A Navigo Easy card can be charged virtually on the RATP app for free.
Navigo is a system that provides a full range of fare options.
Users load value onto the Navigo card, which is then deducted for each ride.
To save money, users can buy carnets.
Carnets are credits for 10 rides sold at a discount.
Carnets are the cheapest way to ride the metro and buses.
Various passes are available that are good for unlimited rides across a range of fare zones and durations.
Mobilis is a pass that offers one day of unlimited travel.
One disadvantage of Paris transport passes is that they are tied to the calendar.
A one-day transport pass in Paris starts at 12:01 am.
A seven-day transport pass in Paris always begins on Monday.
A monthly transport pass in Paris always begins on the first day of the month.
Parking in Paris is costly.
Parking in Paris is difficult.
A Crit'Air Vignette (compulsory anti-pollution sticker) is needed for all cars, motorcycles, and trucks registered after January 1, 1997, to enter the city within the Boulevard Périphérique (ring road) between 8 am and 8 pm Monday to Friday.
The Crit'Air Vignette requirement applies to foreign-registered vehicles.
Older vehicles are banned from entering the city within the Boulevard Périphérique between 8 am and 8 pm Monday to Friday.
The Crit'Air Vignette sticker is not necessary for the Boulevard Périphérique (ring road) itself.
Taxis can be found at official stands in Paris.
Taxis can be found via private companies and apps in Paris.
There are queues of available cabs at major train stations in Paris.
Paris taxis are expensive.
Rideshare apps like Uber are active in Paris.
Trains are the best way to get to and from Paris' airports.
The RER B line from Paris Charles de Gaulle (CDG) crosses under the middle of Paris.
RER B stops from CDG include Gare du Nord, Châtelet–Les Halles, St-Michel–Notre Dame, and Luxembourg.
Some RER B trains run express through the suburbs, saving about 10 minutes.
An even faster express route to/from airports is slated for 2027.
Connections can be made to the RER B from Orly Airport.
As of mid-2024, Orly airport is served by Line 14 of the metro.
Aéroport de Beauvais is 75km (47 miles) by bus from Paris.
The bus journey from Aéroport de Beauvais to Paris is long and slow.
Taxis and rideshares to/from airports can get mired in traffic.
Taxis and rideshares to/from airports can become costly.
Paris is not particularly well equipped for visitors with disabilities.
Curb ramps are few in Paris.
Older public facilities and the metro in Paris are mostly inaccessible for those in a wheelchair.
Paris’ airports are fully in line with international standards for accessibility.
Transport to and from the airports may be an issue as many metro stations in the city are not fully accessible.
The RATP makes accessibility information available through its app and website.
Paris buses are all accessible.
Paris buses have low floors.
Paris buses have wide doors.
The SNCF has made many of its train carriages more accessible to people with disabilities.
RER trains are among the SNCF carriages that have been made more accessible to people with disabilities.
The service Accès Plus can be contacted for information and advice on planning a journey from station to station for people with disabilities.
Taxis G7 has hundreds of low-base cars.
Taxis G7 has over 100 cars equipped with ramps.
Taxis G7 drivers are trained in helping passengers with disabilities.
Guide dogs are accepted in the entire Taxis G7 fleet.
The Paris Tourist Office's website provides useful information organized by theme.
The Paris Tourist Office website provides practical information such as where to rent medical equipment or locate automatic public toilets.
The up-to-date Accessible Paris guide can be downloaded from the Paris Tourist Office website.
The Accessible Paris guide is available in hard copy from tourist information centers in the city.

**********Claims for hard query**********

Users load value onto the Navigo card, which is then deducted for each ride.
The discontinuation of electric scooters was decided by popular vote.
The Crit'Air Vignette requirement applies to foreign-registered vehicles.

**********Formulated hard query**********

Users load value onto something, which is then deducted for each ride.
The discontinuation of electric scooters was decided in a certain way.
The Crit'Air Vignette requirement applies to certain things.

**********Claims for medium query**********

One disadvantage of Paris transport passes is that they are tied to the calendar.
The Batobus stops at nine key destinations along the Seine.
Paris buses have wide doors.

**********Formulated medium query**********

One disadvantage of Paris transport passes is that they are in a certain way.
The Batobus stops at something along the Seine.
Paris buses have something.

**********Claims for easy query**********

The Paris Tourist Office website provides practical information such as where to rent medical equipment or locate automatic public toilets.
Paris is not particularly well equipped for visitors with disabilities.
The up-to-date Accessible Paris guide can be downloaded from the Paris Tourist Office website.

**********Formulated easy query**********

The Paris Tourist Office website provides practical information such as something.
Paris is not particularly well equipped for someone.
The up-to-date Accessible Paris guide can be obtained in a certain way from the Paris Tourist Office website.

**********Page content extracted**********

Title: top-things-to-do-in-florida
URL: https://www.lonelyplanet.com/articles/top-things-to-do-in-florida
Content: _**These are the best places to travel this summer**_








There's no denying that Florida has fabulous beaches and world-class amusement parks but there's also so much more on offer. The Sunshine state has an incredible blend of experiences that combi

**********Extracted claims**********

Florida has world-class amusement parks.
Florida has a rich, multi-cultural history, diverse cities, and natural wonderlands.
Florida is known for its world-class amusement parks that are scattered around the state from Tampa to Orlando.
Walt Disney World is an amusement park that started in Florida.
In the 1960s, Walt Disney Productions purchased nearly 25,000 acres of land for a sprawling resort.
Walt Disney World Resort features four distinctive theme parks, two water parks, numerous hotels, a campground, golf courses, spas, and the Disney Springs complex.
Walt Disney World Resort opened in 1971.
Walt Disney World Resort cemented Central Florida as a premier destination for theme park vacations.
Universal Studios is located 15 minutes from the Disney resort.
Universal Studios offers movie-themed, thrill-seeking rides.
DreamWorks Land opened at Universal Studios in 2024.
Guests at DreamWorks Land can explore attractions from franchises like Shrek and Kung Fu Panda.
Legoland includes a martial arts-themed area called Ninjago.
Legoland features a set of recreated American cities in Miniland USA.
Legoland offers a space for building block masterpieces.
The Peppa Pig Theme Park is available at Legoland.
Busch Gardens Tampa Bay is located on the Gulf Coast.
Busch Gardens Tampa Bay offers wildlife encounters and roller coasters.
The Iron Gwazi at Busch Gardens is a 206ft plunge on a steel-wood hybrid.
The Tigris at Busch Gardens features heart-stopping twists and drops.
Busch Gardens offers family fun, interactive animal exhibits, safari tours, kid-friendly shows, and attractions for young adventurers.
Orlando is known as the “City Beautiful.”
Orlando contains art and history museums, picturesque lakes, eateries, and neighborhoods.
The Orlando Urban Trail is an approximately 3-mile walking and cycling pathway.
The Orlando Urban Trail stretches from Magnolia Ave to Loch Haven Park.
Loch Haven Park is home to the Mennello Museum of American Art.
The Mennello Museum of American Art is a lakeside art museum featuring a fusion of pop and folk art.
The Orlando Museum of Art has a larger collection than the Mennello Museum.
The Orlando Museum of Art hosts adult and family-friendly art classes.
The Harry P Leu Gardens features 50 acres of tropical gardens.
Otto’s High Dive is a rum bar and restaurant in the Milk District.
The Morikami Museum and Japanese Gardens are located in Delray Beach.
The Morikami Museum and Japanese Gardens were built to preserve Japanese culture in Florida and build cultural understanding between Japan and the US.
The Morikami site includes a museum and a garden that showcases aspects of Japan's way of life.
The Morikami gardens span 16 acres and include Japanese-inspired gardens, a bonsai collection, and lakes filled with koi fish.
The Morikami museum houses over 7000 Japanese art objects and artifacts.
The on-site cafe at Morikami has a Pan-Asian menu.
A traditional Japanese tea ceremony is held on select Saturdays at the Seishin-an Tea House on the Morikami site.
Everglades National Park is spread over 1.5 million acres of subtropical wilderness.
Everglades National Park is a vast expanse of shimmering wetlands and lush marshes.
Everglades National Park is home to a diverse range of plants and animals, including various threatened and endangered species.
Visitors can stroll family-friendly nature trails in the Everglades to look for alligators and herons.
Visitors can kayak through mangrove trees in the Everglades.
The Lion Country Safari is in West Palm Beach.
At Lion Country Safari, visitors can enjoy wildlife sightings while driving the park's 4-mile safari route.
Animals such as giraffes, alpacas, lions, zebras, and ostriches can be seen at Lion Country Safari.
Lion Country Safari functions as both a conservation area and a safari.
The Lion Country Safari park has walking areas that provide closer views of animals like goats in the petting zoo area.
Lion Country Safari offers complimentary pontoon boat rides for closer views of birds and primates.
Each of Miami’s neighborhoods has a unique character.
In Miami’s Little Havana, salsa music is prevalent, and historic landmarks tell tales of Cuban heritage.
The markets, dance studios, and spiritual businesses of Little Haiti form a community that highlights Haitian culture.
Historic Overtown is one of Miami's oldest neighborhoods.
Historic Overtown was a cultural hub for Black artists during segregation.
Tap Tap Tours is a company that offers tours of different Miami communities.
Tap Tap Tours guides are knowledgeable and provide personal insight.
Miami is known as a city with high energy.
The Thriller Miami Speedboat sets sail from the docks at the Bayside Marketplace.
The Thriller Miami Speedboat takes riders on a 45-minute sightseeing tour at speeds up to 40 mph.
The speedboat tour includes views of Biscayne Bay, the City of Miami Beach, and Fisher Island.
The tour finishes with a view of the mansions on Star Island from the water, including homes of celebrities like Jennifer Lopez.
The last few rows of the Thriller Miami Speedboat are known to drench riders.
Manatee season in Florida runs from November to April.
During manatee season, manatees migrate to Florida's warm waters for the winter.
Manatees can be watched from observation decks at facilities like the Manatee Lagoon.
Get Up and Go Kayaking offers clear kayak experiences for ethical encounters with manatees.
Florida's Black history includes stories of resilience, triumph over adversity, and remarkable contributions that have impacted modern-day Florida.
Established historical sites related to Florida's Black history are located across the state.
The Mary McLeod Bethune Home in Daytona Beach is a testament to the life and legacy of educator, activist, and university founder Dr. Mary McLeod Bethune.
The Mary S Harrell Black Heritage Museum in New Smyrna Beach houses and displays exhibits reflecting the history of race relations in Florida throughout the twentieth century.
The Kennedy Space Center is near Cape Canaveral.
The Kennedy Space Center is organized into Mission Zones.
Attractions and tours in the Mission Zones are arranged by chronological era.
The center provides a journey through past work in space exploration and planned future innovations.
Brightly colored murals decorate the streets of Wynwood Walls, an outdoor museum in Miami.
Artwork at Wynwood Walls is commissioned by artists from around the world.
Most pieces at Wynwood Walls are displayed for one to two years before being replaced.
Some famous pieces at Wynwood Walls are permanent.
Visitors can sign up for the "Street Art Experience" to learn spray painting and contribute artistry to the walls.
Students receive a 50% discount on the admission fee at Wynwood Walls with a student ID card.
In Key West, Mallory Square is a popular place as the sun sets.
The “Sunset Celebration” in Mallory Square begins two hours before sundown.
Musicians, acrobats, street performers, and tourists gather along the water’s edge for the Sunset Celebration.
Visitors can sample local delicacies like key lime pie and conch fritters in Key West.
Visitors can visit the cats at the Hemingway Home and Museum in Key West.
There are free things to do in Key West.
Free activities in Key West include visiting the Southernmost Point Buoy.
Free activities in Key West include visiting the Key West Historic Sculpture Garden.
Danger Charters and Argo Narvis offer charter experiences.
Dry Tortugas National Park is approximately 70 miles from Key West.
Dry Tortugas National Park is a remote destination accessible only by boat or seaplane.
The park consists of a series of small islands surrounded by pristine blue waters, shipwrecks, and colorful reefs.
The reefs in Dry Tortugas National Park are home to an abundance of marine life.
Only 1% of Dry Tortugas National Park is on dry land.
The Little Africa Coral Reef on the north side of Loggerhead Key offers a shallow, calm snorkeling area.
The Windjammer (Avanti) Shipwreck is a 19th-century sailing ship.
The Windjammer (Avanti) Shipwreck is favored for its large size and marine life.
On Garden Key, visitors can explore historic Fort Jefferson.
On Garden Key, visitors can stroll the secluded shores of South Swim Beach.
Garden Key is the location of Dry Tortugas National Park's only campsites.
Garden Key offers opportunities for stargazing and night dives.
Reservations on the Yankee Freedom Ferry, which goes to Dry Tortugas, are extremely limited.
Reservations on the Yankee Freedom Ferry tend to sell out far in advance.

**********Claims for hard query**********

The Morikami museum houses over 7000 Japanese art objects and artifacts.
A traditional Japanese tea ceremony is held on select Saturdays at the Seishin-an Tea House on the Morikami site.
The on-site cafe at Morikami has a Pan-Asian menu.

**********Formulated hard query**********

The Morikami museum houses something.
A certain activity is held on select Saturdays at the Seishin-an Tea House on the Morikami site.
The on-site cafe at Morikami has something.

**********Claims for medium query**********

The “Sunset Celebration” in Mallory Square begins two hours before sundown.
Each of Miami’s neighborhoods has a unique character.
Manatee season in Florida runs from November to April.

**********Formulated medium query**********

The “Sunset Celebration” in Mallory Square begins at a certain time.
Each of Miami’s neighborhoods has something in a certain state.
Manatee season in Florida runs during a certain period.

**********Claims for easy query**********

There are free things to do in Key West.
Free activities in Key West include visiting the Key West Historic Sculpture Garden.
Florida has world-class amusement parks.

**********Formulated easy query**********

Free activities in Key West include visiting `something`.
Florida has `a certain kind of attraction`.
There are free things to do in `a certain place`.

**********Page content extracted**********

Title: first-time-wales-discover
URL: https://www.lonelyplanet.com/articles/first-time-wales-discover
Content: _**These are the best places to travel this summer**_








Known as Cymru (pronounced “kum-ree”) to locals, Wales is one of the four constituent countries of the UK. But it moves to its own rhythms, proudly celebrating its unique language, customs and 

**********Extracted claims**********

Wales is known as Cymru to locals.
Wales is one of the four constituent countries of the UK.
Wales proudly celebrates its unique language, customs, and culture.
Wales is a land of epic landscapes and lavish legends.
Bannau Brycheiniog (the Brecon Beacons) and Eryri (Snowdonia) are lofty mountains in Wales.
Pembrokeshire is a cliff-edged, beach-sprinkled coastline in Wales.
A rearing dragon features on the national flag of Wales.
The story of King Arthur was first written down by a Welsh monk in the 12th century.
Wales' rugged terrain and language can pose challenges for first-time visitors due to its small size.
English is more widely spoken than Welsh in Wales.
Many locals favor Welsh greetings and place names.
"Bore da" is a Welsh greeting meaning "good morning."
"Yr Wyddfa" is the Welsh name for Mt Snowdon.
Wales is referred to as the Land of Song.
Late spring and summer tend to be largely sunny in Wales.
Dry weather can never be guaranteed in Wales.
From June to August, beaches swell with sun worshippers.
From June to August, bottlenecks occur on walking trails to mountain summits.
From June to August, glorious sunsets close each day near the coast.
June to August is the best season for walking the exposed trails of the Pembrokeshire Coast Path.
June to August is the best season for walking mountain trails inland in Wales.
Almost every route is busy during summer in Wales.
There is heavy demand for accommodation in Wales during summer.
The weather is rarely a serious issue in spring and fall for visitors with decent waterproofs or an umbrella.
Early spring brings newborn lambs, daffodils, and other wildflowers in Wales.
Early spring brings fresh breezes when climbing to summits such as Pen-y-Fan.
Fall is a great time for hiking in Wales.
Cooler weather in fall is welcome for working up a sweat during hiking.
Autumnal red and orange leaves on the trees are a sight to behold in fall.
The biggest swells for surfing arrive from fall to early spring around the Gower Peninsula and elsewhere along the Welsh coast.
Winter in Wales features open fires warming pubs.
Mulled wine ushers in festive vibes at Christmas markets during winter in Wales.
Glittering snow dusts the peaks in Eryri National Park (Snowdonia) and Bannau Brycheiniog National Park (the Brecon Beacons) in winter.
Winter is a prime time for stargazing in Wales’ three Dark Sky Reserves.
Driving can be a challenge in winter due to icy conditions.
Strong winter winds can make walking risky on coastal paths and mountain trails.
There is much to see and do in Wales.
A week is a good starting point for a trip to Wales.
A week allows time to see a city or two and enjoy the scenery of the Welsh coast and mountains.
Two weeks allows for a more thorough circuit around Wales, visiting mountains, coast, and places off the tourist trail.
Swansea and Cardiff are major cities for cultural institutions and history.
Tenby is a good starting point for experiencing the Pembrokeshire Coast.
Abergavenny is a handy gateway to Bannau Brycheiniog.
Caernarfon, Blaenau Ffestiniog, Betws-y-Coed, and Aberystwyth are convenient hubs for exploring Eryri National Park in the north.
Wales is easy to explore by car.
Many visitors travel the length and breadth of Wales by public transport.
Cardiff is a good starting point for exploring South Wales, Bannau Brycheiniog, and the Pembrokeshire Coast.
Cardiff has convenient connections by road, rail, and air to the rest of the country.
Swansea is another well-connected South Wales hub.
Swansea provides easy access to the Gower Peninsula.
For North Wales, Eryri National Park, and Anglesey, visitors can head north from Aberystwyth.
Visitors can follow the A55 or the North Coast Main Line railway along the northern shoreline for North Wales.
A vehicle helps visitors get around more quickly in Wales.
The north and south of Wales are poorly connected by rail.
Journeys by long-distance coach in Wales stick to major roads, missing the best of the scenery.
Trips by local bus in Wales can be slow.
Cardiff is the main hub for air travel into South Wales.
For North Wales, visitors can consider flying into Liverpool and continuing by car, bus, or train.
Wales’ hiking trails are a powerful magnet for walkers.
Many start and end points of hiking trails can be reached by bus or train.
Classic Welsh walks include the Pembrokeshire Coast Path.
Classic Welsh walks include Offa’s Dyke Path National Trail.
Classic Welsh walks include the North Wales Pilgrim’s Way.
Many visitors build a whole trip around the mountain trails of Bannau Brycheiniog and Eryri.
Wales can be divided into three geographical regions: North Wales, Mid Wales, and South Wales.
Many visitors stick to just one part of Wales for their whole trip.
Major population centers are concentrated in South Wales.
Mid Wales and North Wales are more mountainous and rugged.
The Irish Sea and Bristol Channel lap along the shoreline of South Wales.
South Wales is home to the country's biggest cities: Cardiff, Swansea, and Newport.
South Wales contains the pick of the nation’s cultural institutions, fine dining, and nightlife.
Cardiff is the capital of Wales.
Cardiff became the capital of Wales in 1955.
Cardiff is the beating heart of modern Wales.
Cardiff is centered on a Norman castle built over Roman foundations.
Cardiff is a bustling, metropolitan, and ever-changing city.
Cardiff is human in scale.
Cardiff’s highlights include its buzzing nightlife and dining.
Cardiff’s highlights include the National Museum.
Cardiff’s highlights include the Principality Stadium.
Rugby heroes and music superstars share center stage at the Principality Stadium.
The rural Vale of Glamorgan is located southeast of Cardiff.
The Vale of Glamorgan is dotted with relics from Welsh mining history.
The Vale of Glamorgan has time-scarred castles.
The Vale of Glamorgan contains vineyards.
The Vale of Glamorgan features award-winning beaches along the Heritage Coast.
Swansea Bay and the city of Swansea are located west of the Vale of Glamorgan.
Swansea has an historic castle.
Swansea has plentiful reminders of the area’s rich industrial history.
Swansea was the home of poet and playwright Dylan Thomas.
Dylan Thomas is celebrated at museums and monuments around Swansea.
The Gower Peninsula is a short hop from Swansea.
The Gower Peninsula is the UK’s first Area of Outstanding Natural Beauty.
The Gower Peninsula is a landscape of marshes, dunes, heathlands, beaches, and rocky headlands.
The Gower Peninsula is an escape for walking, water sports, wild swimming, and birding in its serene wetlands.
Rhossili Bay has 3 miles (5km) of sweeping sand.
Mumbles has a historic lighthouse and pier.
Worms Head is located at Rhossili.
Wales’ southwestern tip is a rugged expanse of exposed rocky cliffs, hidden fishing harbors, and beaches.
Wales’ southwestern tip is known as Pembrokeshire.
Pembrokeshire ranks among Britain's most scenic stretches of coastline.
Pembrokeshire is home to the UK’s only coastal national park.
Pembrokeshire is home to the spectacular Pembrokeshire Coast Path.
The Pembrokeshire Coast Path links St Dogmaels near Cardigan to Amroth near Carmarthen.
The Pembrokeshire Coast Path is a thrilling hike over two epic weeks.
The Pembrokeshire Coast Path follows windswept, clifftop paths.
Pembrokeshire’s 186 miles (299km) of coastline contain over 50 beaches.
Beaches in Pembrokeshire range from tiny coves to vast stretches of sand.
Many visitors start in the pastel-colored seaside resort of Tenby.
The best sands in Pembrokeshire are tucked away on beaches such as Barafundle Bay, Marloes Sands, Freshwater West, and Whitesands Bay.
Whitesands Bay is one of Britain’s best beaches for surfing.
St Davids is the UK’s smallest city.
St Davids was once the home of the patron saint of Wales.
The spectacular cathedral in St Davids was once a magnet for medieval pilgrims and Viking marauders.
There is a high chance of spotting puffins, gannets, guillemots, razorbills, and Manx shearwaters on the cliffs in Pembrokeshire.
There is a high chance of spotting seals, porpoises, and dolphins offshore in Pembrokeshire.
Skomer Island is located off the headland at the south end of St Brides Bay.
Skomer Island is accessible via boat trips from Martin's Haven for wildlife watching.
North Wales is more sparsely populated than South Wales.
North Wales attracts many thrill-seekers and nature lovers.
Eryri (Snowdonia) National Park attracts over 350,000 people a year.
Eryri (Snowdonia) National Park has scenic viewpoints.
Eryri (Snowdonia) National Park has trails snaking over 90 wind-buffeted mountain peaks.
Yr Wyddfa (Mt Snowdon) is 1085m (3560ft) tall.
Yr Wyddfa (Mt Snowdon) can be conquered on foot via a challenging but rewarding hiking trail.
Yr Wyddfa (Mt Snowdon) can be reached via a tiny mountain train.
Activities in Eryri include hiking, kayaking, wild swimming, and bird-watching.
Activities in Eryri include jumping on springy cargo nets in an underground cavern at Bounce Below.
Activities in Eryri include whizzing down the world’s fastest zip line over the Penrhyn Quarry.
Activities in Eryri include wakeboarding on the pristine waters of the Llŷn Peninsula.
Northeast Wales is a worthy add-on to a drive around Eryri.
Northeast Wales contains the Pontcysyllte Aqueduct and Canal.
The Pontcysyllte Aqueduct and Canal is a 19th-century wonder.
The Pontcysyllte Aqueduct and Canal can be crossed by narrowboat or kayak.
Offa’s Dyke Path is a national hiking trail in northeast Wales.
Offa’s Dyke Path follows a berm stacked up by an Anglo-Saxon king to mark out the England–Wales border.
Anglesey (Ynys Môn) is a huge island.
Anglesey is located across from castle-crowned Caernarfon.
Anglesey is easily reached via two bridges across the Menai Strait.
Anglesey teems with wildlife.
Anglesey was one of the last strongholds of the Celts and their druidic priests.
Many standing stones and ancient burial chambers are scattered across Anglesey.
Visitors can explore Anglesey from the seaside town of Beaumaris.
Red squirrels can be spotted in the grounds at Plas Newydd House.
Boat trips can be taken to Puffin Island.
Holyhead is located at Anglesey’s tip.
Holyhead is the departure point for ferries to Ireland.
Visitors can walk along guillemot-thronged cliffs to the historic South Stack Lighthouse from Holyhead.
The county of Ceredigion in Mid Wales has postcard-pretty towns, green hills, and uplifting coastal scenery.
Aberystwyth is a conveniently central hub in Ceredigion.
Aberystwyth has a wide promenade wrapping around a curved beach from Wales’ oldest pier.
Aberystwyth’s promenade features grand Victorian and Georgian houses.
Aberystwyth has an electric funicular climbing towering Constitution Hill.
Aberystwyth has the ancient ruins of Aberystwyth Castle.
Cardigan Bay forms a sweeping arc along the west coast of Mid Wales.
Cardigan Bay is packed with sandy Blue Flag beaches, rocky coves, coastal communities, and small fishing harbors.
Cardigan Bay is renowned for its resident bottlenose dolphins.
Boat trips offer the chance to see dolphins play in the frothy surf in Cardigan Bay.
Good bases in Cardigan Bay include Aberaeron, Llangrannog, and Cardigan.
The golden dunes of Poppit Sands are a few minutes away from Cardigan by car or bus.
Porthmadog and the eccentric village of Portmeirion are located north of Aberystwyth.
Portmeirion is a colorful cluster of Italian Riviera–style buildings and gardens.
Portmeirion is home to a famous pottery-making center.
Portmeirion was the filming location for the cult 1960s TV show _The Prisoner_.
The Llŷn Peninsula juts west to the north of Porthmadog.
The Llŷn Peninsula is a sweep of rolling hills that tumble down to marine-life-rich waters, wide sandy bays, and sea stacks.
The Wales Coast Path serves up multiday walks along a cliff-backed shoreline on the Llŷn Peninsula.
The shoreline of the Llŷn Peninsula is dotted with ancient castles, sandy bays, and sea stacks.
Bannau Brycheiniog (Brecon Beacons) National Park is located just west of Abergavenny.
Bannau Brycheiniog (Brecon Beacons) National Park is Mid Wales’ most famous feature.
Bannau Brycheiniog (Brecon Beacons) National Park is a sprawl of rugged highlands, open valleys, gushing rivers, and scenic drives.
Pen-y-Fan is the best-known peak for walkers in Bannau Brycheiniog.
Many other trails in Bannau Brycheiniog lead through the Black Mountains.
Many other trails in Bannau Brycheiniog circle around the glacial Llyn y Fan Fach and Llyn y Fan Fawr lakes.
Bannau Brycheiniog is Wales’ first Dark Sky Reserve.
Bannau Brycheiniog gives keen stargazers clear views of the constellations, particularly in winter.
Sgwd-yr-Eira waterfall near Glynneath offers fairy-tale escapism.
The Elan Valley Estate has reservoirs framed by historic dams.
The Elan Valley Estate has winding trails that appeal to hikers and cyclists.
Costs in Wales are similar to costs in the rest of the UK.
Accommodation and meals can be expensive in Wales.
Journeys by train can be expensive if not booked well ahead in Wales.
Many visitors save money by camping, staying in Airbnbs or hostels, or choosing conventional B&Bs instead of hotels.
A daily budget of £60 (US$81) is achievable for visitors happy with a tent or a dorm in Wales.
A daily budget of £120 (US$162) upward is needed for visitors who require a private room and plan to eat out at cafes and restaurants in Wales.
Many museums in Wales are free.
Museum tickets can be inexpensive.
Admission is not cheap for top sights such as Conwy Castle.
Costs for organized activities such as wildlife-spotting boat trips and zip-lining can add up.
Children usually get a discount on organized activities.
A fresh Welsh cake costs £0.75 (US$1).
A flat white coffee in a cafe costs £3 (US$4).
To-go fish-and-chips costs £10 (US$13.50).
A pint of lager in a pub costs £5–6 (US$6.70–8.10).
A lunchtime sandwich at a cafe costs £5–6 (US$6.70–8.10).
A main course in a pub or restaurant costs £14 (US$19).
A tasting menu at a top restaurant starts from £60 (US$81).
Museum entry fees are sometimes free or start from £5 (US$6.70).
A wildlife-spotting boat tour costs £40 (US$54.10).
A hostel dorm bed costs from £22 (US$29.80) per night.
A double hotel room costs from £70 (US$94.80) per night.
Welsh weather is unpredictable.
There is a good chance of rain in Wales.
Visitors should pack layers, an umbrella, and a waterproof and windproof jacket for Wales.
The weather tends to be warm from April to September in Wales.
Daytime highs in Wales range from 15°C (59°F) to 28°C (82°F) from April to September.
Evenings are cooler, so a coat is useful in summer.
Things get significantly colder in winter in Wales.
Snow is uncommon in winter except in the mountains.
Visitors should bring a warm jacket, hat, and gloves in winter.
Wales is not particularly fussy about how people dress, except in high-end bars and restaurants.
Visitors should dress practically and comfortably for the coast and mountains.
When hiking, visitors should bring waterproof footwear with good grips and a change of socks.
Welsh food includes several specialties.
The Welsh coast is a good place to try laverbread.
Laverbread is cooked seaweed, often served at breakfast.
Glamorgan sausages are made with cheese and leek, and no meat.
Cawl is a broth of lamb, potato, leek, and root vegetables.
Faggots are minced offal meatballs with herbs.
Welsh cakes are flat, spiced currant cakes cooked on a bakestone.
Bara brith is a dark, fruity tea loaf served sliced and buttered.
Wales is a bilingual country.
English is spoken by almost everyone in Wales.
Only a fifth of people in Wales are fully fluent in Welsh.
Speaking English is the norm in major Welsh cities.
The melodic national tongue (Welsh) is often heard in more rural areas.
Locals learn Welsh at school.
Welsh names prominently feature on road signs, menus, and in shops.
Many Welsh people are patriotic and extremely proud of their culture.
Middle-aged men may burst into a Welsh hymn on public transport.
Rugby supporters may barely contain their emotion during international tournaments.
Many locals are happy to engage in conversation with strangers and talk about their country.
Wales’ relationship with the English can be prickly due to historical factors.
The prickly relationship is partly due to Edward I’s brutal invasion in the 13th century.
The prickly relationship is partly due to the suppression of the Welsh language in past generations.
The prickly relationship is partly due to a perception that the British government views Wales as a lower-ranking partner.
This manifests mostly as gentle rivalry.
Some English travelers report getting a cooler welcome in some corners of the country.

**********Claims for hard query**********

Children usually get a discount on organized activities.
This manifests mostly as gentle rivalry.
Faggots are minced offal meatballs with herbs.

**********Formulated hard query**********

Children usually get a discount on something.
This manifests mostly in a certain way.
Faggots are in a certain state.

**********Validation Result**********

subquestion 'Faggots are in a certain state.' is NOT supported by the context.
<reject> The text mentions "faggots" as a Welsh delicacy, describing them as "minced offal meatballs with herbs," and advises vegetarians to avoid them. However, it does not state that faggots are "in a certain state" in the sense of a condition or location. </reject>

**********Claims for medium query**********

Northeast Wales contains the Pontcysyllte Aqueduct and Canal.
Eryri (Snowdonia) National Park has trails snaking over 90 wind-buffeted mountain peaks.
Cardiff’s highlights include the National Museum.

**********Formulated medium query**********

Northeast Wales contains something.
Eryri (Snowdonia) National Park has trails snaking over something.
Cardiff’s highlights include something.

**********Claims for easy query**********

A daily budget of £120 (US$162) upward is needed for visitors who require a private room and plan to eat out at cafes and restaurants in Wales.
There is much to see and do in Wales.
Wales' rugged terrain and language can pose challenges for first-time visitors due to its small size.

**********Formulated easy query**********

A daily budget of a certain amount of money upward is needed for visitors who require a private room and plan to eat out at cafes and restaurants in Wales.
There is a certain quantity to see and do in Wales.
Something can pose challenges for first-time visitors due to its small size.

**********Page content extracted**********

Title: things-to-know-before-traveling-to-bozeman
URL: https://www.lonelyplanet.com/articles/things-to-know-before-traveling-to-bozeman
Content: _**These are the best places to travel this summer**_








Hailed as one of the hippest towns in the American West, Bozeman is luring growing numbers of visitors thanks to its proximity to mountain wildernesses and its diverse demographic. Old-school r

**********Extracted claims**********

Bozeman is considered one of the hippest towns in the American West.
Bozeman attracts increasing numbers of visitors.
Bozeman's appeal is attributed to its proximity to mountain wildernesses and its diverse demographic.
Bozeman's atmosphere is described as eclectic, outdoorsy, and community-minded.
Bozeman is considered a dream town for outdoor enthusiasts.
A 10-minute drive in Bozeman can take a person from downtown to a mountain trailhead.
Bozeman combines Montana's space and natural beauty with a hip, progressive outlook.
Bozeman's outlook on food, sustainability, and environmental awareness is considered a decade ahead of the rest of Montana.
The cost of living in Bozeman is increasing rapidly.
Remote workers have contributed to a spike in house prices in Bozeman.
Bozeman is Montana's fastest-growing town.
Bozeman is the most expensive place to live in Montana.
Bozeman is known as one of America's coolest small towns for visitors.
Bozeman is increasingly popular as a gateway to the north and west of Yellowstone National Park.
Montana's continental climate is known for being changeable, especially in spring and fall.
Warm clothes are recommended for travel to Montana, even in summer.
Hikers in Montana can experience varied weather conditions, including heat in valleys and freezing temperatures at higher elevations, during one morning.
An extra windproof layer is recommended for hiking in Montana.
Bozeman has many outdoor gear stores.
Campgrounds in Bozeman become very busy during summer, especially along roads leading to Yellowstone National Park.
Most camping sites in the Gallatin region can be reserved in advance through Recreation.gov.
Reading Norman Maclean's _A River Runs Through It_ or watching the 1992 Robert Redford movie based on it is considered essential for prospective fly-fishers.
A state fishing license is required for fly-fishers in Montana.
Guidance for obtaining a fishing license is available on the Montana Fish, Wildlife & Parks authority website.
Fishers in Montana must obtain a conservation license, a base fishing license, and an Angler Aquatic Invasive Species Prevention Pass (AISPP).
The region near Bozeman has historically attracted a literary community.
Famous Montana writers include Tim Cahill, David Quammen, Thomas McGuane, and Jim Harrison.
Bozeman contains several distinct neighborhoods.
Bozeman's Downtown area is centered on Main Street and extends approximately six blocks, from the Lark motel to the Montana Ale Works.
Montana State University (MSU), the largest university in Montana, is located southwest of Downtown Bozeman.
The old brewery industrial district is located north of Downtown Bozeman and still houses some microbreweries.
Big box stores are located along N 7th Avenue and N 19th Avenue in the northwest of Bozeman.
Chain hotels are concentrated near I-90 in Bozeman.
The dress code in Montana is relaxed and informal, even in its best restaurants.
Common attire in Montana includes plaid shirts, down vests, Teva sandals or hiking shoes, cowboy boots, and Patagonia trekking wear.
Ties, tuxedos, fancy frocks, or heels are not typically needed in Montana.
Dining in Bozeman can be planned around local foods from the Montana hills.
Typical Bozeman meals include grass-fed bison rib-eye steak, elk mince Bolognese, or locally-caught pan-fried trout.
Typical Bozeman meals can be accompanied by a Lee Metcalf Pale Ale or a huckleberry martini.
Flathead cherry pie is a recommended dessert in Bozeman.
Wilcoxson, a Livingston-based maker, produces ice cream served with Flathead cherry pie.
Montana has specific alcohol laws.
Craft breweries in Montana are restricted to serving three pints of beer per customer.
Craft breweries in Montana must cease serving at 8 PM.
Non-brewery tap rooms, bars, and restaurants in Montana can serve beer until 1 AM.
Celebrities have frequently visited the valleys surrounding Bozeman.
Paradise Valley has hosted residents such as Jeff Bridges, John Meyer, Dennis Quaid, and Ted Turner.
Bozeman is home to climber Conrad Anker and actor Glenn Close.
Montanans are generally not starstruck by celebrities.
In Montana, a raised eyebrow is is considered the maximum appropriate response to spotting a celebrity.
Bozeman is environmentally friendly and bike-friendly.
Bozeman is very dog-friendly.
Well-behaved dogs are welcome on trails, in craft breweries, and on restaurant patios in Bozeman.
Many businesses in Bozeman provide water bowls and snacks for dogs.
Bozeman has a dedicated dog park and a dog beach at Bozeman Pond Park.
Two distinct visions of Montana exist among its residents.
One perspective views Bozeman as a liberal, environmental, organic-fed college town that embraces progressive politics and Bikram yoga.
Another perspective represents an old-school view, held by many ranchers, loggers, and oil workers, for whom hunting, pickup trucks, and gun ownership are cultural cornerstones.
Tensions exist between these two groups in Montana.
A shared love and respect for the outdoors unites most locals in Montana.
Montanans are generally informal, unpretentious, and unstuffy.
Montanans' rugged individualism is influenced by a wild, unforgiving environment and a long frontier history.
Boasting and bragging are generally disapproved of in Montana.
Self-reliance is respected in Montana and is often a necessity.
Most residents of Bozeman share a love and respect for the outdoors.
Bozeman residents combine wilderness ethics with strong environmental credentials.
A healthy work-life balance has attracted many residents to Bozeman.
Bozeman was one of America's fastest-growing small towns prior to COVID-19.
The pandemic accelerated Bozeman's growth.
Bozeman's population is approximately 56,000 residents.
Bozeman's population was 41,000 residents approximately a decade prior.
The median home price in Bozeman has doubled over the past decade.
Rents in Bozeman increased by almost 60% in 2021 compared to the previous year.
Rents in Bozeman have since stabilized.
Many working-class locals in Bozeman face challenges in the housing market.
The cost of living in Bozeman is 20% higher than the national average.
The median income in Bozeman is about 20% lower than the national average.
The cost of living and income disparities create challenges for both locals and visitors on a budget in Bozeman.
Grizzly bears, also known as brown bears or "bruins," inhabit the mountains and forests south of Bozeman.
It is recommended not to hike alone when outside of Bozeman.
Carrying and knowing how to use bear spray is recommended when hiking or mountain biking outside of Bozeman.
Bear spray cannot be transported on planes.
Bear spray can be acquired in Bozeman.
Bear spray should be disposed of responsibly at the end of a trip.
Responsible disposal options for bear spray include donating it to Forest Service staff or recycling it at Bozeman airport or Yellowstone National Park ranger stations.
Mosquitoes can be a significant nuisance in forests and meadows near Bozeman from May through September.
An effective mosquito spray and a long-sleeved shirt are recommended for these areas.
Mosquitoes in Gallatin County are known to carry West Nile Fever.
Human cases of West Nile Fever from mosquitoes in Gallatin County are extremely rare.
Ticks are present in areas frequented by deer.
Ticks can transmit Rocky Mountain spotted fever.
Checking one's body for ticks after a hike is recommended.
There is a significant risk of colliding with wildlife while driving in Montana.
Extra attention is recommended when driving through rural areas near Bozeman.
Monitoring speed and watching road verges for movement, especially around dawn and dusk and during the fall, is recommended for drivers.

**********Claims for hard query**********

An effective mosquito spray and a long-sleeved shirt are recommended for these areas.
Bear spray cannot be transported on planes.
Wilcoxson, a Livingston-based maker, produces ice cream served with Flathead cherry pie.

**********Formulated hard query**********

An effective mosquito spray and a long-sleeved shirt are recommended for certain areas.
Something cannot be transported on planes.
Someone, a Livingston-based maker, produces ice cream served with Flathead cherry pie.

**********Claims for medium query**********

Montana State University (MSU), the largest university in Montana, is located southwest of Downtown Bozeman.
Common attire in Montana includes plaid shirts, down vests, Teva sandals or hiking shoes, cowboy boots, and Patagonia trekking wear.
Bozeman's population was 41,000 residents approximately a decade prior.

**********Formulated medium query**********

Montana State University (MSU), the largest university in Montana, is located in a certain place.
Common attire in Montana includes certain things.
Bozeman's population was a certain number approximately a decade prior.

**********Claims for easy query**********

Bozeman is considered a dream town for outdoor enthusiasts.
Bozeman is known as one of America's coolest small towns for visitors.
Most residents of Bozeman share a love and respect for the outdoors.

**********Formulated easy query**********

Bozeman is considered in a certain state for outdoor enthusiasts.
Bozeman is known as one of something for visitors.
Someone share a love and respect for the outdoors.

**********Page content extracted**********

Title: guide-to-red-rocks-colorado
URL: https://www.lonelyplanet.com/articles/guide-to-red-rocks-colorado
Content: _**These are the best places to travel this summer**_








Wedged between two towering, 300ft-high fins of red sandstone, Red Rocks Park & Amphitheatre may well be the world’s most iconic outdoor concert venue. Renowned for its natural acoustics and st

**********Extracted claims**********

Red Rocks Park & Amphitheatre is a landmark stage located on the southeastern fringes of Denver.
Red Rocks Park & Amphitheatre is renowned for its natural acoustics and stunning beauty.
Red Rocks Park & Amphitheatre has become synonymous with big-ticket concerts.
Artists such as The Beatles, Jimi Hendrix, The Grateful Dead, James Taylor, U2, Radiohead, and Coldplay have performed at Red Rocks Park & Amphitheatre.
The venue and its surrounding 816 acres of parkland are free to visit.
Red Rocks Park & Amphitheatre is located 15 miles from Denver.
Red Rocks was once a sacred gathering place for the Ute people.
The Ute people are Indigenous inhabitants of the Great Basin and Colorado Plateau.
The natural basin of Red Rocks was converted into a public park in 1878.
The city of Denver purchased the land and built a stage and seating at Red Rocks in 1927.
The debut show on the crag-framed stage at Red Rocks was by lyric soprano Helen Jepson in 1941.
Red Rocks debuted as a rock venue in 1964.
The Beatles performed at Red Rocks in 1964 during their first US tour.
Red Rocks has hosted major names in rock, country, soul, and other popular genres.
Blues Traveler has played at Red Rocks almost every Fourth of July since 1993.
Widespread Panic has performed more than 70 shows at Red Rocks.
The red color of the rocks at Red Rocks Amphitheatre results from iron oxide, or rust, naturally present in the local sandstone.
Sedimentary rock containing iron formed over 300 million years ago at the site of Red Rocks.
Exposure to oxygen turned the iron-containing sedimentary rock a rich, brick red.
Geological forces thrust the rocks upward, creating the iconic formations seen at Red Rocks today.
Red Rocks Amphitheatre hosts a packed schedule of big-name musicians, symphony orchestras, and solo artists from April to November.
Bands like U2 and The Grateful Dead have recorded live albums at Red Rocks.
Tickets for Red Rocks concerts are sold through AXS.com.
Service fees can be saved by purchasing tickets directly from the on-site box office or at Denver’s Coliseum.
Seating at Red Rocks is on wide, wooden terrace benches built into the amphitheater’s steep natural incline.
Red Rocks Amphitheatre has more than 9500 seats spread across 70 rows.
Concerts at Red Rocks typically start at sunset.
Concession stands at the venue serve pizzas, pasta, Greek gyros, chicken sandwiches, tacos, smoky BBQs, fries, corn dogs, and funnel cakes during shows.
Drink options at the venue include coffee, cold beers, and alcoholic and non-alcoholic smoothies.
The Ship Rock Grille is open for daytime sit-down dining from 10:30 am to 2:30 pm.
The Row 71 bar offers drinks with a rocky landscape view.
The Denver Film Society projects classic and cult films onto a huge screen at Red Rocks on set summer evenings.
Film screenings at Red Rocks include pre-show performances by up-and-coming comedians and bands.
Yoga on the Rocks is a regularly scheduled summer weekend class.
Thousands of yogis set up their mats along the amphitheater’s terraced seating for Yoga on the Rocks.
Yoga on the Rocks classes are led by Denver’s top yoga instructors.
All-levels classes are offered at Yoga on the Rocks.
Red Rocks is a Denver Mountain Park.
Denver Mountain Parks are maintained by the city authorities.
The amphitheater and the land surrounding it are free to visit and open to the public from sunrise to sunset.
Ship Rock and Creation Rock are iconic monoliths at Red Rocks.
The steep stairs at Red Rocks are commonly used by locals for workouts year-round.
The landing above the highest row of seats at Red Rocks offers 360-degree panoramic views.
On event nights, the Red Rocks amphitheater closes at 2 pm.
Red Rocks has a collection of walking trails winding through its 800-plus acres.
The walking trails at Red Rocks offer sweeping views extending to downtown Denver.
Most trails at Red Rocks have interpretive signs that detail the area’s history, geology, and plant life.
Trading Post Trail is a 1.4-mile loop at Red Rocks.
Trading Post Trail weaves through the heart of the park, past meadows and between towering red rock formations.
The Trading Post is a historic building that houses a souvenir shop, snack bar, and bathrooms.
Red Rocks Trail is a 6-mile out-and-back hike.
Red Rocks Trail begins near the lower north parking lot and connects to the Morrison Slide Trail in the neighboring Matthews Winters Park.
The Red Rocks Trail climbs through rocky terrain to higher elevations with views of the foothills and mountains beyond.
Sightings of prairie dogs, red foxes, and mule deer are common on the trails in the early mornings and late afternoons.
The Dakota Ridge Trail is an out-and-back 4-mile route that follows the rocky spine of Dinosaur Ridge.
Horse riders and mountain bikers may be encountered on the multi-use Red Rocks Trail.
The Red Rocks Hall of Fame is free to visit.
The Red Rocks Hall of Fame is located inside the visitor center.
Exhibits in the Red Rocks Hall of Fame provide background on artists who have given concerts at Red Rocks since 1947.
Memorabilia such as instruments, costumes, and posters from past performances are displayed in the Hall of Fame.
Listening stations are available in the Hall of Fame to hear music by inductees.
Two rows of seating at Red Rocks are wheelchair accessible for shows and screenings.
Other rows at Red Rocks are set aside for people with limited mobility and visitors with a visual or hearing impairment.
A dedicated accessible shuttle is available for visitors with disabilities during events at Red Rocks.
Parking at Red Rocks is on a steep hillside below the amphitheater.
Seating at Red Rocks is on a slope.
The Red Rocks venue is cashless.
Ambulant vendors at Red Rocks are also cashless.
The use of marijuana has been legalized in Colorado.
It is illegal to partake in marijuana in public in Colorado.

**********Claims for hard query**********

The Ship Rock Grille is open for daytime sit-down dining from 10:30 am to 2:30 pm.
Exposure to oxygen turned the iron-containing sedimentary rock a rich, brick red.
The Trading Post is a historic building that houses a souvenir shop, snack bar, and bathrooms.

**********Formulated hard query**********

The Ship Rock Grille is open for daytime sit-down dining during certain hours.
Exposure to oxygen turned the iron-containing sedimentary rock in a certain state.
The Trading Post is a historic building that houses certain things.

**********Claims for medium query**********

Ship Rock and Creation Rock are iconic monoliths at Red Rocks.
The natural basin of Red Rocks was converted into a public park in 1878.
The Red Rocks Trail climbs through rocky terrain to higher elevations with views of the foothills and mountains beyond.

**********Formulated medium query**********

Something are iconic monoliths at Red Rocks.
The natural basin of Red Rocks was converted into a public park at a certain time.
A certain trail climbs through rocky terrain to higher elevations with views of the foothills and mountains beyond.

**********Claims for easy query**********

Red Rocks Park & Amphitheatre has become synonymous with big-ticket concerts.
Seating at Red Rocks is on wide, wooden terrace benches built into the amphitheater’s steep natural incline.
Artists such as The Beatles, Jimi Hendrix, The Grateful Dead, James Taylor, U2, Radiohead, and Coldplay have performed at Red Rocks Park & Amphitheatre.

**********Formulated easy query**********

Red Rocks Park & Amphitheatre has become synonymous with something.
Seating at Red Rocks is on something built into the amphitheater’s steep natural incline.
Some artists have performed at Red Rocks Park & Amphitheatre.

**********Page content extracted**********

Title: top-things-to-do-in-malibu
URL: https://www.lonelyplanet.com/articles/top-things-to-do-in-malibu
Content: _**These are the best places to travel this summer**_








The beach may be the main attraction in Malibu, but there’s plenty to do in this gorgeous California town away from the surf, too.


From wine tasting and horseback riding in the mountains to l

**********Extracted claims**********

Malibu is a California town with attractions beyond its beaches.
The historic Malibu Pier is considered the unofficial heart of Malibu.
The Malibu Pier was first built in 1905.
The Malibu Pier was originally a private port for Frederick Hastings Rindge.
Frederick Hastings Rindge owned most of the land within Malibu’s town limits.
The Malibu Pier is a popular spot for eating, shopping, and people-watching.
Malibu Farm operates two restaurants on the Malibu Pier.
One Malibu Farm restaurant on the pier is a casual cafe with water views.
The other Malibu Farm restaurant on the pier is a dining room located near Pacific Coast Highway.
The Ranch, located at the pier’s end, sells surf gear and beach-themed gifts.
The Ranch at the pier's end offers rod rentals and bait for fishing.
Surfrider Beach is located next to the Malibu Pier.
Surfrider Beach features a three-point break.
The Malibu Pier can become crowded during summer.
Parking at the Malibu Pier is consistently difficult.
The Malibu Pier offers a quieter and more relaxed experience compared to the Santa Monica Pier.
The Santa Monica Pier is busy.
El Matador State Beach is located farther from the Malibu Pier.
El Matador State Beach is considered by some to be the most beautiful beach in the area.
Surfing at the Malibu Pier is recommended only for advanced surfers or those with local companions.
Malibu Surf Shack offers stand-up paddleboard rentals directly at the pier.
A two-hour paddleboard rental from Malibu Surf Shack costs $45.
A one-hour paddleboard lesson from Malibu Surf Shack costs $115 and includes a board, paddle, and wetsuit.
Paddleboard tours around the pier are available with a guide.
Guides on paddleboard tours point out historical spots and marine life.
Zuma Jay’s Surf Shop is located near the Malibu Pier on Pacific Coast Highway (PCH).
Zuma Jay’s Surf Shop is one of Malibu’s oldest surf shops.
Zuma Jay’s Surf Shop stocks surfing essentials including boards and wetsuits.
Zuma Jay’s Surf Shop sells sweatshirts and flip-flops.
Zuma Jay's real name is Jefferson Wagner.
Broad Street Oyster Company serves oysters, caviar, shrimp cocktails, ceviche, and lobster rolls.
Broad Street Oyster Company's lobster roll is famous.
Broad Street Oyster Company's lobster roll is made with Maine lobster.
Broad Street Oyster Company's lobster roll can be topped with caviar and fresh uni.
Broad Street Oyster Company is located in the Malibu Village retail center.
Broad Street Oyster Company is a short walk from the Malibu Pier.
Broad Street Oyster Company has a relaxed atmosphere.
Broad Street Oyster Company features a tiki-hut bar and eclectic nautical and surf decor.
Malibu wine country is located in the Santa Monica Mountains.
Malibu wine country is approximately 20–30 minutes from the coastline.
Malibu wine country contains several vineyards near the border of Malibu and Agoura Hills.
The Malibu Wine Hike is a 2.5-mile tour.
The Malibu Wine Hike concludes with tastings of local wines.
Rosenthal – The Malibu Estate Wine Bar and Patio is located near Topanga Beach.
Rosenthal – The Malibu Estate Wine Bar and Patio serves Rosenthal and Surfrider wines.
Rosenthal and Surfrider wines are grown in Malibu.
Rosenthal and Surfrider wines are grown within four miles of the ocean.
Cholada Thai Beach Cuisine is located on Pacific Coast Highway (PCH).
Cholada Thai Beach Cuisine's hot green curry is notable for its refreshing taste.
Cholada Thai Beach Cuisine is a surfside shack located near Topanga Beach.
Cholada Thai Beach Cuisine is popular with locals.
Cholada Thai Beach Cuisine offers quick and tasty food.
Cholada Thai Beach Cuisine serves curries.
Cholada Thai Beach Cuisine serves traditional Thai dishes including pad Thai, steamed and fried wontons, glass noodles, gai yang barbecue chicken, and sweet mango with sticky rice.
Hollywood is an hour away from Malibu.
Television and movie-making history is located in Malibu Creek State Park.
The Crags Road trail is a moderate, 2.5-mile hike.
The Crags Road trail leads to the set of the 1970s sitcom M\*A\*S\*H.
The M\*A\*S\*H set includes trucks and a mess tent used in the show.
The Crags Road trail also passes a location used as a backdrop for the 1968 film Planet of the Apes.
The Crags Road trail is long but easy to manage due to its slight elevation.
Malibu Creek State Park offers several other trails for hiking.
The Malibu Hindu Temple is characterized by intricate architecture and a towering size.
The Malibu Hindu Temple was built in 1981.
The Malibu Hindu Temple is dedicated to the Hindu god Venkateswara.
The Malibu Hindu Temple is one of the largest Hindu temples in the United States.
The Malibu Hindu Temple is open on weekends.
The Malibu Hindu Temple's weekend hours are from 10 am to 5 pm.
Visitors are welcome at the Malibu Hindu Temple provided they follow rules.
The Getty Villa is located near Pacific Palisades.
The Getty Villa was formerly the home of oil baron J. Paul Getty.
The Getty Villa has operated as an art museum since the 1970s.
The Getty Villa was the original location of the Getty Museum.
The Getty Villa exhibits art from the ancient world.
The Getty Villa complements the Getty Center in Brentwood.
The Getty Villa's design is inspired by an ancient Roman site.
The Getty Villa recreates the layout and feel of a first-century-BCE residential complex.
The Getty Villa features expansive gardens, reflecting pools, and ocean views.
The Getty Villa includes a 450-seat outdoor Greek theater.
The outdoor Greek theater at Getty Villa hosts frequent outdoor performances.
Entrance to the Getty Villa is free.
A timed ticket is required for entry to the Getty Villa.
Parking is available at the Getty Villa for a fee.
Zuma Beach is suitable for beginner or first-time surfers.
Malibu Makos provides private surf lessons at Zuma Beach.
Malibu Makos instructors teach surfing basics and wave catching.
Malibu Makos instructors also provide tips on ocean safety and environmental stewardship.
Surfboards and wetsuits are included with Malibu Makos surf lessons.
Scenic trails for horseback riding exist in the Santa Monica Mountains near Malibu's coast.
Malibu Riders offers horseback riding tours for beginners and expert riders.
Malibu Riders tours go through Zuma Canyon.
Malibu Riders tours operate within Malibu Creek State Park.
Guided horseback riding tours are typically 60 to 90 minutes long.
A 45-minute preparation time is required before guided horseback riding excursions.
Connemara Ranch provides private ocean-view horseback rides.
Connemara Ranch rides are located in the hills above Paradise Cove.
High Horse Malibu conducts horseback rides on private trails.
High Horse Malibu rides go through Latigo Canyon.
The Malibu Farmers Market operates every Sunday.
The Malibu Farmers Market runs from 9 am to 2 pm.
The Malibu Farmers Market is located in the library parking lot near Malibu’s Civic Center.
Regional vendors at the Malibu Farmers Market sell fresh produce, proteins, snacks, flowers, home goods, and vintage clothing.
The Malibu Farmers Market is small.
The market's size makes it easy to navigate and browse for essentials or souvenirs.
Pepperdine University installs its Waves of Flags display every September.
The Waves of Flags display is located along Pacific Coast Highway.
The Waves of Flags display commemorates those killed in the September 11, 2001 terror attacks.
One flag is planted for each victim of the September 11, 2001 attacks.
The flags are planted in the campus grass facing Pacific Coast Highway (PCH).
The Waves of Flags display lasts approximately three weeks.
The Waves of Flags display was initiated by students in 2008.
The Waves of Flags display has become a meaningful tradition for locals and visitors.
The Waves of Flags can be seen from Pacific Coast Highway (PCH).
Visitors are permitted to enter the campus to view the flags closely.

**********Claims for hard query**********

Broad Street Oyster Company serves oysters, caviar, shrimp cocktails, ceviche, and lobster rolls.
Broad Street Oyster Company's lobster roll is made with Maine lobster.
Zuma Jay's real name is Jefferson Wagner.

**********Formulated hard query**********

Broad Street Oyster Company serves **something**.
Broad Street Oyster Company's lobster roll is made with **something**.
Zuma Jay's real name is **someone**.

**********Claims for medium query**********

A two-hour paddleboard rental from Malibu Surf Shack costs $45.
Rosenthal – The Malibu Estate Wine Bar and Patio serves Rosenthal and Surfrider wines.
The Getty Villa is located near Pacific Palisades.

**********Formulated medium query**********

A two-hour paddleboard rental from Malibu Surf Shack costs a certain amount.
Rosenthal – The Malibu Estate Wine Bar and Patio serves something.
The Getty Villa is located in a certain area.

**********Claims for easy query**********

The Malibu Pier is a popular spot for eating, shopping, and people-watching.
The Malibu Farmers Market is located in the library parking lot near Malibu’s Civic Center.
Regional vendors at the Malibu Farmers Market sell fresh produce, proteins, snacks, flowers, home goods, and vintage clothing.

**********Formulated easy query**********

The Malibu Pier is a popular spot in a certain way.
The Malibu Farmers Market is located in a certain location.
Regional vendors at the Malibu Farmers Market sell certain things.

**********Page content extracted**********

Title: last-minute-labor-day-weekend-getaways
URL: https://www.lonelyplanet.com/articles/last-minute-labor-day-weekend-getaways
Content: _**These are the best places to travel this summer**_








Though it may feel like the first fresh days of spring are a recent memory, the end of the summer season is now fast approaching. And what better way to make the most of the sunshine than plann

**********Extracted claims**********

The article presents nine last-minute Labor Day weekend destinations.
The listed destinations include North American city breaks and beach breaks along the Caribbean coast.
Minneapolis is known for its art, parks, and diverse food scene.
The Walker Art Center in Minneapolis features a collection of 20th-century art and photography from around the world.
Minneapolis offers live music spanning various genres.
The Minnesota State Fair concludes on Labor Day weekend.
The Minnesota State Fair is the second-largest state fair in the US by attendance.
In late August and early September, Salt Lake City's summer season winds down.
Children in Salt Lake City return to school in late August and early September.
Ski equipment in Salt Lake City is stored away in late August and early September.
Hotel rooms in Salt Lake City are discounted in late August and early September.
Hiking trails in Salt Lake City are virtually empty in late August and early September.
The Bayou in Salt Lake City offers approximately 300 local and international beer options on its menu.
Downtown Salt Lake City has many restaurants.
Neff’s Canyon, located just outside Salt Lake City, offers views of the Wasatch Mountains and Salt Lake City.
During summer, Seattle experiences a low chance of rain.
Warm weather in summer encourages Seattle residents to engage in outdoor activities and use trails.
Labor Day marks the end of summer.
Seattle's weather cools from peak summer highs around Labor Day.
September is generally a quieter time of year for tourists in Seattle.
Pike Place Market experiences fewer crowds in September.
The Space Needle experiences fewer crowds in September.
Bumbershoot, Seattle’s annual music and art festival, occurs during Labor Day weekend.
Bumbershoot is one of the largest music and art festivals in the country.
Montréal is a cosmopolitan city.
French is the first language in Montréal.
Most people in Montréal speak at least some English.
Patio dining is available throughout Montréal.
The Old Port (Vieux-Port de Montréal) neighborhood offers patio dining.
The Old Port neighborhood is located along the St Lawrence River.
Streets in the Old Port neighborhood are lined with cobblestones.
The Old Port neighborhood features centuries-old architecture.
The Lachine Canal is located just outside downtown Montréal.
Kayak, canoe, stand-up paddleboard, or pedal boat rentals are available at the Lachine Canal.
Portland, Maine, offers restaurants and breweries.
Portland provides access to hiking in Bradbury Mountain State Park.
Midcoast Maine includes towns such as Camden and Rockland.
Mt Battie in Camden Hills State Park offers views of Camden Harbor.
The Farnsworth Art Museum in Rockland displays Andrew Wyeth paintings.
The Rockland Breakwater is a one-mile stone structure.
The Rockland Breakwater Lighthouse is a historic structure.
The Rockland Breakwater Lighthouse is located at the end of the Rockland Breakwater.
The Rockland Breakwater Lighthouse welcomes ships into Rockland Harbor.
New York City offers advantages for visitors during Labor Day weekend.
The Museum of Modern Art in New York City is temperature-controlled.
The Metropolitan Museum of Art in New York City is temperature-controlled.
The American Museum of Natural History in New York City is temperature-controlled.
Broadway shows in New York City are air-conditioned.
Lines might exist for the ferry to the Statue of Liberty or Ellis Island.
The ferry to Staten Island is an alternative boat trip option.
NYC Ferry's water taxis are an alternative boat trip option.
Brighton Beach is a nearby beach option from New York City.
Coney Island is a nearby beach option from New York City.
Brighton Beach and Coney Island are easily accessed via subway.
The subway in New York City is air-conditioned.
Many New York City locals travel during Labor Day weekend.
Restaurant reservations that are typically hard to obtain may be easier to secure in New York City during Labor Day weekend.
The West Indian Day parade takes place in Brooklyn on Labor Day.
The Bahamas are a collection of islands and cays.
The Bahamas feature beaches and coral reefs.
The Bahamas are located near the east coast of the US.
Fish Fry, also known as Arawak Cay, is an area in Nassau.
Cable Beach features white sand and turquoise waters.
September is part of hurricane season in the Bahamas.
Mexico is in close proximity to the USA.
September is low season in Mexico.
Mexican coasts are susceptible to hurricanes in September.
Inland parts of Mexico, including Mexico City and Monterrey, experience lower temperatures in September.
In early September, Charleston's muggy summer weather diminishes.
The French Quarter in Charleston is historic.
The Old Slave Mart Museum in Charleston is a site where human beings were historically bought and sold.
The Old Exchange & Provost Dungeon in Charleston is a former prison that was used by the British during the Revolutionary War.
Rainbow Row in Charleston features pastel-colored buildings.
The Low Country Jazz Festival takes place at the Gaillard Center on Labor Day weekend.
The Gaillard Center is Charleston's performing arts center.

**********Claims for hard query**********

The Lachine Canal is located just outside downtown Montréal.
French is the first language in Montréal.
Most people in Montréal speak at least some English.

**********Formulated hard query**********

Something is located just outside downtown Montréal.
Something is the first language in Montréal.
Most people in Montréal speak at least some something.

**********Claims for medium query**********

During summer, Seattle experiences a low chance of rain.
Ski equipment in Salt Lake City is stored away in late August and early September.
The Bayou in Salt Lake City offers approximately 300 local and international beer options on its menu.

**********Formulated medium query**********

Seattle experiences in a certain state during summer.
Ski equipment in Salt Lake City is in a certain way in late August and early September.
The Bayou in Salt Lake City offers something on its menu.

**********Claims for easy query**********

The article presents nine last-minute Labor Day weekend destinations.
New York City offers advantages for visitors during Labor Day weekend.
Many New York City locals travel during Labor Day weekend.

**********Formulated easy query**********

The article presents a certain number of last-minute Labor Day weekend destinations.
New York City offers certain perks for visitors during Labor Day weekend.
Many New York City locals travel during a certain period.

**********Page content extracted**********

Title: top-things-to-do-in-texas
URL: https://www.lonelyplanet.com/articles/top-things-to-do-in-texas
Content: _**These are the best places to travel this summer**_








Planning a trip to Texas can be overwhelming. And while Hollywood cliches may conjure up images of weathered cowboys and dusty saloons, there is a wide variety of museums, architecture, outdoor

**********Extracted claims**********

Texas offers a wide variety of museums, architecture, outdoor adventures, and food.
A car is likely needed to get around Texas due to the variety of activities available.
Dallas is linked to the assassination of President John F. Kennedy for tourists.
Movies and conspiracy theories have kept the assassination of President John F. Kennedy alive in popular consciousness since November 22, 1963.
The Sixth Floor Museum is located in the former Texas School Book Depository.
Lee Harvey Oswald was an employee at the Texas School Book Depository.
Lee Harvey Oswald waited in the room where the Sixth Floor Museum is now located.
Dealey Plaza is located across the street from the Sixth Floor Museum.
President John F. Kennedy was assassinated in Dealey Plaza.
Marks on the road in Dealey Plaza indicate where the second and third bullets hit President John F. Kennedy.
The first shot aimed at President John F. Kennedy missed.
The Grassy Knoll is located near Dealey Plaza.
The Grassy Knoll attracted much attention immediately after the assassination.
Some witnesses claimed to hear shots coming from the Grassy Knoll area.
Investigators found no evidence of a second assassin in the JFK assassination.
The area around Dealey Plaza is a National Historic Landmark.
Several signs in the National Historic Landmark area detail the events of President John F. Kennedy's assassination day.
The John F. Kennedy Memorial is located one block away from Dealey Plaza.
The John F. Kennedy Memorial pays tribute to President John F. Kennedy.
Architect Philip Johnson designed the John F. Kennedy Memorial.
The John F. Kennedy Memorial is an austere concrete monument.
The John F. Kennedy Memorial is meant to represent an open tomb.
San Antonio possesses some of Texas’s oldest architecture.
The Missions in San Antonio are a UNESCO World Heritage Site.
The Missions in San Antonio are the only UNESCO World Heritage Site in Texas.
The Alamo is a fabled location in Texas.
A few hundred revolutionaries died defending the Alamo in 1836.
Davy Crockett, William Travis, and James Bowie were among the revolutionaries who died at the Alamo.
Thousands of Mexican troops attacked the Alamo in 1836.
The Long Barrack at the Alamo dates from 1740.
Americans made their last stand at the Long Barrack during the Battle of the Alamo.
The Alamo Exhibit houses historical artifacts.
The Alamo Exhibit contains a massive diorama of the 1830s-era Alamo site.
The River Walk in San Antonio is 15 miles long.
The River Walk is a network of canals and pedestrian walkways.
The River Walk is located just below the downtown streets of San Antonio.
The River Walk features landscaped gardens, riverfront cafes, and stone footbridges.
Hemisfair was the original site of the 1968 World’s Fair.
Hemisfair is undergoing extensive restoration.
The restoration of Hemisfair aims to create a new city neighborhood.
The Tower of the Americas has a sky deck.
The Tower of the Americas offers views from its top.
Texas Hill Country contains several natural springs.
Wimberley is a tree-lined town.
Wimberley is considered a gateway to popular swimming locations in Texas Hill Country.
Hamilton Pool features a 50-foot waterfall when water is flowing.
A fern-drenched grotto surrounds the waterfall at Hamilton Pool.
Blue Hole Regional Park offers swimming.
Blue Hole Regional Park is shaded by towering cypress trees.
Jacob’s Well is located a short drive from Wimberley’s main street.
Jacob’s Well is one of Texas’s largest fully submerged caverns.
Advance reservations are required for some swimming destinations in Texas Hill Country.
Swimming at these locations can be canceled due to low water levels or bacteria.
Legendary barbecue pitmasters are found across Texas.
Some of the longest-lasting barbecue legacies are located in Lockhart.
Kreuz Market, Black’s Barbecue, and Smitty’s Market are barbecue establishments in Lockhart.
Lockhart is known for brisket and smoked sausage.
The Caldwell County Courthouse is located in Lockhart.
Lockhart has a historic downtown square.
Old Pal Bar is located in Lockhart.
Commerce Cafe is located in Lockhart.
The Rothko Chapel is located in Houston.
Dominique and John de Menil commissioned the Rothko Chapel in 1964.
Dominique and John de Menil founded the Menil Collection.
The Menil Collection is located near the Rothko Chapel.
The commissioners of Rothko Chapel intended it to be a spiritual place without ties to existing religions.
Mark Rothko was an American abstract expressionist.
Mark Rothko devoted the final years of his life to the Rothko Chapel project.
The Rothko Chapel is an octagonal brick structure.
The Rothko Chapel holds 14 large canvases by Mark Rothko.
The Rothko Chapel receives over 100,000 visitors annually.
An extension program is underway at the Rothko Chapel.
The extension program for the Rothko Chapel will include an event plaza, a meditation garden, and a program center.
The Rothko Chapel extension program is due for completion in 2026.
The Dallas Museum of Art exhibits ancient and contemporary art pieces.
The Dallas Museum of Art houses a significant art collection in Texas.
The Dallas Museum of Art’s archaeological treasures include Greek, Roman, and Etruscan masterpieces.
The Dallas Museum of Art’s collection includes wood carvings from Papua New Guinea.
The Dallas Museum of Art’s collection includes ceremonial costumes from Mali.
The Dallas Museum of Art exhibits paintings by Picasso, Monet, and Van Gogh.
Edward Hopper’s painting *Lighthouse Hill* (1927) is part of the Dallas Museum of Art’s American works collection.
Frederic Church’s painting *The Icebergs* (1861) is part of the Dallas Museum of Art’s American works collection.
The USS Lexington is docked in the bay at Corpus Christi.
The USS Lexington is an Essex-class carrier.
The USS Lexington fought in WWII.
The USS Lexington was the oldest working carrier in the U.S. Navy before its 1991 decommissioning.
The USS Lexington is nicknamed the “Blue Ghost.”
The USS Lexington arrived in Corpus Christi in 1992 as its permanent home.
The USS Lexington now hosts a number of exhibits.
The flight deck of the USS Lexington features 20 different aircraft.
The aircraft on the USS Lexington’s flight deck are from the National Museum of Naval Aviation.
The Texas State Aquarium is located next to the USS Lexington.
The Texas State Aquarium is Texas’s largest aquarium.
The Texas State Aquarium features marine wildlife from the Gulf of Mexico.
The Texas State Aquarium features marine wildlife from the Caribbean.
Dolphins are kept in captivity at the Texas State Aquarium.
Animal-welfare groups argue that keeping complex animals like dolphins in enclosed tanks is harmful to them.
Austin is the capital city of Texas.
Austin has a food-truck scene.
Asador’s on Red River is a food truck in Austin.
DittyDog on E 7th St is a food truck in Austin.
The Ann and Roy Butler Hike-and-Bike Trail in Austin is 10 miles long.
Zilker Park in Austin offers views of the city’s skyline.
Up to 1.5 million Mexican free-tailed bats reside on a platform under the Congress Avenue Bridge over Lady Bird Lake in Austin.
The bats emerge most nights around sunset to feed.
The bats feed on 30,000 pounds of insects.
Bats are usually present under the Congress Avenue Bridge from March until November.
The most predictable and strongest bat viewings at Congress Avenue Bridge tend to occur in August.
Pioneer Plaza in Dallas features one of the largest installations of bronze monuments in the U.S.
Pioneer Plaza’s showpiece consists of 40 larger-than-life bronze longhorns.
The bronze longhorns at Pioneer Plaza pay homage to 19th-century Texas cattle drives.
Texas cattle drives moved thousands of longhorns across the state to railroad cars in the 19th century.
Pioneer Park Cemetery is located within Pioneer Plaza park.
Pioneer Park Cemetery is the resting place of many early Dallas settlers.
Gravestones in Pioneer Park Cemetery date from the 1850s to the 1920s.
Washington-on-the-Brazos State Park is located approximately halfway between Houston and Austin.
Washington-on-the-Brazos State Park is known as the place "Where Texas became Texas."
Delegates from Texas gathered in a wooden schoolhouse at Washington-on-the-Brazos.
The Texas Declaration of Independence was signed at Washington-on-the-Brazos on March 2, 1836.
A digital copy of the Texas Declaration of Independence is on display at the Washington-on-the-Brazos visitors center.
The Washington-on-the-Brazos visitors center features an exhibit on the events leading to the declaration.
The Washington-on-the-Brazos visitors center features an exhibit on Texas’ subsequent fight for independence from Mexico.
Washington-on-the-Brazos State Park hosts live reenactments of the 1836 Texas Army Camp.
The reenactments at Washington-on-the-Brazos State Park occur on the first weekend in March.
The Fort Worth Stockyards are historic.
The Fort Worth Stockyards are a destination for learning about the history of cattle drives in Texas.
A genuine herd of longhorns parades East Exchange Avenue in Fort Worth Stockyards twice a day.
Longhorns can be seen at the Livestock Exchange Building on weekends during the summer at Fort Worth Stockyards.
The McDonald Observatory is located in Fort Davis.
The McDonald Observatory is a research unit of the University of Texas at Austin.
The McDonald Observatory offers interactive educational exhibits.
The McDonald Observatory offers regular evening programs for stargazing.
Star Parties at McDonald Observatory feature night sky constellation tours.
Star Parties at McDonald Observatory offer access to state-of-the-art telescopes in the Rebecca Gale Telescope Park.
The Indian Lodge is located at Davis Mountains State Park.
A 75-mile loop passes through the Fort Davis Mountains.
The drive through the Fort Davis Mountains winds through Limpia Canyon.
The drive through the Fort Davis Mountains passes Mount Livermore.
The drive through the Fort Davis Mountains is the highest public highway in Texas.
Big Tex resides in Dallas.
Big Tex is located at Fair Park.
Fair Park is home to the annual State Fair of Texas.
Big Tex has been the mascot of the State Fair of Texas since 1952.
Big Tex almost burned down in 2012 due to an electrical fire.
Big Tex stands at the heart of the State Fair of Texas.
The State Fair of Texas features a full auto show.
The State Fair of Texas features live performances.
The State Fair of Texas has a Ferris wheel.
The Ferris wheel at the State Fair of Texas debuted in 1985.
The Ferris wheel at the State Fair of Texas is America’s largest since its debut in 1985.
The Ferris wheel at the State Fair of Texas offers views across Dallas and of the fairgrounds.
The State Fair of Texas features numerous booths selling fried foods.
Fried Oreos, fried bubblegum, and cotton candy tacos are examples of foods found at the State Fair of Texas.
Vendors at the State Fair of Texas introduce new food experiments annually.
The State Fair of Texas in 2025 will run from September 26 through October 19.
The Dallas Arboretum and Botanical Garden is located a 15-minute drive from Fair Park.
The Dallas Arboretum and Botanical Garden is a 66-acre site.
The Dallas Arboretum and Botanical Garden features plants, flowers, artworks, and artificial waterfalls.
The Dallas Arboretum and Botanical Garden is a green space in Dallas.
The Dallas Arboretum and Botanical Garden provides plant-filtered air.

**********Claims for hard query**********

Mark Rothko was an American abstract expressionist.
The first shot aimed at President John F. Kennedy missed.
Investigators found no evidence of a second assassin in the JFK assassination.

**********Formulated hard query**********

Someone was an American abstract expressionist.
The first shot aimed at President John F. Kennedy in a certain way.
Investigators found something of a second assassin in the JFK assassination.

**********Validation Result**********

subquestion 'Investigators found something of a second assassin in the JFK assassination.' is NOT supported by the context.
<reject> The text explicitly states the opposite: "investigators found no evidence of a second assassin." </reject>

**********Claims for medium query**********

Old Pal Bar is located in Lockhart.
The Texas State Aquarium features marine wildlife from the Caribbean.
Dealey Plaza is located across the street from the Sixth Floor Museum.

**********Formulated medium query**********

Old Pal Bar is located in a certain place.
The Texas State Aquarium features marine wildlife from a certain area.
Dealey Plaza is located across the street from a certain place.

**********Claims for easy query**********

Texas offers a wide variety of museums, architecture, outdoor adventures, and food.
The Ferris wheel at the State Fair of Texas offers views across Dallas and of the fairgrounds.
Big Tex stands at the heart of the State Fair of Texas.

**********Formulated easy query**********

Something offers a wide variety of museums, architecture, outdoor adventures, and food.
Something at the State Fair of Texas offers views across Dallas and of the fairgrounds.
Someone stands at the heart of the State Fair of Texas.

**********Page content extracted**********

Title: what-to-eat-and-drink-in-malta
URL: https://www.lonelyplanet.com/articles/what-to-eat-and-drink-in-malta
Content: _**These are the best places to travel this summer**_








At the heart of the Mediterranean, and blending centuries-spanning Arabic, Italian, French and British culinary influences, Maltese cuisine is both fresh and flavorful. Seafood sourced from the

**********Extracted claims**********

Maltese cuisine is both fresh and flavorful.
Maltese cuisine blends Arabic, Italian, French, and British culinary influences.
Seafood sourced from the cobalt waters framing Malta, Gozo, and Comino features on many menus.
Hearty rabbit dishes are popular in Maltese cuisine.
Fruit and vegetables coaxed from dry and rocky terrain are popular in Maltese cuisine.
Maltese winemakers are inspired by two millennia of viticultural history.
A growing band of local craft brewers in Malta are innovative.
Pastizzi is Malta's favorite on-the-go treat.
Pastizzi are flaky filo-pastry parcels.
Pastizzi are typically crammed with cheese, peas, and spices.
Some bakeries offer pastizzi with fillings including chicken, chorizo, pistachio, or Nutella.
Irkotta (ricotta) and pizelli (mushy peas) are the most traditional and most popular pastizzi flavors.
Most pastizzerija (pastry stalls) also sell qassatat.
Qassatat are one-person pies with the same fillings as pastizzi but made with short pastry.
Sphinx is a popular pastizzerija chain with multiple outlets.
Is-Serkin is also known as Crystal Palace.
Is-Serkin has served the taxi drivers of Rabat for more than 80 years.
Te fit-tazza (tea in a glass) is a milky tea.
Aljotta is a traditional tomato- and garlic-laced fish and seafood soup.
The name aljotta is derived from the Italian word "aglio" for garlic.
Aljotta often utilizes the seasonal availability of lampuki (dolphinfish).
Aljotta is simmered with rice, parsley, bay leaves, and oregano.
Torta tal-lampuki is a seasonal special baked by Maltese chefs.
Fresh lampuki is available from September to December.
Torta tal-lampuki is a traditional fish pie.
Torta tal-lampuki is studded with walnuts, capers, olives, and raisins.
Aljotta is a specialty of the harborside restaurants in Marsaxlokk.
Roots and Liska are popular restaurants in Marsaxlokk.
Country Terrace on Gozo offers aljotta and Mediterranean views.
Valletta's Caffe Cordina serves torta tal-lampuki from mid-September.
Traditional ftira loaves are baked into a flat ring.
Ftira loaves are used for Malta's best sandwiches.
Ftira loaves are crunchy on the outside.
Ftira loaves have a fluffy interior.
Ftira sandwiches are often stuffed with a mix of olives, capers, and anchovies.
Ħobż tal-Malti is a wood-fired Maltese treat.
Ħobż tal-Malti is similar to sourdough.
Ħobż tal-Malti is best enjoyed as Ħobż biż-Żejt.
Ħobż biż-Żejt is an open sandwich rubbed with olive oil and topped with tomato, tuna, and black pepper.
Ta' Doni in Rabat serves ftira sandwiches.
Valletta's Nenu the Artisan Baker is known for their ftajjar.
Ftajjar is a pizza-like variation.
Mekrens and Maxokk are decades-old bakeries in Nadur on Gozo.
Mekrens and Maxokk produce ftira, ftajjar, and Ħobż tal-Malti.
Fenek (rabbit) is Malta's quintessential dish.
Fenek is served in many different ways.
Fenek is served fried (fenek moqli).
Fenek is served stewed (stuffat tal-fenek).
Rabbit ragu with spaghetti is a popular dish in Malta.
Farmhouse restaurant Diar Il-Bniet serves fenek moqli.
Fenek moqli is pan-fried in garlic and white wine.
Valletta's Guzé Bistro offers fenek in three ways.
Guzé Bistro offers a rabbit croquette.
The United Bar and Farmers Bar in rural Mġarr offer rustic rabbit dishes.
Timpana is a layered pie.
Timpana has a robust filling of macaroni, pork, beef, tomato, onion, cheese, and egg.
Timpana is suitable as a cold picnic snack.
Diar il-Bniet in Dingli serves timpana.
Diar il-Bniet uses ingredients from its nearby farm.
Diar il-Bniet's timpana is inspired by the owners' grandmother's recipe.
Branches of Maxim's pastizzerija sell slices of timpana as a takeaway snack.
Innovative chefs at restaurants and bistros craft modern interpretations of traditional Maltese dishes.
Modern interpretations can include a delicate rabbit parfait.
Modern interpretations can include elevated pastizzi made with ham and Gozitan sheep's cheese.
Modern interpretations can include aljotta with chilli oil and foraged sea herbs.
Noni in Valletta focuses on contemporary reimaginings of Maltese cuisine.
Noni is recognized by Michelin.
Legligin presents local flavors as five-course tasting menus.
Legligin is recognized by Michelin.
Seasonal menus at Barbajean bistro in Dingli often reinterpret local dishes.
Barbajean bistro serves a Scotch egg made with Maltese sausage.
Winemaking on Malta dates back two millennia to Phoenician times.
A small band of winemakers keeps the winemaking tradition alive on both Malta and Gozo.
Ġellewża is an indigenous red and rosé wine varietal.
Girgentina is an indigenous white wine varietal.
Ġellewża and Girgentina varietals thrive on the islands’ dry and rocky terrain.
The Mar Casar winery uses the ancient Georgian qvevri method.
Mar Casar winery produces natural wines from chardonnay and merlot grapes.
Markus Divinus is an innovative small-scale winemaker near Dingli.
Trabuxu Wine Bar in Valletta offers a broad selection of Maltese wines with bistro dining.
Noni and Legligin are restaurants with Maltese wine lists.
Mar Casar offers guided wine tastings by appointment.
Markus Divinus offers guided wine tastings by appointment.
Cisk (pronounced "chisk") is Malta's popular mainstream lager.
Craft brewers in Malta harness indigenous ingredients for beers.
Craft beers reflect Malta's Mediterranean location.
Lord Chambray's Prickly Pear is a juicy IPA.
Lord Chambray's Prickly Pear is infused with prickly pear from Gozo.
Lord Chambray's Red Dragon is a sour ale.
Lord Chambray's Red Dragon is made with local strawberries.
Other craft breweries offering island-brewed artisan beers include Stretta, Huskie, and TOBCo.
Lord Chambray Brewing has a taproom on Gozo.
67Kapitali in Valletta offers Maltese craft beers.
Gebuba in Nadur on Gozo offers Maltese craft beers.
Many Maltese dishes are vegetarian.
Vegetarian Maltese dishes use ingredients like artichokes, broad beans, peppers, and cabbage.
Kapunata is a popular Maltese dish.
Kapunata contains tomatoes, onions, and capers.
Kapunata is Malta’s version of the Italian caponata.
Soppa tal-armla (widow's soup) is a popular Maltese dish.
Soppa tal-armla is made with cauliflower, spinach, and peas.
Soppa tal-armla is topped with white cheese and a poached egg.
Ġugar- Hangout and Bar in Valletta serves vegetarian versions of traditional ftira sandwiches.
Kinnie is Malta's national soft drink.
Kinnie has a distinctive taste combining citrus and bitter notes.
Stuffat tal-bebbux is a traditional stew made with snails.
Snails (bebbux) are also used in salads in Malta.
Horse meat is served as a stew in the restaurants of the Maltese village of Baħrija.
Gbejniet are small bite-sized cheeselets.
Gbejniet are made from sheep's milk on Gozo.
Gbejniet are popular on shared platters.
Zalzetta-tal-Malti are traditional sausages.
Zalzetta-tal-Malti are made with pork, coriander, and garlic.
Zalzetta-tal-Malti are sometimes eaten raw with fresh bread.
Imqaret are deep-fried pastries.
Imqaret contain dates and spices.
Imqaret are served as a street snack.
Imqaret are served as an elevated dessert in restaurants.
Bajtra is a sweet and fruity liqueur.
Bajtra is made from prickly pear.
Bajtra is a popular digestif.
Seasonal surprises and regular festivals provide tasty diversity throughout the year in Malta.
Broad beans, chickpeas, apricots, and cherries are in season from March to May.
Kwareżimal is an egg-free almond-flavored biscuit.
Qagħqa tal-appostli ("apostle’s bagel") contains sesame seeds and almonds.
Eggplants, capers, and wild fennel provide savory flavors from June to August.
Peaches and bambinella (miniature pears) are harvested from June to August.
The feast of San Gwann (St John) on June 26 celebrates the arrival of the fig season.
Artichokes, grapes, pomegranates, and strawberries are available in markets from September to November.
Restaurateurs and chefs utilize fresh and plentiful lampuki (dolphinfish) from September to November.
Fragrant blood oranges are a focus from December to February.
Qagħaq tal-għasel (pastry honey rings) are Christmas treats.
Imbuljuta tal-qastan is a sweet and spicy chestnut drink.

**********Claims for hard query**********

Lord Chambray's Red Dragon is a sour ale.
Legligin is recognized by Michelin.
Is-Serkin is also known as Crystal Palace.

**********Formulated hard query**********

Something is a sour ale.
Legligin is recognized in a certain way.
Is-Serkin is also known as something.

**********Claims for medium query**********

Imbuljuta tal-qastan is a sweet and spicy chestnut drink.
Aljotta often utilizes the seasonal availability of lampuki (dolphinfish).
Farmhouse restaurant Diar Il-Bniet serves fenek moqli.

**********Formulated medium query**********

Something is a sweet and spicy chestnut drink.
Aljotta often utilizes the seasonal availability of something.
Someone serves fenek moqli.

**********Claims for easy query**********

Seasonal surprises and regular festivals provide tasty diversity throughout the year in Malta.
Fruit and vegetables coaxed from dry and rocky terrain are popular in Maltese cuisine.
Craft brewers in Malta harness indigenous ingredients for beers.

**********Formulated easy query**********

Maltese cuisine is in a certain state.
Seafood sourced from the cobalt waters framing the nation’s a certain group of places features on many menus.
Malta's favorite on-the-go treat is something.

**********Page content extracted**********

Title: guide-to-great-migration
URL: https://www.lonelyplanet.com/articles/guide-to-great-migration
Content: _**These are the best places to travel this summer**_








The Great Migration is one of the grandest natural spectacles on the planet. Every year around two million wildebeests, zebras and Thomson’s gazelles follow rains and swaying grasslands, moving

**********Extracted claims**********

The Great Migration is considered one of the grandest natural spectacles on the planet.
Annually, approximately two million wildebeests, zebras, and Thomson’s gazelles follow rains and grasslands.
These animals move along ancient paths through Tanzania’s Serengeti National Park and Kenya’s Masai Mara National Reserve.
Lions, leopards, cheetahs, and spotted hyenas are great predators of the East African savannah.
These predators watch and wait for the migrating animals.
Wildebeests and zebras sometimes cross the Mara River.
The Mara River crossing involves crocodiles and big cats.
The Great Migration typically spends more time in Tanzania than in Kenya.
The Serengeti is a vast place.
Safari trails in the Serengeti can appear less crowded than those in the Masai Mara.
The Masai Mara is affected by overtourism, particularly during the migration.
Most accommodations in the Serengeti and Masai Mara are safari lodges or tented camps.
Mobile camps are a specific type of accommodation for the Great Migration.
Mobile camps are tented camps.
Mobile camps typically include a few safari tents for guests and a dining area.
Mobile camps stay in one location for a few months.
Mobile camps move to different locations, leaving little trace.
Mobile camps follow the migrating herds.
The level of luxury in mobile camps differs from more permanent accommodations.
Most mobile camps relocate twice a year.
Mobile camps typically start in the south and move north to anticipate the herds.
Some mobile camps have three locations.
Some mobile camps include an interim stop in the center or west of the Serengeti.
The migrating herds sometimes divide into two groups.
Unseasonal rainfall can cause the herds to return from their previous location.
Unseasonal rainfall can cause the herds to advance quickly and bypass sections of their route.
The herds sometimes take entirely different routes.
In a typical year, the herds are in the south of the Serengeti during January and February.
The herds often extend into the Ndutu region, which includes light woodlands, marshes, and grassy plains, located just beyond the Serengeti’s southern boundary.
The Ndutu plains and marshes are calving grounds for the herds.
Tens of thousands of wildebeest calves are born there.
Predators are present around the calving herds.
Most wildebeest calves can stand within five minutes of birth.
Most wildebeest calves can run alongside their mothers within 15 minutes of birth.
In years with good rainfall, herds may stay longer in the south.
By mid-March, the herds are typically moving north.
The herds often move in long, sinuous lines across the grasslands.
March and April represent an interim phase for the migration.
There are few accommodations in these areas of the park during this phase.
March and April correspond to the Serengeti’s months with the highest rainfall.
In May, the herds typically move through the central Serengeti.
The herds then veer west onto the grasslands of the Grumeti corridor.
Some wildebeests cross the Grumeti River.
The Grumeti River contains crocodiles.
Other wildebeests move northwest into the northern Serengeti.
Long, empty landscapes separate the central Serengeti from the northern Serengeti.
The northern Serengeti has a limited number of luxury camps.
By the end of June, the herds are usually ready to cross into Kenya.
The Mara River crossing by the herds sometimes occurs in June, sometimes in August, and sometimes not at all in a given year.
Most of the main herd is typically across the Mara River and in the Masai Mara by early to mid-July.
July and August are the busiest months in the Masai Mara.
Lodges in the Masai Mara National Reserve track the herds.
Mara North, Naboisho, and Olare-Orok are exclusive conservancies surrounding the Masai Mara.
Mini migrations occur in these conservancies.
September is generally a reliable month for seeing the migration in Kenya.
The herds sometimes remain in Kenya until well into October.
By November, the migration spectacle is largely concluded or becomes more difficult to observe.
The migration moves steadily southward along the Serengeti’s eastern border in November.
Few tracks exist in these parts of the Serengeti in November and December.
Rain is possible during these months.
Accommodations are difficult to find.
The conditions described for November often apply to December.

**********Claims for hard query**********

The conditions described for November often apply to December.
Rain is possible during these months.
Accommodations are difficult to find.

**********Formulated hard query**********

The conditions described for a certain month often apply to December.
A certain weather condition is possible during these months.
Accommodations are in a certain state.

**********Claims for medium query**********

Lions, leopards, cheetahs, and spotted hyenas are great predators of the East African savannah.
Safari trails in the Serengeti can appear less crowded than those in the Masai Mara.
The Ndutu plains and marshes are calving grounds for the herds.

**********Formulated medium query**********

Some animals are great predators of the East African savannah.
Safari trails in `a certain place` can appear less crowded than those in the Masai Mara.
The Ndutu plains and marshes are `a certain kind of place` for the herds.

**********Claims for easy query**********

These animals move along ancient paths through Tanzania’s Serengeti National Park and Kenya’s Masai Mara National Reserve.
The Masai Mara is affected by overtourism, particularly during the migration.
September is generally a reliable month for seeing the migration in Kenya.

**********Formulated easy query**********

These animals move along ancient paths through a certain location.
The Masai Mara is affected in a certain state, particularly during the migration.
At a certain time is generally a reliable month for seeing the migration in Kenya.

